Timestamp,Target_Deg,Real_Deg,Error_Deg,Voltage_mV,Raw_Vel,Filtered_Vel,V_EMF,Control_Mode
15:53:31.818,0.0,-28.462007137261725,28.462007137261725,9500.0,0.0,0.0,0.0,1.0
15:53:31.837,0.0,-28.462007137261725,28.462007137261725,9500.0,0.0,0.0,0.0,1.0
15:53:31.857,0.0,-28.462007137261725,28.462007137261725,9500.0,0.0,0.0,0.0,1.0
15:53:31.877,0.0,-28.462007137261725,28.462007137261725,9500.0,0.0,0.0,0.0,1.0
15:53:31.898,0.0,-28.462007137261725,28.462007137261725,9500.0,0.0,0.0,0.0,1.0
15:53:31.917,0.0,-28.462007137261725,28.462007137261725,9500.0,0.0,0.0,0.0,1.0
15:53:31.937,0.0,-28.462007137261725,28.462007137261725,9500.0,0.0,0.0,0.0,1.0
15:53:31.957,0.0,-28.462007137261725,28.462007137261725,9500.0,0.0,0.0,0.0,1.0
15:53:31.977,0.0,-28.462007137261725,28.462007137261725,9500.0,0.0,0.0,0.0,1.0
15:53:31.997,0.0,-28.462007137261725,28.462007137261725,9500.0,0.0,0.0,0.0,1.0
15:53:32.017,0.0,-28.462007137261725,28.462007137261725,9500.0,0.0,0.0,0.0,1.0
15:53:32.037,0.0,-28.462007137261725,28.462007137261725,9500.0,0.0,0.0,0.0,1.0
15:53:32.057,0.0,-28.462007137261725,28.462007137261725,9500.0,0.0,0.0,0.0,1.0
15:53:32.077,0.0,-28.462007137261725,28.462007137261725,9500.0,0.0,0.0,0.0,1.0
15:53:32.097,0.0,-28.462007137261725,28.462007137261725,9500.0,0.0,0.0,0.0,1.0
15:53:32.117,0.0,-28.462007137261725,28.462007137261725,9500.0,0.0,0.0,0.0,1.0
15:53:32.137,0.0,-28.462007137261725,28.462007137261725,9500.0,0.0,0.0,0.0,1.0
15:53:32.157,0.0,-28.462007137261725,28.462007137261725,9500.0,0.0,0.0,0.0,1.0
15:53:32.177,0.0,-28.462007137261725,28.462007137261725,9500.0,0.0,0.0,0.0,1.0
15:53:32.197,0.0,-28.462007137261725,28.462007137261725,9500.0,0.0,0.0,0.0,1.0
15:53:32.218,0.0,-28.462007137261725,28.462007137261725,9500.0,0.0,0.0,0.0,1.0
15:53:32.237,0.0,-28.462007137261725,28.462007137261725,9500.0,0.0,0.0,0.0,1.0
15:53:32.257,0.0,-28.462007137261725,28.462007137261725,9500.0,0.0,0.0,0.0,1.0
15:53:32.277,0.0,-28.462007137261725,28.462007137261725,9500.0,0.0,0.0,0.0,1.0
15:53:32.298,0.0,-28.462007137261725,28.462007137261725,9500.0,0.0,0.0,0.0,1.0
15:53:32.317,0.0,-28.462007137261725,28.462007137261725,9500.0,0.0,0.0,0.0,1.0
15:53:32.337,0.0,-28.462007137261725,28.462007137261725,9500.0,0.0,0.0,0.0,1.0
15:53:32.358,0.0,-28.462007137261725,28.462007137261725,9500.0,0.0,0.0,0.0,1.0
15:53:32.377,0.0,-28.462007137261725,28.462007137261725,9500.0,0.0,0.0,0.0,1.0
15:53:32.396,0.0,-28.462007137261725,28.462007137261725,9500.0,0.0,0.0,0.0,1.0
15:53:32.417,0.0,-28.462007137261725,28.462007137261725,9500.0,0.0,0.0,0.0,1.0
15:53:32.437,0.0,-28.462007137261725,28.462007137261725,9500.0,0.0,0.0,0.0,1.0
15:53:32.457,0.0,-28.462007137261725,28.462007137261725,9500.0,0.0,0.0,0.0,1.0
15:53:32.477,0.0,-28.462007137261725,28.462007137261725,9500.0,0.0,0.0,0.0,1.0
15:53:32.498,0.0,-28.462007137261725,28.462007137261725,9500.0,0.0,0.0,0.0,1.0
15:53:32.517,0.0,-28.462007137261725,28.462007137261725,9500.0,0.0,0.0,0.0,1.0
15:53:32.537,0.0,-28.462007137261725,28.462007137261725,9500.0,0.0,0.0,0.0,1.0
15:53:32.557,0.0,-28.462007137261725,28.462007137261725,9500.0,0.0,0.0,0.0,1.0
15:53:32.577,0.0,-28.462007137261725,28.462007137261725,9500.0,0.0,0.0,0.0,1.0
15:53:32.597,0.0,-28.462007137261725,28.462007137261725,9500.0,0.0,0.0,0.0,1.0
15:53:32.617,0.0,-28.462007137261725,28.462007137261725,9500.0,0.0,0.0,0.0,1.0
15:53:32.637,0.0,-28.462007137261725,28.462007137261725,9500.0,0.0,0.0,0.0,1.0
15:53:32.658,0.0,-28.462007137261725,28.462007137261725,9500.0,0.0,0.0,0.0,1.0
15:53:32.677,0.0,-28.462007137261725,28.462007137261725,9500.0,0.0,0.0,0.0,1.0
15:53:32.697,0.0,-28.462007137261725,28.462007137261725,9500.0,0.0,0.0,0.0,1.0
15:53:32.717,0.0,-28.462007137261725,28.462007137261725,9500.0,0.0,0.0,0.0,1.0
15:53:32.737,0.0,-28.462007137261725,28.462007137261725,9500.0,0.0,0.0,0.0,1.0
15:53:32.758,0.0,-28.462007137261725,28.462007137261725,9500.0,0.0,0.0,0.0,1.0
15:53:32.777,0.0,-28.462007137261725,28.462007137261725,9500.0,0.0,0.0,0.0,1.0
15:53:32.797,0.0,-28.462007137261725,28.462007137261725,9500.0,0.0,0.0,0.0,1.0
15:53:32.817,0.0,-28.462007137261725,28.462007137261725,9500.0,0.0,0.0,0.0,1.0
15:53:32.837,0.0,-28.462007137261725,28.462007137261725,9500.0,0.0,0.0,0.0,1.0
15:53:32.857,0.0,-28.462007137261725,28.462007137261725,9500.0,0.0,0.0,0.0,1.0
15:53:32.877,0.0,-28.462007137261725,28.462007137261725,9500.0,0.0,0.0,0.0,1.0
15:53:32.897,0.0,-28.462007137261725,28.462007137261725,9500.0,0.0,0.0,0.0,1.0
15:53:32.917,0.0,-28.462007137261725,28.462007137261725,9500.0,0.0,0.0,0.0,1.0
15:53:32.937,0.0,-28.462007137261725,28.462007137261725,9500.0,0.0,0.0,0.0,1.0
15:53:32.957,0.0,-28.462007137261725,28.462007137261725,9500.0,0.0,0.0,0.0,1.0
15:53:32.977,0.0,-28.462007137261725,28.462007137261725,9500.0,0.0,0.0,0.0,1.0
15:53:32.997,0.0,-28.462007137261725,28.462007137261725,9500.0,0.0,0.0,0.0,1.0
15:53:33.017,0.0,-28.462007137261725,28.462007137261725,9500.0,0.0,0.0,0.0,1.0
15:53:33.038,0.0,-28.462007137261725,28.462007137261725,9500.0,0.0,0.0,0.0,1.0
15:53:33.057,0.0,-28.462007137261725,28.462007137261725,9500.0,0.0,0.0,0.0,1.0
15:53:33.077,0.0,-28.462007137261725,28.462007137261725,9500.0,0.0,0.0,0.0,1.0
15:53:33.098,0.0,-28.462007137261725,28.462007137261725,9500.0,0.0,0.0,0.0,1.0
15:53:33.117,0.0,-28.462007137261725,28.462007137261725,9500.0,0.0,0.0,0.0,1.0
15:53:33.137,0.0,-28.462007137261725,28.462007137261725,9500.0,0.0,0.0,0.0,1.0
15:53:33.157,0.0,-28.462007137261725,28.462007137261725,9500.0,0.0,0.0,0.0,1.0
15:53:33.177,0.0,-28.462007137261725,28.462007137261725,9500.0,0.0,0.0,0.0,1.0
15:53:33.197,0.0,-28.462007137261725,28.462007137261725,9500.0,0.0,0.0,0.0,1.0
15:53:33.217,0.0,-28.462007137261725,28.462007137261725,9500.0,0.0,0.0,0.0,1.0
15:53:33.237,0.0,-28.462007137261725,28.462007137261725,9500.0,0.0,0.0,0.0,1.0
15:53:33.258,0.0,-28.462007137261725,28.462007137261725,9500.0,0.0,0.0,0.0,1.0
15:53:33.277,0.0,-28.462007137261725,28.462007137261725,9500.0,0.0,0.0,0.0,1.0
15:53:33.297,0.0,-28.462007137261725,28.462007137261725,9500.0,0.0,0.0,0.0,1.0
15:53:33.317,0.0,-28.462007137261725,28.462007137261725,9500.0,0.0,0.0,0.0,1.0
15:53:33.337,0.0,-28.462007137261725,28.462007137261725,9500.0,0.0,0.0,0.0,1.0
15:53:33.357,0.0,-28.462007137261725,28.462007137261725,9500.0,0.0,0.0,0.0,1.0
15:53:33.377,0.0,-28.462007137261725,28.462007137261725,9500.0,0.0,0.0,0.0,1.0
15:53:33.397,0.0,-28.462007137261725,28.462007137261725,9500.0,0.0,0.0,0.0,1.0
15:53:33.418,0.0,-28.462007137261725,28.462007137261725,9500.0,0.0,0.0,0.0,1.0
15:53:33.437,0.0,-28.462007137261725,28.462007137261725,9500.0,0.0,0.0,0.0,1.0
15:53:33.457,0.0,-28.462007137261725,28.462007137261725,9500.0,0.0,0.0,0.0,1.0
15:53:33.477,0.0,-28.462007137261725,28.462007137261725,9500.0,0.0,0.0,0.0,1.0
15:53:33.498,0.0,-28.462007137261725,28.462007137261725,9500.0,0.0,0.0,0.0,1.0
15:53:33.517,0.0,-28.462007137261725,28.462007137261725,9500.0,0.0,0.0,0.0,1.0
15:53:33.537,0.0,-28.462007137261725,28.462007137261725,9500.0,0.0,0.0,0.0,1.0
15:53:33.558,0.0,-28.462007137261725,28.462007137261725,9500.0,0.0,0.0,0.0,1.0
15:53:33.577,0.0,-28.462007137261725,28.462007137261725,9500.0,0.0,0.0,0.0,1.0
15:53:33.597,0.0,-28.462007137261725,28.462007137261725,9500.0,0.0,0.0,0.0,1.0
15:53:33.617,0.0,-28.462007137261725,28.462007137261725,9500.0,0.0,0.0,0.0,1.0
15:53:33.637,0.0,-28.462007137261725,28.462007137261725,9500.0,0.0,0.0,0.0,1.0
15:53:33.657,0.0,-28.462007137261725,28.462007137261725,9500.0,0.0,0.0,0.0,1.0
15:53:33.677,0.0,-28.462007137261725,28.462007137261725,9500.0,0.0,0.0,0.0,1.0
15:53:33.698,0.0,-28.462007137261725,28.462007137261725,9500.0,0.0,0.0,0.0,1.0
15:53:33.717,0.0,-28.462007137261725,28.462007137261725,9500.0,0.0,0.0,0.0,1.0
15:53:33.737,0.0,-28.462007137261725,28.462007137261725,9500.0,0.0,0.0,0.0,1.0
15:53:33.757,0.0,-28.462007137261725,28.462007137261725,9500.0,0.0,0.0,0.0,1.0
15:53:33.777,0.0,-28.462007137261725,28.462007137261725,9500.0,0.0,0.0,0.0,1.0
15:53:33.797,0.0,-28.462007137261725,28.462007137261725,9500.0,0.0,0.0,0.0,1.0
15:53:33.817,0.0,-28.462007137261725,28.462007137261725,9500.0,0.0,0.0,0.0,1.0
15:53:33.837,0.0,-28.462007137261725,28.462007137261725,9500.0,0.0,0.0,0.0,1.0
15:53:33.857,0.0,-28.462007137261725,28.462007137261725,9500.0,0.0,0.0,0.0,1.0
15:53:33.877,0.0,-28.462007137261725,28.462007137261725,9500.0,0.0,0.0,0.0,1.0
15:53:33.897,0.0,-28.462007137261725,28.462007137261725,9500.0,0.0,0.0,0.0,1.0
15:53:33.918,0.0,-28.462007137261725,28.462007137261725,9500.0,0.0,0.0,0.0,1.0
15:53:33.937,0.0,-28.462007137261725,28.462007137261725,9500.0,0.0,0.0,0.0,1.0
15:53:33.957,0.0,-28.462007137261725,28.462007137261725,9500.0,0.0,0.0,0.0,1.0
15:53:33.977,0.0,-28.462007137261725,28.462007137261725,9500.0,0.0,0.0,0.0,1.0
15:53:33.997,0.0,-28.462007137261725,28.462007137261725,9500.0,0.0,0.0,0.0,1.0
15:53:34.017,0.0,-28.462007137261725,28.462007137261725,9500.0,0.0,0.0,0.0,1.0
15:53:34.037,0.0,-28.462007137261725,28.462007137261725,9500.0,0.0,0.0,0.0,1.0
15:53:34.057,0.0,-28.462007137261725,28.462007137261725,9500.0,0.0,0.0,0.0,1.0
15:53:34.077,0.0,-28.462007137261725,28.462007137261725,9500.0,0.0,0.0,0.0,1.0
15:53:34.097,0.0,-28.462007137261725,28.462007137261725,9500.0,0.0,0.0,0.0,1.0
15:53:34.117,0.0,-28.462007137261725,28.462007137261725,9500.0,0.0,0.0,0.0,1.0
15:53:34.137,0.0,-28.462007137261725,28.462007137261725,9500.0,0.0,0.0,0.0,1.0
15:53:34.157,0.0,-28.462007137261725,28.462007137261725,9500.0,0.0,0.0,0.0,1.0
15:53:34.177,0.0,-28.462007137261725,28.462007137261725,9500.0,0.0,0.0,0.0,1.0
15:53:34.197,0.0,-28.462007137261725,28.462007137261725,9500.0,0.0,0.0,0.0,1.0
15:53:34.217,0.0,-28.462007137261725,28.462007137261725,9500.0,0.0,0.0,0.0,1.0
15:53:34.237,0.0,-28.462007137261725,28.462007137261725,9500.0,0.0,0.0,0.0,1.0
15:53:34.257,0.0,-28.462007137261725,28.462007137261725,9500.0,0.0,0.0,0.0,1.0
15:53:34.277,0.0,-28.462007137261725,28.462007137261725,9500.0,0.0,0.0,0.0,1.0
15:53:34.297,0.0,-28.462007137261725,28.462007137261725,9500.0,0.0,0.0,0.0,1.0
15:53:34.317,0.0,-28.462007137261725,28.462007137261725,9500.0,0.0,0.0,0.0,1.0
15:53:34.337,0.0,-28.462007137261725,28.462007137261725,9500.0,0.0,0.0,0.0,1.0
15:53:34.357,0.0,-28.462007137261725,28.462007137261725,9500.0,0.0,0.0,0.0,1.0
15:53:34.377,0.0,-28.462007137261725,28.462007137261725,9500.0,0.0,0.0,0.0,1.0
15:53:34.397,0.0,-28.462007137261725,28.462007137261725,9500.0,0.0,0.0,0.0,1.0
15:53:34.417,0.0,-28.462007137261725,28.462007137261725,9500.0,0.0,0.0,0.0,1.0
15:53:34.437,0.0,-28.462007137261725,28.462007137261725,9500.0,0.0,0.0,0.0,1.0
15:53:34.458,0.0,-28.462007137261725,28.462007137261725,9500.0,0.0,0.0,0.0,1.0
15:53:34.477,0.0,-28.462007137261725,28.462007137261725,9500.0,0.0,0.0,0.0,1.0
15:53:34.497,0.0,-28.462007137261725,28.462007137261725,9500.0,0.0,0.0,0.0,1.0
15:53:34.517,0.0,-28.462007137261725,28.462007137261725,9500.0,0.0,0.0,0.0,1.0
15:53:34.538,0.0,-28.462007137261725,28.462007137261725,9500.0,0.0,0.0,0.0,1.0
15:53:34.557,0.0,-28.462007137261725,28.462007137261725,9500.0,0.0,0.0,0.0,1.0
15:53:34.577,0.0,-28.462007137261725,28.462007137261725,9500.0,0.0,0.0,0.0,1.0
15:53:34.597,0.0,-28.462007137261725,28.462007137261725,9500.0,0.0,0.0,0.0,1.0
15:53:34.617,0.0,-28.462007137261725,28.462007137261725,9500.0,0.0,0.0,0.0,1.0
15:53:34.637,0.0,-28.462007137261725,28.462007137261725,9500.0,0.0,0.0,0.0,1.0
15:53:34.657,0.0,-28.462007137261725,28.462007137261725,9500.0,0.0,0.0,0.0,1.0
15:53:34.677,0.0,-28.462007137261725,28.462007137261725,9500.0,0.0,0.0,0.0,1.0
15:53:34.697,0.0,-28.462007137261725,28.462007137261725,9500.0,0.0,0.0,0.0,1.0
15:53:34.716,0.0,-28.462007137261725,28.462007137261725,9500.0,0.0,0.0,0.0,1.0
15:53:34.737,0.0,-28.462007137261725,28.462007137261725,9500.0,0.0,0.0,0.0,1.0
15:53:34.757,0.0,-28.462007137261725,28.462007137261725,9500.0,0.0,0.0,0.0,1.0
15:53:34.777,0.0,-28.462007137261725,28.462007137261725,9500.0,0.0,0.0,0.0,1.0
15:53:34.797,0.0,-28.462007137261725,28.462007137261725,9500.0,0.0,0.0,0.0,1.0
15:53:34.817,0.0,-28.462007137261725,28.462007137261725,9500.0,0.0,0.0,0.0,1.0
15:53:34.837,0.0,-28.462007137261725,28.462007137261725,9500.0,0.0,0.0,0.0,1.0
15:53:34.857,0.0,-28.462007137261725,28.462007137261725,9500.0,0.0,0.0,0.0,1.0
15:53:34.877,0.0,-28.462007137261725,28.462007137261725,9500.0,0.0,0.0,0.0,1.0
15:53:34.898,0.0,-28.462007137261725,28.462007137261725,9500.0,0.0,0.0,0.0,1.0
15:53:34.917,0.0,-28.462007137261725,28.462007137261725,9500.0,0.0,0.0,0.0,1.0
15:53:34.937,0.0,-28.462007137261725,28.462007137261725,9500.0,0.0,0.0,0.0,1.0
15:53:34.957,0.0,-28.462007137261725,28.462007137261725,9500.0,0.0,0.0,0.0,1.0
15:53:34.977,0.0,-28.462007137261725,28.462007137261725,9500.0,0.0,0.0,0.0,1.0
15:53:34.997,0.0,-28.462007137261725,28.462007137261725,9500.0,0.0,0.0,0.0,1.0
15:53:35.017,0.0,-28.462007137261725,28.462007137261725,9500.0,0.0,0.0,0.0,1.0
15:53:35.037,0.0,-28.462007137261725,28.462007137261725,9500.0,0.0,0.0,0.0,1.0
15:53:35.058,0.0,-28.462007137261725,28.462007137261725,9500.0,0.0,0.0,0.0,1.0
15:53:35.077,0.0,-28.462007137261725,28.462007137261725,9500.0,0.0,0.0,0.0,1.0
15:53:35.097,0.0,-28.462007137261725,28.462007137261725,9500.0,0.0,0.0,0.0,1.0
15:53:35.117,0.0,-28.462007137261725,28.462007137261725,9500.0,0.0,0.0,0.0,1.0
15:53:35.137,0.0,-28.462007137261725,28.462007137261725,9500.0,0.0,0.0,0.0,1.0
15:53:35.157,0.0,-28.462007137261725,28.462007137261725,9500.0,0.0,0.0,0.0,1.0
15:53:35.177,0.0,-28.462007137261725,28.462007137261725,9500.0,0.0,0.0,0.0,1.0
15:53:35.197,0.0,-28.462007137261725,28.462007137261725,9500.0,0.0,0.0,0.0,1.0
15:53:35.217,0.0,-28.462007137261725,28.462007137261725,9500.0,0.0,0.0,0.0,1.0
15:53:35.237,0.0,-28.462007137261725,28.462007137261725,9500.0,0.0,0.0,0.0,1.0
15:53:35.257,0.0,-28.462007137261725,28.462007137261725,9500.0,0.0,0.0,0.0,1.0
15:53:35.276,0.0,-28.462007137261725,28.462007137261725,9500.0,0.0,0.0,0.0,1.0
15:53:35.296,0.0,-28.462007137261725,28.462007137261725,9500.0,0.0,0.0,0.0,1.0
15:53:35.317,0.0,-28.462007137261725,28.462007137261725,9500.0,0.0,0.0,0.0,1.0
15:53:35.336,0.0,-28.462007137261725,28.462007137261725,9500.0,0.0,0.0,0.0,1.0
15:53:35.356,0.0,-28.462007137261725,28.462007137261725,9500.0,0.0,0.0,0.0,1.0
15:53:35.376,0.0,-28.462007137261725,28.462007137261725,9500.0,0.0,0.0,0.0,1.0
15:53:35.396,0.0,-28.462007137261725,28.462007137261725,9500.0,0.0,0.0,0.0,1.0
15:53:35.416,0.0,-28.462007137261725,28.462007137261725,9500.0,0.0,0.0,0.0,1.0
15:53:35.436,0.0,-28.462007137261725,28.462007137261725,9500.0,0.0,0.0,0.0,1.0
15:53:35.456,0.0,-28.462007137261725,28.462007137261725,9500.0,0.0,0.0,0.0,1.0
15:53:35.476,0.0,-28.462007137261725,28.462007137261725,9500.0,0.0,0.0,0.0,1.0
15:53:35.497,0.0,-28.462007137261725,28.462007137261725,9500.0,0.0,0.0,0.0,1.0
15:53:35.517,0.0,-28.462007137261725,28.462007137261725,9500.0,0.0,0.0,0.0,1.0
15:53:35.536,0.0,-28.462007137261725,28.462007137261725,9500.0,0.0,0.0,0.0,1.0
15:53:35.556,0.0,-28.462007137261725,28.462007137261725,9500.0,0.0,0.0,0.0,1.0
15:53:35.576,0.0,-28.462007137261725,28.462007137261725,9500.0,0.0,0.0,0.0,1.0
15:53:35.596,0.0,-28.462007137261725,28.462007137261725,9500.0,0.0,0.0,0.0,1.0
15:53:35.616,0.0,-28.462007137261725,28.462007137261725,9500.0,0.0,0.0,0.0,1.0
15:53:35.636,0.0,-28.462007137261725,28.462007137261725,9500.0,0.0,0.0,0.0,1.0
15:53:35.656,0.0,-28.462007137261725,28.462007137261725,9500.0,0.0,0.0,0.0,1.0
15:53:35.676,0.0,-28.462007137261725,28.462007137261725,9500.0,0.0,0.0,0.0,1.0
15:53:35.696,0.0,-28.462007137261725,28.462007137261725,9500.0,0.0,0.0,0.0,1.0
15:53:35.716,0.0,-28.462007137261725,28.462007137261725,9500.0,0.0,0.0,0.0,1.0
15:53:35.736,0.0,-28.462007137261725,28.462007137261725,9500.0,0.0,0.0,0.0,1.0
15:53:35.756,0.0,-28.462007137261725,28.462007137261725,9500.0,0.0,0.0,0.0,1.0
15:53:35.776,0.0,-28.462007137261725,28.462007137261725,9500.0,0.0,0.0,0.0,1.0
15:53:35.796,0.0,-28.462007137261725,28.462007137261725,9500.0,0.0,0.0,0.0,1.0
15:53:35.816,0.0,-28.462007137261725,28.462007137261725,9500.0,0.0,0.0,0.0,1.0
15:53:35.836,0.0,-28.462007137261725,28.462007137261725,9500.0,0.0,0.0,0.0,1.0
15:53:35.856,0.0,-28.462007137261725,28.462007137261725,9500.0,0.0,0.0,0.0,1.0
15:53:35.876,0.0,-28.462007137261725,28.462007137261725,9500.0,0.0,0.0,0.0,1.0
15:53:35.896,0.0,-28.462007137261725,28.462007137261725,9500.0,0.0,0.0,0.0,1.0
15:53:35.916,0.0,-28.462007137261725,28.462007137261725,9500.0,0.0,0.0,0.0,1.0
15:53:35.936,0.0,-28.462007137261725,28.462007137261725,9500.0,0.0,0.0,0.0,1.0
15:53:35.956,0.0,-28.462007137261725,28.462007137261725,9500.0,0.0,0.0,0.0,1.0
15:53:35.976,0.0,-28.462007137261725,28.462007137261725,9500.0,0.0,0.0,0.0,1.0
15:53:35.996,0.0,-28.462007137261725,28.462007137261725,9500.0,0.0,0.0,0.0,1.0
15:53:36.016,0.0,-28.462007137261725,28.462007137261725,9500.0,0.0,0.0,0.0,1.0
15:53:36.036,0.0,-28.462007137261725,28.462007137261725,9500.0,0.0,0.0,0.0,1.0
15:53:36.056,0.0,-28.462007137261725,28.462007137261725,9500.0,0.0,0.0,0.0,1.0
15:53:36.077,0.0,-28.462007137261725,28.462007137261725,9500.0,0.0,0.0,0.0,1.0
15:53:36.096,0.0,-28.462007137261725,28.462007137261725,9500.0,0.0,0.0,0.0,1.0
15:53:36.117,0.0,-28.462007137261725,28.462007137261725,9500.0,0.0,0.0,0.0,1.0
15:53:36.137,0.0,-28.462007137261725,28.462007137261725,9500.0,0.0,0.0,0.0,1.0
15:53:36.157,0.0,-28.462007137261725,28.462007137261725,9500.0,0.0,0.0,0.0,1.0
15:53:36.176,0.0,-28.462007137261725,28.462007137261725,9500.0,0.0,0.0,0.0,1.0
15:53:36.197,0.0,-28.462007137261725,28.462007137261725,9500.0,0.0,0.0,0.0,1.0
15:53:36.216,0.0,-28.462007137261725,28.462007137261725,9500.0,0.0,0.0,0.0,1.0
15:53:36.236,0.0,-28.462007137261725,28.462007137261725,9500.0,0.0,0.0,0.0,1.0
15:53:36.257,0.0,-28.462007137261725,28.462007137261725,9500.0,0.0,0.0,0.0,1.0
15:53:36.277,0.0,-28.462007137261725,28.462007137261725,9500.0,0.0,0.0,0.0,1.0
15:53:36.296,0.0,-28.462007137261725,28.462007137261725,9500.0,0.0,0.0,0.0,1.0
15:53:36.316,0.0,-28.462007137261725,28.462007137261725,9500.0,0.0,0.0,0.0,1.0
15:53:36.336,0.0,-28.462007137261725,28.462007137261725,9500.0,0.0,0.0,0.0,1.0
15:53:36.357,0.0,-28.462007137261725,28.462007137261725,9500.0,0.0,0.0,0.0,1.0
15:53:36.376,0.0,-28.462007137261725,28.462007137261725,9500.0,0.0,0.0,0.0,1.0
15:53:36.396,0.0,-28.462007137261725,28.462007137261725,9500.0,0.0,0.0,0.0,1.0
15:53:36.416,0.0,-28.462007137261725,28.462007137261725,9500.0,0.0,0.0,0.0,1.0
15:53:36.436,0.0,-28.462007137261725,28.462007137261725,9500.0,0.0,0.0,0.0,1.0
15:53:36.456,0.0,-28.462007137261725,28.462007137261725,9500.0,0.0,0.0,0.0,1.0
15:53:36.476,0.0,-28.462007137261725,28.462007137261725,9500.0,0.0,0.0,0.0,1.0
15:53:36.496,0.0,-28.462007137261725,28.462007137261725,9500.0,0.0,0.0,0.0,1.0
15:53:36.516,0.0,-28.462007137261725,28.462007137261725,9500.0,0.0,0.0,0.0,1.0
15:53:36.536,0.0,-28.462007137261725,28.462007137261725,9500.0,0.0,0.0,0.0,1.0
15:53:36.556,0.0,-28.462007137261725,28.462007137261725,9500.0,0.0,0.0,0.0,1.0
15:53:36.576,0.0,-28.462007137261725,28.462007137261725,9500.0,0.0,0.0,0.0,1.0
15:53:36.596,0.0,-28.462007137261725,28.462007137261725,9500.0,0.0,0.0,0.0,1.0
15:53:36.616,0.0,-28.462007137261725,28.462007137261725,9500.0,0.0,0.0,0.0,1.0
15:53:36.636,0.0,-28.462007137261725,28.462007137261725,9500.0,0.0,0.0,0.0,1.0
15:53:36.656,0.0,-28.462007137261725,28.462007137261725,9500.0,0.0,0.0,0.0,1.0
15:53:36.676,0.0,-28.462007137261725,28.462007137261725,9500.0,0.0,0.0,0.0,1.0
15:53:36.696,0.0,-28.462007137261725,28.462007137261725,9500.0,0.0,0.0,0.0,1.0
15:53:36.716,0.0,-28.462007137261725,28.462007137261725,9500.0,0.0,0.0,0.0,1.0
15:53:36.736,0.0,-28.462007137261725,28.462007137261725,9500.0,0.0,0.0,0.0,1.0
15:53:36.756,0.0,-28.462007137261725,28.462007137261725,9500.0,0.0,0.0,0.0,1.0
15:53:36.776,0.0,-28.462007137261725,28.462007137261725,9500.0,0.0,0.0,0.0,1.0
15:53:36.796,0.0,-28.462007137261725,28.462007137261725,9500.0,0.0,0.0,0.0,1.0
15:53:36.816,0.0,-28.462007137261725,28.462007137261725,9500.0,0.0,0.0,0.0,1.0
15:53:36.836,0.0,-28.462007137261725,28.462007137261725,9500.0,0.0,0.0,0.0,1.0
15:53:36.856,0.0,-28.462007137261725,28.462007137261725,9500.0,0.0,0.0,0.0,1.0
15:53:36.876,0.0,-28.462007137261725,28.462007137261725,9500.0,0.0,0.0,0.0,1.0
15:53:36.896,0.0,-28.462007137261725,28.462007137261725,9500.0,0.0,0.0,0.0,1.0
15:53:36.916,0.0,-28.462007137261725,28.462007137261725,9500.0,0.0,0.0,0.0,1.0
15:53:36.936,0.0,-28.462007137261725,28.462007137261725,9500.0,0.0,0.0,0.0,1.0
15:53:36.956,0.0,-28.462007137261725,28.462007137261725,9500.0,0.0,0.0,0.0,1.0
15:53:36.976,0.0,-28.462007137261725,28.462007137261725,9500.0,0.0,0.0,0.0,1.0
15:53:36.996,0.0,-28.462007137261725,28.462007137261725,9500.0,0.0,0.0,0.0,1.0
15:53:37.016,0.0,-28.462007137261725,28.462007137261725,9500.0,0.0,0.0,0.0,1.0
15:53:37.036,0.0,-28.462007137261725,28.462007137261725,9500.0,0.0,0.0,0.0,1.0
15:53:37.056,0.0,-28.462007137261725,28.462007137261725,9500.0,0.0,0.0,0.0,1.0
15:53:37.076,0.0,-28.462007137261725,28.462007137261725,9500.0,0.0,0.0,0.0,1.0
15:53:37.096,0.0,-28.462007137261725,28.462007137261725,9500.0,0.0,0.0,0.0,1.0
15:53:37.116,0.0,-28.462007137261725,28.462007137261725,9500.0,0.0,0.0,0.0,1.0
15:53:37.136,0.0,-28.462007137261725,28.462007137261725,9500.0,0.0,0.0,0.0,1.0
15:53:37.156,0.0,-28.462007137261725,28.462007137261725,9500.0,0.0,0.0,0.0,1.0
15:53:37.176,0.0,-28.462007137261725,28.462007137261725,9500.0,0.0,0.0,0.0,1.0
15:53:37.196,0.0,-28.462007137261725,28.462007137261725,9500.0,0.0,0.0,0.0,1.0
15:53:37.216,0.0,-28.462007137261725,28.462007137261725,9500.0,0.0,0.0,0.0,1.0
15:53:37.236,0.0,-28.462007137261725,28.462007137261725,9500.0,0.0,0.0,0.0,1.0
15:53:37.256,0.0,-28.462007137261725,28.462007137261725,9500.0,0.0,0.0,0.0,1.0
15:53:37.276,0.0,-28.462007137261725,28.462007137261725,9500.0,0.0,0.0,0.0,1.0
15:53:37.296,0.0,-28.462007137261725,28.462007137261725,9500.0,0.0,0.0,0.0,1.0
15:53:37.316,0.0,-28.462007137261725,28.462007137261725,9500.0,0.0,0.0,0.0,1.0
15:53:37.336,0.0,-28.462007137261725,28.462007137261725,9500.0,0.0,0.0,0.0,1.0
15:53:37.356,0.0,-28.462007137261725,28.462007137261725,9500.0,0.0,0.0,0.0,1.0
15:53:37.376,0.0,-28.462007137261725,28.462007137261725,9500.0,0.0,0.0,0.0,1.0
15:53:37.397,0.0,-28.462007137261725,28.462007137261725,9500.0,0.0,0.0,0.0,1.0
15:53:37.416,0.0,-28.462007137261725,28.462007137261725,9500.0,0.0,0.0,0.0,1.0
15:53:37.436,0.0,-28.462007137261725,28.462007137261725,9500.0,0.0,0.0,0.0,1.0
15:53:37.456,0.0,-28.462007137261725,28.462007137261725,9500.0,0.0,0.0,0.0,1.0
15:53:37.476,0.0,-28.462007137261725,28.462007137261725,9500.0,0.0,0.0,0.0,1.0
15:53:37.496,0.0,-28.462007137261725,28.462007137261725,9500.0,0.0,0.0,0.0,1.0
15:53:37.516,0.0,-28.462007137261725,28.462007137261725,9500.0,0.0,0.0,0.0,1.0
15:53:37.536,0.0,-28.462007137261725,28.462007137261725,9500.0,0.0,0.0,0.0,1.0
15:53:37.556,0.0,-28.462007137261725,28.462007137261725,9500.0,0.0,0.0,0.0,1.0
15:53:37.576,0.0,-28.462007137261725,28.462007137261725,9500.0,0.0,0.0,0.0,1.0
15:53:37.596,0.0,-28.462007137261725,28.462007137261725,9500.0,0.0,0.0,0.0,1.0
15:53:37.616,0.0,-28.462007137261725,28.462007137261725,9500.0,0.0,0.0,0.0,1.0
15:53:37.636,0.0,-28.462007137261725,28.462007137261725,9500.0,0.0,0.0,0.0,1.0
15:53:37.656,0.0,-28.462007137261725,28.462007137261725,9500.0,0.0,0.0,0.0,1.0
15:53:37.676,0.0,-28.462007137261725,28.462007137261725,9500.0,0.0,0.0,0.0,1.0
15:53:37.696,0.0,-28.462007137261725,28.462007137261725,9500.0,0.0,0.0,0.0,1.0
15:53:37.716,0.0,-28.462007137261725,28.462007137261725,9500.0,0.0,0.0,0.0,1.0
15:53:37.736,0.0,-28.462007137261725,28.462007137261725,9500.0,0.0,0.0,0.0,1.0
15:53:37.756,0.0,-28.462007137261725,28.462007137261725,9500.0,0.0,0.0,0.0,1.0
15:53:37.776,0.0,-28.462007137261725,28.462007137261725,9500.0,0.0,0.0,0.0,1.0
15:53:37.796,0.0,-28.462007137261725,28.462007137261725,9500.0,0.0,0.0,0.0,1.0
15:53:37.816,0.0,-28.462007137261725,28.462007137261725,9500.0,0.0,0.0,0.0,1.0
15:53:37.836,0.0,-28.462007137261725,28.462007137261725,9500.0,0.0,0.0,0.0,1.0
15:53:37.856,0.0,-28.462007137261725,28.462007137261725,9500.0,0.0,0.0,0.0,1.0
15:53:37.876,0.0,-28.462007137261725,28.462007137261725,9500.0,0.0,0.0,0.0,1.0
15:53:37.896,0.0,-28.462007137261725,28.462007137261725,9500.0,0.0,0.0,0.0,1.0
15:53:37.916,0.0,-28.462007137261725,28.462007137261725,9500.0,0.0,0.0,0.0,1.0
15:53:37.936,0.0,-28.462007137261725,28.462007137261725,9500.0,0.0,0.0,0.0,1.0
15:53:37.956,0.0,-28.462007137261725,28.462007137261725,9500.0,0.0,0.0,0.0,1.0
15:53:37.976,0.0,-28.462007137261725,28.462007137261725,9500.0,0.0,0.0,0.0,1.0
15:53:37.996,0.0,-28.462007137261725,28.462007137261725,9500.0,0.0,0.0,0.0,1.0
15:53:38.016,0.0,-28.462007137261725,28.462007137261725,9500.0,0.0,0.0,0.0,1.0
15:53:38.036,0.0,-28.462007137261725,28.462007137261725,9500.0,0.0,0.0,0.0,1.0
15:53:38.056,0.0,-28.462007137261725,28.462007137261725,9500.0,0.0,0.0,0.0,1.0
15:53:38.076,0.0,-28.462007137261725,28.462007137261725,9500.0,0.0,0.0,0.0,1.0
15:53:38.097,0.0,-28.462007137261725,28.462007137261725,9500.0,0.0,0.0,0.0,1.0
15:53:38.116,0.0,-28.462007137261725,28.462007137261725,9500.0,0.0,0.0,0.0,1.0
15:53:38.136,0.0,-28.462007137261725,28.462007137261725,9500.0,0.0,0.0,0.0,1.0
15:53:38.156,0.0,-28.462007137261725,28.462007137261725,9500.0,0.0,0.0,0.0,1.0
15:53:38.177,0.0,-28.462007137261725,28.462007137261725,9500.0,0.0,0.0,0.0,1.0
15:53:38.196,0.0,-28.462007137261725,28.462007137261725,9500.0,0.0,0.0,0.0,1.0
15:53:38.216,0.0,-28.462007137261725,28.462007137261725,9500.0,0.0,0.0,0.0,1.0
15:53:38.236,0.0,-28.462007137261725,28.462007137261725,9500.0,0.0,0.0,0.0,1.0
15:53:38.256,0.0,-28.462007137261725,28.462007137261725,9500.0,0.0,0.0,0.0,1.0
15:53:38.276,0.0,-28.462007137261725,28.462007137261725,9500.0,0.0,0.0,0.0,1.0
15:53:38.296,0.0,-28.462007137261725,28.462007137261725,9500.0,0.0,0.0,0.0,1.0
15:53:38.316,0.0,-28.462007137261725,28.462007137261725,9500.0,0.0,0.0,0.0,1.0
15:53:38.336,0.0,-28.462007137261725,28.462007137261725,9500.0,0.0,0.0,0.0,1.0
15:53:38.357,0.0,-28.462007137261725,28.462007137261725,9500.0,0.0,0.0,0.0,1.0
15:53:38.376,0.0,-28.462007137261725,28.462007137261725,9500.0,0.0,0.0,0.0,1.0
15:53:38.397,0.0,-28.462007137261725,28.462007137261725,9500.0,0.0,0.0,0.0,1.0
15:53:38.416,0.0,-28.462007137261725,28.462007137261725,9500.0,0.0,0.0,0.0,1.0
15:53:38.436,0.0,-28.462007137261725,28.462007137261725,9500.0,0.0,0.0,0.0,1.0
15:53:38.456,0.0,-28.462007137261725,28.462007137261725,9500.0,0.0,0.0,0.0,1.0
15:53:38.476,0.0,-28.462007137261725,28.462007137261725,9500.0,0.0,0.0,0.0,1.0
15:53:38.496,0.0,-28.462007137261725,28.462007137261725,9500.0,0.0,0.0,0.0,1.0
15:53:38.516,0.0,-28.462007137261725,28.462007137261725,9500.0,0.0,0.0,0.0,1.0
15:53:38.536,0.0,-28.462007137261725,28.462007137261725,9500.0,0.0,0.0,0.0,1.0
15:53:38.556,0.0,-28.462007137261725,28.462007137261725,9500.0,0.0,0.0,0.0,1.0
15:53:38.576,0.0,-28.462007137261725,28.462007137261725,9500.0,0.0,0.0,0.0,1.0
15:53:38.596,0.0,-28.462007137261725,28.462007137261725,9500.0,0.0,0.0,0.0,1.0
15:53:38.616,0.0,-28.462007137261725,28.462007137261725,9500.0,0.0,0.0,0.0,1.0
15:53:38.636,0.0,-28.462007137261725,28.462007137261725,9500.0,0.0,0.0,0.0,1.0
15:53:38.657,0.0,-28.462007137261725,28.462007137261725,9500.0,0.0,0.0,0.0,1.0
15:53:38.676,0.0,-28.462007137261725,28.462007137261725,9500.0,0.0,0.0,0.0,1.0
15:53:38.696,0.0,-28.462007137261725,28.462007137261725,9500.0,0.0,0.0,0.0,1.0
15:53:38.716,0.0,-28.462007137261725,28.462007137261725,9500.0,0.0,0.0,0.0,1.0
15:53:38.736,0.0,-28.462007137261725,28.462007137261725,9500.0,0.0,0.0,0.0,1.0
15:53:38.756,0.0,-28.462007137261725,28.462007137261725,9500.0,0.0,0.0,0.0,1.0
15:53:38.776,0.0,-28.462007137261725,28.462007137261725,9500.0,0.0,0.0,0.0,1.0
15:53:38.796,0.0,-28.462007137261725,28.462007137261725,9500.0,0.0,0.0,0.0,1.0
15:53:38.816,0.0,-28.462007137261725,28.462007137261725,9500.0,0.0,0.0,0.0,1.0
15:53:38.836,0.0,-28.462007137261725,28.462007137261725,9500.0,0.0,0.0,0.0,1.0
15:53:38.857,0.0,-28.462007137261725,28.462007137261725,9500.0,0.0,0.0,0.0,1.0
15:53:38.876,0.0,-28.462007137261725,28.462007137261725,9500.0,0.0,0.0,0.0,1.0
15:53:38.896,0.0,-28.462007137261725,28.462007137261725,9500.0,0.0,0.0,0.0,1.0
15:53:38.916,0.0,-28.462007137261725,28.462007137261725,9500.0,0.0,0.0,0.0,1.0
15:53:38.936,0.0,-28.462007137261725,28.462007137261725,9500.0,0.0,0.0,0.0,1.0
15:53:38.957,0.0,-28.462007137261725,28.462007137261725,9500.0,0.0,0.0,0.0,1.0
15:53:38.976,0.0,-28.462007137261725,28.462007137261725,9500.0,0.0,0.0,0.0,1.0
15:53:38.996,0.0,-28.462007137261725,28.462007137261725,9500.0,0.0,0.0,0.0,1.0
15:53:39.016,0.0,-28.462007137261725,28.462007137261725,9500.0,0.0,0.0,0.0,1.0
15:53:39.036,0.0,-28.462007137261725,28.462007137261725,9500.0,0.0,0.0,0.0,1.0
15:53:39.057,0.0,-28.462007137261725,28.462007137261725,9500.0,0.0,0.0,0.0,1.0
15:53:39.076,0.0,-28.462007137261725,28.462007137261725,9500.0,0.0,0.0,0.0,1.0
15:53:39.096,0.0,-28.462007137261725,28.462007137261725,9500.0,0.0,0.0,0.0,1.0
15:53:39.117,0.0,-28.462007137261725,28.462007137261725,9500.0,0.0,0.0,0.0,1.0
15:53:39.137,0.0,-28.462007137261725,28.462007137261725,9500.0,0.0,0.0,0.0,1.0
15:53:39.157,0.0,-28.462007137261725,28.462007137261725,9500.0,0.0,0.0,0.0,1.0
15:53:39.176,0.0,-28.462007137261725,28.462007137261725,9500.0,0.0,0.0,0.0,1.0
15:53:39.196,0.0,-28.462007137261725,28.462007137261725,9500.0,0.0,0.0,0.0,1.0
15:53:39.216,0.0,-28.462007137261725,28.462007137261725,9500.0,0.0,0.0,0.0,1.0
15:53:39.236,0.0,-28.462007137261725,28.462007137261725,9500.0,0.0,0.0,0.0,1.0
15:53:39.256,0.0,-28.462007137261725,28.462007137261725,9500.0,0.0,0.0,0.0,1.0
15:53:39.276,0.0,-28.462007137261725,28.462007137261725,9500.0,0.0,0.0,0.0,1.0
15:53:39.296,0.0,-28.462007137261725,28.462007137261725,9500.0,0.0,0.0,0.0,1.0
15:53:39.316,0.0,-28.462007137261725,28.462007137261725,9500.0,0.0,0.0,0.0,1.0
15:53:39.336,0.0,-28.462007137261725,28.462007137261725,9500.0,0.0,0.0,0.0,1.0
15:53:39.357,0.0,-28.462007137261725,28.462007137261725,9500.0,0.0,0.0,0.0,1.0
15:53:39.377,0.0,-28.462007137261725,28.462007137261725,9500.0,0.0,0.0,0.0,1.0
15:53:39.397,0.0,-28.462007137261725,28.462007137261725,9500.0,0.0,0.0,0.0,1.0
15:53:39.417,0.0,-28.462007137261725,28.462007137261725,9500.0,0.0,0.0,0.0,1.0
15:53:39.437,0.0,-28.462007137261725,28.462007137261725,9500.0,0.0,0.0,0.0,1.0
15:53:39.456,0.0,-28.462007137261725,28.462007137261725,9500.0,0.0,0.0,0.0,1.0
15:53:39.477,0.0,-28.462007137261725,28.462007137261725,9500.0,0.0,0.0,0.0,1.0
15:53:39.496,0.0,-28.462007137261725,28.462007137261725,9500.0,0.0,0.0,0.0,1.0
15:53:39.516,0.0,-28.462007137261725,28.462007137261725,9500.0,0.0,0.0,0.0,1.0
15:53:39.537,0.0,-28.462007137261725,28.462007137261725,9500.0,0.0,0.0,0.0,1.0
15:53:39.557,0.0,-28.462007137261725,28.462007137261725,9500.0,0.0,0.0,0.0,1.0
15:53:39.577,0.0,-28.462007137261725,28.462007137261725,9500.0,0.0,0.0,0.0,1.0
15:53:39.597,0.0,-28.462007137261725,28.462007137261725,9500.0,0.0,0.0,0.0,1.0
15:53:39.617,0.0,-28.462007137261725,28.462007137261725,9500.0,0.0,0.0,0.0,1.0
15:53:39.637,0.0,-28.462007137261725,28.462007137261725,9500.0,0.0,0.0,0.0,1.0
15:53:39.657,0.0,-28.462007137261725,28.462007137261725,9500.0,0.0,0.0,0.0,1.0
15:53:39.677,0.0,-28.462007137261725,28.462007137261725,9500.0,0.0,0.0,0.0,1.0
15:53:39.697,0.0,-28.462007137261725,28.462007137261725,9500.0,0.0,0.0,0.0,1.0
15:53:39.717,0.0,-28.462007137261725,28.462007137261725,9500.0,0.0,0.0,0.0,1.0
15:53:39.737,0.0,-28.462007137261725,28.462007137261725,9500.0,0.0,0.0,0.0,1.0
15:53:39.757,0.0,-28.462007137261725,28.462007137261725,9500.0,0.0,0.0,0.0,1.0
15:53:39.777,0.0,-28.462007137261725,28.462007137261725,9500.0,0.0,0.0,0.0,1.0
15:53:39.797,0.0,-28.462007137261725,28.462007137261725,9500.0,0.0,0.0,0.0,1.0
15:53:39.817,0.0,-28.462007137261725,28.462007137261725,9500.0,0.0,0.0,0.0,1.0
15:53:39.837,0.0,-28.462007137261725,28.462007137261725,9500.0,0.0,0.0,0.0,1.0
15:53:39.857,0.0,-28.462007137261725,28.462007137261725,9500.0,0.0,0.0,0.0,1.0
15:53:39.877,0.0,-28.462007137261725,28.462007137261725,9500.0,0.0,0.0,0.0,1.0
15:53:39.897,0.0,-28.462007137261725,28.462007137261725,9500.0,0.0,0.0,0.0,1.0
15:53:39.917,0.0,-28.462007137261725,28.462007137261725,9500.0,0.0,0.0,0.0,1.0
15:53:39.937,0.0,-28.462007137261725,28.462007137261725,9500.0,0.0,0.0,0.0,1.0
15:53:39.957,0.0,-28.462007137261725,28.462007137261725,9500.0,0.0,0.0,0.0,1.0
15:53:39.977,0.0,-28.462007137261725,28.462007137261725,9500.0,0.0,0.0,0.0,1.0
15:53:39.997,0.0,-28.462007137261725,28.462007137261725,9500.0,0.0,0.0,0.0,1.0
15:53:40.017,0.0,-28.462007137261725,28.462007137261725,9500.0,0.0,0.0,0.0,1.0
15:53:40.037,0.0,-28.462007137261725,28.462007137261725,9500.0,0.0,0.0,0.0,1.0
15:53:40.057,0.0,-28.462007137261725,28.462007137261725,9500.0,0.0,0.0,0.0,1.0
15:53:40.077,0.0,-28.462007137261725,28.462007137261725,9500.0,0.0,0.0,0.0,1.0
15:53:40.097,0.0,-28.462007137261725,28.462007137261725,9500.0,0.0,0.0,0.0,1.0
15:53:40.117,0.0,-28.462007137261725,28.462007137261725,9500.0,0.0,0.0,0.0,1.0
15:53:40.137,0.0,-28.462007137261725,28.462007137261725,9500.0,0.0,0.0,0.0,1.0
15:53:40.157,0.0,-28.462007137261725,28.462007137261725,9500.0,0.0,0.0,0.0,1.0
15:53:40.177,0.0,-28.462007137261725,28.462007137261725,9500.0,0.0,0.0,0.0,1.0
15:53:40.197,0.0,-28.462007137261725,28.462007137261725,9500.0,0.0,0.0,0.0,1.0
15:53:40.217,0.0,-28.462007137261725,28.462007137261725,9500.0,0.0,0.0,0.0,1.0
15:53:40.237,0.0,-28.462007137261725,28.462007137261725,9500.0,0.0,0.0,0.0,1.0
15:53:40.257,0.0,-28.462007137261725,28.462007137261725,9500.0,0.0,0.0,0.0,1.0
15:53:40.277,0.0,-28.462007137261725,28.462007137261725,9500.0,0.0,0.0,0.0,1.0
15:53:40.297,0.0,-28.462007137261725,28.462007137261725,9500.0,0.0,0.0,0.0,1.0
15:53:40.317,0.0,-28.462007137261725,28.462007137261725,9500.0,0.0,0.0,0.0,1.0
15:53:40.337,0.0,-28.462007137261725,28.462007137261725,9500.0,0.0,0.0,0.0,1.0
15:53:40.357,0.0,-28.462007137261725,28.462007137261725,9500.0,0.0,0.0,0.0,1.0
15:53:40.377,0.0,-28.462007137261725,28.462007137261725,9500.0,0.0,0.0,0.0,1.0
15:53:40.397,0.0,-28.462007137261725,28.462007137261725,9500.0,0.0,0.0,0.0,1.0
15:53:40.417,0.0,-28.462007137261725,28.462007137261725,9500.0,0.0,0.0,0.0,1.0
15:53:40.437,0.0,-28.462007137261725,28.462007137261725,9500.0,0.0,0.0,0.0,1.0
15:53:40.457,0.0,-28.462007137261725,28.462007137261725,9500.0,0.0,0.0,0.0,1.0
15:53:40.477,0.0,-28.462007137261725,28.462007137261725,9500.0,0.0,0.0,0.0,1.0
15:53:40.497,0.0,-28.462007137261725,28.462007137261725,9500.0,0.0,0.0,0.0,1.0
15:53:40.517,0.0,-28.462007137261725,28.462007137261725,9500.0,0.0,0.0,0.0,1.0
15:53:40.537,0.0,-28.462007137261725,28.462007137261725,9500.0,0.0,0.0,0.0,1.0
15:53:40.557,0.0,-28.462007137261725,28.462007137261725,9500.0,0.0,0.0,0.0,1.0
15:53:40.577,0.0,-28.462007137261725,28.462007137261725,9500.0,0.0,0.0,0.0,1.0
15:53:40.597,0.0,-28.462007137261725,28.462007137261725,9500.0,0.0,0.0,0.0,1.0
15:53:40.617,0.0,-28.462007137261725,28.462007137261725,9500.0,0.0,0.0,0.0,1.0
15:53:40.637,0.0,-28.462007137261725,28.462007137261725,9500.0,0.0,0.0,0.0,1.0
15:53:40.657,0.0,-28.462007137261725,28.462007137261725,9500.0,0.0,0.0,0.0,1.0
15:53:40.677,0.0,-28.462007137261725,28.462007137261725,9500.0,0.0,0.0,0.0,1.0
15:53:40.697,0.0,-28.462007137261725,28.462007137261725,9500.0,0.0,0.0,0.0,1.0
15:53:40.717,0.0,-28.462007137261725,28.462007137261725,9500.0,0.0,0.0,0.0,1.0
15:53:40.737,0.0,-28.462007137261725,28.462007137261725,9500.0,0.0,0.0,0.0,1.0
15:53:40.757,0.0,-28.462007137261725,28.462007137261725,9500.0,0.0,0.0,0.0,1.0
15:53:40.777,0.0,-28.462007137261725,28.462007137261725,9500.0,0.0,0.0,0.0,1.0
15:53:40.797,0.0,-28.462007137261725,28.462007137261725,9500.0,0.0,0.0,0.0,1.0
15:53:40.817,0.0,-28.462007137261725,28.462007137261725,9500.0,0.0,0.0,0.0,1.0
15:53:40.837,0.0,-28.462007137261725,28.462007137261725,9500.0,0.0,0.0,0.0,1.0
15:53:40.857,0.0,-28.462007137261725,28.462007137261725,9500.0,0.0,0.0,0.0,1.0
15:53:40.877,0.0,-28.462007137261725,28.462007137261725,9500.0,0.0,0.0,0.0,1.0
15:53:40.897,0.0,-28.462007137261725,28.462007137261725,9500.0,0.0,0.0,0.0,1.0
15:53:40.917,0.0,-28.462007137261725,28.462007137261725,9500.0,0.0,0.0,0.0,1.0
15:53:40.937,0.0,-28.462007137261725,28.462007137261725,9500.0,0.0,0.0,0.0,1.0
15:53:40.957,0.0,-28.462007137261725,28.462007137261725,9500.0,0.0,0.0,0.0,1.0
15:53:40.977,0.0,-28.462007137261725,28.462007137261725,9500.0,0.0,0.0,0.0,1.0
15:53:40.997,0.0,-28.462007137261725,28.462007137261725,9500.0,0.0,0.0,0.0,1.0
15:53:41.017,0.0,-28.462007137261725,28.462007137261725,9500.0,0.0,0.0,0.0,1.0
15:53:41.037,0.0,-28.462007137261725,28.462007137261725,9500.0,0.0,0.0,0.0,1.0
15:53:41.057,0.0,-28.462007137261725,28.462007137261725,9500.0,0.0,0.0,0.0,1.0
15:53:41.077,0.0,-28.462007137261725,28.462007137261725,9500.0,0.0,0.0,0.0,1.0
15:53:41.097,0.0,-28.462007137261725,28.462007137261725,9500.0,0.0,0.0,0.0,1.0
15:53:41.117,0.0,-28.462007137261725,28.462007137261725,9500.0,0.0,0.0,0.0,1.0
15:53:41.137,0.0,-28.462007137261725,28.462007137261725,9500.0,0.0,0.0,0.0,1.0
15:53:41.157,0.0,-28.462007137261725,28.462007137261725,9500.0,0.0,0.0,0.0,1.0
15:53:41.177,0.0,-28.462007137261725,28.462007137261725,9500.0,0.0,0.0,0.0,1.0
15:53:41.197,0.0,-28.462007137261725,28.462007137261725,9500.0,0.0,0.0,0.0,1.0
15:53:41.217,0.0,-28.462007137261725,28.462007137261725,9500.0,0.0,0.0,0.0,1.0
15:53:41.237,0.0,-28.462007137261725,28.462007137261725,9500.0,0.0,0.0,0.0,1.0
15:53:41.256,0.0,-28.462007137261725,28.462007137261725,9500.0,0.0,0.0,0.0,1.0
15:53:41.276,0.0,-28.462007137261725,28.462007137261725,9500.0,0.0,0.0,0.0,1.0
15:53:41.297,0.0,-28.462007137261725,28.462007137261725,9500.0,0.0,0.0,0.0,1.0
15:53:41.317,0.0,-28.462007137261725,28.462007137261725,9500.0,0.0,0.0,0.0,1.0
15:53:41.337,0.0,-28.462007137261725,28.462007137261725,9500.0,0.0,0.0,0.0,1.0
15:53:41.357,0.0,-28.462007137261725,28.462007137261725,9500.0,0.0,0.0,0.0,1.0
15:53:41.377,0.0,-28.462007137261725,28.462007137261725,9500.0,0.0,0.0,0.0,1.0
15:53:41.398,0.0,-28.462007137261725,28.462007137261725,9500.0,0.0,0.0,0.0,1.0
15:53:41.417,0.0,-28.462007137261725,28.462007137261725,9500.0,0.0,0.0,0.0,1.0
15:53:41.437,0.0,-28.462007137261725,28.462007137261725,9500.0,0.0,0.0,0.0,1.0
15:53:41.457,0.0,-28.462007137261725,28.462007137261725,9500.0,0.0,0.0,0.0,1.0
15:53:41.477,0.0,-28.462007137261725,28.462007137261725,9500.0,0.0,0.0,0.0,1.0
15:53:41.497,0.0,-28.462007137261725,28.462007137261725,9500.0,0.0,0.0,0.0,1.0
15:53:41.517,0.0,-28.462007137261725,28.462007137261725,9500.0,0.0,0.0,0.0,1.0
15:53:41.537,0.0,-28.462007137261725,28.462007137261725,9500.0,0.0,0.0,0.0,1.0
15:53:41.557,0.0,-28.462007137261725,28.462007137261725,9500.0,0.0,0.0,0.0,1.0
15:53:41.577,0.0,-28.462007137261725,28.462007137261725,9500.0,0.0,0.0,0.0,1.0
15:53:41.597,0.0,-28.462007137261725,28.462007137261725,9500.0,0.0,0.0,0.0,1.0
15:53:41.617,0.0,-28.462007137261725,28.462007137261725,9500.0,0.0,0.0,0.0,1.0
15:53:41.637,0.0,-28.462007137261725,28.462007137261725,9500.0,0.0,0.0,0.0,1.0
15:53:41.657,0.0,-28.462007137261725,28.462007137261725,9500.0,0.0,0.0,0.0,1.0
15:53:41.677,0.0,-28.462007137261725,28.462007137261725,9500.0,0.0,0.0,0.0,1.0
15:53:41.697,0.0,-28.462007137261725,28.462007137261725,9500.0,0.0,0.0,0.0,1.0
15:53:41.717,0.0,-28.462007137261725,28.462007137261725,9500.0,0.0,0.0,0.0,1.0
15:53:41.737,0.0,-28.462007137261725,28.462007137261725,9500.0,0.0,0.0,0.0,1.0
15:53:41.757,0.0,-28.462007137261725,28.462007137261725,9500.0,0.0,0.0,0.0,1.0
15:53:41.777,0.0,-28.462007137261725,28.462007137261725,9500.0,0.0,0.0,0.0,1.0
15:53:41.797,0.0,-28.462007137261725,28.462007137261725,9500.0,0.0,0.0,0.0,1.0
15:53:41.817,0.0,-28.462007137261725,28.462007137261725,9500.0,0.0,0.0,0.0,1.0
15:53:41.837,0.0,-28.462007137261725,28.462007137261725,9500.0,0.0,0.0,0.0,1.0
15:53:41.857,0.0,-28.462007137261725,28.462007137261725,9500.0,0.0,0.0,0.0,1.0
15:53:41.877,0.0,-28.462007137261725,28.462007137261725,9500.0,0.0,0.0,0.0,1.0
15:53:41.897,0.0,-28.462007137261725,28.462007137261725,9500.0,0.0,0.0,0.0,1.0
15:53:41.917,0.0,-28.462007137261725,28.462007137261725,9500.0,0.0,0.0,0.0,1.0
15:53:41.937,0.0,-28.462007137261725,28.462007137261725,9500.0,0.0,0.0,0.0,1.0
15:53:41.957,0.0,-28.462007137261725,28.462007137261725,9500.0,0.0,0.0,0.0,1.0
15:53:41.978,0.0,-28.462007137261725,28.462007137261725,9500.0,0.0,0.0,0.0,1.0
15:53:41.997,0.0,-28.462007137261725,28.462007137261725,9500.0,0.0,0.0,0.0,1.0
15:53:42.017,0.0,-28.462007137261725,28.462007137261725,9500.0,0.0,0.0,0.0,1.0
15:53:42.037,0.0,-28.462007137261725,28.462007137261725,9500.0,0.0,0.0,0.0,1.0
15:53:42.057,0.0,-28.462007137261725,28.462007137261725,9500.0,0.0,0.0,0.0,1.0
15:53:42.077,0.0,-28.462007137261725,28.462007137261725,9500.0,0.0,0.0,0.0,1.0
15:53:42.097,0.0,-28.462007137261725,28.462007137261725,9500.0,0.0,0.0,0.0,1.0
15:53:42.117,0.0,-28.462007137261725,28.462007137261725,9500.0,0.0,0.0,0.0,1.0
15:53:42.137,0.0,-28.462007137261725,28.462007137261725,9500.0,0.0,0.0,0.0,1.0
15:53:42.157,0.0,-28.462007137261725,28.462007137261725,9500.0,0.0,0.0,0.0,1.0
15:53:42.177,0.0,-28.462007137261725,28.462007137261725,9500.0,0.0,0.0,0.0,1.0
15:53:42.198,0.0,-28.462007137261725,28.462007137261725,9500.0,0.0,0.0,0.0,1.0
15:53:42.217,0.0,-28.462007137261725,28.462007137261725,9500.0,0.0,0.0,0.0,1.0
15:53:42.237,0.0,-28.462007137261725,28.462007137261725,9500.0,0.0,0.0,0.0,1.0
15:53:42.257,0.0,-28.462007137261725,28.462007137261725,9500.0,0.0,0.0,0.0,1.0
15:53:42.277,0.0,-28.462007137261725,28.462007137261725,9500.0,0.0,0.0,0.0,1.0
15:53:42.297,0.0,-28.462007137261725,28.462007137261725,9500.0,0.0,0.0,0.0,1.0
15:53:42.317,0.0,-28.462007137261725,28.462007137261725,9500.0,0.0,0.0,0.0,1.0
15:53:42.337,0.0,-28.462007137261725,28.462007137261725,9500.0,0.0,0.0,0.0,1.0
15:53:42.357,0.0,-28.462007137261725,28.462007137261725,9500.0,0.0,0.0,0.0,1.0
15:53:42.377,0.0,-28.462007137261725,28.462007137261725,9500.0,0.0,0.0,0.0,1.0
15:53:42.397,0.0,-28.462007137261725,28.462007137261725,9500.0,0.0,0.0,0.0,1.0
15:53:42.417,0.0,-28.462007137261725,28.462007137261725,9500.0,0.0,0.0,0.0,1.0
15:53:42.438,0.0,-28.462007137261725,28.462007137261725,9500.0,0.0,0.0,0.0,1.0
15:53:42.457,0.0,-28.462007137261725,28.462007137261725,9500.0,0.0,0.0,0.0,1.0
15:53:42.478,0.0,-28.462007137261725,28.462007137261725,9500.0,0.0,0.0,0.0,1.0
15:53:42.497,0.0,-28.462007137261725,28.462007137261725,9500.0,0.0,0.0,0.0,1.0
15:53:42.517,0.0,-28.462007137261725,28.462007137261725,9500.0,0.0,0.0,0.0,1.0
15:53:42.537,0.0,-28.462007137261725,28.462007137261725,9500.0,0.0,0.0,0.0,1.0
15:53:42.557,0.0,-28.462007137261725,28.462007137261725,9500.0,0.0,0.0,0.0,1.0
15:53:42.577,0.0,-28.462007137261725,28.462007137261725,9500.0,0.0,0.0,0.0,1.0
15:53:42.597,0.0,-28.462007137261725,28.462007137261725,9500.0,0.0,0.0,0.0,1.0
15:53:42.617,0.0,-28.462007137261725,28.462007137261725,9500.0,0.0,0.0,0.0,1.0
15:53:42.637,0.0,-28.462007137261725,28.462007137261725,9500.0,0.0,0.0,0.0,1.0
15:53:42.657,0.0,-28.462007137261725,28.462007137261725,9500.0,0.0,0.0,0.0,1.0
15:53:42.677,0.0,-28.462007137261725,28.462007137261725,9500.0,0.0,0.0,0.0,1.0
15:53:42.697,0.0,-28.462007137261725,28.462007137261725,9500.0,0.0,0.0,0.0,1.0
15:53:42.717,0.0,-28.462007137261725,28.462007137261725,9500.0,0.0,0.0,0.0,1.0
15:53:42.737,0.0,-28.462007137261725,28.462007137261725,9500.0,0.0,0.0,0.0,1.0
15:53:42.758,0.0,-28.462007137261725,28.462007137261725,9500.0,0.0,0.0,0.0,1.0
15:53:42.777,0.0,-28.462007137261725,28.462007137261725,9500.0,0.0,0.0,0.0,1.0
15:53:42.797,0.0,-28.462007137261725,28.462007137261725,9500.0,0.0,0.0,0.0,1.0
15:53:42.817,0.0,-28.462007137261725,28.462007137261725,9500.0,0.0,0.0,0.0,1.0
15:53:42.837,0.0,-28.462007137261725,28.462007137261725,9500.0,0.0,0.0,0.0,1.0
15:53:42.857,0.0,-28.462007137261725,28.462007137261725,9500.0,0.0,0.0,0.0,1.0
15:53:42.877,0.0,-28.462007137261725,28.462007137261725,9500.0,0.0,0.0,0.0,1.0
15:53:42.897,0.0,-28.462007137261725,28.462007137261725,9500.0,0.0,0.0,0.0,1.0
15:53:42.917,0.0,-28.462007137261725,28.462007137261725,9500.0,0.0,0.0,0.0,1.0
15:53:42.937,0.0,-28.462007137261725,28.462007137261725,9500.0,0.0,0.0,0.0,1.0
15:53:42.957,0.0,-28.462007137261725,28.462007137261725,9500.0,0.0,0.0,0.0,1.0
15:53:42.977,0.0,-28.462007137261725,28.462007137261725,9500.0,0.0,0.0,0.0,1.0
15:53:42.997,0.0,-28.462007137261725,28.462007137261725,9500.0,0.0,0.0,0.0,1.0
15:53:43.017,0.0,-28.462007137261725,28.462007137261725,9500.0,0.0,0.0,0.0,1.0
15:53:43.037,0.0,-28.462007137261725,28.462007137261725,9500.0,0.0,0.0,0.0,1.0
15:53:43.057,0.0,-28.462007137261725,28.462007137261725,9500.0,0.0,0.0,0.0,1.0
15:53:43.077,0.0,-28.462007137261725,28.462007137261725,9500.0,0.0,0.0,0.0,1.0
15:53:43.098,0.0,-28.462007137261725,28.462007137261725,9500.0,0.0,0.0,0.0,1.0
15:53:43.117,0.0,-28.462007137261725,28.462007137261725,9500.0,0.0,0.0,0.0,1.0
15:53:43.137,0.0,-28.462007137261725,28.462007137261725,9500.0,0.0,0.0,0.0,1.0
15:53:43.157,0.0,-28.462007137261725,28.462007137261725,9500.0,0.0,0.0,0.0,1.0
15:53:43.177,0.0,-28.462007137261725,28.462007137261725,9500.0,0.0,0.0,0.0,1.0
15:53:43.197,0.0,-28.462007137261725,28.462007137261725,9500.0,0.0,0.0,0.0,1.0
15:53:43.217,0.0,-28.462007137261725,28.462007137261725,9500.0,0.0,0.0,0.0,1.0
15:53:43.237,0.0,-28.462007137261725,28.462007137261725,9500.0,0.0,0.0,0.0,1.0
15:53:43.257,0.0,-28.462007137261725,28.462007137261725,9500.0,0.0,0.0,0.0,1.0
15:53:43.277,0.0,-28.462007137261725,28.462007137261725,9500.0,0.0,0.0,0.0,1.0
15:53:43.297,0.0,-28.462007137261725,28.462007137261725,9500.0,0.0,0.0,0.0,1.0
15:53:43.317,0.0,-28.462007137261725,28.462007137261725,9500.0,0.0,0.0,0.0,1.0
15:53:43.337,0.0,-28.462007137261725,28.462007137261725,9500.0,0.0,0.0,0.0,1.0
15:53:43.357,0.0,-28.462007137261725,28.462007137261725,9500.0,0.0,0.0,0.0,1.0
15:53:43.377,0.0,-28.462007137261725,28.462007137261725,9500.0,0.0,0.0,0.0,1.0
15:53:43.397,0.0,-28.462007137261725,28.462007137261725,9500.0,0.0,0.0,0.0,1.0
15:53:43.417,0.0,-28.462007137261725,28.462007137261725,9500.0,0.0,0.0,0.0,1.0
15:53:43.437,0.0,-28.462007137261725,28.462007137261725,9500.0,0.0,0.0,0.0,1.0
15:53:43.457,0.0,-28.462007137261725,28.462007137261725,9500.0,0.0,0.0,0.0,1.0
15:53:43.477,0.0,-28.462007137261725,28.462007137261725,9500.0,0.0,0.0,0.0,1.0
15:53:43.497,0.0,-28.462007137261725,28.462007137261725,9500.0,0.0,0.0,0.0,1.0
15:53:43.518,0.0,-28.462007137261725,28.462007137261725,9500.0,0.0,0.0,0.0,1.0
15:53:43.538,0.0,-28.462007137261725,28.462007137261725,9500.0,0.0,0.0,0.0,1.0
15:53:43.557,0.0,-28.462007137261725,28.462007137261725,9500.0,0.0,0.0,0.0,1.0
15:53:43.578,0.0,-28.462007137261725,28.462007137261725,9500.0,0.0,0.0,0.0,1.0
15:53:43.597,0.0,-28.462007137261725,28.462007137261725,9500.0,0.0,0.0,0.0,1.0
15:53:43.617,0.0,-28.462007137261725,28.462007137261725,9500.0,0.0,0.0,0.0,1.0
15:53:43.638,0.0,-28.462007137261725,28.462007137261725,9500.0,0.0,0.0,0.0,1.0
15:53:43.657,0.0,-28.462007137261725,28.462007137261725,9500.0,0.0,0.0,0.0,1.0
15:53:43.677,0.0,-28.462007137261725,28.462007137261725,9500.0,0.0,0.0,0.0,1.0
15:53:43.697,0.0,-28.462007137261725,28.462007137261725,9500.0,0.0,0.0,0.0,1.0
15:53:43.717,0.0,-28.462007137261725,28.462007137261725,9500.0,0.0,0.0,0.0,1.0
15:53:43.738,0.0,-28.462007137261725,28.462007137261725,9500.0,0.0,0.0,0.0,1.0
15:53:43.757,0.0,-28.462007137261725,28.462007137261725,9500.0,0.0,0.0,0.0,1.0
15:53:43.777,0.0,-28.462007137261725,28.462007137261725,9500.0,0.0,0.0,0.0,1.0
15:53:43.797,0.0,-28.462007137261725,28.462007137261725,9500.0,0.0,0.0,0.0,1.0
15:53:43.817,0.0,-28.462007137261725,28.462007137261725,9500.0,0.0,0.0,0.0,1.0
15:53:43.838,0.0,-28.462007137261725,28.462007137261725,9500.0,0.0,0.0,0.0,1.0
15:53:43.857,0.0,-28.462007137261725,28.462007137261725,9500.0,0.0,0.0,0.0,1.0
15:53:43.878,0.0,-28.462007137261725,28.462007137261725,9500.0,0.0,0.0,0.0,1.0
15:53:43.897,0.0,-28.462007137261725,28.462007137261725,9500.0,0.0,0.0,0.0,1.0
15:53:43.917,0.0,-28.462007137261725,28.462007137261725,9500.0,0.0,0.0,0.0,1.0
15:53:43.937,0.0,-28.462007137261725,28.462007137261725,9500.0,0.0,0.0,0.0,1.0
15:53:43.957,0.0,-28.462007137261725,28.462007137261725,9500.0,0.0,0.0,0.0,1.0
15:53:43.977,0.0,-28.462007137261725,28.462007137261725,9500.0,0.0,0.0,0.0,1.0
15:53:43.997,0.0,-28.462007137261725,28.462007137261725,9500.0,0.0,0.0,0.0,1.0
15:53:44.017,0.0,-28.462007137261725,28.462007137261725,9500.0,0.0,0.0,0.0,1.0
15:53:44.037,0.0,-28.462007137261725,28.462007137261725,9500.0,0.0,0.0,0.0,1.0
15:53:44.057,0.0,-28.462007137261725,28.462007137261725,9500.0,0.0,0.0,0.0,1.0
15:53:44.077,0.0,-28.462007137261725,28.462007137261725,9500.0,0.0,0.0,0.0,1.0
15:53:44.097,0.0,-28.462007137261725,28.462007137261725,9500.0,0.0,0.0,0.0,1.0
15:53:44.117,0.0,-28.462007137261725,28.462007137261725,9500.0,0.0,0.0,0.0,1.0
15:53:44.136,0.0,-28.462007137261725,28.462007137261725,9500.0,0.0,0.0,0.0,1.0
15:53:44.156,0.0,-28.462007137261725,28.462007137261725,9500.0,0.0,0.0,0.0,1.0
15:53:44.176,0.0,-28.462007137261725,28.462007137261725,9500.0,0.0,0.0,0.0,1.0
15:53:44.196,0.0,-28.462007137261725,28.462007137261725,9500.0,0.0,0.0,0.0,1.0
15:53:44.217,0.0,-28.462007137261725,28.462007137261725,9500.0,0.0,0.0,0.0,1.0
15:53:44.236,0.0,-28.462007137261725,28.462007137261725,9500.0,0.0,0.0,0.0,1.0
15:53:44.256,0.0,-28.462007137261725,28.462007137261725,9500.0,0.0,0.0,0.0,1.0
15:53:44.276,0.0,-28.462007137261725,28.462007137261725,9500.0,0.0,0.0,0.0,1.0
15:53:44.296,0.0,-28.462007137261725,28.462007137261725,9500.0,0.0,0.0,0.0,1.0
15:53:44.317,0.0,-28.462007137261725,28.462007137261725,9500.0,0.0,0.0,0.0,1.0
15:53:44.336,0.0,-28.462007137261725,28.462007137261725,9500.0,0.0,0.0,0.0,1.0
15:53:44.356,0.0,-28.462007137261725,28.462007137261725,9500.0,0.0,0.0,0.0,1.0
15:53:44.376,0.0,-28.462007137261725,28.462007137261725,9500.0,0.0,0.0,0.0,1.0
15:53:44.397,0.0,-28.462007137261725,28.462007137261725,9500.0,0.0,0.0,0.0,1.0
15:53:44.417,0.0,-28.462007137261725,28.462007137261725,9500.0,0.0,0.0,0.0,1.0
15:53:44.436,0.0,-28.462007137261725,28.462007137261725,9500.0,0.0,0.0,0.0,1.0
15:53:44.456,0.0,-28.462007137261725,28.462007137261725,9500.0,0.0,0.0,0.0,1.0
15:53:44.476,0.0,-28.462007137261725,28.462007137261725,9500.0,0.0,0.0,0.0,1.0
15:53:44.497,0.0,-28.462007137261725,28.462007137261725,9500.0,0.0,0.0,0.0,1.0
15:53:44.517,0.0,-28.462007137261725,28.462007137261725,9500.0,0.0,0.0,0.0,1.0
15:53:44.536,0.0,-28.462007137261725,28.462007137261725,9500.0,0.0,0.0,0.0,1.0
15:53:44.557,0.0,-28.462007137261725,28.462007137261725,9500.0,0.0,0.0,0.0,1.0
15:53:44.577,0.0,-28.462007137261725,28.462007137261725,9500.0,0.0,0.0,0.0,1.0
15:53:44.597,0.0,-28.462007137261725,28.462007137261725,9500.0,0.0,0.0,0.0,1.0
15:53:44.616,0.0,-28.462007137261725,28.462007137261725,9500.0,0.0,0.0,0.0,1.0
15:53:44.636,0.0,-28.462007137261725,28.462007137261725,9500.0,0.0,0.0,0.0,1.0
15:53:44.656,0.0,-28.462007137261725,28.462007137261725,9500.0,0.0,0.0,0.0,1.0
15:53:44.676,0.0,-28.462007137261725,28.462007137261725,9500.0,0.0,0.0,0.0,1.0
15:53:44.696,0.0,-28.462007137261725,28.462007137261725,9500.0,0.0,0.0,0.0,1.0
15:53:44.717,0.0,-28.462007137261725,28.462007137261725,9500.0,0.0,0.0,0.0,1.0
15:53:44.736,0.0,-28.462007137261725,28.462007137261725,9500.0,0.0,0.0,0.0,1.0
15:53:44.756,0.0,-28.462007137261725,28.462007137261725,9500.0,0.0,0.0,0.0,1.0
15:53:44.776,0.0,-28.462007137261725,28.462007137261725,9500.0,0.0,0.0,0.0,1.0
15:53:44.797,0.0,-28.462007137261725,28.462007137261725,9500.0,0.0,0.0,0.0,1.0
15:53:44.816,0.0,-28.462007137261725,28.462007137261725,9500.0,0.0,0.0,0.0,1.0
15:53:44.836,0.0,-28.462007137261725,28.462007137261725,9500.0,0.0,0.0,0.0,1.0
15:53:44.856,0.0,-28.462007137261725,28.462007137261725,9500.0,0.0,0.0,0.0,1.0
15:53:44.877,0.0,-28.462007137261725,28.462007137261725,9500.0,0.0,0.0,0.0,1.0
15:53:44.896,0.0,-28.462007137261725,28.462007137261725,9500.0,0.0,0.0,0.0,1.0
15:53:44.917,0.0,-28.462007137261725,28.462007137261725,9500.0,0.0,0.0,0.0,1.0
15:53:44.937,0.0,-28.462007137261725,28.462007137261725,9500.0,0.0,0.0,0.0,1.0
15:53:44.957,0.0,-28.462007137261725,28.462007137261725,9500.0,0.0,0.0,0.0,1.0
15:53:44.976,0.0,-28.462007137261725,28.462007137261725,9500.0,0.0,0.0,0.0,1.0
15:53:44.996,0.0,-28.462007137261725,28.462007137261725,9500.0,0.0,0.0,0.0,1.0
15:53:45.017,0.0,-28.462007137261725,28.462007137261725,9500.0,0.0,0.0,0.0,1.0
15:53:45.036,0.0,-28.462007137261725,28.462007137261725,9500.0,0.0,0.0,0.0,1.0
15:53:45.056,0.0,-28.462007137261725,28.462007137261725,9500.0,0.0,0.0,0.0,1.0
15:53:45.076,0.0,-28.462007137261725,28.462007137261725,9500.0,0.0,0.0,0.0,1.0
15:53:45.096,0.0,-28.462007137261725,28.462007137261725,9500.0,0.0,0.0,0.0,1.0
15:53:45.116,0.0,-28.462007137261725,28.462007137261725,9500.0,0.0,0.0,0.0,1.0
15:53:45.137,0.0,-28.462007137261725,28.462007137261725,9500.0,0.0,0.0,0.0,1.0
15:53:45.157,0.0,-28.462007137261725,28.462007137261725,9500.0,0.0,0.0,0.0,1.0
15:53:45.177,0.0,-28.462007137261725,28.462007137261725,9500.0,0.0,0.0,0.0,1.0
15:53:45.197,0.0,-28.462007137261725,28.462007137261725,9500.0,0.0,0.0,0.0,1.0
15:53:45.217,0.0,-28.462007137261725,28.462007137261725,9500.0,0.0,0.0,0.0,1.0
15:53:45.237,0.0,-28.462007137261725,28.462007137261725,9500.0,0.0,0.0,0.0,1.0
15:53:45.257,0.0,-28.462007137261725,28.462007137261725,9500.0,0.0,0.0,0.0,1.0
15:53:45.277,0.0,-28.462007137261725,28.462007137261725,9500.0,0.0,0.0,0.0,1.0
15:53:45.297,0.0,-28.462007137261725,28.462007137261725,9500.0,0.0,0.0,0.0,1.0
15:53:45.317,0.0,-28.462007137261725,28.462007137261725,9500.0,0.0,0.0,0.0,1.0
15:53:45.337,0.0,-28.462007137261725,28.462007137261725,9500.0,0.0,0.0,0.0,1.0
15:53:45.357,0.0,-28.462007137261725,28.462007137261725,9500.0,0.0,0.0,0.0,1.0
15:53:45.377,0.0,-28.462007137261725,28.462007137261725,9500.0,0.0,0.0,0.0,1.0
15:53:45.397,0.0,-28.462007137261725,28.462007137261725,9500.0,0.0,0.0,0.0,1.0
15:53:45.417,0.0,-28.462007137261725,28.462007137261725,9500.0,0.0,0.0,0.0,1.0
15:53:45.437,0.0,-28.462007137261725,28.462007137261725,9500.0,0.0,0.0,0.0,1.0
15:53:45.457,0.0,-28.462007137261725,28.462007137261725,9500.0,0.0,0.0,0.0,1.0
15:53:45.477,0.0,-28.462007137261725,28.462007137261725,9500.0,0.0,0.0,0.0,1.0
15:53:45.496,0.0,-28.462007137261725,28.462007137261725,9500.0,0.0,0.0,0.0,1.0
15:53:45.517,0.0,-28.462007137261725,28.462007137261725,9500.0,0.0,0.0,0.0,1.0
15:53:45.537,0.0,-28.462007137261725,28.462007137261725,9500.0,0.0,0.0,0.0,1.0
15:53:45.557,0.0,-28.462007137261725,28.462007137261725,9500.0,0.0,0.0,0.0,1.0
15:53:45.577,0.0,-28.462007137261725,28.462007137261725,9500.0,0.0,0.0,0.0,1.0
15:53:45.597,0.0,-28.462007137261725,28.462007137261725,9500.0,0.0,0.0,0.0,1.0
15:53:45.617,0.0,-28.462007137261725,28.462007137261725,9500.0,0.0,0.0,0.0,1.0
15:53:45.637,0.0,-28.462007137261725,28.462007137261725,9500.0,0.0,0.0,0.0,1.0
15:53:45.657,0.0,-28.462007137261725,28.462007137261725,9500.0,0.0,0.0,0.0,1.0
15:53:45.678,0.0,-28.462007137261725,28.462007137261725,9500.0,0.0,0.0,0.0,1.0
15:53:45.697,0.0,-28.462007137261725,28.462007137261725,9500.0,0.0,0.0,0.0,1.0
15:53:45.717,0.0,-28.462007137261725,28.462007137261725,9500.0,0.0,0.0,0.0,1.0
15:53:45.737,0.0,-28.462007137261725,28.462007137261725,9500.0,0.0,0.0,0.0,1.0
15:53:45.757,0.0,-28.462007137261725,28.462007137261725,9500.0,0.0,0.0,0.0,1.0
15:53:45.778,0.0,-28.462007137261725,28.462007137261725,9500.0,0.0,0.0,0.0,1.0
15:53:45.797,0.0,-28.462007137261725,28.462007137261725,9500.0,0.0,0.0,0.0,1.0
15:53:45.817,0.0,-28.462007137261725,28.462007137261725,9500.0,0.0,0.0,0.0,1.0
15:53:45.837,0.0,-28.462007137261725,28.462007137261725,9500.0,0.0,0.0,0.0,1.0
15:53:45.857,0.0,-28.462007137261725,28.462007137261725,9500.0,0.0,0.0,0.0,1.0
15:53:45.877,0.0,-28.462007137261725,28.462007137261725,9500.0,0.0,0.0,0.0,1.0
15:53:45.897,0.0,-28.462007137261725,28.462007137261725,9500.0,0.0,0.0,0.0,1.0
15:53:45.917,0.0,-28.462007137261725,28.462007137261725,9500.0,0.0,0.0,0.0,1.0
15:53:45.937,0.0,-28.462007137261725,28.462007137261725,9500.0,0.0,0.0,0.0,1.0
15:53:45.958,0.0,-28.462007137261725,28.462007137261725,9500.0,0.0,0.0,0.0,1.0
15:53:45.977,0.0,-28.462007137261725,28.462007137261725,9500.0,0.0,0.0,0.0,1.0
15:53:45.997,0.0,-28.462007137261725,28.462007137261725,9500.0,0.0,0.0,0.0,1.0
15:53:46.017,0.0,-28.462007137261725,28.462007137261725,9500.0,0.0,0.0,0.0,1.0
15:53:46.037,0.0,-28.462007137261725,28.462007137261725,9500.0,0.0,0.0,0.0,1.0
15:53:46.057,0.0,-28.462007137261725,28.462007137261725,9500.0,0.0,0.0,0.0,1.0
15:53:46.077,0.0,-28.462007137261725,28.462007137261725,9500.0,0.0,0.0,0.0,1.0
15:53:46.097,0.0,-28.462007137261725,28.462007137261725,9500.0,0.0,0.0,0.0,1.0
15:53:46.117,0.0,-28.462007137261725,28.462007137261725,9500.0,0.0,0.0,0.0,1.0
15:53:46.137,0.0,-28.462007137261725,28.462007137261725,9500.0,0.0,0.0,0.0,1.0
15:53:46.157,0.0,-28.462007137261725,28.462007137261725,9500.0,0.0,0.0,0.0,1.0
15:53:46.177,0.0,-28.462007137261725,28.462007137261725,9500.0,0.0,0.0,0.0,1.0
15:53:46.197,0.0,-28.462007137261725,28.462007137261725,9500.0,0.0,0.0,0.0,1.0
15:53:46.217,0.0,-28.462007137261725,28.462007137261725,9500.0,0.0,0.0,0.0,1.0
15:53:46.237,0.0,-28.462007137261725,28.462007137261725,9500.0,0.0,0.0,0.0,1.0
15:53:46.257,0.0,-28.462007137261725,28.462007137261725,9500.0,0.0,0.0,0.0,1.0
15:53:46.277,0.0,-28.462007137261725,28.462007137261725,9500.0,0.0,0.0,0.0,1.0
15:53:46.297,0.0,-28.462007137261725,28.462007137261725,9500.0,0.0,0.0,0.0,1.0
15:53:46.317,0.0,-28.462007137261725,28.462007137261725,9500.0,0.0,0.0,0.0,1.0
15:53:46.337,0.0,-28.462007137261725,28.462007137261725,9500.0,0.0,0.0,0.0,1.0
15:53:46.357,0.0,-28.462007137261725,28.462007137261725,9500.0,0.0,0.0,0.0,1.0
15:53:46.377,0.0,-28.462007137261725,28.462007137261725,9500.0,0.0,0.0,0.0,1.0
15:53:46.397,0.0,-28.462007137261725,28.462007137261725,9500.0,0.0,0.0,0.0,1.0
15:53:46.417,0.0,-28.462007137261725,28.462007137261725,9500.0,0.0,0.0,0.0,1.0
15:53:46.437,0.0,-28.462007137261725,28.462007137261725,9500.0,0.0,0.0,0.0,1.0
15:53:46.457,0.0,-28.462007137261725,28.462007137261725,9500.0,0.0,0.0,0.0,1.0
15:53:46.477,0.0,-28.462007137261725,28.462007137261725,9500.0,0.0,0.0,0.0,1.0
15:53:46.497,0.0,-28.462007137261725,28.462007137261725,9500.0,0.0,0.0,0.0,1.0
15:53:46.517,0.0,-28.462007137261725,28.462007137261725,9500.0,0.0,0.0,0.0,1.0
15:53:46.538,0.0,-28.462007137261725,28.462007137261725,9500.0,0.0,0.0,0.0,1.0
15:53:46.557,0.0,-28.462007137261725,28.462007137261725,9500.0,0.0,0.0,0.0,1.0
15:53:46.577,0.0,-28.462007137261725,28.462007137261725,9500.0,0.0,0.0,0.0,1.0
15:53:46.597,0.0,-28.462007137261725,28.462007137261725,9500.0,0.0,0.0,0.0,1.0
15:53:46.617,0.0,-28.462007137261725,28.462007137261725,9500.0,0.0,0.0,0.0,1.0
15:53:46.637,0.0,-28.462007137261725,28.462007137261725,9500.0,0.0,0.0,0.0,1.0
15:53:46.657,0.0,-28.462007137261725,28.462007137261725,9500.0,0.0,0.0,0.0,1.0
15:53:46.677,0.0,-28.462007137261725,28.462007137261725,9500.0,0.0,0.0,0.0,1.0
15:53:46.697,0.0,-28.462007137261725,28.462007137261725,9500.0,0.0,0.0,0.0,1.0
15:53:46.717,0.0,-28.462007137261725,28.462007137261725,9500.0,0.0,0.0,0.0,1.0
15:53:46.737,0.0,-28.462007137261725,28.462007137261725,9500.0,0.0,0.0,0.0,1.0
15:53:46.757,0.0,-28.462007137261725,28.462007137261725,9500.0,0.0,0.0,0.0,1.0
15:53:46.777,0.0,-28.462007137261725,28.462007137261725,9500.0,0.0,0.0,0.0,1.0
15:53:46.797,0.0,-28.462007137261725,28.462007137261725,9500.0,0.0,0.0,0.0,1.0
15:53:46.817,0.0,-28.462007137261725,28.462007137261725,9500.0,0.0,0.0,0.0,1.0
15:53:46.838,0.0,-28.462007137261725,28.462007137261725,9500.0,0.0,0.0,0.0,1.0
15:53:46.857,0.0,-28.462007137261725,28.462007137261725,9500.0,0.0,0.0,0.0,1.0
15:53:46.876,0.0,-28.462007137261725,28.462007137261725,9500.0,0.0,0.0,0.0,1.0
15:53:46.897,0.0,-28.462007137261725,28.462007137261725,9500.0,0.0,0.0,0.0,1.0
15:53:46.916,0.0,-28.462007137261725,28.462007137261725,9500.0,0.0,0.0,0.0,1.0
15:53:46.937,0.0,-28.462007137261725,28.462007137261725,9500.0,0.0,0.0,0.0,1.0
15:53:46.957,0.0,-28.462007137261725,28.462007137261725,9500.0,0.0,0.0,0.0,1.0
15:53:46.977,0.0,-28.462007137261725,28.462007137261725,9500.0,0.0,0.0,0.0,1.0
15:53:46.997,0.0,-28.462007137261725,28.462007137261725,9500.0,0.0,0.0,0.0,1.0
15:53:47.017,0.0,-28.462007137261725,28.462007137261725,9500.0,0.0,0.0,0.0,1.0
15:53:47.037,0.0,-28.462007137261725,28.462007137261725,9500.0,0.0,0.0,0.0,1.0
15:53:47.057,0.0,-28.462007137261725,28.462007137261725,9500.0,0.0,0.0,0.0,1.0
15:53:47.077,0.0,-28.462007137261725,28.462007137261725,9500.0,0.0,0.0,0.0,1.0
15:53:47.097,0.0,-28.462007137261725,28.462007137261725,9500.0,0.0,0.0,0.0,1.0
15:53:47.117,0.0,-28.462007137261725,28.462007137261725,9500.0,0.0,0.0,0.0,1.0
15:53:47.137,0.0,-28.462007137261725,28.462007137261725,9500.0,0.0,0.0,0.0,1.0
15:53:47.157,0.0,-28.462007137261725,28.462007137261725,9500.0,0.0,0.0,0.0,1.0
15:53:47.177,0.0,-28.462007137261725,28.462007137261725,9500.0,0.0,0.0,0.0,1.0
15:53:47.197,0.0,-28.462007137261725,28.462007137261725,9500.0,0.0,0.0,0.0,1.0
15:53:47.218,0.0,-28.462007137261725,28.462007137261725,9500.0,0.0,0.0,0.0,1.0
15:53:47.237,0.0,-28.462007137261725,28.462007137261725,9500.0,0.0,0.0,0.0,1.0
15:53:47.257,0.0,-28.462007137261725,28.462007137261725,9500.0,0.0,0.0,0.0,1.0
15:53:47.277,0.0,-28.462007137261725,28.462007137261725,9500.0,0.0,0.0,0.0,1.0
15:53:47.296,0.0,-28.462007137261725,28.462007137261725,9500.0,0.0,0.0,0.0,1.0
15:53:47.317,0.0,-28.462007137261725,28.462007137261725,9500.0,0.0,0.0,0.0,1.0
15:53:47.337,0.0,-28.462007137261725,28.462007137261725,9500.0,0.0,0.0,0.0,1.0
15:53:47.357,0.0,-28.462007137261725,28.462007137261725,9500.0,0.0,0.0,0.0,1.0
15:53:47.377,0.0,-28.462007137261725,28.462007137261725,9500.0,0.0,0.0,0.0,1.0
15:53:47.397,0.0,-28.462007137261725,28.462007137261725,9500.0,0.0,0.0,0.0,1.0
15:53:47.417,0.0,-28.462007137261725,28.462007137261725,9500.0,0.0,0.0,0.0,1.0
15:53:47.438,0.0,-28.462007137261725,28.462007137261725,9500.0,0.0,0.0,0.0,1.0
15:53:47.457,0.0,-28.462007137261725,28.462007137261725,9500.0,0.0,0.0,0.0,1.0
15:53:47.477,0.0,-28.462007137261725,28.462007137261725,9500.0,0.0,0.0,0.0,1.0
15:53:47.497,0.0,-28.462007137261725,28.462007137261725,9500.0,0.0,0.0,0.0,1.0
15:53:47.518,0.0,-28.462007137261725,28.462007137261725,9500.0,0.0,0.0,0.0,1.0
15:53:47.537,0.0,-28.462007137261725,28.462007137261725,9500.0,0.0,0.0,0.0,1.0
15:53:47.557,0.0,-28.462007137261725,28.462007137261725,9500.0,0.0,0.0,0.0,1.0
15:53:47.577,0.0,-28.462007137261725,28.462007137261725,9500.0,0.0,0.0,0.0,1.0
15:53:47.597,0.0,-28.462007137261725,28.462007137261725,9500.0,0.0,0.0,0.0,1.0
15:53:47.617,0.0,-28.462007137261725,28.462007137261725,9500.0,0.0,0.0,0.0,1.0
15:53:47.637,0.0,-28.462007137261725,28.462007137261725,9500.0,0.0,0.0,0.0,1.0
15:53:47.657,0.0,-28.462007137261725,28.462007137261725,9500.0,0.0,0.0,0.0,1.0
15:53:47.677,0.0,-28.462007137261725,28.462007137261725,9500.0,0.0,0.0,0.0,1.0
15:53:47.697,0.0,-28.462007137261725,28.462007137261725,9500.0,0.0,0.0,0.0,1.0
15:53:47.717,0.0,-28.462007137261725,28.462007137261725,9500.0,0.0,0.0,0.0,1.0
15:53:47.737,0.0,-28.462007137261725,28.462007137261725,9500.0,0.0,0.0,0.0,1.0
15:53:47.757,0.0,-28.462007137261725,28.462007137261725,9500.0,0.0,0.0,0.0,1.0
15:53:47.777,0.0,-28.462007137261725,28.462007137261725,9500.0,0.0,0.0,0.0,1.0
15:53:47.797,0.0,-28.462007137261725,28.462007137261725,9500.0,0.0,0.0,0.0,1.0
15:53:47.817,0.0,-28.462007137261725,28.462007137261725,9500.0,0.0,0.0,0.0,1.0
15:53:47.837,0.0,-28.462007137261725,28.462007137261725,9500.0,0.0,0.0,0.0,1.0
15:53:47.857,0.0,-28.462007137261725,28.462007137261725,9500.0,0.0,0.0,0.0,1.0
15:53:47.877,0.0,-28.462007137261725,28.462007137261725,9500.0,0.0,0.0,0.0,1.0
15:53:47.897,0.0,-28.462007137261725,28.462007137261725,9500.0,0.0,0.0,0.0,1.0
15:53:47.917,0.0,-28.462007137261725,28.462007137261725,9500.0,0.0,0.0,0.0,1.0
15:53:47.937,0.0,-28.462007137261725,28.462007137261725,9500.0,0.0,0.0,0.0,1.0
15:53:47.957,0.0,-28.462007137261725,28.462007137261725,9500.0,0.0,0.0,0.0,1.0
15:53:47.977,0.0,-28.462007137261725,28.462007137261725,9500.0,0.0,0.0,0.0,1.0
15:53:47.997,0.0,-28.462007137261725,28.462007137261725,9500.0,0.0,0.0,0.0,1.0
15:53:48.017,0.0,-28.462007137261725,28.462007137261725,9500.0,0.0,0.0,0.0,1.0
15:53:48.038,0.0,-28.462007137261725,28.462007137261725,9500.0,0.0,0.0,0.0,1.0
15:53:48.057,0.0,-28.462007137261725,28.462007137261725,9500.0,0.0,0.0,0.0,1.0
15:53:48.077,0.0,-28.462007137261725,28.462007137261725,9500.0,0.0,0.0,0.0,1.0
15:53:48.097,0.0,-28.462007137261725,28.462007137261725,9500.0,0.0,0.0,0.0,1.0
15:53:48.117,0.0,-28.462007137261725,28.462007137261725,9500.0,0.0,0.0,0.0,1.0
15:53:48.137,0.0,-28.462007137261725,28.462007137261725,9500.0,0.0,0.0,0.0,1.0
15:53:48.157,0.0,-28.462007137261725,28.462007137261725,9500.0,0.0,0.0,0.0,1.0
15:53:48.177,0.0,-28.462007137261725,28.462007137261725,9500.0,0.0,0.0,0.0,1.0
15:53:48.197,0.0,-28.462007137261725,28.462007137261725,9500.0,0.0,0.0,0.0,1.0
15:53:48.217,0.0,-28.462007137261725,28.462007137261725,9500.0,0.0,0.0,0.0,1.0
15:53:48.237,0.0,-28.462007137261725,28.462007137261725,9500.0,0.0,0.0,0.0,1.0
15:53:48.257,0.0,-28.462007137261725,28.462007137261725,9500.0,0.0,0.0,0.0,1.0
15:53:48.277,0.0,-28.462007137261725,28.462007137261725,9500.0,0.0,0.0,0.0,1.0
15:53:48.297,0.0,-28.462007137261725,28.462007137261725,9500.0,0.0,0.0,0.0,1.0
15:53:48.317,0.0,-28.462007137261725,28.462007137261725,9500.0,0.0,0.0,0.0,1.0
15:53:48.337,0.0,-28.462007137261725,28.462007137261725,9500.0,0.0,0.0,0.0,1.0
15:53:48.356,0.0,-28.462007137261725,28.462007137261725,9500.0,0.0,0.0,0.0,1.0
15:53:48.377,0.0,-28.462007137261725,28.462007137261725,9500.0,0.0,0.0,0.0,1.0
15:53:48.397,0.0,-28.462007137261725,28.462007137261725,9500.0,0.0,0.0,0.0,1.0
15:53:48.417,0.0,-28.462007137261725,28.462007137261725,9500.0,0.0,0.0,0.0,1.0
15:53:48.437,0.0,-28.462007137261725,28.462007137261725,9500.0,0.0,0.0,0.0,1.0
15:53:48.457,0.0,-28.462007137261725,28.462007137261725,9500.0,0.0,0.0,0.0,1.0
15:53:48.477,0.0,-28.462007137261725,28.462007137261725,9500.0,0.0,0.0,0.0,1.0
15:53:48.497,0.0,-28.462007137261725,28.462007137261725,9500.0,0.0,0.0,0.0,1.0
15:53:48.517,0.0,-28.462007137261725,28.462007137261725,9500.0,0.0,0.0,0.0,1.0
15:53:48.537,0.0,-28.462007137261725,28.462007137261725,9500.0,0.0,0.0,0.0,1.0
15:53:48.557,0.0,-28.462007137261725,28.462007137261725,9500.0,0.0,0.0,0.0,1.0
15:53:48.577,0.0,-28.462007137261725,28.462007137261725,9500.0,0.0,0.0,0.0,1.0
15:53:48.597,0.0,-28.462007137261725,28.462007137261725,9500.0,0.0,0.0,0.0,1.0
15:53:48.617,0.0,-28.462007137261725,28.462007137261725,9500.0,0.0,0.0,0.0,1.0
15:53:48.637,0.0,-28.462007137261725,28.462007137261725,9500.0,0.0,0.0,0.0,1.0
15:53:48.657,0.0,-28.462007137261725,28.462007137261725,9500.0,0.0,0.0,0.0,1.0
15:53:48.677,0.0,-28.462007137261725,28.462007137261725,9500.0,0.0,0.0,0.0,1.0
15:53:48.697,0.0,-28.462007137261725,28.462007137261725,9500.0,0.0,0.0,0.0,1.0
15:53:48.717,0.0,-28.462007137261725,28.462007137261725,9500.0,0.0,0.0,0.0,1.0
15:53:48.737,0.0,-28.462007137261725,28.462007137261725,9500.0,0.0,0.0,0.0,1.0
15:53:48.757,0.0,-28.462007137261725,28.462007137261725,9500.0,0.0,0.0,0.0,1.0
15:53:48.777,0.0,-28.462007137261725,28.462007137261725,9500.0,0.0,0.0,0.0,1.0
15:53:48.797,0.0,-28.462007137261725,28.462007137261725,9500.0,0.0,0.0,0.0,1.0
15:53:48.817,0.0,-28.462007137261725,28.462007137261725,9500.0,0.0,0.0,0.0,1.0
15:53:48.837,0.0,-28.462007137261725,28.462007137261725,9500.0,0.0,0.0,0.0,1.0
15:53:48.857,0.0,-28.462007137261725,28.462007137261725,9500.0,0.0,0.0,0.0,1.0
15:53:48.877,0.0,-28.462007137261725,28.462007137261725,9500.0,0.0,0.0,0.0,1.0
15:53:48.897,0.0,-28.462007137261725,28.462007137261725,9500.0,0.0,0.0,0.0,1.0
15:53:48.917,0.0,-28.462007137261725,28.462007137261725,9500.0,0.0,0.0,0.0,1.0
15:53:48.937,0.0,-28.462007137261725,28.462007137261725,9500.0,0.0,0.0,0.0,1.0
15:53:48.957,0.0,-28.462007137261725,28.462007137261725,9500.0,0.0,0.0,0.0,1.0
15:53:48.977,0.0,-28.462007137261725,28.462007137261725,9500.0,0.0,0.0,0.0,1.0
15:53:48.997,0.0,-28.462007137261725,28.462007137261725,9500.0,0.0,0.0,0.0,1.0
15:53:49.017,0.0,-28.462007137261725,28.462007137261725,9500.0,0.0,0.0,0.0,1.0
15:53:49.037,0.0,-28.462007137261725,28.462007137261725,9500.0,0.0,0.0,0.0,1.0
15:53:49.057,0.0,-28.462007137261725,28.462007137261725,9500.0,0.0,0.0,0.0,1.0
15:53:49.077,0.0,-28.462007137261725,28.462007137261725,9500.0,0.0,0.0,0.0,1.0
15:53:49.097,0.0,-28.462007137261725,28.462007137261725,9500.0,0.0,0.0,0.0,1.0
15:53:49.117,0.0,-28.462007137261725,28.462007137261725,9500.0,0.0,0.0,0.0,1.0
15:53:49.137,0.0,-28.462007137261725,28.462007137261725,9500.0,0.0,0.0,0.0,1.0
15:53:49.157,0.0,-28.462007137261725,28.462007137261725,9500.0,0.0,0.0,0.0,1.0
15:53:49.177,0.0,-28.462007137261725,28.462007137261725,9500.0,0.0,0.0,0.0,1.0
15:53:49.197,0.0,-28.462007137261725,28.462007137261725,9500.0,0.0,0.0,0.0,1.0
15:53:49.217,0.0,-28.462007137261725,28.462007137261725,9500.0,0.0,0.0,0.0,1.0
15:53:49.237,0.0,-28.462007137261725,28.462007137261725,9500.0,0.0,0.0,0.0,1.0
15:53:49.257,0.0,-28.462007137261725,28.462007137261725,9500.0,0.0,0.0,0.0,1.0
15:53:49.277,0.0,-28.462007137261725,28.462007137261725,9500.0,0.0,0.0,0.0,1.0
15:53:49.298,0.0,-28.462007137261725,28.462007137261725,9500.0,0.0,0.0,0.0,1.0
15:53:49.317,0.0,-28.462007137261725,28.462007137261725,9500.0,0.0,0.0,0.0,1.0
15:53:49.337,0.0,-28.462007137261725,28.462007137261725,9500.0,0.0,0.0,0.0,1.0
15:53:49.357,0.0,-28.462007137261725,28.462007137261725,9500.0,0.0,0.0,0.0,1.0
15:53:49.377,0.0,-28.462007137261725,28.462007137261725,9500.0,0.0,0.0,0.0,1.0
15:53:49.397,0.0,-28.462007137261725,28.462007137261725,9500.0,0.0,0.0,0.0,1.0
15:53:49.417,0.0,-28.462007137261725,28.462007137261725,9500.0,0.0,0.0,0.0,1.0
15:53:49.437,0.0,-28.462007137261725,28.462007137261725,9500.0,0.0,0.0,0.0,1.0
15:53:49.457,0.0,-28.462007137261725,28.462007137261725,9500.0,0.0,0.0,0.0,1.0
15:53:49.477,0.0,-28.462007137261725,28.462007137261725,9500.0,0.0,0.0,0.0,1.0
15:53:49.497,0.0,-28.462007137261725,28.462007137261725,9500.0,0.0,0.0,0.0,1.0
15:53:49.517,0.0,-28.462007137261725,28.462007137261725,9500.0,0.0,0.0,0.0,1.0
15:53:49.537,0.0,-28.462007137261725,28.462007137261725,9500.0,0.0,0.0,0.0,1.0
15:53:49.557,0.0,-28.462007137261725,28.462007137261725,9500.0,0.0,0.0,0.0,1.0
15:53:49.577,0.0,-28.462007137261725,28.462007137261725,9500.0,0.0,0.0,0.0,1.0
15:53:49.597,0.0,-28.462007137261725,28.462007137261725,9500.0,0.0,0.0,0.0,1.0
15:53:49.617,0.0,-28.462007137261725,28.462007137261725,9500.0,0.0,0.0,0.0,1.0
15:53:49.637,0.0,-28.462007137261725,28.462007137261725,9500.0,0.0,0.0,0.0,1.0
15:53:49.657,0.0,-28.462007137261725,28.462007137261725,9500.0,0.0,0.0,0.0,1.0
15:53:49.677,0.0,-28.462007137261725,28.462007137261725,9500.0,0.0,0.0,0.0,1.0
15:53:49.697,0.0,-28.462007137261725,28.462007137261725,9500.0,0.0,0.0,0.0,1.0
15:53:49.717,0.0,-28.462007137261725,28.462007137261725,9500.0,0.0,0.0,0.0,1.0
15:53:49.737,0.0,-28.462007137261725,28.462007137261725,9500.0,0.0,0.0,0.0,1.0
15:53:49.757,0.0,-28.462007137261725,28.462007137261725,9500.0,0.0,0.0,0.0,1.0
15:53:49.777,0.0,-28.462007137261725,28.462007137261725,9500.0,0.0,0.0,0.0,1.0
15:53:49.797,0.0,-28.462007137261725,28.462007137261725,9500.0,0.0,0.0,0.0,1.0
15:53:49.817,0.0,-28.462007137261725,28.462007137261725,9500.0,0.0,0.0,0.0,1.0
15:53:49.836,0.0,-28.462007137261725,28.462007137261725,9500.0,0.0,0.0,0.0,1.0
15:53:49.856,0.0,-28.462007137261725,28.462007137261725,9500.0,0.0,0.0,0.0,1.0
15:53:49.876,0.0,-28.462007137261725,28.462007137261725,9500.0,0.0,0.0,0.0,1.0
15:53:49.897,0.0,-28.462007137261725,28.462007137261725,9500.0,0.0,0.0,0.0,1.0
15:53:49.917,0.0,-28.462007137261725,28.462007137261725,9500.0,0.0,0.0,0.0,1.0
15:53:49.937,0.0,-28.462007137261725,28.462007137261725,9500.0,0.0,0.0,0.0,1.0
15:53:49.957,0.0,-28.462007137261725,28.462007137261725,9500.0,0.0,0.0,0.0,1.0
15:53:49.977,0.0,-28.462007137261725,28.462007137261725,9500.0,0.0,0.0,0.0,1.0
15:53:49.997,0.0,-28.462007137261725,28.462007137261725,9500.0,0.0,0.0,0.0,1.0
15:53:50.017,0.0,-28.462007137261725,28.462007137261725,9500.0,0.0,0.0,0.0,1.0
15:53:50.037,0.0,-28.462007137261725,28.462007137261725,9500.0,0.0,0.0,0.0,1.0
15:53:50.057,0.0,-28.462007137261725,28.462007137261725,9500.0,0.0,0.0,0.0,1.0
15:53:50.077,0.0,-28.462007137261725,28.462007137261725,9500.0,0.0,0.0,0.0,1.0
15:53:50.097,0.0,-28.462007137261725,28.462007137261725,9500.0,0.0,0.0,0.0,1.0
15:53:50.117,0.0,-28.462007137261725,28.462007137261725,9500.0,0.0,0.0,0.0,1.0
15:53:50.137,0.0,-28.462007137261725,28.462007137261725,9500.0,0.0,0.0,0.0,1.0
15:53:50.157,0.0,-28.462007137261725,28.462007137261725,9500.0,0.0,0.0,0.0,1.0
15:53:50.177,0.0,-28.462007137261725,28.462007137261725,9500.0,0.0,0.0,0.0,1.0
15:53:50.197,0.0,-28.462007137261725,28.462007137261725,9500.0,0.0,0.0,0.0,1.0
15:53:50.217,0.0,-28.462007137261725,28.462007137261725,9500.0,0.0,0.0,0.0,1.0
15:53:50.237,0.0,-28.462007137261725,28.462007137261725,9500.0,0.0,0.0,0.0,1.0
15:53:50.257,0.0,-28.462007137261725,28.462007137261725,9500.0,0.0,0.0,0.0,1.0
15:53:50.277,0.0,-28.462007137261725,28.462007137261725,9500.0,0.0,0.0,0.0,1.0
15:53:50.297,0.0,-28.462007137261725,28.462007137261725,9500.0,0.0,0.0,0.0,1.0
15:53:50.318,0.0,-28.462007137261725,28.462007137261725,9500.0,0.0,0.0,0.0,1.0
15:53:50.337,0.0,-28.462007137261725,28.462007137261725,9500.0,0.0,0.0,0.0,1.0
15:53:50.357,0.0,-28.462007137261725,28.462007137261725,9500.0,0.0,0.0,0.0,1.0
15:53:50.377,0.0,-28.462007137261725,28.462007137261725,9500.0,0.0,0.0,0.0,1.0
15:53:50.396,0.0,-28.462007137261725,28.462007137261725,9500.0,0.0,0.0,0.0,1.0
15:53:50.417,0.0,-28.462007137261725,28.462007137261725,9500.0,0.0,0.0,0.0,1.0
15:53:50.437,0.0,-28.462007137261725,28.462007137261725,9500.0,0.0,0.0,0.0,1.0
15:53:50.457,0.0,-28.462007137261725,28.462007137261725,9500.0,0.0,0.0,0.0,1.0
15:53:50.477,0.0,-28.462007137261725,28.462007137261725,9500.0,0.0,0.0,0.0,1.0
15:53:50.497,0.0,-28.462007137261725,28.462007137261725,9500.0,0.0,0.0,0.0,1.0
15:53:50.517,0.0,-28.462007137261725,28.462007137261725,9500.0,0.0,0.0,0.0,1.0
15:53:50.537,0.0,-28.462007137261725,28.462007137261725,9500.0,0.0,0.0,0.0,1.0
15:53:50.557,0.0,-28.462007137261725,28.462007137261725,9500.0,0.0,0.0,0.0,1.0
15:53:50.577,0.0,-28.462007137261725,28.462007137261725,9500.0,0.0,0.0,0.0,1.0
15:53:50.597,0.0,-28.462007137261725,28.462007137261725,9500.0,0.0,0.0,0.0,1.0
15:53:50.618,0.0,-28.462007137261725,28.462007137261725,9500.0,0.0,0.0,0.0,1.0
15:53:50.637,0.0,-28.462007137261725,28.462007137261725,9500.0,0.0,0.0,0.0,1.0
15:53:50.657,0.0,-28.462007137261725,28.462007137261725,9500.0,0.0,0.0,0.0,1.0
15:53:50.677,0.0,-28.462007137261725,28.462007137261725,9500.0,0.0,0.0,0.0,1.0
15:53:50.697,0.0,-28.462007137261725,28.462007137261725,9500.0,0.0,0.0,0.0,1.0
15:53:50.717,0.0,-28.462007137261725,28.462007137261725,9500.0,0.0,0.0,0.0,1.0
15:53:50.737,0.0,-28.462007137261725,28.462007137261725,9500.0,0.0,0.0,0.0,1.0
15:53:50.757,0.0,-28.462007137261725,28.462007137261725,9500.0,0.0,0.0,0.0,1.0
15:53:50.777,0.0,-28.462007137261725,28.462007137261725,9500.0,0.0,0.0,0.0,1.0
15:53:50.797,0.0,-28.462007137261725,28.462007137261725,9500.0,0.0,0.0,0.0,1.0
15:53:50.817,0.0,-28.462007137261725,28.462007137261725,9500.0,0.0,0.0,0.0,1.0
15:53:50.838,0.0,-28.462007137261725,28.462007137261725,9500.0,0.0,0.0,0.0,1.0
15:53:50.857,0.0,-28.462007137261725,28.462007137261725,9500.0,0.0,0.0,0.0,1.0
15:53:50.877,0.0,-28.462007137261725,28.462007137261725,9500.0,0.0,0.0,0.0,1.0
15:53:50.897,0.0,-28.462007137261725,28.462007137261725,9500.0,0.0,0.0,0.0,1.0
15:53:50.917,0.0,-28.462007137261725,28.462007137261725,9500.0,0.0,0.0,0.0,1.0
15:53:50.937,0.0,-28.462007137261725,28.462007137261725,9500.0,0.0,0.0,0.0,1.0
15:53:50.957,0.0,-28.462007137261725,28.462007137261725,9500.0,0.0,0.0,0.0,1.0
15:53:50.977,0.0,-28.462007137261725,28.462007137261725,9500.0,0.0,0.0,0.0,1.0
15:53:50.997,0.0,-28.462007137261725,28.462007137261725,9500.0,0.0,0.0,0.0,1.0
15:53:51.017,0.0,-28.462007137261725,28.462007137261725,9500.0,0.0,0.0,0.0,1.0
15:53:51.037,0.0,-28.462007137261725,28.462007137261725,9500.0,0.0,0.0,0.0,1.0
15:53:51.057,0.0,-28.462007137261725,28.462007137261725,9500.0,0.0,0.0,0.0,1.0
15:53:51.077,0.0,-28.462007137261725,28.462007137261725,9500.0,0.0,0.0,0.0,1.0
15:53:51.097,0.0,-28.462007137261725,28.462007137261725,9500.0,0.0,0.0,0.0,1.0
15:53:51.118,0.0,-28.462007137261725,28.462007137261725,9500.0,0.0,0.0,0.0,1.0
15:53:51.138,0.0,-28.462007137261725,28.462007137261725,9500.0,0.0,0.0,0.0,1.0
15:53:51.157,0.0,-28.462007137261725,28.462007137261725,9500.0,0.0,0.0,0.0,1.0
15:53:51.177,0.0,-28.462007137261725,28.462007137261725,9500.0,0.0,0.0,0.0,1.0
15:53:51.197,0.0,-28.462007137261725,28.462007137261725,9500.0,0.0,0.0,0.0,1.0
15:53:51.217,0.0,-28.462007137261725,28.462007137261725,9500.0,0.0,0.0,0.0,1.0
15:53:51.237,0.0,-28.462007137261725,28.462007137261725,9500.0,0.0,0.0,0.0,1.0
15:53:51.257,0.0,-28.462007137261725,28.462007137261725,9500.0,0.0,0.0,0.0,1.0
15:53:51.277,0.0,-28.462007137261725,28.462007137261725,9500.0,0.0,0.0,0.0,1.0
15:53:51.297,0.0,-28.462007137261725,28.462007137261725,9500.0,0.0,0.0,0.0,1.0
15:53:51.317,0.0,-28.462007137261725,28.462007137261725,9500.0,0.0,0.0,0.0,1.0
15:53:51.337,0.0,-28.462007137261725,28.462007137261725,9500.0,0.0,0.0,0.0,1.0
15:53:51.357,0.0,-28.462007137261725,28.462007137261725,9500.0,0.0,0.0,0.0,1.0
15:53:51.377,0.0,-28.462007137261725,28.462007137261725,9500.0,0.0,0.0,0.0,1.0
15:53:51.397,0.0,-28.462007137261725,28.462007137261725,9500.0,0.0,0.0,0.0,1.0
15:53:51.418,0.0,-28.462007137261725,28.462007137261725,9500.0,0.0,0.0,0.0,1.0
15:53:51.437,0.0,-28.462007137261725,28.462007137261725,9500.0,0.0,0.0,0.0,1.0
15:53:51.457,0.0,-28.462007137261725,28.462007137261725,9500.0,0.0,0.0,0.0,1.0
15:53:51.477,0.0,-28.462007137261725,28.462007137261725,9500.0,0.0,0.0,0.0,1.0
15:53:51.497,0.0,-28.462007137261725,28.462007137261725,9500.0,0.0,0.0,0.0,1.0
15:53:51.518,0.0,-28.462007137261725,28.462007137261725,9500.0,0.0,0.0,0.0,1.0
15:53:51.537,0.0,-28.462007137261725,28.462007137261725,9500.0,0.0,0.0,0.0,1.0
15:53:51.558,0.0,-28.462007137261725,28.462007137261725,9500.0,0.0,0.0,0.0,1.0
15:53:51.577,0.0,-28.462007137261725,28.462007137261725,9500.0,0.0,0.0,0.0,1.0
15:53:51.597,0.0,-28.462007137261725,28.462007137261725,9500.0,0.0,0.0,0.0,1.0
15:53:51.617,0.0,-28.462007137261725,28.462007137261725,9500.0,0.0,0.0,0.0,1.0
15:53:51.637,0.0,-28.462007137261725,28.462007137261725,9500.0,0.0,0.0,0.0,1.0
15:53:51.658,0.0,-28.462007137261725,28.462007137261725,9500.0,0.0,0.0,0.0,1.0
15:53:51.677,0.0,-28.462007137261725,28.462007137261725,9500.0,0.0,0.0,0.0,1.0
15:53:51.697,0.0,-28.462007137261725,28.462007137261725,9500.0,0.0,0.0,0.0,1.0
15:53:51.717,0.0,-28.462007137261725,28.462007137261725,9500.0,0.0,0.0,0.0,1.0
15:53:51.737,0.0,-28.462007137261725,28.462007137261725,9500.0,0.0,0.0,0.0,1.0
15:53:51.757,0.0,-28.462007137261725,28.462007137261725,9500.0,0.0,0.0,0.0,1.0
15:53:51.777,0.0,-28.462007137261725,28.462007137261725,9500.0,0.0,0.0,0.0,1.0
15:53:51.797,0.0,-28.462007137261725,28.462007137261725,9500.0,0.0,0.0,0.0,1.0
15:53:51.817,0.0,-28.462007137261725,28.462007137261725,9500.0,0.0,0.0,0.0,1.0
15:53:51.837,0.0,-28.462007137261725,28.462007137261725,9500.0,0.0,0.0,0.0,1.0
15:53:51.857,0.0,-28.462007137261725,28.462007137261725,9500.0,0.0,0.0,0.0,1.0
15:53:51.877,0.0,-28.462007137261725,28.462007137261725,9500.0,0.0,0.0,0.0,1.0
15:53:51.897,0.0,-28.462007137261725,28.462007137261725,9500.0,0.0,0.0,0.0,1.0
15:53:51.918,0.0,-28.462007137261725,28.462007137261725,9500.0,0.0,0.0,0.0,1.0
15:53:51.938,0.0,-28.462007137261725,28.462007137261725,9500.0,0.0,0.0,0.0,1.0
15:53:51.957,0.0,-28.462007137261725,28.462007137261725,9500.0,0.0,0.0,0.0,1.0
15:53:51.977,0.0,-28.462007137261725,28.462007137261725,9500.0,0.0,0.0,0.0,1.0
15:53:51.997,0.0,-28.462007137261725,28.462007137261725,9500.0,0.0,0.0,0.0,1.0
15:53:52.017,0.0,-28.462007137261725,28.462007137261725,9500.0,0.0,0.0,0.0,1.0
15:53:52.037,0.0,-28.462007137261725,28.462007137261725,9500.0,0.0,0.0,0.0,1.0
15:53:52.057,0.0,-28.462007137261725,28.462007137261725,9500.0,0.0,0.0,0.0,1.0
15:53:52.077,0.0,-28.462007137261725,28.462007137261725,9500.0,0.0,0.0,0.0,1.0
15:53:52.097,0.0,-28.462007137261725,28.462007137261725,9500.0,0.0,0.0,0.0,1.0
15:53:52.117,0.0,-28.462007137261725,28.462007137261725,9500.0,0.0,0.0,0.0,1.0
15:53:52.137,0.0,-28.462007137261725,28.462007137261725,9500.0,0.0,0.0,0.0,1.0
15:53:52.157,0.0,-28.462007137261725,28.462007137261725,9500.0,0.0,0.0,0.0,1.0
15:53:52.177,0.0,-28.462007137261725,28.462007137261725,9500.0,0.0,0.0,0.0,1.0
15:53:52.197,0.0,-28.462007137261725,28.462007137261725,9500.0,0.0,0.0,0.0,1.0
15:53:52.217,0.0,-28.462007137261725,28.462007137261725,9500.0,0.0,0.0,0.0,1.0
15:53:52.236,0.0,-28.462007137261725,28.462007137261725,9500.0,0.0,0.0,0.0,1.0
15:53:52.257,0.0,-28.462007137261725,28.462007137261725,9500.0,0.0,0.0,0.0,1.0
15:53:52.277,0.0,-28.462007137261725,28.462007137261725,9500.0,0.0,0.0,0.0,1.0
15:53:52.296,0.0,-28.462007137261725,28.462007137261725,9500.0,0.0,0.0,0.0,1.0
15:53:52.317,0.0,-28.462007137261725,28.462007137261725,9500.0,0.0,0.0,0.0,1.0
15:53:52.337,0.0,-28.462007137261725,28.462007137261725,9500.0,0.0,0.0,0.0,1.0
15:53:52.357,0.0,-28.462007137261725,28.462007137261725,9500.0,0.0,0.0,0.0,1.0
15:53:52.377,0.0,-28.462007137261725,28.462007137261725,9500.0,0.0,0.0,0.0,1.0
15:53:52.397,0.0,-28.462007137261725,28.462007137261725,9500.0,0.0,0.0,0.0,1.0
15:53:52.417,0.0,-28.462007137261725,28.462007137261725,9500.0,0.0,0.0,0.0,1.0
15:53:52.437,0.0,-28.462007137261725,28.462007137261725,9500.0,0.0,0.0,0.0,1.0
15:53:52.457,0.0,-28.462007137261725,28.462007137261725,9500.0,0.0,0.0,0.0,1.0
15:53:52.477,0.0,-28.462007137261725,28.462007137261725,9500.0,0.0,0.0,0.0,1.0
15:53:52.497,0.0,-28.462007137261725,28.462007137261725,9500.0,0.0,0.0,0.0,1.0
15:53:52.517,0.0,-28.462007137261725,28.462007137261725,9500.0,0.0,0.0,0.0,1.0
15:53:52.537,0.0,-28.462007137261725,28.462007137261725,9500.0,0.0,0.0,0.0,1.0
15:53:52.557,0.0,-28.462007137261725,28.462007137261725,9500.0,0.0,0.0,0.0,1.0
15:53:52.577,0.0,-28.462007137261725,28.462007137261725,9500.0,0.0,0.0,0.0,1.0
15:53:52.597,0.0,-28.462007137261725,28.462007137261725,9500.0,0.0,0.0,0.0,1.0
15:53:52.617,0.0,-28.462007137261725,28.462007137261725,9500.0,0.0,0.0,0.0,1.0
15:53:52.637,0.0,-28.462007137261725,28.462007137261725,9500.0,0.0,0.0,0.0,1.0
15:53:52.657,0.0,-28.462007137261725,28.462007137261725,9500.0,0.0,0.0,0.0,1.0
15:53:52.677,0.0,-28.462007137261725,28.462007137261725,9500.0,0.0,0.0,0.0,1.0
15:53:52.696,0.0,-28.462007137261725,28.462007137261725,9500.0,0.0,0.0,0.0,1.0
15:53:52.717,0.0,-28.462007137261725,28.462007137261725,9500.0,0.0,0.0,0.0,1.0
15:53:52.737,0.0,-28.462007137261725,28.462007137261725,9500.0,0.0,0.0,0.0,1.0
15:53:52.757,0.0,-28.462007137261725,28.462007137261725,9500.0,0.0,0.0,0.0,1.0
15:53:52.777,0.0,-28.462007137261725,28.462007137261725,9500.0,0.0,0.0,0.0,1.0
15:53:52.797,0.0,-28.462007137261725,28.462007137261725,9500.0,0.0,0.0,0.0,1.0
15:53:52.817,0.0,-28.462007137261725,28.462007137261725,9500.0,0.0,0.0,0.0,1.0
15:53:52.837,0.0,-28.462007137261725,28.462007137261725,9500.0,0.0,0.0,0.0,1.0
15:53:52.857,0.0,-28.462007137261725,28.462007137261725,9500.0,0.0,0.0,0.0,1.0
15:53:52.877,0.0,-28.462007137261725,28.462007137261725,9500.0,0.0,0.0,0.0,1.0
15:53:52.897,0.0,-28.462007137261725,28.462007137261725,9500.0,0.0,0.0,0.0,1.0
15:53:52.917,0.0,-28.462007137261725,28.462007137261725,9500.0,0.0,0.0,0.0,1.0
15:53:52.937,0.0,-28.462007137261725,28.462007137261725,9500.0,0.0,0.0,0.0,1.0
15:53:52.957,0.0,-28.462007137261725,28.462007137261725,9500.0,0.0,0.0,0.0,1.0
15:53:52.977,0.0,-28.462007137261725,28.462007137261725,9500.0,0.0,0.0,0.0,1.0
15:53:52.997,0.0,-28.462007137261725,28.462007137261725,9500.0,0.0,0.0,0.0,1.0
15:53:53.017,0.0,-28.462007137261725,28.462007137261725,9500.0,0.0,0.0,0.0,1.0
15:53:53.037,0.0,-28.462007137261725,28.462007137261725,9500.0,0.0,0.0,0.0,1.0
15:53:53.057,0.0,-28.462007137261725,28.462007137261725,9500.0,0.0,0.0,0.0,1.0
15:53:53.077,0.0,-28.462007137261725,28.462007137261725,9500.0,0.0,0.0,0.0,1.0
15:53:53.097,0.0,-28.462007137261725,28.462007137261725,9500.0,0.0,0.0,0.0,1.0
15:53:53.117,0.0,-28.462007137261725,28.462007137261725,9500.0,0.0,0.0,0.0,1.0
15:53:53.137,0.0,-28.462007137261725,28.462007137261725,9500.0,0.0,0.0,0.0,1.0
15:53:53.157,0.0,-28.462007137261725,28.462007137261725,9500.0,0.0,0.0,0.0,1.0
15:53:53.177,0.0,-28.462007137261725,28.462007137261725,9500.0,0.0,0.0,0.0,1.0
15:53:53.197,0.0,-28.462007137261725,28.462007137261725,9500.0,0.0,0.0,0.0,1.0
15:53:53.217,0.0,-28.462007137261725,28.462007137261725,9500.0,0.0,0.0,0.0,1.0
15:53:53.238,0.0,-28.462007137261725,28.462007137261725,9500.0,0.0,0.0,0.0,1.0
15:53:53.257,0.0,-28.462007137261725,28.462007137261725,9500.0,0.0,0.0,0.0,1.0
15:53:53.277,0.0,-28.462007137261725,28.462007137261725,9500.0,0.0,0.0,0.0,1.0
15:53:53.297,0.0,-28.462007137261725,28.462007137261725,9500.0,0.0,0.0,0.0,1.0
15:53:53.317,0.0,-28.462007137261725,28.462007137261725,9500.0,0.0,0.0,0.0,1.0
15:53:53.337,0.0,-28.462007137261725,28.462007137261725,9500.0,0.0,0.0,0.0,1.0
15:53:53.357,0.0,-28.462007137261725,28.462007137261725,9500.0,0.0,0.0,0.0,1.0
15:53:53.377,0.0,-28.462007137261725,28.462007137261725,9500.0,0.0,0.0,0.0,1.0
15:53:53.397,0.0,-28.462007137261725,28.462007137261725,9500.0,0.0,0.0,0.0,1.0
15:53:53.417,0.0,-28.462007137261725,28.462007137261725,9500.0,0.0,0.0,0.0,1.0
15:53:53.437,0.0,-28.462007137261725,28.462007137261725,9500.0,0.0,0.0,0.0,1.0
15:53:53.457,0.0,-28.462007137261725,28.462007137261725,9500.0,0.0,0.0,0.0,1.0
15:53:53.477,0.0,-28.462007137261725,28.462007137261725,9500.0,0.0,0.0,0.0,1.0
15:53:53.497,0.0,-28.462007137261725,28.462007137261725,9500.0,0.0,0.0,0.0,1.0
15:53:53.517,0.0,-28.462007137261725,28.462007137261725,9500.0,0.0,0.0,0.0,1.0
15:53:53.537,0.0,-28.462007137261725,28.462007137261725,9500.0,0.0,0.0,0.0,1.0
15:53:53.557,0.0,-28.462007137261725,28.462007137261725,9500.0,0.0,0.0,0.0,1.0
15:53:53.577,0.0,-28.462007137261725,28.462007137261725,9500.0,0.0,0.0,0.0,1.0
15:53:53.597,0.0,-28.462007137261725,28.462007137261725,9500.0,0.0,0.0,0.0,1.0
15:53:53.617,0.0,-28.462007137261725,28.462007137261725,9500.0,0.0,0.0,0.0,1.0
15:53:53.637,0.0,-28.462007137261725,28.462007137261725,9500.0,0.0,0.0,0.0,1.0
15:53:53.657,0.0,-28.462007137261725,28.462007137261725,9500.0,0.0,0.0,0.0,1.0
15:53:53.677,0.0,-28.462007137261725,28.462007137261725,9500.0,0.0,0.0,0.0,1.0
15:53:53.697,0.0,-28.462007137261725,28.462007137261725,9500.0,0.0,0.0,0.0,1.0
15:53:53.717,0.0,-28.462007137261725,28.462007137261725,9500.0,0.0,0.0,0.0,1.0
15:53:53.737,0.0,-28.462007137261725,28.462007137261725,9500.0,0.0,0.0,0.0,1.0
15:53:53.757,0.0,-28.462007137261725,28.462007137261725,9500.0,0.0,0.0,0.0,1.0
15:53:53.777,0.0,-28.462007137261725,28.462007137261725,9500.0,0.0,0.0,0.0,1.0
15:53:53.797,0.0,-28.462007137261725,28.462007137261725,9500.0,0.0,0.0,0.0,1.0
15:53:53.817,0.0,-28.462007137261725,28.462007137261725,9500.0,0.0,0.0,0.0,1.0
15:53:53.837,0.0,-28.462007137261725,28.462007137261725,9500.0,0.0,0.0,0.0,1.0
15:53:53.857,0.0,-28.462007137261725,28.462007137261725,9500.0,0.0,0.0,0.0,1.0
15:53:53.877,0.0,-28.462007137261725,28.462007137261725,9500.0,0.0,0.0,0.0,1.0
15:53:53.897,0.0,-28.462007137261725,28.462007137261725,9500.0,0.0,0.0,0.0,1.0
15:53:53.917,0.0,-28.462007137261725,28.462007137261725,9500.0,0.0,0.0,0.0,1.0
15:53:53.937,0.0,-28.462007137261725,28.462007137261725,9500.0,0.0,0.0,0.0,1.0
15:53:53.956,0.0,-28.462007137261725,28.462007137261725,9500.0,0.0,0.0,0.0,1.0
15:53:53.977,0.0,-28.462007137261725,28.462007137261725,9500.0,0.0,0.0,0.0,1.0
15:53:53.997,0.0,-28.462007137261725,28.462007137261725,9500.0,0.0,0.0,0.0,1.0
15:53:54.017,0.0,-28.462007137261725,28.462007137261725,9500.0,0.0,0.0,0.0,1.0
15:53:54.037,0.0,-28.462007137261725,28.462007137261725,9500.0,0.0,0.0,0.0,1.0
15:53:54.057,0.0,-28.462007137261725,28.462007137261725,9500.0,0.0,0.0,0.0,1.0
15:53:54.077,0.0,-28.462007137261725,28.462007137261725,9500.0,0.0,0.0,0.0,1.0
15:53:54.097,0.0,-28.462007137261725,28.462007137261725,9500.0,0.0,0.0,0.0,1.0
15:53:54.117,0.0,-28.462007137261725,28.462007137261725,9500.0,0.0,0.0,0.0,1.0
15:53:54.137,0.0,-28.462007137261725,28.462007137261725,9500.0,0.0,0.0,0.0,1.0
15:53:54.157,0.0,-28.462007137261725,28.462007137261725,9500.0,0.0,0.0,0.0,1.0
15:53:54.177,0.0,-28.462007137261725,28.462007137261725,9500.0,0.0,0.0,0.0,1.0
15:53:54.197,0.0,-28.462007137261725,28.462007137261725,9500.0,0.0,0.0,0.0,1.0
15:53:54.217,0.0,-28.462007137261725,28.462007137261725,9500.0,0.0,0.0,0.0,1.0
15:53:54.237,0.0,-28.462007137261725,28.462007137261725,9500.0,0.0,0.0,0.0,1.0
15:53:54.257,0.0,-28.462007137261725,28.462007137261725,9500.0,0.0,0.0,0.0,1.0
15:53:54.276,0.0,-28.462007137261725,28.462007137261725,9500.0,0.0,0.0,0.0,1.0
15:53:54.297,0.0,-28.462007137261725,28.462007137261725,9500.0,0.0,0.0,0.0,1.0
15:53:54.317,0.0,-28.462007137261725,28.462007137261725,9500.0,0.0,0.0,0.0,1.0
15:53:54.337,0.0,-28.462007137261725,28.462007137261725,9500.0,0.0,0.0,0.0,1.0
15:53:54.357,0.0,-28.462007137261725,28.462007137261725,9500.0,0.0,0.0,0.0,1.0
15:53:54.377,0.0,-28.462007137261725,28.462007137261725,9500.0,0.0,0.0,0.0,1.0
15:53:54.397,0.0,-28.462007137261725,28.462007137261725,9500.0,0.0,0.0,0.0,1.0
15:53:54.417,0.0,-28.462007137261725,28.462007137261725,9500.0,0.0,0.0,0.0,1.0
15:53:54.437,0.0,-28.462007137261725,28.462007137261725,9500.0,0.0,0.0,0.0,1.0
15:53:54.457,0.0,-28.462007137261725,28.462007137261725,9500.0,0.0,0.0,0.0,1.0
15:53:54.477,0.0,-28.462007137261725,28.462007137261725,9500.0,0.0,0.0,0.0,1.0
15:53:54.497,0.0,-28.462007137261725,28.462007137261725,9500.0,0.0,0.0,0.0,1.0
15:53:54.517,0.0,-28.462007137261725,28.462007137261725,9500.0,0.0,0.0,0.0,1.0
15:53:54.537,0.0,-28.462007137261725,28.462007137261725,9500.0,0.0,0.0,0.0,1.0
15:53:54.557,0.0,-28.462007137261725,28.462007137261725,9500.0,0.0,0.0,0.0,1.0
15:53:54.577,0.0,-28.462007137261725,28.462007137261725,9500.0,0.0,0.0,0.0,1.0
15:53:54.597,0.0,-28.462007137261725,28.462007137261725,9500.0,0.0,0.0,0.0,1.0
15:53:54.617,0.0,-28.462007137261725,28.462007137261725,9500.0,0.0,0.0,0.0,1.0
15:53:54.637,0.0,-28.462007137261725,28.462007137261725,9500.0,0.0,0.0,0.0,1.0
15:53:54.657,0.0,-28.462007137261725,28.462007137261725,9500.0,0.0,0.0,0.0,1.0
15:53:54.676,0.0,-28.462007137261725,28.462007137261725,9500.0,0.0,0.0,0.0,1.0
15:53:54.697,0.0,-28.462007137261725,28.462007137261725,9500.0,0.0,0.0,0.0,1.0
15:53:54.717,0.0,-28.462007137261725,28.462007137261725,9500.0,0.0,0.0,0.0,1.0
15:53:54.737,0.0,-28.462007137261725,28.462007137261725,9500.0,0.0,0.0,0.0,1.0
15:53:54.757,0.0,-28.462007137261725,28.462007137261725,9500.0,0.0,0.0,0.0,1.0
15:53:54.777,0.0,-28.462007137261725,28.462007137261725,9500.0,0.0,0.0,0.0,1.0
15:53:54.797,0.0,-28.462007137261725,28.462007137261725,9500.0,0.0,0.0,0.0,1.0
15:53:54.817,0.0,-28.462007137261725,28.462007137261725,9500.0,0.0,0.0,0.0,1.0
15:53:54.837,0.0,-28.462007137261725,28.462007137261725,9500.0,0.0,0.0,0.0,1.0
15:53:54.857,0.0,-28.462007137261725,28.462007137261725,9500.0,0.0,0.0,0.0,1.0
15:53:54.877,0.0,-28.462007137261725,28.462007137261725,9500.0,0.0,0.0,0.0,1.0
15:53:54.897,0.0,-28.462007137261725,28.462007137261725,9500.0,0.0,0.0,0.0,1.0
15:53:54.917,0.0,-28.462007137261725,28.462007137261725,9500.0,0.0,0.0,0.0,1.0
15:53:54.937,0.0,-28.462007137261725,28.462007137261725,9500.0,0.0,0.0,0.0,1.0
15:53:54.957,0.0,-28.462007137261725,28.462007137261725,9500.0,0.0,0.0,0.0,1.0
15:53:54.977,0.0,-28.462007137261725,28.462007137261725,9500.0,0.0,0.0,0.0,1.0
15:53:54.997,0.0,-28.462007137261725,28.462007137261725,9500.0,0.0,0.0,0.0,1.0
15:53:55.017,0.0,-28.462007137261725,28.462007137261725,9500.0,0.0,0.0,0.0,1.0
15:53:55.037,0.0,-28.462007137261725,28.462007137261725,9500.0,0.0,0.0,0.0,1.0
15:53:55.057,0.0,-28.462007137261725,28.462007137261725,9500.0,0.0,0.0,0.0,1.0
15:53:55.077,0.0,-28.462007137261725,28.462007137261725,9500.0,0.0,0.0,0.0,1.0
15:53:55.097,0.0,-28.462007137261725,28.462007137261725,9500.0,0.0,0.0,0.0,1.0
15:53:55.117,0.0,-28.462007137261725,28.462007137261725,9500.0,0.0,0.0,0.0,1.0
15:53:55.138,0.0,-28.462007137261725,28.462007137261725,9500.0,0.0,0.0,0.0,1.0
15:53:55.157,0.0,-28.462007137261725,28.462007137261725,9500.0,0.0,0.0,0.0,1.0
15:53:55.177,0.0,-28.462007137261725,28.462007137261725,9500.0,0.0,0.0,0.0,1.0
15:53:55.197,0.0,-28.462007137261725,28.462007137261725,9500.0,0.0,0.0,0.0,1.0
15:53:55.217,0.0,-28.462007137261725,28.462007137261725,9500.0,0.0,0.0,0.0,1.0
15:53:55.237,0.0,-28.462007137261725,28.462007137261725,9500.0,0.0,0.0,0.0,1.0
15:53:55.257,0.0,-28.462007137261725,28.462007137261725,9500.0,0.0,0.0,0.0,1.0
15:53:55.277,0.0,-28.462007137261725,28.462007137261725,9500.0,0.0,0.0,0.0,1.0
15:53:55.297,0.0,-28.462007137261725,28.462007137261725,9500.0,0.0,0.0,0.0,1.0
15:53:55.317,0.0,-28.462007137261725,28.462007137261725,9500.0,0.0,0.0,0.0,1.0
15:53:55.337,0.0,-28.462007137261725,28.462007137261725,9500.0,0.0,0.0,0.0,1.0
15:53:55.357,0.0,-28.462007137261725,28.462007137261725,9500.0,0.0,0.0,0.0,1.0
15:53:55.377,0.0,-28.462007137261725,28.462007137261725,9500.0,0.0,0.0,0.0,1.0
15:53:55.397,0.0,-28.462007137261725,28.462007137261725,9500.0,0.0,0.0,0.0,1.0
15:53:55.417,0.0,-28.462007137261725,28.462007137261725,9500.0,0.0,0.0,0.0,1.0
15:53:55.436,0.0,-28.462007137261725,28.462007137261725,9500.0,0.0,0.0,0.0,1.0
15:53:55.457,0.0,-28.462007137261725,28.462007137261725,9500.0,0.0,0.0,0.0,1.0
15:53:55.477,0.0,-28.462007137261725,28.462007137261725,9500.0,0.0,0.0,0.0,1.0
15:53:55.497,0.0,-28.462007137261725,28.462007137261725,9500.0,0.0,0.0,0.0,1.0
15:53:55.517,0.0,-28.462007137261725,28.462007137261725,9500.0,0.0,0.0,0.0,1.0
15:53:55.537,0.0,-28.462007137261725,28.462007137261725,9500.0,0.0,0.0,0.0,1.0
15:53:55.557,0.0,-28.462007137261725,28.462007137261725,9500.0,0.0,0.0,0.0,1.0
15:53:55.577,0.0,-28.462007137261725,28.462007137261725,9500.0,0.0,0.0,0.0,1.0
15:53:55.597,0.0,-28.462007137261725,28.462007137261725,9500.0,0.0,0.0,0.0,1.0
15:53:55.617,0.0,-28.462007137261725,28.462007137261725,9500.0,0.0,0.0,0.0,1.0
15:53:55.637,0.0,-28.462007137261725,28.462007137261725,9500.0,0.0,0.0,0.0,1.0
15:53:55.657,0.0,-28.462007137261725,28.462007137261725,9500.0,0.0,0.0,0.0,1.0
15:53:55.677,0.0,-28.462007137261725,28.462007137261725,9500.0,0.0,0.0,0.0,1.0
15:53:55.697,0.0,-28.462007137261725,28.462007137261725,9500.0,0.0,0.0,0.0,1.0
15:53:55.717,0.0,-28.462007137261725,28.462007137261725,9500.0,0.0,0.0,0.0,1.0
15:53:55.737,0.0,-28.462007137261725,28.462007137261725,9500.0,0.0,0.0,0.0,1.0
15:53:55.757,0.0,-28.462007137261725,28.462007137261725,9500.0,0.0,0.0,0.0,1.0
15:53:55.777,0.0,-28.462007137261725,28.462007137261725,9500.0,0.0,0.0,0.0,1.0
15:53:55.797,0.0,-28.462007137261725,28.462007137261725,9500.0,0.0,0.0,0.0,1.0
15:53:55.817,0.0,-28.462007137261725,28.462007137261725,9500.0,0.0,0.0,0.0,1.0
15:53:55.837,0.0,-28.462007137261725,28.462007137261725,9500.0,0.0,0.0,0.0,1.0
15:53:55.857,0.0,-28.462007137261725,28.462007137261725,9500.0,0.0,0.0,0.0,1.0
15:53:55.877,0.0,-28.462007137261725,28.462007137261725,9500.0,0.0,0.0,0.0,1.0
15:53:55.897,0.0,-28.462007137261725,28.462007137261725,9500.0,0.0,0.0,0.0,1.0
15:53:55.917,0.0,-28.462007137261725,28.462007137261725,9500.0,0.0,0.0,0.0,1.0
15:53:55.937,0.0,-28.462007137261725,28.462007137261725,9500.0,0.0,0.0,0.0,1.0
15:53:55.957,0.0,-28.462007137261725,28.462007137261725,9500.0,0.0,0.0,0.0,1.0
15:53:55.977,0.0,-28.462007137261725,28.462007137261725,9500.0,0.0,0.0,0.0,1.0
15:53:55.997,0.0,-28.462007137261725,28.462007137261725,9500.0,0.0,0.0,0.0,1.0
15:53:56.017,0.0,-28.462007137261725,28.462007137261725,9500.0,0.0,0.0,0.0,1.0
15:53:56.037,0.0,-28.462007137261725,28.462007137261725,9500.0,0.0,0.0,0.0,1.0
15:53:56.057,0.0,-28.462007137261725,28.462007137261725,9500.0,0.0,0.0,0.0,1.0
15:53:56.077,0.0,-28.462007137261725,28.462007137261725,9500.0,0.0,0.0,0.0,1.0
15:53:56.097,0.0,-28.462007137261725,28.462007137261725,9500.0,0.0,0.0,0.0,1.0
15:53:56.117,0.0,-28.462007137261725,28.462007137261725,9500.0,0.0,0.0,0.0,1.0
15:53:56.137,0.0,-28.462007137261725,28.462007137261725,9500.0,0.0,0.0,0.0,1.0
15:53:56.157,0.0,-28.462007137261725,28.462007137261725,9500.0,0.0,0.0,0.0,1.0
15:53:56.177,0.0,-28.462007137261725,28.462007137261725,9500.0,0.0,0.0,0.0,1.0
15:53:56.197,0.0,-28.462007137261725,28.462007137261725,9500.0,0.0,0.0,0.0,1.0
15:53:56.217,0.0,-28.462007137261725,28.462007137261725,9500.0,0.0,0.0,0.0,1.0
15:53:56.237,0.0,-28.462007137261725,28.462007137261725,9500.0,0.0,0.0,0.0,1.0
15:53:56.257,0.0,-28.462007137261725,28.462007137261725,9500.0,0.0,0.0,0.0,1.0
15:53:56.277,0.0,-28.462007137261725,28.462007137261725,9500.0,0.0,0.0,0.0,1.0
15:53:56.297,0.0,-28.462007137261725,28.462007137261725,9500.0,0.0,0.0,0.0,1.0
15:53:56.317,0.0,-28.462007137261725,28.462007137261725,9500.0,0.0,0.0,0.0,1.0
15:53:56.337,0.0,-28.462007137261725,28.462007137261725,9500.0,0.0,0.0,0.0,1.0
15:53:56.357,0.0,-28.462007137261725,28.462007137261725,9500.0,0.0,0.0,0.0,1.0
15:53:56.377,0.0,-28.462007137261725,28.462007137261725,9500.0,0.0,0.0,0.0,1.0
15:53:56.397,0.0,-28.462007137261725,28.462007137261725,9500.0,0.0,0.0,0.0,1.0
15:53:56.417,0.0,-28.462007137261725,28.462007137261725,9500.0,0.0,0.0,0.0,1.0
15:53:56.437,0.0,-28.462007137261725,28.462007137261725,9500.0,0.0,0.0,0.0,1.0
15:53:56.457,0.0,-28.462007137261725,28.462007137261725,9500.0,0.0,0.0,0.0,1.0
15:53:56.477,0.0,-28.462007137261725,28.462007137261725,9500.0,0.0,0.0,0.0,1.0
15:53:56.497,0.0,-28.462007137261725,28.462007137261725,9500.0,0.0,0.0,0.0,1.0
15:53:56.517,0.0,-28.462007137261725,28.462007137261725,9500.0,0.0,0.0,0.0,1.0
15:53:56.537,0.0,-28.462007137261725,28.462007137261725,9500.0,0.0,0.0,0.0,1.0
15:53:56.557,0.0,-28.462007137261725,28.462007137261725,9500.0,0.0,0.0,0.0,1.0
15:53:56.577,0.0,-28.462007137261725,28.462007137261725,9500.0,0.0,0.0,0.0,1.0
15:53:56.597,0.0,-28.462007137261725,28.462007137261725,9500.0,0.0,0.0,0.0,1.0
15:53:56.617,0.0,-28.462007137261725,28.462007137261725,9500.0,0.0,0.0,0.0,1.0
15:53:56.637,0.0,-28.462007137261725,28.462007137261725,9500.0,0.0,0.0,0.0,1.0
15:53:56.657,0.0,-28.462007137261725,28.462007137261725,9500.0,0.0,0.0,0.0,1.0
15:53:56.677,0.0,-28.462007137261725,28.462007137261725,9500.0,0.0,0.0,0.0,1.0
15:53:56.697,0.0,-28.462007137261725,28.462007137261725,9500.0,0.0,0.0,0.0,1.0
15:53:56.717,0.0,-28.462007137261725,28.462007137261725,9500.0,0.0,0.0,0.0,1.0
15:53:56.737,0.0,-28.462007137261725,28.462007137261725,9500.0,0.0,0.0,0.0,1.0
15:53:56.757,0.0,-28.462007137261725,28.462007137261725,9500.0,0.0,0.0,0.0,1.0
15:53:56.777,0.0,-28.462007137261725,28.462007137261725,9500.0,0.0,0.0,0.0,1.0
15:53:56.797,0.0,-28.462007137261725,28.462007137261725,9500.0,0.0,0.0,0.0,1.0
15:53:56.817,0.0,-28.462007137261725,28.462007137261725,9500.0,0.0,0.0,0.0,1.0
15:53:56.837,0.0,-28.462007137261725,28.462007137261725,9500.0,0.0,0.0,0.0,1.0
15:53:56.857,0.0,-28.462007137261725,28.462007137261725,9500.0,0.0,0.0,0.0,1.0
15:53:56.877,0.0,-28.462007137261725,28.462007137261725,9500.0,0.0,0.0,0.0,1.0
15:53:56.897,0.0,-28.462007137261725,28.462007137261725,9500.0,0.0,0.0,0.0,1.0
15:53:56.917,0.0,-28.462007137261725,28.462007137261725,9500.0,0.0,0.0,0.0,1.0
15:53:56.937,0.0,-28.462007137261725,28.462007137261725,9500.0,0.0,0.0,0.0,1.0
15:53:56.957,0.0,-28.462007137261725,28.462007137261725,9500.0,0.0,0.0,0.0,1.0
15:53:56.977,0.0,-28.462007137261725,28.462007137261725,9500.0,0.0,0.0,0.0,1.0
15:53:56.997,0.0,-28.462007137261725,28.462007137261725,9500.0,0.0,0.0,0.0,1.0
15:53:57.017,0.0,-28.462007137261725,28.462007137261725,9500.0,0.0,0.0,0.0,1.0
15:53:57.037,0.0,-28.462007137261725,28.462007137261725,9500.0,0.0,0.0,0.0,1.0
15:53:57.057,0.0,-28.462007137261725,28.462007137261725,9500.0,0.0,0.0,0.0,1.0
15:53:57.077,0.0,-28.462007137261725,28.462007137261725,9500.0,0.0,0.0,0.0,1.0
15:53:57.097,0.0,-28.462007137261725,28.462007137261725,9500.0,0.0,0.0,0.0,1.0
15:53:57.117,0.0,-28.462007137261725,28.462007137261725,9500.0,0.0,0.0,0.0,1.0
15:53:57.137,0.0,-28.462007137261725,28.462007137261725,9500.0,0.0,0.0,0.0,1.0
15:53:57.157,0.0,-28.462007137261725,28.462007137261725,9500.0,0.0,0.0,0.0,1.0
15:53:57.177,0.0,-28.462007137261725,28.462007137261725,9500.0,0.0,0.0,0.0,1.0
15:53:57.197,0.0,-28.462007137261725,28.462007137261725,9500.0,0.0,0.0,0.0,1.0
15:53:57.217,0.0,-28.462007137261725,28.462007137261725,9500.0,0.0,0.0,0.0,1.0
15:53:57.237,0.0,-28.462007137261725,28.462007137261725,9500.0,0.0,0.0,0.0,1.0
15:53:57.257,0.0,-28.462007137261725,28.462007137261725,9500.0,0.0,0.0,0.0,1.0
15:53:57.277,0.0,-28.462007137261725,28.462007137261725,9500.0,0.0,0.0,0.0,1.0
15:53:57.297,0.0,-28.462007137261725,28.462007137261725,9500.0,0.0,0.0,0.0,1.0
15:53:57.317,0.0,-28.462007137261725,28.462007137261725,9500.0,0.0,0.0,0.0,1.0
15:53:57.337,0.0,-28.462007137261725,28.462007137261725,9500.0,0.0,0.0,0.0,1.0
15:53:57.357,0.0,-28.462007137261725,28.462007137261725,9500.0,0.0,0.0,0.0,1.0
15:53:57.377,0.0,-28.462007137261725,28.462007137261725,9500.0,0.0,0.0,0.0,1.0
15:53:57.397,0.0,-28.462007137261725,28.462007137261725,9500.0,0.0,0.0,0.0,1.0
15:53:57.417,0.0,-28.462007137261725,28.462007137261725,9500.0,0.0,0.0,0.0,1.0
15:53:57.437,0.0,-28.462007137261725,28.462007137261725,9500.0,0.0,0.0,0.0,1.0
15:53:57.457,0.0,-28.462007137261725,28.462007137261725,9500.0,0.0,0.0,0.0,1.0
15:53:57.477,0.0,-28.462007137261725,28.462007137261725,9500.0,0.0,0.0,0.0,1.0
15:53:57.497,0.0,-28.462007137261725,28.462007137261725,9500.0,0.0,0.0,0.0,1.0
15:53:57.517,0.0,-28.462007137261725,28.462007137261725,9500.0,0.0,0.0,0.0,1.0
15:53:57.537,0.0,-28.462007137261725,28.462007137261725,9500.0,0.0,0.0,0.0,1.0
15:53:57.557,0.0,-28.462007137261725,28.462007137261725,9500.0,0.0,0.0,0.0,1.0
15:53:57.577,0.0,-28.462007137261725,28.462007137261725,9500.0,0.0,0.0,0.0,1.0
15:53:57.597,0.0,-28.462007137261725,28.462007137261725,9500.0,0.0,0.0,0.0,1.0
15:53:57.617,0.0,-28.462007137261725,28.462007137261725,9500.0,0.0,0.0,0.0,1.0
15:53:57.637,0.0,-28.462007137261725,28.462007137261725,9500.0,0.0,0.0,0.0,1.0
15:53:57.657,0.0,-28.462007137261725,28.462007137261725,9500.0,0.0,0.0,0.0,1.0
15:53:57.677,0.0,-28.462007137261725,28.462007137261725,9500.0,0.0,0.0,0.0,1.0
15:53:57.697,0.0,-28.462007137261725,28.462007137261725,9500.0,0.0,0.0,0.0,1.0
15:53:57.717,0.0,-28.462007137261725,28.462007137261725,9500.0,0.0,0.0,0.0,1.0
15:53:57.737,0.0,-28.462007137261725,28.462007137261725,9500.0,0.0,0.0,0.0,1.0
15:53:57.757,0.0,-28.462007137261725,28.462007137261725,9500.0,0.0,0.0,0.0,1.0
15:53:57.777,0.0,-28.462007137261725,28.462007137261725,9500.0,0.0,0.0,0.0,1.0
15:53:57.797,0.0,-28.462007137261725,28.462007137261725,9500.0,0.0,0.0,0.0,1.0
15:53:57.817,0.0,-28.462007137261725,28.462007137261725,9500.0,0.0,0.0,0.0,1.0
15:53:57.837,0.0,-28.462007137261725,28.462007137261725,9500.0,0.0,0.0,0.0,1.0
15:53:57.857,0.0,-28.462007137261725,28.462007137261725,9500.0,0.0,0.0,0.0,1.0
15:53:57.877,0.0,-28.462007137261725,28.462007137261725,9500.0,0.0,0.0,0.0,1.0
15:53:57.897,0.0,-28.462007137261725,28.462007137261725,9500.0,0.0,0.0,0.0,1.0
15:53:57.917,0.0,-28.462007137261725,28.462007137261725,9500.0,0.0,0.0,0.0,1.0
15:53:57.937,0.0,-28.462007137261725,28.462007137261725,9500.0,0.0,0.0,0.0,1.0
15:53:57.957,0.0,-28.462007137261725,28.462007137261725,9500.0,0.0,0.0,0.0,1.0
15:53:57.977,0.0,-28.462007137261725,28.462007137261725,9500.0,0.0,0.0,0.0,1.0
15:53:57.997,0.0,-28.462007137261725,28.462007137261725,9500.0,0.0,0.0,0.0,1.0
15:53:58.017,0.0,-28.462007137261725,28.462007137261725,9500.0,0.0,0.0,0.0,1.0
15:53:58.037,0.0,-28.462007137261725,28.462007137261725,9500.0,0.0,0.0,0.0,1.0
15:53:58.057,0.0,-28.462007137261725,28.462007137261725,9500.0,0.0,0.0,0.0,1.0
15:53:58.077,0.0,-28.462007137261725,28.462007137261725,9500.0,0.0,0.0,0.0,1.0
15:53:58.097,0.0,-28.462007137261725,28.462007137261725,9500.0,0.0,0.0,0.0,1.0
15:53:58.117,0.0,-28.462007137261725,28.462007137261725,9500.0,0.0,0.0,0.0,1.0
15:53:58.137,0.0,-28.462007137261725,28.462007137261725,9500.0,0.0,0.0,0.0,1.0
15:53:58.157,0.0,-28.462007137261725,28.462007137261725,9500.0,0.0,0.0,0.0,1.0
15:53:58.177,0.0,-28.462007137261725,28.462007137261725,9500.0,0.0,0.0,0.0,1.0
15:53:58.197,0.0,-28.462007137261725,28.462007137261725,9500.0,0.0,0.0,0.0,1.0
15:53:58.217,0.0,-28.462007137261725,28.462007137261725,9500.0,0.0,0.0,0.0,1.0
15:53:58.237,0.0,-28.462007137261725,28.462007137261725,9500.0,0.0,0.0,0.0,1.0
15:53:58.257,0.0,-28.462007137261725,28.462007137261725,9500.0,0.0,0.0,0.0,1.0
15:53:58.277,0.0,-28.462007137261725,28.462007137261725,9500.0,0.0,0.0,0.0,1.0
15:53:58.297,0.0,-28.462007137261725,28.462007137261725,9500.0,0.0,0.0,0.0,1.0
15:53:58.317,0.0,-28.462007137261725,28.462007137261725,9500.0,0.0,0.0,0.0,1.0
15:53:58.337,0.0,-28.462007137261725,28.462007137261725,9500.0,0.0,0.0,0.0,1.0
15:53:58.357,0.0,-28.462007137261725,28.462007137261725,9500.0,0.0,0.0,0.0,1.0
15:53:58.377,0.0,-28.462007137261725,28.462007137261725,9500.0,0.0,0.0,0.0,1.0
15:53:58.397,0.0,-28.462007137261725,28.462007137261725,9500.0,0.0,0.0,0.0,1.0
15:53:58.417,0.0,-28.462007137261725,28.462007137261725,9500.0,0.0,0.0,0.0,1.0
15:53:58.437,0.0,-28.462007137261725,28.462007137261725,9500.0,0.0,0.0,0.0,1.0
15:53:58.458,0.0,-28.462007137261725,28.462007137261725,9500.0,0.0,0.0,0.0,1.0
15:53:58.477,0.0,-28.462007137261725,28.462007137261725,9500.0,0.0,0.0,0.0,1.0
15:53:58.497,0.0,-28.462007137261725,28.462007137261725,9500.0,0.0,0.0,0.0,1.0
15:53:58.517,0.0,-28.462007137261725,28.462007137261725,9500.0,0.0,0.0,0.0,1.0
15:53:58.537,0.0,-28.462007137261725,28.462007137261725,9500.0,0.0,0.0,0.0,1.0
15:53:58.557,0.0,-28.462007137261725,28.462007137261725,9500.0,0.0,0.0,0.0,1.0
15:53:58.577,0.0,-28.462007137261725,28.462007137261725,9500.0,0.0,0.0,0.0,1.0
15:53:58.597,0.0,-28.462007137261725,28.462007137261725,9500.0,0.0,0.0,0.0,1.0
15:53:58.617,0.0,-28.462007137261725,28.462007137261725,9500.0,0.0,0.0,0.0,1.0
15:53:58.637,0.0,-28.462007137261725,28.462007137261725,9500.0,0.0,0.0,0.0,1.0
15:53:58.657,0.0,-28.462007137261725,28.462007137261725,9500.0,0.0,0.0,0.0,1.0
15:53:58.677,0.0,-28.462007137261725,28.462007137261725,9500.0,0.0,0.0,0.0,1.0
15:53:58.697,0.0,-28.462007137261725,28.462007137261725,9500.0,0.0,0.0,0.0,1.0
15:53:58.716,0.0,-28.462007137261725,28.462007137261725,9500.0,0.0,0.0,0.0,1.0
15:53:58.737,0.0,-28.462007137261725,28.462007137261725,9500.0,0.0,0.0,0.0,1.0
15:53:58.757,0.0,-28.462007137261725,28.462007137261725,9500.0,0.0,0.0,0.0,1.0
15:53:58.777,0.0,-28.462007137261725,28.462007137261725,9500.0,0.0,0.0,0.0,1.0
15:53:58.797,0.0,-28.462007137261725,28.462007137261725,9500.0,0.0,0.0,0.0,1.0
15:53:58.817,0.0,-28.462007137261725,28.462007137261725,9500.0,0.0,0.0,0.0,1.0
15:53:58.837,0.0,-28.462007137261725,28.462007137261725,9500.0,0.0,0.0,0.0,1.0
15:53:58.857,0.0,-28.462007137261725,28.462007137261725,9500.0,0.0,0.0,0.0,1.0
15:53:58.877,0.0,-28.462007137261725,28.462007137261725,9500.0,0.0,0.0,0.0,1.0
15:53:58.897,0.0,-28.462007137261725,28.462007137261725,9500.0,0.0,0.0,0.0,1.0
15:53:58.917,0.0,-28.462007137261725,28.462007137261725,9500.0,0.0,0.0,0.0,1.0
15:53:58.937,0.0,-28.462007137261725,28.462007137261725,9500.0,0.0,0.0,0.0,1.0
15:53:58.957,0.0,-28.462007137261725,28.462007137261725,9500.0,0.0,0.0,0.0,1.0
15:53:58.977,0.0,-28.462007137261725,28.462007137261725,9500.0,0.0,0.0,0.0,1.0
15:53:58.997,0.0,-28.462007137261725,28.462007137261725,9500.0,0.0,0.0,0.0,1.0
15:53:59.017,0.0,-28.462007137261725,28.462007137261725,9500.0,0.0,0.0,0.0,1.0
15:53:59.037,0.0,-28.462007137261725,28.462007137261725,9500.0,0.0,0.0,0.0,1.0
15:53:59.057,0.0,-28.462007137261725,28.462007137261725,9500.0,0.0,0.0,0.0,1.0
15:53:59.077,0.0,-28.462007137261725,28.462007137261725,9500.0,0.0,0.0,0.0,1.0
15:53:59.097,0.0,-28.462007137261725,28.462007137261725,9500.0,0.0,0.0,0.0,1.0
15:53:59.117,0.0,-28.462007137261725,28.462007137261725,9500.0,0.0,0.0,0.0,1.0
15:53:59.137,0.0,-28.462007137261725,28.462007137261725,9500.0,0.0,0.0,0.0,1.0
15:53:59.157,0.0,-28.462007137261725,28.462007137261725,9500.0,0.0,0.0,0.0,1.0
15:53:59.177,0.0,-28.462007137261725,28.462007137261725,9500.0,0.0,0.0,0.0,1.0
15:53:59.197,0.0,-28.462007137261725,28.462007137261725,9500.0,0.0,0.0,0.0,1.0
15:53:59.216,0.0,-28.462007137261725,28.462007137261725,9500.0,0.0,0.0,0.0,1.0
15:53:59.237,0.0,-28.462007137261725,28.462007137261725,9500.0,0.0,0.0,0.0,1.0
15:53:59.257,0.0,-28.462007137261725,28.462007137261725,9500.0,0.0,0.0,0.0,1.0
15:53:59.277,0.0,-28.462007137261725,28.462007137261725,9500.0,0.0,0.0,0.0,1.0
15:53:59.297,0.0,-28.462007137261725,28.462007137261725,9500.0,0.0,0.0,0.0,1.0
15:53:59.317,0.0,-28.462007137261725,28.462007137261725,9500.0,0.0,0.0,0.0,1.0
15:53:59.337,0.0,-28.462007137261725,28.462007137261725,9500.0,0.0,0.0,0.0,1.0
15:53:59.357,0.0,-28.462007137261725,28.462007137261725,9500.0,0.0,0.0,0.0,1.0
15:53:59.377,0.0,-28.462007137261725,28.462007137261725,9500.0,0.0,0.0,0.0,1.0
15:53:59.397,0.0,-28.462007137261725,28.462007137261725,9500.0,0.0,0.0,0.0,1.0
15:53:59.417,0.0,-28.462007137261725,28.462007137261725,9500.0,0.0,0.0,0.0,1.0
15:53:59.437,0.0,-28.462007137261725,28.462007137261725,9500.0,0.0,0.0,0.0,1.0
15:53:59.457,0.0,-28.462007137261725,28.462007137261725,9500.0,0.0,0.0,0.0,1.0
15:53:59.476,0.0,-28.462007137261725,28.462007137261725,9500.0,0.0,0.0,0.0,1.0
15:53:59.497,0.0,-28.462007137261725,28.462007137261725,9500.0,0.0,0.0,0.0,1.0
15:53:59.517,0.0,-28.462007137261725,28.462007137261725,9500.0,0.0,0.0,0.0,1.0
15:53:59.537,0.0,-28.462007137261725,28.462007137261725,9500.0,0.0,0.0,0.0,1.0
15:53:59.557,0.0,-28.462007137261725,28.462007137261725,9500.0,0.0,0.0,0.0,1.0
15:53:59.577,0.0,-28.462007137261725,28.462007137261725,9500.0,0.0,0.0,0.0,1.0
15:53:59.597,0.0,-28.462007137261725,28.462007137261725,9500.0,0.0,0.0,0.0,1.0
15:53:59.617,0.0,-28.462007137261725,28.462007137261725,9500.0,0.0,0.0,0.0,1.0
15:53:59.637,0.0,-28.462007137261725,28.462007137261725,9500.0,0.0,0.0,0.0,1.0
15:53:59.657,0.0,-28.462007137261725,28.462007137261725,9500.0,0.0,0.0,0.0,1.0
15:53:59.677,0.0,-28.462007137261725,28.462007137261725,9500.0,0.0,0.0,0.0,1.0
15:53:59.697,0.0,-28.462007137261725,28.462007137261725,9500.0,0.0,0.0,0.0,1.0
15:53:59.717,0.0,-28.462007137261725,28.462007137261725,9500.0,0.0,0.0,0.0,1.0
15:53:59.737,0.0,-28.462007137261725,28.462007137261725,9500.0,0.0,0.0,0.0,1.0
15:53:59.757,0.0,-28.462007137261725,28.462007137261725,9500.0,0.0,0.0,0.0,1.0
15:53:59.777,0.0,-28.462007137261725,28.462007137261725,9500.0,0.0,0.0,0.0,1.0
15:53:59.797,0.0,-28.462007137261725,28.462007137261725,9500.0,0.0,0.0,0.0,1.0
15:53:59.817,0.0,-28.462007137261725,28.462007137261725,9500.0,0.0,0.0,0.0,1.0
15:53:59.837,0.0,-28.462007137261725,28.462007137261725,9500.0,0.0,0.0,0.0,1.0
15:53:59.857,0.0,-28.462007137261725,28.462007137261725,9500.0,0.0,0.0,0.0,1.0
15:53:59.877,0.0,-28.462007137261725,28.462007137261725,9500.0,0.0,0.0,0.0,1.0
15:53:59.897,0.0,-28.462007137261725,28.462007137261725,9500.0,0.0,0.0,0.0,1.0
15:53:59.917,0.0,-28.462007137261725,28.462007137261725,9500.0,0.0,0.0,0.0,1.0
15:53:59.937,0.0,-28.462007137261725,28.462007137261725,9500.0,0.0,0.0,0.0,1.0
15:53:59.957,0.0,-28.462007137261725,28.462007137261725,9500.0,0.0,0.0,0.0,1.0
15:53:59.977,0.0,-28.462007137261725,28.462007137261725,9500.0,0.0,0.0,0.0,1.0
15:53:59.997,0.0,-28.462007137261725,28.462007137261725,9500.0,0.0,0.0,0.0,1.0
15:54:00.017,0.0,-28.462007137261725,28.462007137261725,9500.0,0.0,0.0,0.0,1.0
15:54:00.037,0.0,-28.462007137261725,28.462007137261725,9500.0,0.0,0.0,0.0,1.0
15:54:00.057,0.0,-28.462007137261725,28.462007137261725,9500.0,0.0,0.0,0.0,1.0
15:54:00.077,0.0,-28.462007137261725,28.462007137261725,9500.0,0.0,0.0,0.0,1.0
15:54:00.097,0.0,-28.462007137261725,28.462007137261725,9500.0,0.0,0.0,0.0,1.0
15:54:00.117,0.0,-28.462007137261725,28.462007137261725,9500.0,0.0,0.0,0.0,1.0
15:54:00.137,0.0,-28.462007137261725,28.462007137261725,9500.0,0.0,0.0,0.0,1.0
15:54:00.157,0.0,-28.462007137261725,28.462007137261725,9500.0,0.0,0.0,0.0,1.0
15:54:00.177,0.0,-28.462007137261725,28.462007137261725,9500.0,0.0,0.0,0.0,1.0
15:54:00.197,0.0,-28.462007137261725,28.462007137261725,9500.0,0.0,0.0,0.0,1.0
15:54:00.217,0.0,-28.462007137261725,28.462007137261725,9500.0,0.0,0.0,0.0,1.0
15:54:00.237,0.0,-28.462007137261725,28.462007137261725,9500.0,0.0,0.0,0.0,1.0
15:54:00.257,0.0,-28.462007137261725,28.462007137261725,9500.0,0.0,0.0,0.0,1.0
15:54:00.277,0.0,-28.462007137261725,28.462007137261725,9500.0,0.0,0.0,0.0,1.0
15:54:00.297,0.0,-28.462007137261725,28.462007137261725,9500.0,0.0,0.0,0.0,1.0
15:54:00.317,0.0,-28.462007137261725,28.462007137261725,9500.0,0.0,0.0,0.0,1.0
15:54:00.337,0.0,-28.462007137261725,28.462007137261725,9500.0,0.0,0.0,0.0,1.0
15:54:00.357,0.0,-28.462007137261725,28.462007137261725,9500.0,0.0,0.0,0.0,1.0
15:54:00.377,0.0,-28.462007137261725,28.462007137261725,9500.0,0.0,0.0,0.0,1.0
15:54:00.397,0.0,-28.462007137261725,28.462007137261725,9500.0,0.0,0.0,0.0,1.0
15:54:00.417,0.0,-28.462007137261725,28.462007137261725,9500.0,0.0,0.0,0.0,1.0
15:54:00.437,0.0,-28.462007137261725,28.462007137261725,9500.0,0.0,0.0,0.0,1.0
15:54:00.457,0.0,-28.462007137261725,28.462007137261725,9500.0,0.0,0.0,0.0,1.0
15:54:00.477,0.0,-28.462007137261725,28.462007137261725,9500.0,0.0,0.0,0.0,1.0
15:54:00.497,0.0,-28.462007137261725,28.462007137261725,9500.0,0.0,0.0,0.0,1.0
15:54:00.517,0.0,-28.462007137261725,28.462007137261725,9500.0,0.0,0.0,0.0,1.0
15:54:00.537,0.0,-28.462007137261725,28.462007137261725,9500.0,0.0,0.0,0.0,1.0
15:54:00.557,0.0,-28.462007137261725,28.462007137261725,9500.0,0.0,0.0,0.0,1.0
15:54:00.577,0.0,-28.462007137261725,28.462007137261725,9500.0,0.0,0.0,0.0,1.0
15:54:00.597,0.0,-28.462007137261725,28.462007137261725,9500.0,0.0,0.0,0.0,1.0
15:54:00.617,0.0,-28.462007137261725,28.462007137261725,9500.0,0.0,0.0,0.0,1.0
15:54:00.637,0.0,-28.462007137261725,28.462007137261725,9500.0,0.0,0.0,0.0,1.0
15:54:00.657,0.0,-28.462007137261725,28.462007137261725,9500.0,0.0,0.0,0.0,1.0
15:54:00.677,0.0,-28.462007137261725,28.462007137261725,9500.0,0.0,0.0,0.0,1.0
15:54:00.697,0.0,-28.462007137261725,28.462007137261725,9500.0,0.0,0.0,0.0,1.0
15:54:00.717,0.0,-28.462007137261725,28.462007137261725,9500.0,0.0,0.0,0.0,1.0
15:54:00.737,0.0,-28.462007137261725,28.462007137261725,9500.0,0.0,0.0,0.0,1.0
15:54:00.757,0.0,-28.462007137261725,28.462007137261725,9500.0,0.0,0.0,0.0,1.0
15:54:00.777,0.0,-28.462007137261725,28.462007137261725,9500.0,0.0,0.0,0.0,1.0
15:54:00.796,0.0,-28.462007137261725,28.462007137261725,9500.0,0.0,0.0,0.0,1.0
15:54:00.817,0.0,-28.462007137261725,28.462007137261725,9500.0,0.0,0.0,0.0,1.0
15:54:00.837,0.0,-28.462007137261725,28.462007137261725,9500.0,0.0,0.0,0.0,1.0
15:54:00.857,0.0,-28.462007137261725,28.462007137261725,9500.0,0.0,0.0,0.0,1.0
15:54:00.877,0.0,-28.462007137261725,28.462007137261725,9500.0,0.0,0.0,0.0,1.0
15:54:00.897,0.0,-28.462007137261725,28.462007137261725,9500.0,0.0,0.0,0.0,1.0
15:54:00.917,0.0,-28.462007137261725,28.462007137261725,9500.0,0.0,0.0,0.0,1.0
15:54:00.937,0.0,-28.462007137261725,28.462007137261725,9500.0,0.0,0.0,0.0,1.0
15:54:00.957,0.0,-28.462007137261725,28.462007137261725,9500.0,0.0,0.0,0.0,1.0
15:54:00.977,0.0,-28.462007137261725,28.462007137261725,9500.0,0.0,0.0,0.0,1.0
15:54:00.997,0.0,-28.462007137261725,28.462007137261725,9500.0,0.0,0.0,0.0,1.0
15:54:01.018,0.0,-28.462007137261725,28.462007137261725,9500.0,0.0,0.0,0.0,1.0
15:54:01.037,0.0,-28.462007137261725,28.462007137261725,9500.0,0.0,0.0,0.0,1.0
15:54:01.057,0.0,-28.462007137261725,28.462007137261725,9500.0,0.0,0.0,0.0,1.0
15:54:01.077,0.0,-28.462007137261725,28.462007137261725,9500.0,0.0,0.0,0.0,1.0
15:54:01.097,0.0,-28.462007137261725,28.462007137261725,9500.0,0.0,0.0,0.0,1.0
15:54:01.117,0.0,-28.462007137261725,28.462007137261725,9500.0,0.0,0.0,0.0,1.0
15:54:01.137,0.0,-28.462007137261725,28.462007137261725,9500.0,0.0,0.0,0.0,1.0
15:54:01.157,0.0,-28.462007137261725,28.462007137261725,9500.0,0.0,0.0,0.0,1.0
15:54:01.177,0.0,-28.462007137261725,28.462007137261725,9500.0,0.0,0.0,0.0,1.0
15:54:01.197,0.0,-28.462007137261725,28.462007137261725,9500.0,0.0,0.0,0.0,1.0
15:54:01.217,0.0,-28.462007137261725,28.462007137261725,9500.0,0.0,0.0,0.0,1.0
15:54:01.237,0.0,-28.462007137261725,28.462007137261725,9500.0,0.0,0.0,0.0,1.0
15:54:01.257,0.0,-28.462007137261725,28.462007137261725,9500.0,0.0,0.0,0.0,1.0
15:54:01.277,0.0,-28.462007137261725,28.462007137261725,9500.0,0.0,0.0,0.0,1.0
15:54:01.297,0.0,-28.462007137261725,28.462007137261725,9500.0,0.0,0.0,0.0,1.0
15:54:01.317,0.0,-28.462007137261725,28.462007137261725,9500.0,0.0,0.0,0.0,1.0
15:54:01.337,0.0,-28.462007137261725,28.462007137261725,9500.0,0.0,0.0,0.0,1.0
15:54:01.357,0.0,-28.462007137261725,28.462007137261725,9500.0,0.0,0.0,0.0,1.0
15:54:01.377,0.0,-28.462007137261725,28.462007137261725,9500.0,0.0,0.0,0.0,1.0
15:54:01.397,0.0,-28.462007137261725,28.462007137261725,9500.0,0.0,0.0,0.0,1.0
15:54:01.417,0.0,-28.462007137261725,28.462007137261725,9500.0,0.0,0.0,0.0,1.0
15:54:01.438,0.0,-28.462007137261725,28.462007137261725,9500.0,0.0,0.0,0.0,1.0
15:54:01.457,0.0,-28.462007137261725,28.462007137261725,9500.0,0.0,0.0,0.0,1.0
15:54:01.477,0.0,-28.462007137261725,28.462007137261725,9500.0,0.0,0.0,0.0,1.0
15:54:01.497,0.0,-28.462007137261725,28.462007137261725,9500.0,0.0,0.0,0.0,1.0
15:54:01.517,0.0,-28.462007137261725,28.462007137261725,9500.0,0.0,0.0,0.0,1.0
15:54:01.537,0.0,-28.462007137261725,28.462007137261725,9500.0,0.0,0.0,0.0,1.0
15:54:01.557,0.0,-28.462007137261725,28.462007137261725,9500.0,0.0,0.0,0.0,1.0
15:54:01.577,0.0,-28.462007137261725,28.462007137261725,9500.0,0.0,0.0,0.0,1.0
15:54:01.597,0.0,-28.462007137261725,28.462007137261725,9500.0,0.0,0.0,0.0,1.0
15:54:01.617,0.0,-28.462007137261725,28.462007137261725,9500.0,0.0,0.0,0.0,1.0
15:54:01.637,0.0,-28.462007137261725,28.462007137261725,9500.0,0.0,0.0,0.0,1.0
15:54:01.657,0.0,-28.462007137261725,28.462007137261725,9500.0,0.0,0.0,0.0,1.0
15:54:01.677,0.0,-28.462007137261725,28.462007137261725,9500.0,0.0,0.0,0.0,1.0
15:54:01.697,0.0,-28.462007137261725,28.462007137261725,9500.0,0.0,0.0,0.0,1.0
15:54:01.717,0.0,-28.462007137261725,28.462007137261725,9500.0,0.0,0.0,0.0,1.0
15:54:01.737,0.0,-28.462007137261725,28.462007137261725,9500.0,0.0,0.0,0.0,1.0
15:54:01.757,0.0,-28.462007137261725,28.462007137261725,9500.0,0.0,0.0,0.0,1.0
15:54:01.777,0.0,-28.462007137261725,28.462007137261725,9500.0,0.0,0.0,0.0,1.0
15:54:01.797,0.0,-28.462007137261725,28.462007137261725,9500.0,0.0,0.0,0.0,1.0
15:54:01.817,0.0,-28.462007137261725,28.462007137261725,9500.0,0.0,0.0,0.0,1.0
15:54:01.837,0.0,-28.462007137261725,28.462007137261725,9500.0,0.0,0.0,0.0,1.0
15:54:01.857,0.0,-28.462007137261725,28.462007137261725,9500.0,0.0,0.0,0.0,1.0
15:54:01.877,0.0,-28.462007137261725,28.462007137261725,9500.0,0.0,0.0,0.0,1.0
15:54:01.897,0.0,-28.462007137261725,28.462007137261725,9500.0,0.0,0.0,0.0,1.0
15:54:01.917,0.0,-28.462007137261725,28.462007137261725,9500.0,0.0,0.0,0.0,1.0
15:54:01.937,0.0,-28.462007137261725,28.462007137261725,9500.0,0.0,0.0,0.0,1.0
15:54:01.957,0.0,-28.462007137261725,28.462007137261725,9500.0,0.0,0.0,0.0,1.0
15:54:01.977,0.0,-28.462007137261725,28.462007137261725,9500.0,0.0,0.0,0.0,1.0
15:54:01.997,0.0,-28.462007137261725,28.462007137261725,9500.0,0.0,0.0,0.0,1.0
15:54:02.017,0.0,-28.462007137261725,28.462007137261725,9500.0,0.0,0.0,0.0,1.0
15:54:02.037,0.0,-28.462007137261725,28.462007137261725,9500.0,0.0,0.0,0.0,1.0
15:54:02.057,0.0,-28.462007137261725,28.462007137261725,9500.0,0.0,0.0,0.0,1.0
15:54:02.076,0.0,-28.462007137261725,28.462007137261725,9500.0,0.0,0.0,0.0,1.0
15:54:02.096,0.0,-28.462007137261725,28.462007137261725,9500.0,0.0,0.0,0.0,1.0
15:54:02.116,0.0,-28.462007137261725,28.462007137261725,9500.0,0.0,0.0,0.0,1.0
15:54:02.137,0.0,-28.462007137261725,28.462007137261725,9500.0,0.0,0.0,0.0,1.0
15:54:02.157,0.0,-28.462007137261725,28.462007137261725,9500.0,0.0,0.0,0.0,1.0
15:54:02.177,0.0,-28.462007137261725,28.462007137261725,9500.0,0.0,0.0,0.0,1.0
15:54:02.197,0.0,-28.462007137261725,28.462007137261725,9500.0,0.0,0.0,0.0,1.0
15:54:02.217,0.0,-28.462007137261725,28.462007137261725,9500.0,0.0,0.0,0.0,1.0
15:54:02.237,0.0,-28.462007137261725,28.462007137261725,9500.0,0.0,0.0,0.0,1.0
15:54:02.257,0.0,-28.462007137261725,28.462007137261725,9500.0,0.0,0.0,0.0,1.0
15:54:02.277,0.0,-28.462007137261725,28.462007137261725,9500.0,0.0,0.0,0.0,1.0
15:54:02.297,0.0,-28.462007137261725,28.462007137261725,9500.0,0.0,0.0,0.0,1.0
15:54:02.317,0.0,-28.462007137261725,28.462007137261725,9500.0,0.0,0.0,0.0,1.0
15:54:02.337,0.0,-28.462007137261725,28.462007137261725,9500.0,0.0,0.0,0.0,1.0
15:54:02.357,0.0,-28.462007137261725,28.462007137261725,9500.0,0.0,0.0,0.0,1.0
15:54:02.377,0.0,-28.462007137261725,28.462007137261725,9500.0,0.0,0.0,0.0,1.0
15:54:02.397,0.0,-28.462007137261725,28.462007137261725,9500.0,0.0,0.0,0.0,1.0
15:54:02.417,0.0,-28.462007137261725,28.462007137261725,9500.0,0.0,0.0,0.0,1.0
15:54:02.437,0.0,-28.462007137261725,28.462007137261725,9500.0,0.0,0.0,0.0,1.0
15:54:02.457,0.0,-28.462007137261725,28.462007137261725,9500.0,0.0,0.0,0.0,1.0
15:54:02.477,0.0,-28.462007137261725,28.462007137261725,9500.0,0.0,0.0,0.0,1.0
15:54:02.497,0.0,-28.462007137261725,28.462007137261725,9500.0,0.0,0.0,0.0,1.0
15:54:02.517,0.0,-28.462007137261725,28.462007137261725,9500.0,0.0,0.0,0.0,1.0
15:54:02.537,0.0,-28.462007137261725,28.462007137261725,9500.0,0.0,0.0,0.0,1.0
15:54:02.557,0.0,-28.462007137261725,28.462007137261725,9500.0,0.0,0.0,0.0,1.0
15:54:02.577,0.0,-28.462007137261725,28.462007137261725,9500.0,0.0,0.0,0.0,1.0
15:54:02.597,0.0,-28.462007137261725,28.462007137261725,9500.0,0.0,0.0,0.0,1.0
15:54:02.617,0.0,-28.462007137261725,28.462007137261725,9500.0,0.0,0.0,0.0,1.0
15:54:02.637,0.0,-28.462007137261725,28.462007137261725,9500.0,0.0,0.0,0.0,1.0
15:54:02.656,0.0,-28.462007137261725,28.462007137261725,9500.0,0.0,0.0,0.0,1.0
15:54:02.677,0.0,-28.462007137261725,28.462007137261725,9500.0,0.0,0.0,0.0,1.0
15:54:02.697,0.0,-28.462007137261725,28.462007137261725,9500.0,0.0,0.0,0.0,1.0
15:54:02.717,0.0,-28.462007137261725,28.462007137261725,9500.0,0.0,0.0,0.0,1.0
15:54:02.737,0.0,-28.462007137261725,28.462007137261725,9500.0,0.0,0.0,0.0,1.0
15:54:02.757,0.0,-28.462007137261725,28.462007137261725,9500.0,0.0,0.0,0.0,1.0
15:54:02.777,0.0,-28.462007137261725,28.462007137261725,9500.0,0.0,0.0,0.0,1.0
15:54:02.797,0.0,-28.462007137261725,28.462007137261725,9500.0,0.0,0.0,0.0,1.0
15:54:02.817,0.0,-28.462007137261725,28.462007137261725,9500.0,0.0,0.0,0.0,1.0
15:54:02.837,0.0,-28.462007137261725,28.462007137261725,9500.0,0.0,0.0,0.0,1.0
15:54:02.857,0.0,-28.462007137261725,28.462007137261725,9500.0,0.0,0.0,0.0,1.0
15:54:02.877,0.0,-28.462007137261725,28.462007137261725,9500.0,0.0,0.0,0.0,1.0
15:54:02.897,0.0,-28.462007137261725,28.462007137261725,9500.0,0.0,0.0,0.0,1.0
15:54:02.917,0.0,-28.462007137261725,28.462007137261725,9500.0,0.0,0.0,0.0,1.0
15:54:02.937,0.0,-28.462007137261725,28.462007137261725,9500.0,0.0,0.0,0.0,1.0
15:54:02.957,0.0,-28.462007137261725,28.462007137261725,9500.0,0.0,0.0,0.0,1.0
15:54:02.977,0.0,-28.462007137261725,28.462007137261725,9500.0,0.0,0.0,0.0,1.0
15:54:02.997,0.0,-28.462007137261725,28.462007137261725,9500.0,0.0,0.0,0.0,1.0
15:54:03.017,0.0,-28.462007137261725,28.462007137261725,9500.0,0.0,0.0,0.0,1.0
15:54:03.037,0.0,-28.462007137261725,28.462007137261725,9500.0,0.0,0.0,0.0,1.0
15:54:03.057,0.0,-28.462007137261725,28.462007137261725,9500.0,0.0,0.0,0.0,1.0
15:54:03.077,0.0,-28.462007137261725,28.462007137261725,9500.0,0.0,0.0,0.0,1.0
15:54:03.097,0.0,-28.462007137261725,28.462007137261725,9500.0,0.0,0.0,0.0,1.0
15:54:03.117,0.0,-28.462007137261725,28.462007137261725,9500.0,0.0,0.0,0.0,1.0
15:54:03.137,0.0,-28.462007137261725,28.462007137261725,9500.0,0.0,0.0,0.0,1.0
15:54:03.157,0.0,-28.462007137261725,28.462007137261725,9500.0,0.0,0.0,0.0,1.0
15:54:03.177,0.0,-28.462007137261725,28.462007137261725,9500.0,0.0,0.0,0.0,1.0
15:54:03.197,0.0,-28.462007137261725,28.462007137261725,9500.0,0.0,0.0,0.0,1.0
15:54:03.217,0.0,-28.462007137261725,28.462007137261725,9500.0,0.0,0.0,0.0,1.0
15:54:03.237,0.0,-28.462007137261725,28.462007137261725,9500.0,0.0,0.0,0.0,1.0
15:54:03.257,0.0,-28.462007137261725,28.462007137261725,9500.0,0.0,0.0,0.0,1.0
15:54:03.277,0.0,-28.462007137261725,28.462007137261725,9500.0,0.0,0.0,0.0,1.0
15:54:03.297,0.0,-28.462007137261725,28.462007137261725,9500.0,0.0,0.0,0.0,1.0
15:54:03.317,0.0,-28.462007137261725,28.462007137261725,9500.0,0.0,0.0,0.0,1.0
15:54:03.337,0.0,-28.462007137261725,28.462007137261725,9500.0,0.0,0.0,0.0,1.0
15:54:03.357,0.0,-28.462007137261725,28.462007137261725,9500.0,0.0,0.0,0.0,1.0
15:54:03.377,0.0,-28.462007137261725,28.462007137261725,9500.0,0.0,0.0,0.0,1.0
15:54:03.397,0.0,-28.462007137261725,28.462007137261725,9500.0,0.0,0.0,0.0,1.0
15:54:03.417,0.0,-28.462007137261725,28.462007137261725,9500.0,0.0,0.0,0.0,1.0
15:54:03.437,0.0,-28.462007137261725,28.462007137261725,9500.0,0.0,0.0,0.0,1.0
15:54:03.457,0.0,-28.462007137261725,28.462007137261725,9500.0,0.0,0.0,0.0,1.0
15:54:03.477,0.0,-28.462007137261725,28.462007137261725,9500.0,0.0,0.0,0.0,1.0
15:54:03.497,0.0,-28.462007137261725,28.462007137261725,9500.0,0.0,0.0,0.0,1.0
15:54:03.517,0.0,-28.462007137261725,28.462007137261725,9500.0,0.0,0.0,0.0,1.0
15:54:03.537,0.0,-28.462007137261725,28.462007137261725,9500.0,0.0,0.0,0.0,1.0
15:54:03.557,0.0,-28.462007137261725,28.462007137261725,9500.0,0.0,0.0,0.0,1.0
15:54:03.577,0.0,-28.462007137261725,28.462007137261725,9500.0,0.0,0.0,0.0,1.0
15:54:03.597,0.0,-28.462007137261725,28.462007137261725,9500.0,0.0,0.0,0.0,1.0
15:54:03.617,0.0,-28.462007137261725,28.462007137261725,9500.0,0.0,0.0,0.0,1.0
15:54:03.637,0.0,-28.462007137261725,28.462007137261725,9500.0,0.0,0.0,0.0,1.0
15:54:03.657,0.0,-28.462007137261725,28.462007137261725,9500.0,0.0,0.0,0.0,1.0
15:54:03.677,0.0,-28.462007137261725,28.462007137261725,9500.0,0.0,0.0,0.0,1.0
15:54:03.697,0.0,-28.462007137261725,28.462007137261725,9500.0,0.0,0.0,0.0,1.0
15:54:03.717,0.0,-28.462007137261725,28.462007137261725,9500.0,0.0,0.0,0.0,1.0
15:54:03.737,0.0,-28.462007137261725,28.462007137261725,9500.0,0.0,0.0,0.0,1.0
15:54:03.757,0.0,-28.462007137261725,28.462007137261725,9500.0,0.0,0.0,0.0,1.0
15:54:03.777,0.0,-28.462007137261725,28.462007137261725,9500.0,0.0,0.0,0.0,1.0
15:54:03.797,0.0,-28.462007137261725,28.462007137261725,9500.0,0.0,0.0,0.0,1.0
15:54:03.817,0.0,-28.462007137261725,28.462007137261725,9500.0,0.0,0.0,0.0,1.0
15:54:03.837,0.0,-28.462007137261725,28.462007137261725,9500.0,0.0,0.0,0.0,1.0
15:54:03.857,0.0,-28.462007137261725,28.462007137261725,9500.0,0.0,0.0,0.0,1.0
15:54:03.877,0.0,-28.462007137261725,28.462007137261725,9500.0,0.0,0.0,0.0,1.0
15:54:03.897,0.0,-28.462007137261725,28.462007137261725,9500.0,0.0,0.0,0.0,1.0
15:54:03.917,0.0,-28.462007137261725,28.462007137261725,9500.0,0.0,0.0,0.0,1.0
15:54:03.937,0.0,-28.462007137261725,28.462007137261725,9500.0,0.0,0.0,0.0,1.0
15:54:03.957,0.0,-28.462007137261725,28.462007137261725,9500.0,0.0,0.0,0.0,1.0
15:54:03.977,0.0,-28.462007137261725,28.462007137261725,9500.0,0.0,0.0,0.0,1.0
15:54:03.997,0.0,-28.462007137261725,28.462007137261725,9500.0,0.0,0.0,0.0,1.0
15:54:04.017,0.0,-28.462007137261725,28.462007137261725,9500.0,0.0,0.0,0.0,1.0
15:54:04.037,0.0,-28.462007137261725,28.462007137261725,9500.0,0.0,0.0,0.0,1.0
15:54:04.057,0.0,-28.462007137261725,28.462007137261725,9500.0,0.0,0.0,0.0,1.0
15:54:04.077,0.0,-28.462007137261725,28.462007137261725,9500.0,0.0,0.0,0.0,1.0
15:54:04.097,0.0,-28.462007137261725,28.462007137261725,9500.0,0.0,0.0,0.0,1.0
15:54:04.117,0.0,-28.462007137261725,28.462007137261725,9500.0,0.0,0.0,0.0,1.0
15:54:04.137,0.0,-28.462007137261725,28.462007137261725,9500.0,0.0,0.0,0.0,1.0
15:54:04.157,0.0,-28.462007137261725,28.462007137261725,9500.0,0.0,0.0,0.0,1.0
15:54:04.177,0.0,-28.462007137261725,28.462007137261725,9500.0,0.0,0.0,0.0,1.0
15:54:04.197,0.0,-28.462007137261725,28.462007137261725,9500.0,0.0,0.0,0.0,1.0
15:54:04.217,0.0,-28.462007137261725,28.462007137261725,9500.0,0.0,0.0,0.0,1.0
15:54:04.237,0.0,-28.462007137261725,28.462007137261725,9500.0,0.0,0.0,0.0,1.0
15:54:04.257,0.0,-28.462007137261725,28.462007137261725,9500.0,0.0,0.0,0.0,1.0
15:54:04.277,0.0,-28.462007137261725,28.462007137261725,9500.0,0.0,0.0,0.0,1.0
15:54:04.297,0.0,-28.462007137261725,28.462007137261725,9500.0,0.0,0.0,0.0,1.0
15:54:04.317,0.0,-28.462007137261725,28.462007137261725,9500.0,0.0,0.0,0.0,1.0
15:54:04.337,0.0,-28.462007137261725,28.462007137261725,9500.0,0.0,0.0,0.0,1.0
15:54:04.357,0.0,-28.462007137261725,28.462007137261725,9500.0,0.0,0.0,0.0,1.0
15:54:04.377,0.0,-28.462007137261725,28.462007137261725,9500.0,0.0,0.0,0.0,1.0
15:54:04.397,0.0,-28.462007137261725,28.462007137261725,9500.0,0.0,0.0,0.0,1.0
15:54:04.417,0.0,-28.462007137261725,28.462007137261725,9500.0,0.0,0.0,0.0,1.0
15:54:04.437,0.0,-28.462007137261725,28.462007137261725,9500.0,0.0,0.0,0.0,1.0
15:54:04.457,0.0,-28.462007137261725,28.462007137261725,9500.0,0.0,0.0,0.0,1.0
15:54:04.477,0.0,-28.462007137261725,28.462007137261725,9500.0,0.0,0.0,0.0,1.0
15:54:04.497,0.0,-28.462007137261725,28.462007137261725,9500.0,0.0,0.0,0.0,1.0
15:54:04.517,0.0,-28.462007137261725,28.462007137261725,9500.0,0.0,0.0,0.0,1.0
15:54:04.537,0.0,-28.462007137261725,28.462007137261725,9500.0,0.0,0.0,0.0,1.0
15:54:04.557,0.0,-28.462007137261725,28.462007137261725,9500.0,0.0,0.0,0.0,1.0
15:54:04.577,0.0,-28.462007137261725,28.462007137261725,9500.0,0.0,0.0,0.0,1.0
15:54:04.597,0.0,-28.462007137261725,28.462007137261725,9500.0,0.0,0.0,0.0,1.0
15:54:04.617,0.0,-28.462007137261725,28.462007137261725,9500.0,0.0,0.0,0.0,1.0
15:54:04.637,0.0,-28.462007137261725,28.462007137261725,9500.0,0.0,0.0,0.0,1.0
15:54:04.657,0.0,-28.462007137261725,28.462007137261725,9500.0,0.0,0.0,0.0,1.0
15:54:04.677,0.0,-28.462007137261725,28.462007137261725,9500.0,0.0,0.0,0.0,1.0
15:54:04.697,0.0,-28.462007137261725,28.462007137261725,9500.0,0.0,0.0,0.0,1.0
15:54:04.717,0.0,-28.462007137261725,28.462007137261725,9500.0,0.0,0.0,0.0,1.0
15:54:04.736,0.0,-28.462007137261725,28.462007137261725,9500.0,0.0,0.0,0.0,1.0
15:54:04.757,0.0,-28.462007137261725,28.462007137261725,9500.0,0.0,0.0,0.0,1.0
15:54:04.777,0.0,-28.462007137261725,28.462007137261725,9500.0,0.0,0.0,0.0,1.0
15:54:04.797,0.0,-28.462007137261725,28.462007137261725,9500.0,0.0,0.0,0.0,1.0
15:54:04.817,0.0,-28.462007137261725,28.462007137261725,9500.0,0.0,0.0,0.0,1.0
15:54:04.837,0.0,-28.462007137261725,28.462007137261725,9500.0,0.0,0.0,0.0,1.0
15:54:04.857,0.0,-28.462007137261725,28.462007137261725,9500.0,0.0,0.0,0.0,1.0
15:54:04.877,0.0,-28.462007137261725,28.462007137261725,9500.0,0.0,0.0,0.0,1.0
15:54:04.897,0.0,-28.462007137261725,28.462007137261725,9500.0,0.0,0.0,0.0,1.0
15:54:04.917,0.0,-28.462007137261725,28.462007137261725,9500.0,0.0,0.0,0.0,1.0
15:54:04.937,0.0,-28.462007137261725,28.462007137261725,9500.0,0.0,0.0,0.0,1.0
15:54:04.957,0.0,-28.462007137261725,28.462007137261725,9500.0,0.0,0.0,0.0,1.0
15:54:04.977,0.0,-28.462007137261725,28.462007137261725,9500.0,0.0,0.0,0.0,1.0
15:54:04.998,19.999999999999996,-28.462007137261725,48.46200713726172,9500.0,0.0,0.0,0.0,1.0
15:54:05.017,19.999999999999996,-28.462007137261725,48.46200713726172,9500.0,0.0,0.0,0.0,1.0
15:54:05.037,19.999999999999996,-28.462007137261725,48.46200713726172,9500.0,0.0,0.0,0.0,1.0
15:54:05.057,19.999999999999996,-28.462007137261725,48.46200713726172,9500.0,0.0,0.0,0.0,1.0
15:54:05.077,19.999999999999996,-28.462007137261725,48.46200713726172,9500.0,0.0,0.0,0.0,1.0
15:54:05.097,19.999999999999996,-28.462007137261725,48.46200713726172,9500.0,0.0,0.0,0.0,1.0
15:54:05.117,19.999999999999996,-28.462007137261725,48.46200713726172,9500.0,0.0,0.0,0.0,1.0
15:54:05.137,19.999999999999996,-28.462007137261725,48.46200713726172,9500.0,0.0,0.0,0.0,1.0
15:54:05.157,19.999999999999996,-28.462007137261725,48.46200713726172,9500.0,0.0,0.0,0.0,1.0
15:54:05.177,19.999999999999996,-28.462007137261725,48.46200713726172,9500.0,0.0,0.0,0.0,1.0
15:54:05.197,19.999999999999996,-28.462007137261725,48.46200713726172,9500.0,0.0,0.0,0.0,1.0
15:54:05.217,19.999999999999996,-28.462007137261725,48.46200713726172,9500.0,0.0,0.0,0.0,1.0
15:54:05.237,19.999999999999996,-28.462007137261725,48.46200713726172,9500.0,0.0,0.0,0.0,1.0
15:54:05.257,19.999999999999996,-28.462007137261725,48.46200713726172,9500.0,0.0,0.0,0.0,1.0
15:54:05.277,19.999999999999996,-28.462007137261725,48.46200713726172,9500.0,0.0,0.0,0.0,1.0
15:54:05.297,19.999999999999996,-28.462007137261725,48.46200713726172,9500.0,0.0,0.0,0.0,1.0
15:54:05.317,19.999999999999996,-28.462007137261725,48.46200713726172,9500.0,0.0,0.0,0.0,1.0
15:54:05.337,19.999999999999996,-28.462007137261725,48.46200713726172,9500.0,0.0,0.0,0.0,1.0
15:54:05.357,19.999999999999996,-28.462007137261725,48.46200713726172,9500.0,0.0,0.0,0.0,1.0
15:54:05.377,19.999999999999996,-28.462007137261725,48.46200713726172,9500.0,0.0,0.0,0.0,1.0
15:54:05.397,19.999999999999996,-28.462007137261725,48.46200713726172,9500.0,0.0,0.0,0.0,1.0
15:54:05.417,19.999999999999996,-28.462007137261725,48.46200713726172,9500.0,0.0,0.0,0.0,1.0
15:54:05.437,19.999999999999996,-28.462007137261725,48.46200713726172,9500.0,0.0,0.0,0.0,1.0
15:54:05.457,19.999999999999996,-28.462007137261725,48.46200713726172,9500.0,0.0,0.0,0.0,1.0
15:54:05.477,19.999999999999996,-28.462007137261725,48.46200713726172,9500.0,0.0,0.0,0.0,1.0
15:54:05.497,19.999999999999996,-28.462007137261725,48.46200713726172,9500.0,0.0,0.0,0.0,1.0
15:54:05.517,19.999999999999996,-28.462007137261725,48.46200713726172,9500.0,0.0,0.0,0.0,1.0
15:54:05.537,19.999999999999996,-28.462007137261725,48.46200713726172,9500.0,0.0,0.0,0.0,1.0
15:54:05.557,19.999999999999996,-28.462007137261725,48.46200713726172,9500.0,0.0,0.0,0.0,1.0
15:54:05.577,19.999999999999996,-28.462007137261725,48.46200713726172,9500.0,0.0,0.0,0.0,1.0
15:54:05.597,19.999999999999996,-28.462007137261725,48.46200713726172,9500.0,0.0,0.0,0.0,1.0
15:54:05.617,19.999999999999996,-28.462007137261725,48.46200713726172,9500.0,0.0,0.0,0.0,1.0
15:54:05.637,19.999999999999996,-28.462007137261725,48.46200713726172,9500.0,0.0,0.0,0.0,1.0
15:54:05.657,19.999999999999996,-28.462007137261725,48.46200713726172,9500.0,0.0,0.0,0.0,1.0
15:54:05.677,19.999999999999996,-28.462007137261725,48.46200713726172,9500.0,0.0,0.0,0.0,1.0
15:54:05.697,19.999999999999996,-28.462007137261725,48.46200713726172,9500.0,0.0,0.0,0.0,1.0
15:54:05.717,19.999999999999996,-28.462007137261725,48.46200713726172,9500.0,0.0,0.0,0.0,1.0
15:54:05.737,19.999999999999996,-28.462007137261725,48.46200713726172,9500.0,0.0,0.0,0.0,1.0
15:54:05.757,19.999999999999996,-28.462007137261725,48.46200713726172,9500.0,0.0,0.0,0.0,1.0
15:54:05.777,19.999999999999996,-28.462007137261725,48.46200713726172,9500.0,0.0,0.0,0.0,1.0
15:54:05.797,19.999999999999996,-28.462007137261725,48.46200713726172,9500.0,0.0,0.0,0.0,1.0
15:54:05.817,19.999999999999996,-28.462007137261725,48.46200713726172,9500.0,0.0,0.0,0.0,1.0
15:54:05.837,19.999999999999996,-28.462007137261725,48.46200713726172,9500.0,0.0,0.0,0.0,1.0
15:54:05.857,19.999999999999996,-28.462007137261725,48.46200713726172,9500.0,0.0,0.0,0.0,1.0
15:54:05.877,19.999999999999996,-28.462007137261725,48.46200713726172,9500.0,0.0,0.0,0.0,1.0
15:54:05.897,19.999999999999996,-28.462007137261725,48.46200713726172,9500.0,0.0,0.0,0.0,1.0
15:54:05.917,19.999999999999996,-28.462007137261725,48.46200713726172,9500.0,0.0,0.0,0.0,1.0
15:54:05.937,19.999999999999996,-28.462007137261725,48.46200713726172,9500.0,0.0,0.0,0.0,1.0
15:54:05.957,19.999999999999996,-28.462007137261725,48.46200713726172,9500.0,0.0,0.0,0.0,1.0
15:54:05.977,19.999999999999996,-28.462007137261725,48.46200713726172,9500.0,0.0,0.0,0.0,1.0
15:54:05.997,19.999999999999996,-28.462007137261725,48.46200713726172,9500.0,0.0,0.0,0.0,1.0
15:54:06.017,19.999999999999996,-28.462007137261725,48.46200713726172,9500.0,0.0,0.0,0.0,1.0
15:54:06.037,19.999999999999996,-28.462007137261725,48.46200713726172,9500.0,0.0,0.0,0.0,1.0
15:54:06.057,19.999999999999996,-28.462007137261725,48.46200713726172,9500.0,0.0,0.0,0.0,1.0
15:54:06.077,19.999999999999996,-28.462007137261725,48.46200713726172,9500.0,0.0,0.0,0.0,1.0
15:54:06.097,19.999999999999996,-28.462007137261725,48.46200713726172,9500.0,0.0,0.0,0.0,1.0
15:54:06.117,19.999999999999996,-28.462007137261725,48.46200713726172,9500.0,0.0,0.0,0.0,1.0
15:54:06.136,19.999999999999996,-28.462007137261725,48.46200713726172,9500.0,0.0,0.0,0.0,1.0
15:54:06.156,19.999999999999996,-28.462007137261725,48.46200713726172,9500.0,0.0,0.0,0.0,1.0
15:54:06.176,19.999999999999996,-28.462007137261725,48.46200713726172,9500.0,0.0,0.0,0.0,1.0
15:54:06.197,19.999999999999996,-28.462007137261725,48.46200713726172,9500.0,0.0,0.0,0.0,1.0
15:54:06.216,19.999999999999996,-28.462007137261725,48.46200713726172,9500.0,0.0,0.0,0.0,1.0
15:54:06.237,19.999999999999996,-28.462007137261725,48.46200713726172,9500.0,0.0,0.0,0.0,1.0
15:54:06.257,19.999999999999996,-28.462007137261725,48.46200713726172,9500.0,0.0,0.0,0.0,1.0
15:54:06.277,19.999999999999996,-28.462007137261725,48.46200713726172,9500.0,0.0,0.0,0.0,1.0
15:54:06.297,19.999999999999996,-28.462007137261725,48.46200713726172,9500.0,0.0,0.0,0.0,1.0
15:54:06.317,19.999999999999996,-28.462007137261725,48.46200713726172,9500.0,0.0,0.0,0.0,1.0
15:54:06.337,19.999999999999996,-28.462007137261725,48.46200713726172,9500.0,0.0,0.0,0.0,1.0
15:54:06.357,19.999999999999996,-28.462007137261725,48.46200713726172,9500.0,0.0,0.0,0.0,1.0
15:54:06.377,19.999999999999996,-28.462007137261725,48.46200713726172,9500.0,0.0,0.0,0.0,1.0
15:54:06.397,19.999999999999996,-28.462007137261725,48.46200713726172,9500.0,0.0,0.0,0.0,1.0
15:54:06.417,19.999999999999996,-28.462007137261725,48.46200713726172,9500.0,0.0,0.0,0.0,1.0
15:54:06.437,19.999999999999996,-28.462007137261725,48.46200713726172,9500.0,0.0,0.0,0.0,1.0
15:54:06.457,19.999999999999996,-28.462007137261725,48.46200713726172,9500.0,0.0,0.0,0.0,1.0
15:54:06.477,19.999999999999996,-28.462007137261725,48.46200713726172,9500.0,0.0,0.0,0.0,1.0
15:54:06.497,19.999999999999996,-28.462007137261725,48.46200713726172,9500.0,0.0,0.0,0.0,1.0
15:54:06.517,19.999999999999996,-28.462007137261725,48.46200713726172,9500.0,0.0,0.0,0.0,1.0
15:54:06.537,19.999999999999996,-28.462007137261725,48.46200713726172,9500.0,0.0,0.0,0.0,1.0
15:54:06.557,19.999999999999996,-28.462007137261725,48.46200713726172,9500.0,0.0,0.0,0.0,1.0
15:54:06.577,19.999999999999996,-28.462007137261725,48.46200713726172,9500.0,0.0,0.0,0.0,1.0
15:54:06.597,19.999999999999996,-28.462007137261725,48.46200713726172,9500.0,0.0,0.0,0.0,1.0
15:54:06.617,19.999999999999996,-28.462007137261725,48.46200713726172,9500.0,0.0,0.0,0.0,1.0
15:54:06.636,19.999999999999996,-28.462007137261725,48.46200713726172,9500.0,0.0,0.0,0.0,1.0
15:54:06.657,19.999999999999996,-28.462007137261725,48.46200713726172,9500.0,0.0,0.0,0.0,1.0
15:54:06.677,19.999999999999996,-28.462007137261725,48.46200713726172,9500.0,0.0,0.0,0.0,1.0
15:54:06.697,19.999999999999996,-28.462007137261725,48.46200713726172,9500.0,0.0,0.0,0.0,1.0
15:54:06.716,19.999999999999996,-28.462007137261725,48.46200713726172,9500.0,0.0,0.0,0.0,1.0
15:54:06.737,19.999999999999996,-28.462007137261725,48.46200713726172,9500.0,0.0,0.0,0.0,1.0
15:54:06.757,19.999999999999996,-28.462007137261725,48.46200713726172,9500.0,0.0,0.0,0.0,1.0
15:54:06.777,19.999999999999996,-28.462007137261725,48.46200713726172,9500.0,0.0,0.0,0.0,1.0
15:54:06.797,19.999999999999996,-28.462007137261725,48.46200713726172,9500.0,0.0,0.0,0.0,1.0
15:54:06.817,19.999999999999996,-28.462007137261725,48.46200713726172,9500.0,0.0,0.0,0.0,1.0
15:54:06.837,19.999999999999996,-28.462007137261725,48.46200713726172,9500.0,0.0,0.0,0.0,1.0
15:54:06.857,19.999999999999996,-28.462007137261725,48.46200713726172,9500.0,0.0,0.0,0.0,1.0
15:54:06.877,19.999999999999996,-28.462007137261725,48.46200713726172,9500.0,0.0,0.0,0.0,1.0
15:54:06.897,19.999999999999996,-28.462007137261725,48.46200713726172,9500.0,0.0,0.0,0.0,1.0
15:54:06.917,19.999999999999996,-28.462007137261725,48.46200713726172,9500.0,0.0,0.0,0.0,1.0
15:54:06.937,19.999999999999996,-28.462007137261725,48.46200713726172,9500.0,0.0,0.0,0.0,1.0
15:54:06.957,19.999999999999996,-28.462007137261725,48.46200713726172,9500.0,0.0,0.0,0.0,1.0
15:54:06.977,19.999999999999996,-28.462007137261725,48.46200713726172,9500.0,0.0,0.0,0.0,1.0
15:54:06.997,19.999999999999996,-28.462007137261725,48.46200713726172,9500.0,0.0,0.0,0.0,1.0
15:54:07.017,19.999999999999996,-28.462007137261725,48.46200713726172,9500.0,0.0,0.0,0.0,1.0
15:54:07.037,19.999999999999996,-28.462007137261725,48.46200713726172,9500.0,0.0,0.0,0.0,1.0
15:54:07.057,19.999999999999996,-28.462007137261725,48.46200713726172,9500.0,0.0,0.0,0.0,1.0
15:54:07.077,19.999999999999996,-28.462007137261725,48.46200713726172,9500.0,0.0,0.0,0.0,1.0
15:54:07.097,19.999999999999996,-28.462007137261725,48.46200713726172,9500.0,0.0,0.0,0.0,1.0
15:54:07.117,19.999999999999996,-28.462007137261725,48.46200713726172,9500.0,0.0,0.0,0.0,1.0
15:54:07.137,19.999999999999996,-28.462007137261725,48.46200713726172,9500.0,0.0,0.0,0.0,1.0
15:54:07.157,19.999999999999996,-28.462007137261725,48.46200713726172,9500.0,0.0,0.0,0.0,1.0
15:54:07.177,19.999999999999996,-28.462007137261725,48.46200713726172,9500.0,0.0,0.0,0.0,1.0
15:54:07.197,19.999999999999996,-28.462007137261725,48.46200713726172,9500.0,0.0,0.0,0.0,1.0
15:54:07.217,19.999999999999996,-28.462007137261725,48.46200713726172,9500.0,0.0,0.0,0.0,1.0
15:54:07.237,19.999999999999996,-28.462007137261725,48.46200713726172,9500.0,0.0,0.0,0.0,1.0
15:54:07.258,19.999999999999996,-28.462007137261725,48.46200713726172,9500.0,0.0,0.0,0.0,1.0
15:54:07.277,19.999999999999996,-28.462007137261725,48.46200713726172,9500.0,0.0,0.0,0.0,1.0
15:54:07.297,19.999999999999996,-28.462007137261725,48.46200713726172,9500.0,0.0,0.0,0.0,1.0
15:54:07.317,19.999999999999996,-28.462007137261725,48.46200713726172,9500.0,0.0,0.0,0.0,1.0
15:54:07.337,19.999999999999996,-28.462007137261725,48.46200713726172,9500.0,0.0,0.0,0.0,1.0
15:54:07.357,19.999999999999996,-28.462007137261725,48.46200713726172,9500.0,0.0,0.0,0.0,1.0
15:54:07.377,19.999999999999996,-28.462007137261725,48.46200713726172,9500.0,0.0,0.0,0.0,1.0
15:54:07.397,19.999999999999996,-28.462007137261725,48.46200713726172,9500.0,0.0,0.0,0.0,1.0
15:54:07.417,19.999999999999996,-28.462007137261725,48.46200713726172,9500.0,0.0,0.0,0.0,1.0
15:54:07.437,19.999999999999996,-28.462007137261725,48.46200713726172,9500.0,0.0,0.0,0.0,1.0
15:54:07.457,19.999999999999996,-28.462007137261725,48.46200713726172,9500.0,0.0,0.0,0.0,1.0
15:54:07.477,19.999999999999996,-28.462007137261725,48.46200713726172,9500.0,0.0,0.0,0.0,1.0
15:54:07.497,19.999999999999996,-28.462007137261725,48.46200713726172,9500.0,0.0,0.0,0.0,1.0
15:54:07.517,19.999999999999996,-28.462007137261725,48.46200713726172,9500.0,0.0,0.0,0.0,1.0
15:54:07.537,19.999999999999996,-28.462007137261725,48.46200713726172,9500.0,0.0,0.0,0.0,1.0
15:54:07.557,19.999999999999996,-28.462007137261725,48.46200713726172,9500.0,0.0,0.0,0.0,1.0
15:54:07.577,19.999999999999996,-28.462007137261725,48.46200713726172,9500.0,0.0,0.0,0.0,1.0
15:54:07.597,19.999999999999996,-28.462007137261725,48.46200713726172,9500.0,0.0,0.0,0.0,1.0
15:54:07.617,19.999999999999996,-28.462007137261725,48.46200713726172,9500.0,0.0,0.0,0.0,1.0
15:54:07.637,19.999999999999996,-28.462007137261725,48.46200713726172,9500.0,0.0,0.0,0.0,1.0
15:54:07.657,19.999999999999996,-28.462007137261725,48.46200713726172,9500.0,0.0,0.0,0.0,1.0
15:54:07.677,19.999999999999996,-28.462007137261725,48.46200713726172,9500.0,0.0,0.0,0.0,1.0
15:54:07.697,19.999999999999996,-28.462007137261725,48.46200713726172,9500.0,0.0,0.0,0.0,1.0
15:54:07.717,19.999999999999996,-28.462007137261725,48.46200713726172,9500.0,0.0,0.0,0.0,1.0
15:54:07.737,19.999999999999996,-28.462007137261725,48.46200713726172,9500.0,0.0,0.0,0.0,1.0
15:54:07.757,19.999999999999996,-28.462007137261725,48.46200713726172,9500.0,0.0,0.0,0.0,1.0
15:54:07.777,19.999999999999996,-28.462007137261725,48.46200713726172,9500.0,0.0,0.0,0.0,1.0
15:54:07.797,19.999999999999996,-28.462007137261725,48.46200713726172,9500.0,0.0,0.0,0.0,1.0
15:54:07.817,19.999999999999996,-28.462007137261725,48.46200713726172,9500.0,0.0,0.0,0.0,1.0
15:54:07.837,19.999999999999996,-28.462007137261725,48.46200713726172,9500.0,0.0,0.0,0.0,1.0
15:54:07.857,19.999999999999996,-28.462007137261725,48.46200713726172,9500.0,0.0,0.0,0.0,1.0
15:54:07.877,19.999999999999996,-28.462007137261725,48.46200713726172,9500.0,0.0,0.0,0.0,1.0
15:54:07.897,19.999999999999996,-28.462007137261725,48.46200713726172,9500.0,0.0,0.0,0.0,1.0
15:54:07.917,19.999999999999996,-28.462007137261725,48.46200713726172,9500.0,0.0,0.0,0.0,1.0
15:54:07.937,19.999999999999996,-28.462007137261725,48.46200713726172,9500.0,0.0,0.0,0.0,1.0
15:54:07.957,19.999999999999996,-28.462007137261725,48.46200713726172,9500.0,0.0,0.0,0.0,1.0
15:54:07.977,19.999999999999996,-28.462007137261725,48.46200713726172,9500.0,0.0,0.0,0.0,1.0
15:54:07.997,19.999999999999996,-28.462007137261725,48.46200713726172,9500.0,0.0,0.0,0.0,1.0
15:54:08.017,19.999999999999996,-28.462007137261725,48.46200713726172,9500.0,0.0,0.0,0.0,1.0
15:54:08.037,19.999999999999996,-28.462007137261725,48.46200713726172,9500.0,0.0,0.0,0.0,1.0
15:54:08.057,19.999999999999996,-28.462007137261725,48.46200713726172,9500.0,0.0,0.0,0.0,1.0
15:54:08.077,19.999999999999996,-28.462007137261725,48.46200713726172,9500.0,0.0,0.0,0.0,1.0
15:54:08.097,19.999999999999996,-28.462007137261725,48.46200713726172,9500.0,0.0,0.0,0.0,1.0
15:54:08.117,19.999999999999996,-28.462007137261725,48.46200713726172,9500.0,0.0,0.0,0.0,1.0
15:54:08.137,19.999999999999996,-28.462007137261725,48.46200713726172,9500.0,0.0,0.0,0.0,1.0
15:54:08.157,19.999999999999996,-28.462007137261725,48.46200713726172,9500.0,0.0,0.0,0.0,1.0
15:54:08.177,19.999999999999996,-28.462007137261725,48.46200713726172,9500.0,0.0,0.0,0.0,1.0
15:54:08.197,19.999999999999996,-28.462007137261725,48.46200713726172,9500.0,0.0,0.0,0.0,1.0
15:54:08.217,19.999999999999996,-28.462007137261725,48.46200713726172,9500.0,0.0,0.0,0.0,1.0
15:54:08.237,19.999999999999996,-28.462007137261725,48.46200713726172,9500.0,0.0,0.0,0.0,1.0
15:54:08.257,19.999999999999996,-28.462007137261725,48.46200713726172,9500.0,0.0,0.0,0.0,1.0
15:54:08.277,19.999999999999996,-28.462007137261725,48.46200713726172,9500.0,0.0,0.0,0.0,1.0
15:54:08.297,19.999999999999996,-28.462007137261725,48.46200713726172,9500.0,0.0,0.0,0.0,1.0
15:54:08.317,19.999999999999996,-28.462007137261725,48.46200713726172,9500.0,0.0,0.0,0.0,1.0
15:54:08.337,19.999999999999996,-28.462007137261725,48.46200713726172,9500.0,0.0,0.0,0.0,1.0
15:54:08.357,19.999999999999996,-28.462007137261725,48.46200713726172,9500.0,0.0,0.0,0.0,1.0
15:54:08.377,19.999999999999996,-28.462007137261725,48.46200713726172,9500.0,0.0,0.0,0.0,1.0
15:54:08.397,19.999999999999996,-28.462007137261725,48.46200713726172,9500.0,0.0,0.0,0.0,1.0
15:54:08.417,19.999999999999996,-28.462007137261725,48.46200713726172,9500.0,0.0,0.0,0.0,1.0
15:54:08.437,19.999999999999996,-28.462007137261725,48.46200713726172,9500.0,0.0,0.0,0.0,1.0
15:54:08.457,19.999999999999996,-28.462007137261725,48.46200713726172,9500.0,0.0,0.0,0.0,1.0
15:54:08.477,19.999999999999996,-28.462007137261725,48.46200713726172,9500.0,0.0,0.0,0.0,1.0
15:54:08.497,19.999999999999996,-28.462007137261725,48.46200713726172,9500.0,0.0,0.0,0.0,1.0
15:54:08.517,19.999999999999996,-28.462007137261725,48.46200713726172,9500.0,0.0,0.0,0.0,1.0
15:54:08.537,19.999999999999996,-28.462007137261725,48.46200713726172,9500.0,0.0,0.0,0.0,1.0
15:54:08.557,19.999999999999996,-28.462007137261725,48.46200713726172,9500.0,0.0,0.0,0.0,1.0
15:54:08.577,19.999999999999996,-28.462007137261725,48.46200713726172,9500.0,0.0,0.0,0.0,1.0
15:54:08.597,19.999999999999996,-28.462007137261725,48.46200713726172,9500.0,0.0,0.0,0.0,1.0
15:54:08.617,19.999999999999996,-28.462007137261725,48.46200713726172,9500.0,0.0,0.0,0.0,1.0
15:54:08.637,19.999999999999996,-28.462007137261725,48.46200713726172,9500.0,0.0,0.0,0.0,1.0
15:54:08.657,19.999999999999996,-28.462007137261725,48.46200713726172,9500.0,0.0,0.0,0.0,1.0
15:54:08.677,19.999999999999996,-28.462007137261725,48.46200713726172,9500.0,0.0,0.0,0.0,1.0
15:54:08.696,19.999999999999996,-28.462007137261725,48.46200713726172,9500.0,0.0,0.0,0.0,1.0
15:54:08.717,19.999999999999996,-28.462007137261725,48.46200713726172,9500.0,0.0,0.0,0.0,1.0
15:54:08.737,19.999999999999996,-28.462007137261725,48.46200713726172,9500.0,0.0,0.0,0.0,1.0
15:54:08.757,19.999999999999996,-28.462007137261725,48.46200713726172,9500.0,0.0,0.0,0.0,1.0
15:54:08.777,19.999999999999996,-28.462007137261725,48.46200713726172,9500.0,0.0,0.0,0.0,1.0
15:54:08.797,19.999999999999996,-28.462007137261725,48.46200713726172,9500.0,0.0,0.0,0.0,1.0
15:54:08.817,19.999999999999996,-28.462007137261725,48.46200713726172,9500.0,0.0,0.0,0.0,1.0
15:54:08.837,19.999999999999996,-28.462007137261725,48.46200713726172,9500.0,0.0,0.0,0.0,1.0
15:54:08.857,19.999999999999996,-28.462007137261725,48.46200713726172,9500.0,0.0,0.0,0.0,1.0
15:54:08.877,19.999999999999996,-28.462007137261725,48.46200713726172,9500.0,0.0,0.0,0.0,1.0
15:54:08.897,19.999999999999996,-28.462007137261725,48.46200713726172,9500.0,0.0,0.0,0.0,1.0
15:54:08.917,19.999999999999996,-28.462007137261725,48.46200713726172,9500.0,0.0,0.0,0.0,1.0
15:54:08.937,19.999999999999996,-28.462007137261725,48.46200713726172,9500.0,0.0,0.0,0.0,1.0
15:54:08.957,19.999999999999996,-28.462007137261725,48.46200713726172,9500.0,0.0,0.0,0.0,1.0
15:54:08.977,19.999999999999996,-28.462007137261725,48.46200713726172,9500.0,0.0,0.0,0.0,1.0
15:54:08.997,19.999999999999996,-28.462007137261725,48.46200713726172,9500.0,0.0,0.0,0.0,1.0
15:54:09.017,19.999999999999996,-28.462007137261725,48.46200713726172,9500.0,0.0,0.0,0.0,1.0
15:54:09.037,19.999999999999996,-28.462007137261725,48.46200713726172,9500.0,0.0,0.0,0.0,1.0
15:54:09.057,19.999999999999996,-28.462007137261725,48.46200713726172,9500.0,0.0,0.0,0.0,1.0
15:54:09.077,19.999999999999996,-28.462007137261725,48.46200713726172,9500.0,0.0,0.0,0.0,1.0
15:54:09.097,19.999999999999996,-28.462007137261725,48.46200713726172,9500.0,0.0,0.0,0.0,1.0
15:54:09.117,19.999999999999996,-28.462007137261725,48.46200713726172,9500.0,0.0,0.0,0.0,1.0
15:54:09.137,19.999999999999996,-28.462007137261725,48.46200713726172,9500.0,0.0,0.0,0.0,1.0
15:54:09.157,19.999999999999996,-28.462007137261725,48.46200713726172,9500.0,0.0,0.0,0.0,1.0
15:54:09.177,19.999999999999996,-28.462007137261725,48.46200713726172,9500.0,0.0,0.0,0.0,1.0
15:54:09.197,19.999999999999996,-28.462007137261725,48.46200713726172,9500.0,0.0,0.0,0.0,1.0
15:54:09.217,19.999999999999996,-28.462007137261725,48.46200713726172,9500.0,0.0,0.0,0.0,1.0
15:54:09.237,19.999999999999996,-28.462007137261725,48.46200713726172,9500.0,0.0,0.0,0.0,1.0
15:54:09.257,19.999999999999996,-28.462007137261725,48.46200713726172,9500.0,0.0,0.0,0.0,1.0
15:54:09.277,19.999999999999996,-28.462007137261725,48.46200713726172,9500.0,0.0,0.0,0.0,1.0
15:54:09.297,19.999999999999996,-28.462007137261725,48.46200713726172,9500.0,0.0,0.0,0.0,1.0
15:54:09.317,19.999999999999996,-28.462007137261725,48.46200713726172,9500.0,0.0,0.0,0.0,1.0
15:54:09.337,19.999999999999996,-28.462007137261725,48.46200713726172,9500.0,0.0,0.0,0.0,1.0
15:54:09.357,19.999999999999996,-28.462007137261725,48.46200713726172,9500.0,0.0,0.0,0.0,1.0
15:54:09.377,19.999999999999996,-28.462007137261725,48.46200713726172,9500.0,0.0,0.0,0.0,1.0
15:54:09.397,19.999999999999996,-28.462007137261725,48.46200713726172,9500.0,0.0,0.0,0.0,1.0
15:54:09.417,19.999999999999996,-28.462007137261725,48.46200713726172,9500.0,0.0,0.0,0.0,1.0
15:54:09.437,19.999999999999996,-28.462007137261725,48.46200713726172,9500.0,0.0,0.0,0.0,1.0
15:54:09.457,19.999999999999996,-28.462007137261725,48.46200713726172,9500.0,0.0,0.0,0.0,1.0
15:54:09.477,19.999999999999996,-28.462007137261725,48.46200713726172,9500.0,0.0,0.0,0.0,1.0
15:54:09.497,19.999999999999996,-28.462007137261725,48.46200713726172,9500.0,0.0,0.0,0.0,1.0
15:54:09.517,19.999999999999996,-28.462007137261725,48.46200713726172,9500.0,0.0,0.0,0.0,1.0
15:54:09.537,19.999999999999996,-28.462007137261725,48.46200713726172,9500.0,0.0,0.0,0.0,1.0
15:54:09.557,19.999999999999996,-28.462007137261725,48.46200713726172,9500.0,0.0,0.0,0.0,1.0
15:54:09.577,19.999999999999996,-28.462007137261725,48.46200713726172,9500.0,0.0,0.0,0.0,1.0
15:54:09.597,19.999999999999996,-28.462007137261725,48.46200713726172,9500.0,0.0,0.0,0.0,1.0
15:54:09.617,19.999999999999996,-28.462007137261725,48.46200713726172,9500.0,0.0,0.0,0.0,1.0
15:54:09.637,19.999999999999996,-28.462007137261725,48.46200713726172,9500.0,0.0,0.0,0.0,1.0
15:54:09.657,19.999999999999996,-28.462007137261725,48.46200713726172,9500.0,0.0,0.0,0.0,1.0
15:54:09.677,19.999999999999996,-28.462007137261725,48.46200713726172,9500.0,0.0,0.0,0.0,1.0
15:54:09.697,19.999999999999996,-28.462007137261725,48.46200713726172,9500.0,0.0,0.0,0.0,1.0
15:54:09.717,19.999999999999996,-28.462007137261725,48.46200713726172,9500.0,0.0,0.0,0.0,1.0
15:54:09.737,19.999999999999996,-28.462007137261725,48.46200713726172,9500.0,0.0,0.0,0.0,1.0
15:54:09.757,19.999999999999996,-28.462007137261725,48.46200713726172,9500.0,0.0,0.0,0.0,1.0
15:54:09.777,19.999999999999996,-28.462007137261725,48.46200713726172,9500.0,0.0,0.0,0.0,1.0
15:54:09.797,19.999999999999996,-28.462007137261725,48.46200713726172,9500.0,0.0,0.0,0.0,1.0
15:54:09.817,19.999999999999996,-28.462007137261725,48.46200713726172,9500.0,0.0,0.0,0.0,1.0
15:54:09.837,19.999999999999996,-28.462007137261725,48.46200713726172,9500.0,0.0,0.0,0.0,1.0
15:54:09.857,19.999999999999996,-28.462007137261725,48.46200713726172,9500.0,0.0,0.0,0.0,1.0
15:54:09.877,19.999999999999996,-28.462007137261725,48.46200713726172,9500.0,0.0,0.0,0.0,1.0
15:54:09.897,19.999999999999996,-28.462007137261725,48.46200713726172,9500.0,0.0,0.0,0.0,1.0
15:54:09.917,19.999999999999996,-28.462007137261725,48.46200713726172,9500.0,0.0,0.0,0.0,1.0
15:54:09.937,19.999999999999996,-28.462007137261725,48.46200713726172,9500.0,0.0,0.0,0.0,1.0
15:54:09.957,19.999999999999996,-28.462007137261725,48.46200713726172,9500.0,0.0,0.0,0.0,1.0
15:54:09.977,19.999999999999996,-28.462007137261725,48.46200713726172,9500.0,0.0,0.0,0.0,1.0
15:54:09.997,19.999999999999996,-28.462007137261725,48.46200713726172,9500.0,0.0,0.0,0.0,1.0
15:54:10.017,19.999999999999996,-28.462007137261725,48.46200713726172,9500.0,0.0,0.0,0.0,1.0
15:54:10.037,19.999999999999996,-28.462007137261725,48.46200713726172,9500.0,0.0,0.0,0.0,1.0
15:54:10.057,19.999999999999996,-28.462007137261725,48.46200713726172,9500.0,0.0,0.0,0.0,1.0
15:54:10.077,19.999999999999996,-28.462007137261725,48.46200713726172,9500.0,0.0,0.0,0.0,1.0
15:54:10.097,19.999999999999996,-28.462007137261725,48.46200713726172,9500.0,0.0,0.0,0.0,1.0
15:54:10.117,19.999999999999996,-28.462007137261725,48.46200713726172,9500.0,0.0,0.0,0.0,1.0
15:54:10.137,19.999999999999996,-28.462007137261725,48.46200713726172,9500.0,0.0,0.0,0.0,1.0
15:54:10.157,19.999999999999996,-28.462007137261725,48.46200713726172,9500.0,0.0,0.0,0.0,1.0
15:54:10.177,19.999999999999996,-28.462007137261725,48.46200713726172,9500.0,0.0,0.0,0.0,1.0
15:54:10.197,19.999999999999996,-28.462007137261725,48.46200713726172,9500.0,0.0,0.0,0.0,1.0
15:54:10.217,19.999999999999996,-28.462007137261725,48.46200713726172,9500.0,0.0,0.0,0.0,1.0
15:54:10.237,19.999999999999996,-28.462007137261725,48.46200713726172,9500.0,0.0,0.0,0.0,1.0
15:54:10.257,19.999999999999996,-28.462007137261725,48.46200713726172,9500.0,0.0,0.0,0.0,1.0
15:54:10.277,19.999999999999996,-28.462007137261725,48.46200713726172,9500.0,0.0,0.0,0.0,1.0
15:54:10.297,19.999999999999996,-28.462007137261725,48.46200713726172,9500.0,0.0,0.0,0.0,1.0
15:54:10.317,19.999999999999996,-28.462007137261725,48.46200713726172,9500.0,0.0,0.0,0.0,1.0
15:54:10.337,19.999999999999996,-28.462007137261725,48.46200713726172,9500.0,0.0,0.0,0.0,1.0
15:54:10.357,19.999999999999996,-28.462007137261725,48.46200713726172,9500.0,0.0,0.0,0.0,1.0
15:54:10.377,19.999999999999996,-28.462007137261725,48.46200713726172,9500.0,0.0,0.0,0.0,1.0
15:54:10.397,19.999999999999996,-28.462007137261725,48.46200713726172,9500.0,0.0,0.0,0.0,1.0
15:54:10.417,19.999999999999996,-28.462007137261725,48.46200713726172,9500.0,0.0,0.0,0.0,1.0
15:54:10.437,19.999999999999996,-28.462007137261725,48.46200713726172,9500.0,0.0,0.0,0.0,1.0
15:54:10.457,19.999999999999996,-28.462007137261725,48.46200713726172,9500.0,0.0,0.0,0.0,1.0
15:54:10.477,19.999999999999996,-28.462007137261725,48.46200713726172,9500.0,0.0,0.0,0.0,1.0
15:54:10.497,19.999999999999996,-28.462007137261725,48.46200713726172,9500.0,0.0,0.0,0.0,1.0
15:54:10.517,19.999999999999996,-28.462007137261725,48.46200713726172,9500.0,0.0,0.0,0.0,1.0
15:54:10.537,19.999999999999996,-28.462007137261725,48.46200713726172,9500.0,0.0,0.0,0.0,1.0
15:54:10.557,19.999999999999996,-28.462007137261725,48.46200713726172,9500.0,0.0,0.0,0.0,1.0
15:54:10.577,19.999999999999996,-28.462007137261725,48.46200713726172,9500.0,0.0,0.0,0.0,1.0
15:54:10.597,19.999999999999996,-28.462007137261725,48.46200713726172,9500.0,0.0,0.0,0.0,1.0
15:54:10.617,19.999999999999996,-28.462007137261725,48.46200713726172,9500.0,0.0,0.0,0.0,1.0
15:54:10.637,19.999999999999996,-28.462007137261725,48.46200713726172,9500.0,0.0,0.0,0.0,1.0
15:54:10.656,19.999999999999996,-28.462007137261725,48.46200713726172,9500.0,0.0,0.0,0.0,1.0
15:54:10.677,19.999999999999996,-28.462007137261725,48.46200713726172,9500.0,0.0,0.0,0.0,1.0
15:54:10.698,-19.999999999999996,-28.462007137261725,8.46200713726173,9500.0,0.0,0.0,0.0,1.0
15:54:10.717,-19.999999999999996,-28.462007137261725,8.46200713726173,9500.0,0.0,0.0,0.0,1.0
15:54:10.737,-19.999999999999996,-28.462007137261725,8.46200713726173,9500.0,0.0,0.0,0.0,1.0
15:54:10.757,-19.999999999999996,-28.462007137261725,8.46200713726173,9500.0,0.0,0.0,0.0,1.0
15:54:10.777,-19.999999999999996,-28.462007137261725,8.46200713726173,9500.0,0.0,0.0,0.0,1.0
15:54:10.797,-19.999999999999996,-28.462007137261725,8.46200713726173,9500.0,0.0,0.0,0.0,1.0
15:54:10.818,-19.999999999999996,-28.462007137261725,8.46200713726173,9500.0,0.0,0.0,0.0,1.0
15:54:10.837,-19.999999999999996,-28.462007137261725,8.46200713726173,9500.0,0.0,0.0,0.0,1.0
15:54:10.857,-19.999999999999996,-28.462007137261725,8.46200713726173,9500.0,0.0,0.0,0.0,1.0
15:54:10.877,-19.999999999999996,-28.462007137261725,8.46200713726173,9500.0,0.0,0.0,0.0,1.0
15:54:10.897,-19.999999999999996,-28.462007137261725,8.46200713726173,9500.0,0.0,0.0,0.0,1.0
15:54:10.917,-19.999999999999996,-28.462007137261725,8.46200713726173,9500.0,0.0,0.0,0.0,1.0
15:54:10.937,-19.999999999999996,-28.462007137261725,8.46200713726173,9500.0,0.0,0.0,0.0,1.0
15:54:10.957,-19.999999999999996,-28.462007137261725,8.46200713726173,9500.0,0.0,0.0,0.0,1.0
15:54:10.977,-19.999999999999996,-28.462007137261725,8.46200713726173,9500.0,0.0,0.0,0.0,1.0
15:54:10.997,-19.999999999999996,-28.462007137261725,8.46200713726173,9500.0,0.0,0.0,0.0,1.0
15:54:11.017,-19.999999999999996,-28.462007137261725,8.46200713726173,9500.0,0.0,0.0,0.0,1.0
15:54:11.037,-19.999999999999996,-28.462007137261725,8.46200713726173,9500.0,0.0,0.0,0.0,1.0
15:54:11.057,-19.999999999999996,-28.462007137261725,8.46200713726173,9500.0,0.0,0.0,0.0,1.0
15:54:11.077,-19.999999999999996,-28.462007137261725,8.46200713726173,9500.0,0.0,0.0,0.0,1.0
15:54:11.097,-19.999999999999996,-28.462007137261725,8.46200713726173,9500.0,0.0,0.0,0.0,1.0
15:54:11.117,-19.999999999999996,-28.462007137261725,8.46200713726173,9500.0,0.0,0.0,0.0,1.0
15:54:11.137,-19.999999999999996,-28.462007137261725,8.46200713726173,9500.0,0.0,0.0,0.0,1.0
15:54:11.157,-19.999999999999996,-28.462007137261725,8.46200713726173,9500.0,0.0,0.0,0.0,1.0
15:54:11.177,-19.999999999999996,-28.462007137261725,8.46200713726173,9500.0,0.0,0.0,0.0,1.0
15:54:11.197,-19.999999999999996,-28.462007137261725,8.46200713726173,9500.0,0.0,0.0,0.0,1.0
15:54:11.217,-19.999999999999996,-28.462007137261725,8.46200713726173,9500.0,0.0,0.0,0.0,1.0
15:54:11.237,-19.999999999999996,-28.462007137261725,8.46200713726173,9500.0,0.0,0.0,0.0,1.0
15:54:11.257,-19.999999999999996,-28.462007137261725,8.46200713726173,9500.0,0.0,0.0,0.0,1.0
15:54:11.277,-19.999999999999996,-28.462007137261725,8.46200713726173,9500.0,0.0,0.0,0.0,1.0
15:54:11.297,-19.999999999999996,-28.462007137261725,8.46200713726173,9500.0,0.0,0.0,0.0,1.0
15:54:11.317,-19.999999999999996,-28.462007137261725,8.46200713726173,9500.0,0.0,0.0,0.0,1.0
15:54:11.337,-19.999999999999996,-28.462007137261725,8.46200713726173,9500.0,0.0,0.0,0.0,1.0
15:54:11.357,-19.999999999999996,-28.462007137261725,8.46200713726173,9500.0,0.0,0.0,0.0,1.0
15:54:11.377,-19.999999999999996,-28.462007137261725,8.46200713726173,9500.0,0.0,0.0,0.0,1.0
15:54:11.397,-19.999999999999996,-28.462007137261725,8.46200713726173,9500.0,0.0,0.0,0.0,1.0
15:54:11.417,-19.999999999999996,-28.462007137261725,8.46200713726173,9500.0,0.0,0.0,0.0,1.0
15:54:11.437,-19.999999999999996,-28.462007137261725,8.46200713726173,9500.0,0.0,0.0,0.0,1.0
15:54:11.457,-19.999999999999996,-28.462007137261725,8.46200713726173,9500.0,0.0,0.0,0.0,1.0
15:54:11.477,-19.999999999999996,-28.462007137261725,8.46200713726173,9500.0,0.0,0.0,0.0,1.0
15:54:11.497,-19.999999999999996,-28.462007137261725,8.46200713726173,9500.0,0.0,0.0,0.0,1.0
15:54:11.517,-19.999999999999996,-28.462007137261725,8.46200713726173,9500.0,0.0,0.0,0.0,1.0
15:54:11.537,-19.999999999999996,-28.462007137261725,8.46200713726173,9500.0,0.0,0.0,0.0,1.0
15:54:11.557,-19.999999999999996,-28.462007137261725,8.46200713726173,9500.0,0.0,0.0,0.0,1.0
15:54:11.577,-19.999999999999996,-28.462007137261725,8.46200713726173,9500.0,0.0,0.0,0.0,1.0
15:54:11.597,-19.999999999999996,-28.462007137261725,8.46200713726173,9500.0,0.0,0.0,0.0,1.0
15:54:11.617,-19.999999999999996,-28.462007137261725,8.46200713726173,9500.0,0.0,0.0,0.0,1.0
15:54:11.637,-19.999999999999996,-28.462007137261725,8.46200713726173,9500.0,0.0,0.0,0.0,1.0
15:54:11.658,-19.999999999999996,-28.462007137261725,8.46200713726173,9500.0,0.0,0.0,0.0,1.0
15:54:11.677,-19.999999999999996,-28.462007137261725,8.46200713726173,9500.0,0.0,0.0,0.0,1.0
15:54:11.697,-19.999999999999996,-28.462007137261725,8.46200713726173,9500.0,0.0,0.0,0.0,1.0
15:54:11.717,-19.999999999999996,-28.462007137261725,8.46200713726173,9500.0,0.0,0.0,0.0,1.0
15:54:11.737,-19.999999999999996,-28.462007137261725,8.46200713726173,9500.0,0.0,0.0,0.0,1.0
15:54:11.757,-19.999999999999996,-28.462007137261725,8.46200713726173,9500.0,0.0,0.0,0.0,1.0
15:54:11.777,-19.999999999999996,-28.462007137261725,8.46200713726173,9500.0,0.0,0.0,0.0,1.0
15:54:11.797,-19.999999999999996,-28.462007137261725,8.46200713726173,9500.0,0.0,0.0,0.0,1.0
15:54:11.817,-19.999999999999996,-28.462007137261725,8.46200713726173,9500.0,0.0,0.0,0.0,1.0
15:54:11.837,-19.999999999999996,-28.462007137261725,8.46200713726173,9500.0,0.0,0.0,0.0,1.0
15:54:11.857,-19.999999999999996,-28.462007137261725,8.46200713726173,9500.0,0.0,0.0,0.0,1.0
15:54:11.877,-19.999999999999996,-28.462007137261725,8.46200713726173,9500.0,0.0,0.0,0.0,1.0
15:54:11.897,-19.999999999999996,-28.462007137261725,8.46200713726173,9500.0,0.0,0.0,0.0,1.0
15:54:11.917,-19.999999999999996,-28.462007137261725,8.46200713726173,9500.0,0.0,0.0,0.0,1.0
15:54:11.937,-19.999999999999996,-28.462007137261725,8.46200713726173,9500.0,0.0,0.0,0.0,1.0
15:54:11.957,-19.999999999999996,-28.462007137261725,8.46200713726173,9500.0,0.0,0.0,0.0,1.0
15:54:11.977,-19.999999999999996,-28.462007137261725,8.46200713726173,9500.0,0.0,0.0,0.0,1.0
15:54:11.997,-19.999999999999996,-28.462007137261725,8.46200713726173,9500.0,0.0,0.0,0.0,1.0
15:54:12.017,-19.999999999999996,-29.593524240577942,9.593524240577946,9500.0,-20.0,-2.4,-12.790028458692516,1.0
15:54:12.037,-19.999999999999996,-32.46583688745756,12.46583688745757,9500.0,-27.0,-5.352,-28.521763462884312,1.0
15:54:12.057,-19.999999999999996,-32.81399599617025,12.81399599617025,9500.0,4.0,-4.229760000000001,-22.541146155599694,1.0
15:54:12.077,-19.999999999999996,-32.63991644181391,12.639916441813911,9500.0,2.0,-3.4821888000000003,-18.557205771058477,1.0
15:54:12.097,-19.999999999999996,-32.63991644181391,12.639916441813911,9500.0,0.0,-3.0643261440000003,-16.33034107853146,1.0
15:54:12.117,-19.999999999999996,-32.63991644181391,12.639916441813911,9500.0,0.0,-2.6966070067200003,-14.370700149107686,1.0
15:54:12.137,-19.999999999999996,-32.55287666463574,12.55287666463574,9500.0,1.0,-2.2530141659136,-12.006714708280136,1.0
15:54:12.157,-19.999999999999996,-32.55287666463574,12.55287666463574,9500.0,0.0,-1.982652466003968,-10.56590894328652,1.0
15:54:12.177,-19.999999999999996,-32.55287666463574,12.55287666463574,9500.0,0.0,-1.7447341700834917,-9.297999870092136,1.0
15:54:12.197,-19.999999999999996,-32.55287666463574,12.55287666463574,9500.0,0.0,-1.5353660696734728,-8.18223988568108,1.0
15:54:12.217,-19.999999999999996,-32.55287666463574,12.55287666463574,9500.0,0.0,-1.351122141312656,-7.200371099399351,1.0
15:54:12.237,-19.999999999999996,-32.55287666463574,12.55287666463574,9500.0,0.0,-1.1889874843551373,-6.336326567471429,1.0
15:54:12.257,-19.999999999999996,-32.55287666463574,12.55287666463574,9500.0,0.0,-1.0463089862325208,-5.575967379374857,1.0
15:54:12.277,-19.999999999999996,-32.55287666463574,12.55287666463574,9500.0,0.0,-0.9207519078846182,-4.906851293849874,1.0
15:54:12.297,-19.999999999999996,-32.55287666463574,12.55287666463574,9500.0,0.0,-0.810261678938464,-4.318029138587889,1.0
15:54:12.317,-19.999999999999996,-32.55287666463574,12.55287666463574,9500.0,0.0,-0.7130302774658484,-3.7998656419573424,1.0
15:54:12.337,-19.999999999999996,-32.55287666463574,12.55287666463574,9500.0,0.0,-0.6274666441699466,-3.3438817649224615,1.0
15:54:12.357,-19.999999999999996,-32.55287666463574,12.55287666463574,9500.0,0.0,-0.552170646869553,-2.942615953131766,1.0
15:54:12.377,-19.999999999999996,-32.55287666463574,12.55287666463574,9500.0,0.0,-0.48591016924520664,-2.589502038755954,1.0
15:54:12.397,-19.999999999999996,-32.55287666463574,12.55287666463574,9500.0,0.0,-0.4276009489357818,-2.2787617941052396,1.0
15:54:12.417,-19.999999999999996,-32.55287666463574,12.55287666463574,9500.0,0.0,-0.376288835063488,-2.0053103788126108,1.0
15:54:12.437,-19.999999999999996,-32.55287666463574,12.55287666463574,9500.0,0.0,-0.33113417485586943,-1.7646731333550973,1.0
15:54:12.457,-19.999999999999996,-32.55287666463574,12.55287666463574,9500.0,0.0,-0.29139807387316513,-1.552912357352486,1.0
15:54:12.477,-19.999999999999996,-32.55287666463574,12.55287666463574,9500.0,0.0,-0.2564303050083853,-1.3665628744701876,1.0
15:54:12.497,-19.999999999999996,-32.55287666463574,12.55287666463574,9500.0,0.0,-0.22565866840737908,-1.2025753295337651,1.0
15:54:12.517,-19.999999999999996,-32.55287666463574,12.55287666463574,9500.0,0.0,-0.1985796281984936,-1.0582662899897133,1.0
15:54:12.537,-19.999999999999996,-32.55287666463574,12.55287666463574,9500.0,0.0,-0.17475007281467436,-0.9312743351909477,1.0
15:54:12.557,-19.999999999999996,-32.55287666463574,12.55287666463574,9500.0,0.0,-0.15378006407691344,-0.819521414968034,1.0
15:54:12.577,-19.999999999999996,-32.55287666463574,12.55287666463574,9500.0,0.0,-0.13532645638768384,-0.72117884517187,1.0
15:54:12.597,-19.999999999999996,-32.55287666463574,12.55287666463574,9500.0,0.0,-0.11908728162116178,-0.6346373837512456,1.0
15:54:12.617,-19.999999999999996,-32.55287666463574,12.55287666463574,9500.0,0.0,-0.10479680782662236,-0.5584808977010961,1.0
15:54:12.637,-19.999999999999996,-32.55287666463574,12.55287666463574,9500.0,0.0,-0.09222119088742768,-0.4914631899769646,1.0
15:54:12.656,-19.999999999999996,-32.55287666463574,12.55287666463574,9500.0,0.0,-0.08115464798093636,-0.4324876071797288,1.0
15:54:12.676,-19.999999999999996,-32.55287666463574,12.55287666463574,9500.0,0.0,-0.071416090223224,-0.38058909431816135,1.0
15:54:12.697,-19.999999999999996,-32.55287666463574,12.55287666463574,9500.0,0.0,-0.06284615939643712,-0.334918402999982,1.0
15:54:12.717,-19.999999999999996,-32.55287666463574,12.55287666463574,9500.0,0.0,-0.055304620268864665,-0.2947281946399842,1.0
15:54:12.737,-19.999999999999996,-32.55287666463574,12.55287666463574,9500.0,0.0,-0.0486680658366009,-0.25936081128318605,1.0
15:54:12.757,-19.999999999999996,-32.55287666463574,12.55287666463574,9500.0,0.0,-0.042827897936208795,-0.22823751392920374,1.0
15:54:12.777,-19.999999999999996,-32.55287666463574,12.55287666463574,9500.0,0.0,-0.03768855018386374,-0.20084901225769927,1.0
15:54:12.797,-19.999999999999996,-32.55287666463574,12.55287666463574,9500.0,0.0,-0.03316592416180009,-0.17674713078677534,1.0
15:54:12.817,-19.999999999999996,-32.55287666463574,12.55287666463574,9500.0,0.0,-0.029186013262384077,-0.15553747509236232,1.0
15:54:12.837,-19.999999999999996,-32.55287666463574,12.55287666463574,9500.0,0.0,-0.025683691670897988,-0.13687297808127882,1.0
15:54:12.857,-19.999999999999996,-32.55287666463574,12.55287666463574,9500.0,0.0,-0.022601648670390228,-0.12044822071152536,1.0
15:54:12.877,-19.999999999999996,-32.55287666463574,12.55287666463574,9500.0,0.0,-0.0198894508299434,-0.10599443422614233,1.0
15:54:12.897,-19.999999999999996,-32.55287666463574,12.55287666463574,9500.0,0.0,-0.017502716730350195,-0.09327510211900526,1.0
15:54:12.917,-19.999999999999996,-32.55287666463574,12.55287666463574,9500.0,0.0,-0.015402390722708171,-0.08208208986472462,1.0
15:54:12.937,-19.999999999999996,-32.55287666463574,12.55287666463574,9500.0,0.0,-0.01355410383598319,-0.07223223908095766,1.0
15:54:12.957,-19.999999999999996,-32.55287666463574,12.55287666463574,9500.0,0.0,-0.011927611375665207,-0.06356437039124274,1.0
15:54:12.977,-19.999999999999996,-32.55287666463574,12.55287666463574,9500.0,0.0,-0.010496298010585383,-0.055936645944293616,1.0
15:54:12.997,-19.999999999999996,-32.55287666463574,12.55287666463574,9500.0,0.0,-0.009236742249315137,-0.04922424843097838,1.0
15:54:13.017,-19.999999999999996,-32.55287666463574,12.55287666463574,9500.0,0.0,-0.008128333179397321,-0.04331733861926099,1.0
15:54:13.037,-19.999999999999996,-32.55287666463574,12.55287666463574,9500.0,0.0,-0.007152933197869643,-0.03811925798494967,1.0
15:54:13.057,-19.999999999999996,-32.55287666463574,12.55287666463574,9500.0,0.0,-0.006294581214125286,-0.03354494702675571,1.0
15:54:13.077,-19.999999999999996,-32.55287666463574,12.55287666463574,9500.0,0.0,-0.0055392314684302515,-0.029519553383545023,1.0
15:54:13.097,-19.999999999999996,-32.55287666463574,12.55287666463574,9500.0,0.0,-0.004874523692218621,-0.02597720697751962,1.0
15:54:13.117,-19.999999999999996,-32.55287666463574,12.55287666463574,9500.0,0.0,-0.004289580849152387,-0.022859942140217266,1.0
15:54:13.137,-19.999999999999996,-32.55287666463574,12.55287666463574,9500.0,0.0,-0.0037748311472541,-0.020116749083391193,1.0
15:54:13.157,-19.999999999999996,-32.55287666463574,12.55287666463574,9500.0,0.0,-0.003321851409583608,-0.017702739193384248,1.0
15:54:13.177,-19.999999999999996,-32.55287666463574,12.55287666463574,9500.0,0.0,-0.0029232292404335752,-0.01557841049017814,1.0
15:54:13.197,-19.999999999999996,-32.55287666463574,12.55287666463574,9500.0,0.0,-0.002572441731581546,-0.013709001231356762,1.0
15:54:13.217,-19.999999999999996,-32.55287666463574,12.55287666463574,9500.0,0.0,-0.002263748723791761,-0.012063921083593951,1.0
15:54:13.237,-19.999999999999996,-32.55287666463574,12.55287666463574,9500.0,0.0,-0.0019920988769367497,-0.010616250553562679,1.0
15:54:13.257,-19.999999999999996,-32.55287666463574,12.55287666463574,9500.0,0.0,-0.0017530470117043397,-0.009342300487135156,1.0
15:54:13.277,-19.999999999999996,-32.55287666463574,12.55287666463574,9500.0,0.0,-0.001542681370299819,-0.008221224428678939,1.0
15:54:13.297,-19.999999999999996,-32.55287666463574,12.55287666463574,9500.0,0.0,-0.0013575596058638408,-0.007234677497237467,1.0
15:54:13.317,-19.999999999999996,-32.55287666463574,12.55287666463574,9500.0,0.0,-0.00119465245316018,-0.006366516197568971,1.0
15:54:13.337,-19.999999999999996,-32.55287666463574,12.55287666463574,9500.0,0.0,-0.0010512941587809584,-0.005602534253860694,1.0
15:54:13.357,-19.999999999999996,-32.55287666463574,12.55287666463574,9500.0,0.0,-0.0009251388597272433,-0.004930230143397411,1.0
15:54:13.377,-19.999999999999996,-32.55287666463574,12.55287666463574,9500.0,0.0,-0.0008141221965599742,-0.0043386025261897216,1.0
15:54:13.397,-19.999999999999996,-32.55287666463574,12.55287666463574,9500.0,0.0,-0.0007164275329727773,-0.0038179702230469554,1.0
15:54:13.417,-19.999999999999996,-32.55287666463574,12.55287666463574,9500.0,0.0,-0.000630456229016044,-0.0033598137962813205,1.0
15:54:13.437,-19.999999999999996,-32.55287666463574,12.55287666463574,9500.0,0.0,-0.0005548014815341187,-0.002956636140727562,1.0
15:54:13.457,-19.999999999999996,-32.55287666463574,12.55287666463574,9500.0,0.0,-0.0004882253037500245,-0.0026018398038402547,1.0
15:54:13.477,-19.999999999999996,-32.55287666463574,12.55287666463574,9500.0,0.0,-0.00042963826730002156,-0.0022896190273794244,1.0
15:54:13.497,-19.999999999999996,-32.55287666463574,12.55287666463574,9500.0,0.0,-0.00037808167522401895,-0.002014864744093893,1.0
15:54:13.517,-19.999999999999996,-32.55287666463574,12.55287666463574,9500.0,0.0,-0.0003327118741971367,-0.001773080974802626,1.0
15:54:13.537,-19.999999999999996,-32.55287666463574,12.55287666463574,9500.0,0.0,-0.0002927864492934803,-0.001560311257826311,1.0
15:54:13.557,-19.999999999999996,-32.55287666463574,12.55287666463574,9500.0,0.0,-0.0002576520753782627,-0.0013730739068871537,1.0
15:54:13.577,-19.999999999999996,-32.55287666463574,12.55287666463574,9500.0,0.0,-0.00022673382633287117,-0.0012083050380606955,1.0
15:54:13.597,-19.999999999999996,-32.55287666463574,12.55287666463574,9500.0,0.0,-0.00019952576717292662,-0.001063308433493412,1.0
15:54:13.617,-19.999999999999996,-32.55287666463574,12.55287666463574,9500.0,0.0,-0.00017558267511217542,-0.0009357114214742024,1.0
15:54:13.637,-19.999999999999996,-32.55287666463574,12.55287666463574,9500.0,0.0,-0.00015451275409871437,-0.0008234260508972981,1.0
15:54:13.657,-19.999999999999996,-32.55287666463574,12.55287666463574,9500.0,0.0,-0.00013597122360686865,-0.0007246149247896223,1.0
15:54:13.677,-19.999999999999996,-32.55287666463574,12.55287666463574,9500.0,0.0,-0.00011965467677404442,-0.0006376611338148677,1.0
15:54:13.697,-19.999999999999996,-32.55287666463574,12.55287666463574,9500.0,0.0,-0.00010529611556115909,-0.0005611417977570836,1.0
15:54:13.717,-19.999999999999996,-32.55287666463574,12.55287666463574,9500.0,0.0,-9.266058169382e-05,-0.0004938047820262335,1.0
15:54:13.737,-19.999999999999996,-32.55287666463574,12.55287666463574,9500.0,0.0,-8.154131189056159e-05,-0.0004345482081830855,1.0
15:54:13.757,-19.999999999999996,-32.55287666463574,12.55287666463574,9500.0,0.0,-7.17563544636942e-05,-0.00038240242320111527,1.0
15:54:13.777,-19.999999999999996,-32.55287666463574,12.55287666463574,9500.0,0.0,-6.31455919280509e-05,-0.00033651413241698146,1.0
15:54:13.797,-19.999999999999996,-32.55287666463574,12.55287666463574,9500.0,0.0,-5.5568120896684794e-05,-0.00029613243652694366,1.0
15:54:13.817,-19.999999999999996,-32.55287666463574,12.55287666463574,9500.0,0.0,-4.889994638908262e-05,-0.00026059654414371043,1.0
15:54:13.837,-19.999999999999996,-32.55287666463574,12.55287666463574,9500.0,0.0,-4.3031952822392704e-05,-0.0002293249588464652,1.0
15:54:13.857,-19.999999999999996,-32.63991644181391,12.639916441813911,9500.0,0.0,-3.786811848370558e-05,-0.00020180596378488935,1.0
15:54:13.877,-19.999999999999996,-32.63991644181391,12.639916441813911,9500.0,0.0,-3.332394426566091e-05,-0.0001775892481307026,1.0
15:54:13.897,-19.999999999999996,-32.63991644181391,12.639916441813911,9500.0,0.0,-2.93250709537816e-05,-0.00015627853835501832,1.0
15:54:13.917,-19.999999999999996,-32.63991644181391,12.639916441813911,9500.0,0.0,-2.5806062439327807e-05,-0.00013752511375241612,1.0
15:54:13.937,-19.999999999999996,-32.63991644181391,12.639916441813911,9500.0,0.0,-2.270933494660847e-05,-0.00012102210010212617,1.0
15:54:13.957,-19.999999999999996,-32.63991644181391,12.639916441813911,9500.0,0.0,-1.9984214753015454e-05,-0.00010649944808987103,1.0
15:54:13.977,-19.999999999999996,-32.63991644181391,12.639916441813911,9500.0,0.0,-1.75861089826536e-05,-9.371951431908652e-05,1.0
15:54:13.997,-19.999999999999996,-32.63991644181391,12.639916441813911,9500.0,0.0,-1.547577590473517e-05,-8.247317260079614e-05,1.0
15:54:14.017,-19.999999999999996,-32.63991644181391,12.639916441813911,9500.0,0.0,-1.361868279616695e-05,-7.257639188870061e-05,1.0
15:54:14.037,-19.999999999999996,-32.63991644181391,12.639916441813911,9500.0,0.0,-1.1984440860626916e-05,-6.386722486205654e-05,1.0
15:54:14.057,-19.999999999999996,-32.63991644181391,12.639916441813911,9500.0,0.0,-1.0546307957351686e-05,-5.6203157878609746e-05,1.0
15:54:14.077,-19.999999999999996,-32.63991644181391,12.639916441813911,9500.0,0.0,-9.280751002469484e-06,-4.9458778933176586e-05,1.0
15:54:14.097,-19.999999999999996,-32.63991644181391,12.639916441813911,9500.0,0.0,-8.167060882173147e-06,-4.352372546119539e-05,1.0
15:54:14.117,-19.999999999999996,-32.63991644181391,12.639916441813911,9500.0,0.0,-7.187013576312369e-06,-3.8300878405851945e-05,1.0
15:54:14.137,-19.999999999999996,-32.63991644181391,12.639916441813911,9500.0,0.0,-6.324571947154885e-06,-3.3704772997149716e-05,1.0
15:54:14.157,-19.999999999999996,-32.63991644181391,12.639916441813911,9500.0,0.0,-5.5656233134962985e-06,-2.966020023749175e-05,1.0
15:54:14.177,-19.999999999999996,-32.63991644181391,12.639916441813911,9500.0,0.0,-4.897748515876743e-06,-2.610097620899274e-05,1.0
15:54:14.197,-19.999999999999996,-32.63991644181391,12.639916441813911,9500.0,0.0,-4.310018693971534e-06,-2.2968859063913614e-05,1.0
15:54:14.217,-19.999999999999996,-32.63991644181391,12.639916441813911,9500.0,0.0,-3.79281645069495e-06,-2.0212595976243978e-05,1.0
15:54:14.237,-19.999999999999996,-32.63991644181391,12.639916441813911,9500.0,0.0,-3.337678476611556e-06,-1.7787084459094704e-05,1.0
15:54:14.257,-19.999999999999996,-32.63991644181391,12.639916441813911,9500.0,0.0,-2.9371570594181694e-06,-1.565263432400334e-05,1.0
15:54:14.277,-19.999999999999996,-32.63991644181391,12.639916441813911,9500.0,0.0,-2.584698212287989e-06,-1.3774318205122937e-05,1.0
15:54:14.297,-19.999999999999996,-32.63991644181391,12.639916441813911,9500.0,0.0,-2.2745344268134304e-06,-1.2121400020508186e-05,1.0
15:54:14.317,-19.999999999999996,-32.63991644181391,12.639916441813911,9500.0,0.0,-2.0015902955958187e-06,-1.0666832018047203e-05,1.0
15:54:14.337,-19.999999999999996,-32.63991644181391,12.639916441813911,9500.0,0.0,-1.7613994601243204e-06,-9.386812175881539e-06,1.0
15:54:14.356,-19.999999999999996,-32.63991644181391,12.639916441813911,9500.0,0.0,-1.550031524909402e-06,-8.260394714775754e-06,1.0
15:54:14.376,-19.999999999999996,-32.63991644181391,12.639916441813911,9500.0,0.0,-1.364027741920274e-06,-7.269147349002664e-06,1.0
15:54:14.396,-19.999999999999996,-32.63991644181391,12.639916441813911,9500.0,0.0,-1.200344412889841e-06,-6.396849667122345e-06,1.0
15:54:14.417,-19.999999999999996,-32.63991644181391,12.639916441813911,9500.0,0.0,-1.0563030833430602e-06,-5.629227707067664e-06,1.0
15:54:14.437,-19.999999999999996,-32.63991644181391,12.639916441813911,9500.0,0.0,-9.29546713341893e-07,-4.953720382219544e-06,1.0
15:54:14.457,-19.999999999999996,-32.63991644181391,12.639916441813911,9500.0,0.0,-8.180011077408659e-07,-4.359273936353199e-06,1.0
15:54:14.477,-19.999999999999996,-32.63991644181391,12.639916441813911,9500.0,0.0,-7.198409748119619e-07,-3.836161063990815e-06,1.0
15:54:14.497,-19.999999999999996,-32.63991644181391,12.639916441813911,9500.0,0.0,-6.334600578345265e-07,-3.3758217363119173e-06,1.0
15:54:14.517,-19.999999999999996,-32.63991644181391,12.639916441813911,9500.0,0.0,-5.574448508943834e-07,-2.9707231279544875e-06,1.0
15:54:14.537,-19.999999999999996,-32.63991644181391,12.639916441813911,9500.0,0.0,-4.905514687870573e-07,-2.614236352599949e-06,1.0
15:54:14.557,-19.999999999999996,-32.63991644181391,12.639916441813911,9500.0,0.0,-4.3168529253261044e-07,-2.3005279902879547e-06,1.0
15:54:14.577,-19.999999999999996,-32.63991644181391,12.639916441813911,9500.0,0.0,-3.798830574286972e-07,-2.0244646314534e-06,1.0
15:54:14.597,-19.999999999999996,-32.63991644181391,12.639916441813911,9500.0,0.0,-3.342970905372535e-07,-1.781528875678992e-06,1.0
15:54:14.617,-19.999999999999996,-32.63991644181391,12.639916441813911,9500.0,0.0,-2.941814396727831e-07,-1.5677454105975132e-06,1.0
15:54:14.637,-19.999999999999996,-32.63991644181391,12.639916441813911,9500.0,0.0,-2.5887966691204914e-07,-1.3796159613258115e-06,1.0
15:54:14.657,-19.999999999999996,-32.63991644181391,12.639916441813911,9500.0,0.0,-2.2781410688260324e-07,-1.2140620459667143e-06,1.0
15:54:14.677,-19.999999999999996,-32.63991644181391,12.639916441813911,9500.0,0.0,-2.0047641405669085e-07,-1.0683746004507085e-06,1.0
15:54:14.697,-19.999999999999996,-32.63991644181391,12.639916441813911,9500.0,0.0,-1.7641924436988796e-07,-9.401696483966235e-07,1.0
15:54:14.716,-19.999999999999996,-32.63991644181391,12.639916441813911,9500.0,0.0,-1.552489350455014e-07,-8.273492905890287e-07,1.0
15:54:14.737,-19.999999999999996,-32.63991644181391,12.639916441813911,9500.0,0.0,-1.3661906284004125e-07,-7.280673757183453e-07,1.0
15:54:14.757,-19.999999999999996,-32.63991644181391,12.639916441813911,9500.0,0.0,-1.202247752992363e-07,-6.406992906321438e-07,1.0
15:54:14.777,-19.999999999999996,-32.63991644181391,12.639916441813911,9500.0,0.0,-1.0579780226332793e-07,-5.638153757562866e-07,1.0
15:54:14.797,-19.999999999999996,-32.63991644181391,12.639916441813911,9500.0,0.0,-9.310206599172859e-08,-4.961575306655322e-07,1.0
15:54:14.817,-19.999999999999996,-32.63991644181391,12.639916441813911,9500.0,0.0,-8.192981807272116e-08,-4.3661862698566836e-07,1.0
15:54:14.837,-19.999999999999996,-32.63991644181391,12.639916441813911,9500.0,0.0,-7.209823990399462e-08,-3.842243917473882e-07,1.0
15:54:14.857,-19.999999999999996,-32.63991644181391,12.639916441813911,9500.0,0.0,-6.344645111551528e-08,-3.381174647377016e-07,1.0
15:54:14.877,-19.999999999999996,-32.63991644181391,12.639916441813911,9500.0,0.0,-5.583287698165344e-08,-2.975433689691774e-07,1.0
15:54:14.897,-19.999999999999996,-32.63991644181391,12.639916441813911,9500.0,0.0,-4.913293174385503e-08,-2.6183816469287616e-07,1.0
15:54:14.917,-19.999999999999996,-32.63991644181391,12.639916441813911,9500.0,0.0,-4.3236979934592426e-08,-2.30417584929731e-07,1.0
15:54:14.937,-19.999999999999996,-32.63991644181391,12.639916441813911,9500.0,0.0,-3.804854234244134e-08,-2.027674747381633e-07,1.0
15:54:14.957,-19.999999999999996,-32.63991644181391,12.639916441813911,9500.0,0.0,-3.348271726134838e-08,-1.784353777695837e-07,1.0
15:54:14.977,-19.999999999999996,-32.63991644181391,12.639916441813911,9500.0,0.0,-2.9464791189986574e-08,-1.5702313243723366e-07,1.0
15:54:14.997,-19.999999999999996,-32.63991644181391,12.639916441813911,9500.0,0.0,-2.5929016247188184e-08,-1.3818035654476562e-07,1.0
15:54:15.017,-19.999999999999996,-32.63991644181391,12.639916441813911,9500.0,0.0,-2.2817534297525603e-08,-1.2159871375939375e-07,1.0
15:54:15.037,-19.999999999999996,-32.63991644181391,12.639916441813911,9500.0,0.0,-2.007943018182253e-08,-1.0700686810826649e-07,1.0
15:54:15.057,-19.999999999999996,-32.63991644181391,12.639916441813911,9500.0,0.0,-1.7669898560003825e-08,-9.416604393527452e-08,1.0
15:54:15.077,-19.999999999999996,-32.63991644181391,12.639916441813911,9500.0,0.0,-1.5549510732803367e-08,-8.286611866304158e-08,1.0
15:54:15.097,-19.999999999999996,-32.63991644181391,12.639916441813911,9500.0,0.0,-1.3683569444866963e-08,-7.292218442347659e-08,1.0
15:54:15.117,-19.999999999999996,-32.63991644181391,12.639916441813911,9500.0,0.0,-1.2041541111482928e-08,-6.41715222926594e-08,1.0
15:54:15.137,-19.999999999999996,-32.63991644181391,12.639916441813911,9500.0,0.0,-1.0596556178104977e-08,-5.6470939617540276e-08,1.0
15:54:15.157,-19.999999999999996,-32.63991644181391,12.639916441813911,9500.0,0.0,-9.32496943673238e-09,-4.969442686343545e-08,1.0
15:54:15.177,-19.999999999999996,-32.63991644181391,12.639916441813911,9500.0,0.0,-8.205973104324494e-09,-4.373109563982319e-08,1.0
15:54:15.197,-19.999999999999996,-32.63991644181391,12.639916441813911,9500.0,0.0,-7.221256331805555e-09,-3.8483364163044404e-08,1.0
15:54:15.217,-19.999999999999996,-32.63991644181391,12.639916441813911,9500.0,0.0,-6.3547055719888886e-09,-3.386536046347908e-08,1.0
15:54:15.237,-19.999999999999996,-32.63991644181391,12.639916441813911,9500.0,0.0,-5.592140903350222e-09,-2.980151720786159e-08,1.0
15:54:15.257,-19.999999999999996,-32.63991644181391,12.639916441813911,9500.0,0.0,-4.9210839949481956e-09,-2.62253351429182e-08,1.0
15:54:15.277,-19.999999999999996,-32.63991644181391,12.639916441813911,9500.0,0.0,-4.330553915554412e-09,-2.3078294925768016e-08,1.0
15:54:15.297,-19.999999999999996,-32.63991644181391,12.639916441813911,9500.0,0.0,-3.8108874456878825e-09,-2.0308899534675854e-08,1.0
15:54:15.317,-19.999999999999996,-32.63991644181391,12.639916441813911,9500.0,0.0,-3.3535809522053365e-09,-1.7871831590514752e-08,1.0
15:54:15.337,-19.999999999999996,-32.63991644181391,12.639916441813911,9500.0,0.0,-2.951151237940696e-09,-1.572721179965298e-08,1.0
15:54:15.357,-19.999999999999996,-32.63991644181391,12.639916441813911,9500.0,0.0,-2.5970130893878125e-09,-1.3839946383694622e-08,1.0
15:54:15.377,-19.999999999999996,-32.63991644181391,12.639916441813911,9500.0,0.0,-2.285371518661275e-09,-1.2179152817651267e-08,1.0
15:54:15.397,-19.999999999999996,-32.63991644181391,12.639916441813911,9500.0,0.0,-2.0111269364219218e-09,-1.0717654479533114e-08,1.0
15:54:15.417,-19.999999999999996,-32.63991644181391,12.639916441813911,9500.0,0.0,-1.7697917040512912e-09,-9.431535941989141e-09,1.0
15:54:15.437,-19.999999999999996,-32.63991644181391,12.639916441813911,9500.0,0.0,-1.5574166995651362e-09,-8.299751628950443e-09,1.0
15:54:15.457,-19.999999999999996,-32.63991644181391,12.639916441813911,9500.0,0.0,-1.3705266956173198e-09,-7.30378143347639e-09,1.0
15:54:15.477,-19.999999999999996,-32.63991644181391,12.639916441813911,9500.0,0.0,-1.2060634921432414e-09,-6.427327661459223e-09,1.0
15:54:15.497,-19.999999999999996,-32.63991644181391,12.639916441813911,9500.0,0.0,-1.0613358730860524e-09,-5.6560483420841165e-09,1.0
15:54:15.517,-19.999999999999996,-32.63991644181391,12.639916441813911,9500.0,0.0,-9.33975568315726e-10,-4.977322541034022e-09,1.0
15:54:15.537,-19.999999999999996,-32.63991644181391,12.639916441813911,9500.0,0.0,-8.21898500117839e-10,-4.380043836109939e-09,1.0
15:54:15.558,-19.999999999999996,-32.63991644181391,12.639916441813911,9500.0,0.0,-7.232706801036983e-10,-3.854438575776747e-09,1.0
15:54:15.577,-19.999999999999996,-32.63991644181391,12.639916441813911,9500.0,0.0,-6.364781984912545e-10,-3.3919059466835373e-09,1.0
15:54:15.597,-19.999999999999996,-32.63991644181391,12.639916441813911,9500.0,0.0,-5.60100814672304e-10,-2.984877233081513e-09,1.0
15:54:15.617,-19.999999999999996,-32.63991644181391,12.639916441813911,9500.0,0.0,-4.928887169116275e-10,-2.6266919651117315e-09,1.0
15:54:15.637,-19.999999999999996,-32.63991644181391,12.639916441813911,9500.0,0.0,-4.3374207088223223e-10,-2.3114889292983236e-09,1.0
15:54:15.657,-19.999999999999996,-32.63991644181391,12.639916441813911,9500.0,0.0,-3.816930223763644e-10,-2.034110257782525e-09,1.0
15:54:15.677,-19.999999999999996,-32.63991644181391,12.639916441813911,9500.0,0.0,-3.3588985969120067e-10,-1.790017026848622e-09,1.0
15:54:15.697,-19.999999999999996,-32.63991644181391,12.639916441813911,9500.0,0.0,-2.955830765282566e-10,-1.5752149836267873e-09,1.0
15:54:15.717,-19.999999999999996,-32.63991644181391,12.639916441813911,9500.0,0.0,-2.6011310734486577e-10,-1.3861891855915728e-09,1.0
15:54:15.737,-19.999999999999996,-32.63991644181391,12.639916441813911,9500.0,0.0,-2.288995344634819e-10,-1.2198464833205841e-09,1.0
15:54:15.757,-19.999999999999996,-32.63991644181391,12.639916441813911,9500.0,0.0,-2.0143159032786407e-10,-1.073464905322114e-09,1.0
15:54:15.777,-19.999999999999996,-32.63991644181391,12.639916441813911,9500.0,0.0,-1.772597994885204e-10,-9.446491166834603e-10,1.0
15:54:15.797,-19.999999999999996,-32.63991644181391,12.639916441813911,9500.0,0.0,-1.5598862354989794e-10,-8.312912226814451e-10,1.0
15:54:15.817,-19.999999999999996,-32.63991644181391,12.639916441813911,9500.0,0.0,-1.372699887239102e-10,-7.315362759596717e-10,1.0
15:54:15.837,-19.999999999999996,-32.63991644181391,12.639916441813911,9500.0,0.0,-1.2079759007704097e-10,-6.437519228445111e-10,1.0
15:54:15.857,-19.999999999999996,-32.63991644181391,12.639916441813911,9500.0,0.0,-1.0630187926779606e-10,-5.665016921031698e-10,1.0
15:54:15.877,-19.999999999999996,-32.63991644181391,12.639916441813911,9500.0,0.0,-9.354565375566053e-11,-4.985214890507894e-10,1.0
15:54:15.897,-19.999999999999996,-32.63991644181391,12.639916441813911,9500.0,0.0,-8.232017530498127e-11,-4.3869891036469473e-10,1.0
15:54:15.917,-19.999999999999996,-32.63991644181391,12.639916441813911,9500.0,0.0,-7.244175426838352e-11,-3.8605504112093136e-10,1.0
15:54:15.937,-19.999999999999996,-32.63991644181391,12.639916441813911,9500.0,0.0,-6.37487437561775e-11,-3.397284361864196e-10,1.0
15:54:15.957,-19.999999999999996,-32.63991644181391,12.639916441813911,9500.0,0.0,-5.60988945054362e-11,-2.9896102384404925e-10,1.0
15:54:15.977,-19.999999999999996,-32.63991644181391,12.639916441813911,9500.0,0.0,-4.936702716478386e-11,-2.6308570098276335e-10,1.0
15:54:15.997,-19.999999999999996,-32.63991644181391,12.639916441813911,9500.0,0.0,-4.34429839050098e-11,-2.315154168648318e-10,1.0
15:54:16.017,-19.999999999999996,-32.63991644181391,12.639916441813911,9500.0,0.0,-3.822982583640862e-11,-2.0373356684105195e-10,1.0
15:54:16.037,-19.999999999999996,-32.63991644181391,12.639916441813911,9500.0,0.0,-3.364224673603959e-11,-1.7928553882012572e-10,1.0
15:54:16.057,-19.999999999999996,-32.63991644181391,12.639916441813911,9500.0,0.0,-2.9605177127714835e-11,-1.5777127416171062e-10,1.0
15:54:16.077,-19.999999999999996,-32.63991644181391,12.639916441813911,9500.0,0.0,-2.6052555872389056e-11,-1.3883872126230534e-10,1.0
15:54:16.097,-19.999999999999996,-32.63991644181391,12.639916441813911,9500.0,0.0,-2.292624916770237e-11,-1.2217807471082871e-10,1.0
15:54:16.117,-19.999999999999996,-32.63991644181391,12.639916441813911,9500.0,0.0,-2.0175099267578084e-11,-1.0751670574552926e-10,1.0
15:54:16.137,-19.999999999999996,-32.63991644181391,12.639916441813911,9500.0,0.0,-1.7754087355468713e-11,-9.461470105606575e-11,1.0
15:54:16.157,-19.999999999999996,-32.63991644181391,12.639916441813911,9500.0,0.0,-1.562359687281247e-11,-8.326093692933786e-11,1.0
15:54:16.177,-19.999999999999996,-32.63991644181391,12.639916441813911,9500.0,0.0,-1.3748765248074972e-11,-7.326962449781731e-11,1.0
15:54:16.197,-19.999999999999996,-32.63991644181391,12.639916441813911,9500.0,0.0,-1.2098913418305976e-11,-6.447726955807924e-11,1.0
15:54:16.217,-19.999999999999996,-32.63991644181391,12.639916441813911,9500.0,0.0,-1.0647043808109258e-11,-5.673999721110973e-11,1.0
15:54:16.237,-19.999999999999996,-32.63991644181391,12.639916441813911,9500.0,0.0,-9.369398551136148e-12,-4.993119754577657e-11,1.0
15:54:16.257,-19.999999999999996,-32.63991644181391,12.639916441813911,9500.0,0.0,-8.24507072499981e-12,-4.393945384028338e-11,1.0
15:54:16.277,-19.999999999999996,-32.63991644181391,12.639916441813911,9500.0,0.0,-7.2556622379998335e-12,-3.8666719379449377e-11,1.0
15:54:16.297,-19.999999999999996,-32.63991644181391,12.639916441813911,9500.0,0.0,-6.384982769439853e-12,-3.402671305391545e-11,1.0
15:54:16.317,-19.999999999999996,-32.63991644181391,12.639916441813911,9500.0,0.0,-5.618784837107071e-12,-2.9943507487445596e-11,1.0
15:54:16.337,-19.999999999999996,-32.63991644181391,12.639916441813911,9500.0,0.0,-4.944530656654222e-12,-2.6350286588952123e-11,1.0
15:54:16.357,-19.999999999999996,-32.63991644181391,12.639916441813911,9500.0,0.0,-4.351186977855716e-12,-2.318825219827787e-11,1.0
15:54:16.377,-19.999999999999996,-32.63991644181391,12.639916441813911,9500.0,0.0,-3.82904454051303e-12,-2.0405661934484524e-11,1.0
15:54:16.397,-19.999999999999996,-32.63991644181391,12.639916441813911,9500.0,0.0,-3.3695591956514663e-12,-1.7956982502346383e-11,1.0
15:54:16.417,-19.999999999999996,-32.63991644181391,12.639916441813911,9500.0,0.0,-2.96521209217329e-12,-1.5802144602064814e-11,1.0
15:54:16.437,-19.999999999999996,-32.63991644181391,12.639916441813911,9500.0,0.0,-2.6093866411124954e-12,-1.3905887249817037e-11,1.0
15:54:16.457,-19.999999999999996,-32.63991644181391,12.639916441813911,9500.0,0.0,-2.296260244178996e-12,-1.2237180779838993e-11,1.0
15:54:16.477,-19.999999999999996,-32.63991644181391,12.639916441813911,9500.0,0.0,-2.0207090148775162e-12,-1.0768719086258313e-11,1.0
15:54:16.497,-19.999999999999996,-32.63991644181391,12.639916441813911,9500.0,0.0,-1.7782239330922143e-12,-9.476472795907316e-12,1.0
15:54:16.517,-19.999999999999996,-32.63991644181391,12.639916441813911,9500.0,0.0,-1.5648370611211486e-12,-8.339296060398439e-12,1.0
15:54:16.537,-19.999999999999996,-32.63991644181391,12.639916441813911,9500.0,0.0,-1.3770566137866108e-12,-7.338580533150625e-12,1.0
15:54:16.557,-19.999999999999996,-32.63991644181391,12.639916441813911,9500.0,0.0,-1.2118098201322176e-12,-6.457950869172551e-12,1.0
15:54:16.577,-19.999999999999996,-32.63991644181391,12.639916441813911,9500.0,0.0,-1.0663926417163514e-12,-5.682996764871844e-12,1.0
15:54:16.597,-19.999999999999996,-32.63991644181391,12.639916441813911,9500.0,0.0,-9.384255247103892e-13,-5.001037153087223e-12,1.0
15:54:16.617,-19.999999999999996,-32.63991644181391,12.639916441813911,9500.0,0.0,-8.258144617451425e-13,-4.400912694716756e-12,1.0
15:54:16.637,-19.999999999999996,-32.63991644181391,12.639916441813911,9500.0,0.0,-7.267167263357254e-13,-3.872803171350745e-12,1.0
15:54:16.657,-19.999999999999996,-32.63991644181391,12.639916441813911,9500.0,0.0,-6.395107191754384e-13,-3.4080667907886563e-12,1.0
15:54:16.677,-19.999999999999996,-32.63991644181391,12.639916441813911,9500.0,0.0,-5.627694328743858e-13,-2.9990987758940176e-12,1.0
15:54:16.697,-19.999999999999996,-32.63991644181391,12.639916441813911,9500.0,0.0,-4.952371009294596e-13,-2.6392069227867356e-12,1.0
15:54:16.717,-19.999999999999996,-32.63991644181391,12.639916441813911,9500.0,0.0,-4.358086488179244e-13,-2.3225020920523274e-12,1.0
15:54:16.737,-19.999999999999996,-32.63991644181391,12.639916441813911,9500.0,0.0,-3.8351161095977346e-13,-2.043801841006048e-12,1.0
15:54:16.757,-19.999999999999996,-32.63991644181391,12.639916441813911,9500.0,0.0,-3.3749021764460063e-13,-1.798545620085322e-12,1.0
15:54:16.777,-19.999999999999996,-32.63991644181391,12.639916441813911,9500.0,0.0,-2.9699139152724854e-13,-1.5827201456750834e-12,1.0
15:54:16.797,-19.999999999999996,-32.63991644181391,12.639916441813911,9500.0,0.0,-2.613524245439787e-13,-1.3927937281940734e-12,1.0
15:54:16.817,-19.999999999999996,-32.63991644181391,12.639916441813911,9500.0,0.0,-2.2999013359870123e-13,-1.2256584808107844e-12,1.0
15:54:16.837,-19.999999999999996,-32.63991644181391,12.639916441813911,9500.0,0.0,-2.0239131756685709e-13,-1.0785794631134903e-12,1.0
15:54:16.857,-19.999999999999996,-32.63991644181391,12.639916441813911,9500.0,0.0,-1.7810435945883424e-13,-9.491499275398714e-13,1.0
15:54:16.877,-19.999999999999996,-32.63991644181391,12.639916441813911,9500.0,0.0,-1.5673183632377414e-13,-8.35251936235087e-13,1.0
15:54:16.897,-19.999999999999996,-32.63991644181391,12.639916441813911,9500.0,0.0,-1.3792401596492125e-13,-7.350217038868766e-13,1.0
15:54:16.917,-19.999999999999996,-32.63991644181391,12.639916441813911,9500.0,0.0,-1.213731340491307e-13,-6.468190994204514e-13,1.0
15:54:16.937,-19.999999999999996,-32.63991644181391,12.639916441813911,9500.0,0.0,-1.0680835796323502e-13,-5.692008074899973e-13,1.0
15:54:16.957,-19.999999999999996,-32.63991644181391,12.639916441813911,9500.0,0.0,-9.399135500764683e-14,-5.008967105911976e-13,1.0
15:54:16.977,-19.999999999999996,-32.63991644181391,12.639916441813911,9500.0,0.0,-8.27123924067292e-14,-4.4078910532025386e-13,1.0
15:54:16.997,-19.999999999999996,-32.63991644181391,12.639916441813911,9500.0,0.0,-7.27869053179217e-14,-3.8789441268182343e-13,1.0
15:54:17.017,-19.999999999999996,-32.63991644181391,12.639916441813911,9500.0,0.0,-6.40524766797711e-14,-3.413470831600046e-13,1.0
15:54:17.037,-19.999999999999996,-32.63991644181391,12.639916441813911,9500.0,0.0,-5.636617947819857e-14,-3.0038543318080407e-13,1.0
15:54:17.057,-19.999999999999996,-32.63991644181391,12.639916441813911,9500.0,0.0,-4.960223794081474e-14,-2.643391811991076e-13,1.0
15:54:17.077,-19.999999999999996,-32.63991644181391,12.639916441813911,9500.0,0.0,-4.364996938791697e-14,-2.3261847945521467e-13,1.0
15:54:17.097,-19.999999999999996,-32.63991644181391,12.639916441813911,9500.0,0.0,-3.841197306136693e-14,-2.047042619205889e-13,1.0
15:54:17.117,-19.999999999999996,-32.63991644181391,12.639916441813911,9500.0,0.0,-3.38025362940029e-14,-1.8013975049011823e-13,1.0
15:54:17.137,-19.999999999999996,-32.63991644181391,12.639916441813911,9500.0,0.0,-2.9746231938722556e-14,-1.5852298043130407e-13,1.0
15:54:17.157,-19.999999999999996,-32.63991644181391,12.639916441813911,9500.0,0.0,-2.617668410607585e-14,-1.3950022277954758e-13,1.0
15:54:17.177,-19.999999999999996,-32.63991644181391,12.639916441813911,9500.0,0.0,-2.303548201334675e-14,-1.2276019604600186e-13,1.0
15:54:17.197,-19.999999999999996,-32.63991644181391,12.639916441813911,9500.0,0.0,-2.0271224171745138e-14,-1.0802897252048164e-13,1.0
15:54:17.217,-19.999999999999996,-32.63991644181391,12.639916441813911,9500.0,0.0,-1.7838677271135723e-14,-9.506549581802385e-14,1.0
15:54:17.237,-19.999999999999996,-32.63991644181391,12.639916441813911,9500.0,0.0,-1.5698035998599436e-14,-8.365763631986099e-14,1.0
15:54:17.257,-19.999999999999996,-32.63991644181391,12.639916441813911,9500.0,0.0,-1.3814271678767503e-14,-7.361871996147767e-14,1.0
15:54:17.277,-19.999999999999996,-32.63991644181391,12.639916441813911,9500.0,0.0,-1.2156559077315404e-14,-6.478447356610035e-14,1.0
15:54:17.297,-19.999999999999996,-32.63991644181391,12.639916441813911,9500.0,0.0,-1.0697771988037555e-14,-5.701033673816832e-14,1.0
15:54:17.317,-19.999999999999996,-32.63991644181391,12.639916441813911,9500.0,0.0,-9.414039349473048e-15,-5.016909632958811e-14,1.0
15:54:17.337,-19.999999999999996,-32.63991644181391,12.639916441813911,9500.0,0.0,-8.284354627536282e-15,-4.4148804770037536e-14,1.0
15:54:17.357,-19.999999999999996,-32.63991644181391,12.639916441813911,9500.0,0.0,-7.290232072231928e-15,-3.885094819763303e-14,1.0
15:54:17.377,-19.999999999999996,-32.63991644181391,12.639916441813911,9500.0,0.0,-6.4154042235640966e-15,-3.4188834413917064e-14,1.0
15:54:17.397,-19.999999999999996,-32.63991644181391,12.639916441813911,9500.0,0.0,-5.645555716736405e-15,-3.008617428424702e-14,1.0
15:54:17.417,-19.999999999999996,-32.63991644181391,12.639916441813911,9500.0,0.0,-4.9680890307280366e-15,-2.6475833370137377e-14,1.0
15:54:17.437,-19.999999999999996,-32.63991644181391,12.639916441813911,9500.0,0.0,-4.3719183470406725e-15,-2.3298733365720895e-14,1.0
15:54:17.457,-19.999999999999996,-32.63991644181391,12.639916441813911,9500.0,0.0,-3.847288145395792e-15,-2.0502885361834388e-14,1.0
15:54:17.477,-19.999999999999996,-32.63991644181391,12.639916441813911,9500.0,0.0,-3.385613567948297e-15,-1.8042539118414262e-14,1.0
15:54:17.497,-19.999999999999996,-32.63991644181391,12.639916441813911,9500.0,0.0,-2.9793399397945014e-15,-1.587743442420455e-14,1.0
15:54:17.517,-19.999999999999996,-32.63991644181391,12.639916441813911,9500.0,0.0,-2.621819147019161e-15,-1.3972142293300003e-14,1.0
15:54:17.537,-19.999999999999996,-32.63991644181391,12.639916441813911,9500.0,0.0,-2.3072008493768618e-15,-1.2295485218104003e-14,1.0
15:54:17.557,-19.999999999999996,-32.63991644181391,12.639916441813911,9500.0,0.0,-2.0303367474516385e-15,-1.0820026991931523e-14,1.0
15:54:17.577,-19.999999999999996,-32.63991644181391,12.639916441813911,9500.0,0.0,-1.786696337757442e-15,-9.52162375289974e-15,1.0
15:54:17.597,-19.999999999999996,-32.63991644181391,12.639916441813911,9500.0,0.0,-1.572292777226549e-15,-8.379028902551772e-15,1.0
15:54:17.617,-19.999999999999996,-32.63991644181391,12.639916441813911,9500.0,0.0,-1.3836176439593631e-15,-7.37354543424556e-15,1.0
15:54:17.637,-19.999999999999996,-32.63991644181391,12.639916441813911,9500.0,0.0,-1.2175835266842396e-15,-6.488719982136093e-15,1.0
15:54:17.657,-19.999999999999996,-32.63991644181391,12.639916441813911,9500.0,0.0,-1.0714735034821308e-15,-5.7100735842797616e-15,1.0
15:54:17.677,-19.999999999999996,-32.63991644181391,12.639916441813911,9500.0,0.0,-9.428966830642752e-16,-5.024864754166191e-15,1.0
15:54:17.697,-19.999999999999996,-32.63991644181391,12.639916441813911,9500.0,0.0,-8.297490810965621e-16,-4.4218809836662474e-15,1.0
15:54:17.717,-19.999999999999996,-32.63991644181391,12.639916441813911,9500.0,0.0,-7.301791913649746e-16,-3.891255265626297e-15,1.0
15:54:17.737,-19.999999999999996,-32.63991644181391,12.639916441813911,9500.0,0.0,-6.425576884011777e-16,-3.424304633751142e-15,1.0
15:54:17.757,-19.999999999999996,-32.63991644181391,12.639916441813911,9500.0,0.0,-5.654507657930364e-16,-3.0133880777010047e-15,1.0
15:54:17.777,-19.999999999999996,-32.63991644181391,12.639916441813911,9500.0,0.0,-4.97596673897872e-16,-2.6517815083768844e-15,1.0
15:54:17.797,-19.999999999999996,-32.63991644181391,12.639916441813911,9500.0,0.0,-4.378850730301274e-16,-2.3335677273716584e-15,1.0
15:54:17.817,-19.999999999999996,-32.63991644181391,12.639916441813911,9500.0,0.0,-3.853388642665121e-16,-2.0535396000870594e-15,1.0
15:54:17.837,-19.999999999999996,-32.63991644181391,12.639916441813911,9500.0,0.0,-3.3909820055453067e-16,-1.807114848076612e-15,1.0
15:54:17.857,-19.999999999999996,-32.63991644181391,12.639916441813911,9500.0,0.0,-2.9840641648798697e-16,-1.5902610663074188e-15,1.0
15:54:17.877,-19.999999999999996,-32.63991644181391,12.639916441813911,9500.0,0.0,-2.6259764650942854e-16,-1.3994297383505285e-15,1.0
15:54:17.897,-19.999999999999996,-32.63991644181391,12.639916441813911,9500.0,0.0,-2.3108592892829713e-16,-1.2314981697484651e-15,1.0
15:54:17.917,-19.999999999999996,-32.63991644181391,12.639916441813911,9500.0,0.0,-2.0335561745690146e-16,-1.0837183893786493e-15,1.0
15:54:17.937,-19.999999999999996,-32.63991644181391,12.639916441813911,9500.0,0.0,-1.7895294336207328e-16,-9.536721826532114e-16,1.0
15:54:17.958,0.0,-32.63991644181391,32.63991644181391,9500.0,0.0,-1.5747859015862448e-16,-8.39231520734826e-16,1.0
15:54:17.977,0.0,-32.63991644181391,32.63991644181391,9500.0,0.0,-1.3858115933958955e-16,-7.385237382466469e-16,1.0
15:54:17.997,0.0,-32.63991644181391,32.63991644181391,9500.0,0.0,-1.219514202188388e-16,-6.499008896570492e-16,1.0
15:54:18.017,0.0,-32.63991644181391,32.63991644181391,9500.0,0.0,-1.0731724979257815e-16,-5.719127828982033e-16,1.0
15:54:18.037,0.0,-32.63991644181391,32.63991644181391,9500.0,0.0,-9.443917981746877e-17,-5.03283248950419e-16,1.0
15:54:18.057,0.0,-32.63991644181391,32.63991644181391,9500.0,0.0,-8.310647823937252e-17,-4.428892590763687e-16,1.0
15:54:18.077,0.0,-32.63991644181391,32.63991644181391,9500.0,0.0,-7.313370085064782e-17,-3.8974254798720447e-16,1.0
15:54:18.097,0.0,-32.63991644181391,32.63991644181391,9500.0,0.0,-6.435765674857009e-17,-3.4297344222873997e-16,1.0
15:54:18.117,0.0,-32.63991644181391,32.63991644181391,9500.0,0.0,-5.663473793874167e-17,-3.0181662916129113e-16,1.0
15:54:18.137,0.0,-32.63991644181391,32.63991644181391,9500.0,0.0,-4.983856938609267e-17,-2.6559863366193617e-16,1.0
15:54:18.157,0.0,-32.63991644181391,32.63991644181391,9500.0,0.0,-4.385794105976155e-17,-2.3372679762250387e-16,1.0
15:54:18.177,0.0,-32.63991644181391,32.63991644181391,9500.0,0.0,-3.8594988132590164e-17,-2.056795819078034e-16,1.0
15:54:18.197,0.0,-32.63991644181391,32.63991644181391,9500.0,0.0,-3.3963589556679346e-17,-1.80998032078867e-16,1.0
15:54:18.217,0.0,-32.63991644181391,32.63991644181391,9500.0,0.0,-2.988795880987782e-17,-1.5927826822940294e-16,1.0
15:54:18.237,0.0,-32.63991644181391,32.63991644181391,9500.0,0.0,-2.6301403752692484e-17,-1.4016487604187458e-16,1.0
15:54:18.257,0.0,-32.63991644181391,32.63991644181391,9500.0,0.0,-2.3145235302369386e-17,-1.2334509091684964e-16,1.0
15:54:18.277,0.0,-32.63991644181391,32.63991644181391,9500.0,0.0,-2.0367807066085058e-17,-1.0854368000682768e-16,1.0
15:54:18.297,0.0,-32.63991644181391,32.63991644181391,9500.0,0.0,-1.792367021815485e-17,-9.551843840600835e-17,1.0
15:54:18.317,0.0,-32.63991644181391,32.63991644181391,9500.0,0.0,-1.5772829791976267e-17,-8.405622579728734e-17,1.0
15:54:18.337,0.0,-32.63991644181391,32.63991644181391,9500.0,0.0,-1.3880090216939115e-17,-7.396947870161285e-17,1.0
15:54:18.357,0.0,-32.63991644181391,32.63991644181391,9500.0,0.0,-1.2214479390906422e-17,-6.509314125741931e-17,1.0
15:54:18.377,0.0,-32.63991644181391,32.63991644181391,9500.0,0.0,-1.0748741863997651e-17,-5.7281964306529e-17,1.0
15:54:18.397,0.0,-32.63991644181391,32.63991644181391,9500.0,0.0,-9.458892840317933e-18,-5.040812858974552e-17,1.0
15:54:18.417,0.0,-32.63991644181391,32.63991644181391,9500.0,0.0,-8.32382569947978e-18,-4.4359153158976054e-17,1.0
15:54:18.437,0.0,-32.63991644181391,32.63991644181391,9500.0,0.0,-7.324966615542207e-18,-3.903605477989893e-17,1.0
15:54:18.457,0.0,-32.63991644181391,32.63991644181391,9500.0,0.0,-6.4459706216771416e-18,-3.435172820631105e-17,1.0
15:54:18.477,0.0,-32.63991644181391,32.63991644181391,9500.0,0.0,-5.672454147075885e-18,-3.022952082155373e-17,1.0
15:54:18.497,0.0,-32.63991644181391,32.63991644181391,9500.0,0.0,-4.991759649426779e-18,-2.6601978322967283e-17,1.0
15:54:18.517,0.0,-32.63991644181391,32.63991644181391,9500.0,0.0,-4.3927484914955656e-18,-2.340974092421121e-17,1.0
15:54:18.537,0.0,-32.63991644181391,32.63991644181391,9500.0,0.0,-3.8656186725160976e-18,-2.0600572013305864e-17,1.0
15:54:18.557,0.0,-32.63991644181391,32.63991644181391,9500.0,0.0,-3.401744431814166e-18,-1.812850337170916e-17,1.0
15:54:18.577,0.0,-32.63991644181391,32.63991644181391,9500.0,0.0,-2.993535099996466e-18,-1.5953082967104062e-17,1.0
15:54:18.597,0.0,-32.63991644181391,32.63991644181391,9500.0,0.0,-2.6343108879968904e-18,-1.4038713011051575e-17,1.0
15:54:18.617,0.0,-32.63991644181391,32.63991644181391,9500.0,0.0,-2.3181935814372634e-18,-1.2354067449725385e-17,1.0
15:54:18.637,0.0,-32.63991644181391,32.63991644181391,9500.0,0.0,-2.040010351664792e-18,-1.087157935575834e-17,1.0
15:54:18.657,0.0,-32.63991644181391,32.63991644181391,9500.0,0.0,-1.7952091094650168e-18,-9.566989833067338e-18,1.0
15:54:18.677,0.0,-32.63991644181391,32.63991644181391,9500.0,0.0,-1.5797840163292148e-18,-8.418951053099259e-18,1.0
15:54:18.697,0.0,-32.63991644181391,32.63991644181391,9500.0,0.0,-1.390209934369709e-18,-7.408676926727347e-18,1.0
15:54:18.717,0.0,-32.63991644181391,32.63991644181391,9500.0,0.0,-1.223384742245344e-18,-6.519635695520065e-18,1.0
15:54:18.737,0.0,-32.63991644181391,32.63991644181391,9500.0,0.0,-1.0765785731759026e-18,-5.737279412057657e-18,1.0
15:54:18.757,0.0,-32.63991644181391,32.63991644181391,9500.0,0.0,-9.473891443947944e-19,-5.048805882610739e-18,1.0
15:54:18.777,0.0,-32.63991644181391,32.63991644181391,9500.0,0.0,-8.337024470674191e-19,-4.442949176697451e-18,1.0
15:54:18.797,0.0,-32.63991644181391,32.63991644181391,9500.0,0.0,-7.336581534193288e-19,-3.909795275493757e-18,1.0
15:54:18.817,0.0,-32.63991644181391,32.63991644181391,9500.0,0.0,-6.456191750090094e-19,-3.4406198424345058e-18,1.0
15:54:18.837,0.0,-32.63991644181391,32.63991644181391,9500.0,0.0,-5.681448740079283e-19,-3.0277454613423654e-18,1.0
15:54:18.857,0.0,-32.63991644181391,32.63991644181391,9500.0,0.0,-4.999674891269769e-19,-2.6644160059812814e-18,1.0
15:54:18.877,0.0,-32.63991644181391,32.63991644181391,9500.0,0.0,-4.399713904317397e-19,-2.3446860852635277e-18,1.0
15:54:18.897,0.0,-32.63991644181391,32.63991644181391,9500.0,0.0,-3.871748235799309e-19,-2.063323755031904e-18,1.0
15:54:18.917,0.0,-32.63991644181391,32.63991644181391,9500.0,0.0,-3.4071384475033916e-19,-1.8157249044280758e-18,1.0
15:54:18.937,0.0,-32.55287666463574,32.55287666463574,9500.0,0.0,-2.998281833802985e-19,-1.5978379158967066e-18,1.0
15:54:18.957,0.0,-32.55287666463574,32.55287666463574,9500.0,0.0,-2.638488013746627e-19,-1.406097365989102e-18,1.0
15:54:18.977,0.0,-32.55287666463574,32.55287666463574,9500.0,0.0,-2.3218694520970314e-19,-1.2373656820704096e-18,1.0
15:54:18.997,0.0,-32.55287666463574,32.55287666463574,9500.0,0.0,-2.0432451178453877e-19,-1.0888818002219604e-18,1.0
15:54:19.017,0.0,-32.55287666463574,32.55287666463574,9500.0,0.0,-1.7980557037039412e-19,-9.582159841953252e-19,1.0
15:54:19.037,0.0,-32.55287666463574,32.55287666463574,9500.0,0.0,-1.5822890192594682e-19,-8.432300660918861e-19,1.0
15:54:19.057,0.0,-32.55287666463574,32.55287666463574,9500.0,0.0,-1.392414336948332e-19,-7.420424581608598e-19,1.0
15:54:19.077,0.0,-32.55287666463574,32.55287666463574,9500.0,0.0,-1.2253246165145321e-19,-6.5299736318155665e-19,1.0
15:54:19.097,0.0,-32.55287666463574,32.55287666463574,9500.0,0.0,-1.0782856625327883e-19,-5.746376795997699e-19,1.0
15:54:19.117,0.0,-32.55287666463574,32.55287666463574,9500.0,0.0,-9.488913830288537e-20,-5.056811580477975e-19,1.0
15:54:19.137,0.0,-32.55287666463574,32.55287666463574,9500.0,0.0,-8.350244170653913e-20,-4.449994190820618e-19,1.0
15:54:19.157,0.0,-32.55287666463574,32.55287666463574,9500.0,0.0,-7.348214870175444e-20,-3.915994887922144e-19,1.0
15:54:19.177,0.0,-32.55287666463574,32.55287666463574,9500.0,0.0,-6.46642908575439e-20,-3.4460755013714864e-19,1.0
15:54:19.197,0.0,-32.55287666463574,32.55287666463574,9500.0,0.0,-5.690457595463864e-20,-3.0325464412069085e-19,1.0
15:54:19.217,0.0,-32.55287666463574,32.55287666463574,9500.0,0.0,-5.0076026840082004e-20,-2.6686408682620795e-19,1.0
15:54:19.237,0.0,-32.55287666463574,32.55287666463574,9500.0,0.0,-4.406690361927216e-20,-2.34840396407063e-19,1.0
15:54:19.257,0.0,-32.55287666463574,32.55287666463574,9500.0,0.0,-3.87788751849595e-20,-2.0665954883821543e-19,1.0
15:54:19.277,0.0,-32.55287666463574,32.55287666463574,9500.0,0.0,-3.412541016276436e-20,-1.8186040297762958e-19,1.0
15:54:19.297,0.0,-32.55287666463574,32.55287666463574,9500.0,0.0,-3.003036094323264e-20,-1.6003715462031403e-19,1.0
15:54:19.317,0.0,-30.812081121072328,30.812081121072328,9500.0,24.0,2.88,15.348034150431019,1.0
15:54:19.337,0.0,-27.678649142658195,27.678649142658195,9500.0,11.0,3.8543999999999996,20.540785704660177,1.0
15:54:19.357,0.0,-25.589694490382104,25.589694490382104,9500.0,16.0,5.311871999999999,28.30791418705497,1.0
15:54:19.377,0.0,-22.89146139785882,22.89146139785882,9500.0,21.0,7.19444736,38.34049436623552,1.0
15:54:19.397,0.0,-20.54138741404822,20.54138741404822,9500.0,17.0,8.3711136768,44.61115923217589,1.0
15:54:19.417,0.0,-18.017233875881278,18.017233875881278,9500.0,26.0,10.486580035584002,55.88485712061507,1.0
15:54:19.437,0.0,-15.319000783357994,15.319000783357994,9500.0,21.0,11.74819043131392,62.6082041477684,1.0
15:54:19.457,0.0,-13.404125685438244,13.404125685438244,9500.0,14.0,12.01840757955625,64.04823957112094,1.0
15:54:19.477,0.0,-12.272608582122029,12.272608582122029,9500.0,9.0,11.6561986700095,62.11796362899807,1.0
15:54:19.497,0.0,-10.967011924449473,10.967011924449473,9500.0,24.0,13.137454829608359,70.01184214394931,1.0
15:54:19.517,0.0,-8.094699277569848,8.094699277569848,9500.0,20.0,13.960960250055356,74.4004495453679,1.0
15:54:19.537,0.0,-5.744625293759247,5.744625293759247,9500.0,17.0,14.325645020048714,76.3439197898124,1.0
15:54:19.557,0.0,-3.2204717555923055,3.2204717555923055,9500.0,22.0,15.246567617642867,81.25168071959668,1.0
15:54:19.577,0.0,-0.6092784402471929,0.6092784402471929,5528.826578946327,22.0,16.056979503525724,85.57051033780685,1.0
15:54:19.597,0.0,1.5667159892070674,-1.5667159892070674,-9500.0,13.0,15.690141963102638,83.61556759542017,1.0
15:54:19.617,0.0,2.959352424057794,-2.959352424057794,-9500.0,10.0,15.007324927530322,79.976713713316,1.0
15:54:19.637,0.0,3.394551309948646,-3.394551309948646,-9500.0,0.0,13.206445936226682,70.37950806771808,1.0
15:54:19.657,0.0,3.394551309948646,-3.394551309948646,-9500.0,0.0,11.621672423879481,61.93396709959192,1.0
15:54:19.677,0.0,2.8723126468796236,-2.8723126468796236,-9500.0,-11.0,8.907071733013943,47.46737539536,1.0
15:54:19.697,0.0,0.8703977717817042,-0.8703977717817042,-7070.946386131559,-16.0,5.91822312505227,31.53926758096279,1.0
15:54:19.717,0.0,-1.3055966576725562,1.3055966576725562,9500.0,-17.0,3.1680363500459974,16.883031281358612,1.0
15:54:19.737,0.0,-2.4371137609887716,2.4371137609887716,9500.0,4.0,3.267871988040478,17.415073219334083,1.0
15:54:19.757,0.0,-1.3926364348507267,1.3926364348507267,9500.0,12.0,4.315727349475621,22.999281508229505,1.0
15:54:19.777,0.0,-0.3481591087126817,0.3481591087126817,3823.9461877052872,9.0,4.877840067538546,25.994880533653596,1.0
15:54:19.797,0.0,-0.17407955435634084,0.17407955435634084,0.0,-2.0,4.052499259433921,21.596492023745913,1.0
15:54:19.817,0.0,0.4351988858908521,-0.4351988858908521,-4327.190977938979,9.0,4.646199348301851,24.760425787308037,1.0
15:54:19.837,0.0,0.6092784402471929,-0.6092784402471929,-5430.517162009237,-1.0,3.968655426505628,21.149673269896446,1.0
15:54:19.857,0.0,0.6092784402471929,-0.6092784402471929,-5432.855102568127,0.0,3.4924167753249526,18.61171247750887,1.0
15:54:19.877,0.0,0.6092784402471929,-0.6092784402471929,-5434.912490259952,0.0,3.073326762285958,16.378306980207807,1.0
15:54:19.897,0.0,0.6092784402471929,-0.6092784402471929,-5436.722991428757,0.0,2.704527550811643,14.412910142582868,1.0
15:54:19.917,0.0,0.6092784402471929,-0.6092784402471929,-5438.316232457307,0.0,2.379984244714246,12.683360925472925,1.0
15:54:19.937,0.0,-0.17407955435634084,0.17407955435634084,0.0,-10.0,0.8943861353485365,4.766343385069916,1.0
15:54:19.957,0.0,-1.0444773261380451,1.0444773261380451,8200.918309948564,-5.0,0.1870597991067121,0.996875064188397,1.0
15:54:19.977,0.0,-1.1315171033162155,1.1315171033162155,8750.808112754736,0.0,0.16461262321390666,0.8772500564857894,1.0
15:54:19.997,0.0,-0.4351988858908521,0.4351988858908521,4355.423950607645,8.0,1.1048591084282378,5.8879914331845,1.0
15:54:20.017,0.0,-0.17407955435634084,0.17407955435634084,0.0,-2.0,0.7322760154168493,3.902429615333109,1.0
15:54:20.037,0.0,0.0,0.0,0.0,0.0,0.6444028935668273,3.434138061493136,1.0
15:54:20.057,0.0,0.08703977717817042,-0.08703977717817042,0.0,1.0,0.687074546338808,3.6615429170485854,1.0
15:54:20.077,0.0,0.08703977717817042,-0.08703977717817042,0.0,0.0,0.6046256007781511,3.2221577670027552,1.0
15:54:20.097,0.0,0.08703977717817042,-0.08703977717817042,0.0,0.0,0.532070528684773,2.835498834962425,1.0
15:54:20.117,0.0,0.08703977717817042,-0.08703977717817042,0.0,0.0,0.46822206524260024,2.495238974766934,1.0
15:54:20.137,0.0,0.17407955435634084,-0.17407955435634084,0.0,0.0,0.4120354174134882,2.1958102977949014,1.0
15:54:20.157,0.0,0.17407955435634084,-0.17407955435634084,0.0,0.0,0.36259116732386965,1.9323130620595137,1.0
15:54:20.177,0.0,0.17407955435634084,-0.17407955435634084,0.0,0.0,0.3190802272450053,1.7004354946123719,1.0
15:54:20.197,0.0,0.17407955435634084,-0.17407955435634084,0.0,0.0,0.2807905999756047,1.4963832352588875,1.0
15:54:20.217,0.0,0.17407955435634084,-0.17407955435634084,0.0,0.0,0.24709572797853213,1.316817247027821,1.0
15:54:20.237,0.0,0.17407955435634084,-0.17407955435634084,0.0,0.0,0.2174442406211083,1.1587991773844826,1.0
15:54:20.257,0.0,0.17407955435634084,-0.17407955435634084,0.0,0.0,0.1913509317465753,1.0197432760983447,1.0
15:54:20.277,0.0,0.17407955435634084,-0.17407955435634084,0.0,0.0,0.16838881993698626,0.8973740829665433,1.0
15:54:20.297,0.0,0.17407955435634084,-0.17407955435634084,0.0,0.0,0.1481821615445479,0.7896891930105582,1.0
15:54:20.317,0.0,0.17407955435634084,-0.17407955435634084,0.0,0.0,0.13040030215920217,0.6949264898492913,1.0
15:54:20.337,0.0,0.17407955435634084,-0.17407955435634084,0.0,0.0,0.11475226590009792,0.6115353110673764,1.0
15:54:20.357,0.0,0.17407955435634084,-0.17407955435634084,0.0,0.0,0.10098199399208617,0.5381510737392912,1.0
15:54:20.377,0.0,0.17407955435634084,-0.17407955435634084,0.0,0.0,0.08886415471303583,0.4735729448905762,1.0
15:54:20.397,0.0,0.17407955435634084,-0.17407955435634084,0.0,0.0,0.07820045614747152,0.41674419150370706,1.0
15:54:20.417,0.0,0.17407955435634084,-0.17407955435634084,0.0,0.0,0.06881640140977494,0.3667348885232622,1.0
15:54:20.437,0.0,0.17407955435634084,-0.17407955435634084,0.0,0.0,0.06055843324060194,0.3227267019004707,1.0
15:54:20.457,0.0,0.17407955435634084,-0.17407955435634084,0.0,0.0,0.05329142125172971,0.2839994976724142,1.0
15:54:20.477,0.0,0.17407955435634084,-0.17407955435634084,0.0,0.0,0.046896450701522145,0.24991955795172452,1.0
15:54:20.497,0.0,0.17407955435634084,-0.17407955435634084,0.0,0.0,0.04126887661733949,0.21992921099751758,1.0
15:54:20.517,0.0,0.17407955435634084,-0.17407955435634084,0.0,0.0,0.03631661142325875,0.19353770567781547,1.0
15:54:20.537,0.0,0.17407955435634084,-0.17407955435634084,0.0,0.0,0.031958618052467705,0.17031318099647763,1.0
15:54:20.557,0.0,0.17407955435634084,-0.17407955435634084,0.0,0.0,0.02812358388617158,0.14987559927690033,1.0
15:54:20.577,0.0,0.17407955435634084,-0.17407955435634084,0.0,0.0,0.024748753819830993,0.1318905273636723,1.0
15:54:20.597,0.0,0.2611193315345113,-0.2611193315345113,-3249.8930834753314,0.0,0.021778903361451274,0.11606366408003162,1.0
15:54:20.617,0.0,0.2611193315345113,-0.2611193315345113,-3249.905913458292,0.0,0.01916543495807712,0.10213602439042782,1.0
15:54:20.637,0.0,0.2611193315345113,-0.2611193315345113,-3249.917203843297,0.0,0.016865582763107866,0.08987970146357649,1.0
15:54:20.657,0.0,0.2611193315345113,-0.2611193315345113,-3249.9271393821014,0.0,0.014841712831534922,0.07909413728794731,1.0
15:54:20.677,0.0,0.2611193315345113,-0.2611193315345113,-3249.9358826562493,0.0,0.013060707291750732,0.06960284081339363,1.0
15:54:20.697,0.0,0.2611193315345113,-0.2611193315345113,-3249.9435767374994,0.0,0.011493422416740645,0.061250499915786405,1.0
15:54:20.717,0.0,0.2611193315345113,-0.2611193315345113,-3249.9503475289994,0.0,0.010114211726731768,0.05390043992589204,1.0
15:54:20.737,0.0,0.08703977717817042,-0.08703977717817042,0.0,-1.0,-0.11109949368047604,-0.5920690357998408,1.0
15:54:20.757,0.0,-0.3481591087126817,0.3481591087126817,3797.7527373525563,-3.0,-0.4577675544388189,-2.439525020307737,1.0
15:54:20.777,0.0,-0.3481591087126817,0.3481591087126817,3798.02240887025,0.0,-0.4028354479061606,-2.146782017870809,1.0
15:54:20.797,0.0,-0.17407955435634084,0.17407955435634084,0.0,3.0,0.005504805842578675,0.02933609307756587,1.0
15:54:20.817,0.0,0.0,0.0,0.0,0.0,0.004844229141469234,0.025815761908257965,1.0
15:54:20.837,0.0,0.08703977717817042,-0.08703977717817042,0.0,1.0,0.12426292164449292,0.6622192934138927,1.0
15:54:20.857,0.0,0.08703977717817042,-0.08703977717817042,0.0,0.0,0.10935137104715377,0.5827529782042257,1.0
15:54:20.877,0.0,0.08703977717817042,-0.08703977717817042,0.0,0.0,0.09622920652149532,0.5128226208197185,1.0
15:54:20.897,0.0,0.08703977717817042,-0.08703977717817042,0.0,0.0,0.08468170173891588,0.45128390632135235,1.0
15:54:20.917,0.0,0.08703977717817042,-0.08703977717817042,0.0,0.0,0.07451989753024597,0.3971298375627901,1.0
15:54:20.937,0.0,0.08703977717817042,-0.08703977717817042,0.0,0.0,0.06557750982661646,0.34947425705525526,1.0
15:54:20.957,0.0,0.08703977717817042,-0.08703977717817042,0.0,0.0,0.05770820864742249,0.30753734620862466,1.0
15:54:20.977,0.0,0.17407955435634084,-0.17407955435634084,0.0,0.0,0.05078322360973179,0.2706328646635897,1.0
15:54:20.997,0.0,0.17407955435634084,-0.17407955435634084,0.0,0.0,0.04468923677656397,0.23815692090395893,1.0
15:54:21.017,0.0,0.17407955435634084,-0.17407955435634084,0.0,0.0,0.039326528363376294,0.20957809039548383,1.0
15:54:21.037,0.0,0.17407955435634084,-0.17407955435634084,0.0,0.0,0.034607344959771136,0.18442871954802575,1.0
15:54:21.057,0.0,0.17407955435634084,-0.17407955435634084,0.0,0.0,0.030454463564598598,0.16229727320226267,1.0
15:54:21.077,0.0,0.17407955435634084,-0.17407955435634084,0.0,0.0,0.026799927936846768,0.14282160041799116,1.0
15:54:21.097,0.0,0.17407955435634084,-0.17407955435634084,0.0,0.0,0.023583936584425157,0.12568300836783222,1.0
15:54:21.117,0.0,0.17407955435634084,-0.17407955435634084,0.0,0.0,0.02075386419429414,0.11060104736369236,1.0
15:54:21.137,0.0,0.17407955435634084,-0.17407955435634084,0.0,0.0,0.018263400490978843,0.09732892168004928,1.0
15:54:21.157,0.0,0.17407955435634084,-0.17407955435634084,0.0,0.0,0.01607179243206138,0.08564945107844336,1.0
15:54:21.177,0.0,0.17407955435634084,-0.17407955435634084,0.0,0.0,0.014143177340214015,0.07537151694903016,1.0
15:54:21.197,0.0,0.17407955435634084,-0.17407955435634084,0.0,0.0,0.012445996059388334,0.06632693491514655,1.0
15:54:21.217,0.0,0.17407955435634084,-0.17407955435634084,0.0,0.0,0.010952476532261734,0.05836770272532896,1.0
15:54:21.237,0.0,0.17407955435634084,-0.17407955435634084,0.0,0.0,0.009638179348390325,0.05136357839828948,1.0
15:54:21.257,0.0,0.17407955435634084,-0.17407955435634084,0.0,0.0,0.008481597826583486,0.04519994899049474,1.0
15:54:21.277,0.0,0.17407955435634084,-0.17407955435634084,0.0,0.0,0.007463806087393468,0.039775955111635376,1.0
15:54:21.297,0.0,0.17407955435634084,-0.17407955435634084,0.0,0.0,0.0065681493569062525,0.03500284049823913,1.0
15:54:21.317,0.0,0.17407955435634084,-0.17407955435634084,0.0,0.0,0.005779971434077502,0.030802499638450435,1.0
15:54:21.337,0.0,0.17407955435634084,-0.17407955435634084,0.0,0.0,0.0050863748619882024,0.027106199681836387,1.0
15:54:21.357,0.0,0.17407955435634084,-0.17407955435634084,0.0,0.0,0.004476009878549618,0.023853455720016018,1.0
15:54:21.377,0.0,0.17407955435634084,-0.17407955435634084,0.0,0.0,0.003938888693123664,0.0209910410336141,1.0
15:54:21.397,0.0,0.17407955435634084,-0.17407955435634084,0.0,0.0,0.0034662220499488243,0.018472116109580407,1.0
15:54:21.417,0.0,0.17407955435634084,-0.17407955435634084,0.0,0.0,0.0030502754039549653,0.016255462176430757,1.0
15:54:21.437,0.0,0.17407955435634084,-0.17407955435634084,0.0,0.0,0.0026842423554803694,0.014304806715259065,1.0
15:54:21.457,0.0,0.17407955435634084,-0.17407955435634084,0.0,0.0,0.002362133272822725,0.012588229909427978,1.0
15:54:21.477,0.0,0.17407955435634084,-0.17407955435634084,0.0,0.0,0.0020786772800839982,0.011077642320296621,1.0
15:54:21.497,0.0,0.17407955435634084,-0.17407955435634084,0.0,0.0,0.0018292360064739185,0.009748325241861028,1.0
15:54:21.517,0.0,0.17407955435634084,-0.17407955435634084,0.0,0.0,0.0016097276856970484,0.008578526212837705,1.0
15:54:21.537,0.0,0.17407955435634084,-0.17407955435634084,0.0,0.0,0.0014165603634134025,0.00754910306729718,1.0
15:54:21.557,0.0,0.17407955435634084,-0.17407955435634084,0.0,0.0,0.0012465731198037942,0.0066432106992215184,1.0
15:54:21.577,0.0,0.17407955435634084,-0.17407955435634084,0.0,0.0,0.001096984345427339,0.005846025415314936,1.0
15:54:21.598,0.0,0.17407955435634084,-0.17407955435634084,0.0,0.0,0.0009653462239760583,0.005144502365477144,1.0
15:54:21.617,0.0,0.17407955435634084,-0.17407955435634084,0.0,0.0,0.0008495046770989312,0.004527162081619887,1.0
15:54:21.637,0.0,0.17407955435634084,-0.17407955435634084,0.0,0.0,0.0007475641158470595,0.0039839026318255,1.0
15:54:21.657,0.0,0.2611193315345113,-0.2611193315345113,-3249.9967704653814,0.0,0.0006578564219454124,0.00350583431600644,1.0
15:54:21.677,0.0,0.17407955435634084,-0.17407955435634084,0.0,0.0,0.0005789136513119629,0.0030851341980856675,1.0
15:54:21.697,0.0,0.17407955435634084,-0.17407955435634084,0.0,0.0,0.0005094440131545273,0.0027149180943153873,1.0
15:54:21.717,0.0,0.2611193315345113,-0.2611193315345113,-3249.997799162584,0.0,0.00044831073157598403,0.0023891279229975404,1.0
15:54:21.737,0.0,0.17407955435634084,-0.17407955435634084,0.0,0.0,0.00039451344378686596,0.0021024325722378357,1.0
15:54:21.757,0.0,0.17407955435634084,-0.17407955435634084,0.0,0.0,0.00034717183053244204,0.0018501406635692953,1.0
15:54:21.777,0.0,0.17407955435634084,-0.17407955435634084,0.0,0.0,0.000305511210868549,0.0016281237839409798,1.0
15:54:21.797,0.0,0.17407955435634084,-0.17407955435634084,0.0,0.0,0.0002688498655643231,0.0014327489298680623,1.0
15:54:21.817,0.0,0.17407955435634084,-0.17407955435634084,0.0,0.0,0.00023658788169660433,0.001260819058283895,1.0
15:54:21.837,0.0,0.17407955435634084,-0.17407955435634084,0.0,0.0,0.0002081973358930118,0.0011095207712898275,1.0
15:54:21.857,0.0,0.17407955435634084,-0.17407955435634084,0.0,0.0,0.00018321365558585039,0.0009763782787350481,1.0
15:54:21.877,0.0,0.17407955435634084,-0.17407955435634084,0.0,0.0,0.00016122801691554833,0.0008592128852868422,1.0
15:54:21.897,0.0,0.17407955435634084,-0.17407955435634084,0.0,0.0,0.00014188065488568254,0.0007561073390524212,1.0
15:54:21.917,0.0,0.17407955435634084,-0.17407955435634084,0.0,0.0,0.00012485497629940062,0.0006653744583661307,1.0
15:54:21.937,0.0,0.17407955435634084,-0.17407955435634084,0.0,0.0,0.00010987237914347255,0.000585529523362195,1.0
15:54:21.957,0.0,0.17407955435634084,-0.17407955435634084,0.0,0.0,9.668769364625585e-05,0.0005152659805587316,1.0
15:54:21.977,0.0,0.17407955435634084,-0.17407955435634084,0.0,0.0,8.508517040870515e-05,0.00045343406289168384,1.0
15:54:21.997,0.0,0.17407955435634084,-0.17407955435634084,0.0,0.0,7.487494995966054e-05,0.0003990219753446818,1.0
15:54:22.017,0.0,0.17407955435634084,-0.17407955435634084,0.0,0.0,6.588995596450128e-05,0.00035113933830332,1.0
15:54:22.037,0.0,0.17407955435634084,-0.17407955435634084,0.0,0.0,5.7983161248761126e-05,0.00030900261770692164,1.0
15:54:22.057,0.0,0.17407955435634084,-0.17407955435634084,0.0,0.0,5.1025181898909794e-05,0.000271922303582091,1.0
15:54:22.077,0.0,0.17407955435634084,-0.17407955435634084,0.0,0.0,4.490216007104062e-05,0.00023929162715224014,1.0
15:54:22.097,0.0,0.17407955435634084,-0.17407955435634084,0.0,0.0,3.951390086251575e-05,0.00021057663189397134,1.0
15:54:22.117,0.0,0.17407955435634084,-0.17407955435634084,0.0,0.0,3.477223275901386e-05,0.00018530743606669475,1.0
15:54:22.137,0.0,0.17407955435634084,-0.17407955435634084,0.0,0.0,3.05995648279322e-05,0.0001630705437386914,1.0
15:54:22.157,0.0,0.17407955435634084,-0.17407955435634084,0.0,0.0,2.6927617048580334e-05,0.00014350207849004844,1.0
15:54:22.177,0.0,0.17407955435634084,-0.17407955435634084,0.0,0.0,2.3696303002750692e-05,0.00012628182907124263,1.0
15:54:22.197,0.0,0.17407955435634084,-0.17407955435634084,0.0,0.0,2.085274664242061e-05,0.0001111280095826935,1.0
15:54:22.217,0.0,0.17407955435634084,-0.17407955435634084,0.0,0.0,1.8350417045330137e-05,9.779264843277029e-05,1.0
15:54:22.237,0.0,0.17407955435634084,-0.17407955435634084,0.0,0.0,1.6148366999890522e-05,8.605753062083786e-05,1.0
15:54:22.257,0.0,0.17407955435634084,-0.17407955435634084,0.0,0.0,1.4210562959903659e-05,7.573062694633732e-05,1.0
15:54:22.277,0.0,0.17407955435634084,-0.17407955435634084,0.0,0.0,1.250529540471522e-05,6.664295171277684e-05,1.0
15:54:22.297,0.0,0.17407955435634084,-0.17407955435634084,0.0,0.0,1.1004659956149394e-05,5.864579750724362e-05,1.0
15:54:22.317,0.0,0.17407955435634084,-0.17407955435634084,0.0,0.0,9.684100761411466e-06,5.1608301806374385e-05,1.0
15:54:22.337,0.0,0.17407955435634084,-0.17407955435634084,0.0,0.0,8.52200867004209e-06,4.5415305589609456e-05,1.0
15:54:22.357,0.0,0.17407955435634084,-0.17407955435634084,0.0,0.0,7.499367629637039e-06,3.996546891885632e-05,1.0
15:54:22.377,0.0,0.17407955435634084,-0.17407955435634084,0.0,0.0,6.599443514080594e-06,3.516961264859356e-05,1.0
15:54:22.397,0.0,0.17407955435634084,-0.17407955435634084,0.0,0.0,5.807510292390923e-06,3.094925913076233e-05,1.0
15:54:22.417,0.0,0.17407955435634084,-0.17407955435634084,0.0,0.0,5.110609057304012e-06,2.723534803507085e-05,1.0
15:54:22.437,0.0,0.17407955435634084,-0.17407955435634084,0.0,0.0,4.4973359704275305e-06,2.396710627086235e-05,1.0
15:54:22.457,0.0,0.17407955435634084,-0.17407955435634084,0.0,0.0,3.957655653976227e-06,2.1091053518358868e-05,1.0
15:54:22.477,0.0,0.17407955435634084,-0.17407955435634084,0.0,0.0,3.4827369754990795e-06,1.8560127096155803e-05,1.0
15:54:22.497,0.0,0.17407955435634084,-0.17407955435634084,0.0,0.0,3.06480853843919e-06,1.633291184461711e-05,1.0
15:54:22.517,0.0,0.17407955435634084,-0.17407955435634084,0.0,0.0,2.6970315138264874e-06,1.4372962423263055e-05,1.0
15:54:22.537,0.0,0.17407955435634084,-0.17407955435634084,0.0,0.0,2.373387732167309e-06,1.2648206932471489e-05,1.0
15:54:22.557,0.0,0.17407955435634084,-0.17407955435634084,0.0,0.0,2.0885812043072318e-06,1.113042210057491e-05,1.0
15:54:22.577,0.0,0.17407955435634084,-0.17407955435634084,0.0,0.0,1.837951459790364e-06,9.79477144850592e-06,1.0
15:54:22.597,0.0,0.17407955435634084,-0.17407955435634084,0.0,0.0,1.6173972846155203e-06,8.619398874685209e-06,1.0
15:54:22.617,0.0,0.17407955435634084,-0.17407955435634084,0.0,0.0,1.4233096104616579e-06,7.585071009722985e-06,1.0
15:54:22.637,0.0,0.17407955435634084,-0.17407955435634084,0.0,0.0,1.252512457206259e-06,6.674862488556227e-06,1.0
15:54:22.657,0.0,0.17407955435634084,-0.17407955435634084,0.0,0.0,1.1022109623415078e-06,5.873878989929479e-06,1.0
15:54:22.677,0.0,0.17407955435634084,-0.17407955435634084,0.0,0.0,9.699456468605268e-07,5.169013511137941e-06,1.0
15:54:22.697,0.0,0.17407955435634084,-0.17407955435634084,0.0,0.0,8.535521692372636e-07,4.548731889801388e-06,1.0
15:54:22.717,0.0,0.17407955435634084,-0.17407955435634084,0.0,0.0,7.511259089287919e-07,4.002884063025222e-06,1.0
15:54:22.737,0.0,0.17407955435634084,-0.17407955435634084,0.0,0.0,6.609907998573369e-07,3.522537975462195e-06,1.0
15:54:22.757,0.0,0.17407955435634084,-0.17407955435634084,0.0,0.0,5.816719038744565e-07,3.099833418406732e-06,1.0
15:54:22.777,0.0,0.17407955435634084,-0.17407955435634084,0.0,0.0,5.118712754095217e-07,2.727853408197924e-06,1.0
15:54:22.797,0.0,0.17407955435634084,-0.17407955435634084,0.0,0.0,4.504467223603791e-07,2.400510999214173e-06,1.0
15:54:22.817,0.0,0.17407955435634084,-0.17407955435634084,0.0,0.0,3.963931156771336e-07,2.1124496793084722e-06,1.0
15:54:22.837,0.0,0.17407955435634084,-0.17407955435634084,0.0,0.0,3.4882594179587753e-07,1.8589557177914554e-06,1.0
15:54:22.857,0.0,0.17407955435634084,-0.17407955435634084,0.0,0.0,3.0696682878037223e-07,1.6358810316564808e-06,1.0
15:54:22.877,0.0,0.17407955435634084,-0.17407955435634084,0.0,0.0,2.701308093267276e-07,1.439575307857703e-06,1.0
15:54:22.897,0.0,0.17407955435634084,-0.17407955435634084,0.0,0.0,2.3771511220752026e-07,1.2668262709147787e-06,1.0
15:54:22.917,0.0,0.17407955435634084,-0.17407955435634084,0.0,0.0,2.0918929874261782e-07,1.1148071184050053e-06,1.0
15:54:22.937,0.0,0.17407955435634084,-0.17407955435634084,0.0,0.0,1.8408658289350368e-07,9.810302641964046e-07,1.0
15:54:22.957,0.0,0.17407955435634084,-0.17407955435634084,0.0,0.0,1.6199619294628324e-07,8.63306632492836e-07,1.0
15:54:22.977,0.0,0.17407955435634084,-0.17407955435634084,0.0,0.0,1.4255664979272926e-07,7.597098365936958e-07,1.0
15:54:22.997,0.0,0.17407955435634084,-0.17407955435634084,0.0,0.0,1.2544985181760175e-07,6.685446562024522e-07,1.0
15:54:23.017,0.0,0.17407955435634084,-0.17407955435634084,0.0,0.0,1.1039586959948953e-07,5.88319297458158e-07,1.0
15:54:23.037,0.0,0.17407955435634084,-0.17407955435634084,0.0,0.0,9.714836524755078e-08,5.177209817631789e-07,1.0
15:54:23.057,0.0,0.17407955435634084,-0.17407955435634084,0.0,0.0,8.549056141784469e-08,4.5559446395159753e-07,1.0
15:54:23.077,0.0,0.17407955435634084,-0.17407955435634084,0.0,0.0,7.523169404770333e-08,4.009231282774058e-07,1.0
15:54:23.097,0.0,0.17407955435634084,-0.17407955435634084,0.0,0.0,6.620389076197893e-08,3.528123528841171e-07,1.0
15:54:23.117,0.0,0.17407955435634084,-0.17407955435634084,0.0,0.0,5.825942387054146e-08,3.104748705380231e-07,1.0
15:54:23.137,0.0,0.17407955435634084,-0.17407955435634084,0.0,0.0,5.1268293006076486e-08,2.732178860734603e-07,1.0
15:54:23.157,0.0,0.17407955435634084,-0.17407955435634084,0.0,0.0,4.5116097845347305e-08,2.4043173974464503e-07,1.0
15:54:23.177,0.0,0.17407955435634084,-0.17407955435634084,0.0,0.0,3.970216610390563e-08,2.1157993097528766e-07,1.0
15:54:23.197,0.0,0.17407955435634084,-0.17407955435634084,0.0,0.0,3.4937906171436955e-08,1.8619033925825313e-07,1.0
15:54:23.217,0.0,0.17407955435634084,-0.17407955435634084,0.0,0.0,3.0745357430864524e-08,1.6384749854726278e-07,1.0
15:54:23.237,0.0,0.17407955435634084,-0.17407955435634084,0.0,0.0,2.705591453916078e-08,1.4418579872159123e-07,1.0
15:54:23.257,0.0,0.17407955435634084,-0.17407955435634084,0.0,0.0,2.3809204794461487e-08,1.268835028750003e-07,1.0
15:54:23.277,0.0,0.17407955435634084,-0.17407955435634084,0.0,0.0,2.095210021912611e-08,1.1165748253000027e-07,1.0
15:54:23.297,0.0,0.17407955435634084,-0.17407955435634084,0.0,0.0,1.843784819283098e-08,9.825858462640025e-08,1.0
15:54:23.317,0.0,0.17407955435634084,-0.17407955435634084,0.0,0.0,1.622530640969126e-08,8.646755447123222e-08,1.0
15:54:23.337,0.0,0.17407955435634084,-0.17407955435634084,0.0,0.0,1.427826964052831e-08,7.609144793468435e-08,1.0
15:54:23.357,0.0,0.17407955435634084,-0.17407955435634084,0.0,0.0,1.2564877283664913e-08,6.696047418252223e-08,1.0
15:54:23.377,0.0,0.17407955435634084,-0.17407955435634084,0.0,0.0,1.1057092009625124e-08,5.8925217280619567e-08,1.0
15:54:23.397,0.0,0.17407955435634084,-0.17407955435634084,0.0,0.0,9.73024096847011e-09,5.185419120694522e-08,1.0
15:54:23.417,0.0,0.17407955435634084,-0.17407955435634084,0.0,0.0,8.562612052253696e-09,4.563168826211179e-08,1.0
15:54:23.437,0.0,0.17407955435634084,-0.17407955435634084,0.0,0.0,7.535098605983253e-09,4.015588567065838e-08,1.0
15:54:23.457,0.0,0.17407955435634084,-0.17407955435634084,0.0,0.0,6.630886773265263e-09,3.5337179390179376e-08,1.0
15:54:23.477,0.0,0.17407955435634084,-0.17407955435634084,0.0,0.0,5.835180360473432e-09,3.1096717863357856e-08,1.0
15:54:23.497,0.0,0.17407955435634084,-0.17407955435634084,0.0,0.0,5.13495871721662e-09,2.736511171975491e-08,1.0
15:54:23.517,0.0,0.17407955435634084,-0.17407955435634084,0.0,0.0,4.518763671150626e-09,2.408129831338432e-08,1.0
15:54:23.537,0.0,0.17407955435634084,-0.17407955435634084,0.0,0.0,3.9765120306125505e-09,2.1191542515778202e-08,1.0
15:54:23.557,0.0,0.17407955435634084,-0.17407955435634084,0.0,0.0,3.4993305869390443e-09,1.8648557413884817e-08,1.0
15:54:23.577,0.0,0.17407955435634084,-0.17407955435634084,0.0,0.0,3.079410916506359e-09,1.641073052421864e-08,1.0
15:54:23.597,0.0,0.17407955435634084,-0.17407955435634084,0.0,0.0,2.709881606525596e-09,1.4441442861312403e-08,1.0
15:54:23.617,0.0,0.17407955435634084,-0.17407955435634084,0.0,0.0,2.3846958137425245e-09,1.2708469717954914e-08,1.0
15:54:23.637,0.0,0.17407955435634084,-0.17407955435634084,0.0,0.0,2.0985323160934214e-09,1.1183453351800324e-08,1.0
15:54:23.657,0.0,0.17407955435634084,-0.17407955435634084,0.0,0.0,1.8467084381622109e-09,9.841438949584286e-09,1.0
15:54:23.677,0.0,0.17407955435634084,-0.17407955435634084,0.0,0.0,1.6251034255827456e-09,8.660466275634172e-09,1.0
15:54:23.697,0.0,0.17407955435634084,-0.17407955435634084,0.0,0.0,1.430091014512816e-09,7.62121032255807e-09,1.0
15:54:23.717,0.0,0.17407955435634084,-0.17407955435634084,0.0,0.0,1.2584800927712782e-09,6.706665083851102e-09,1.0
15:54:23.737,0.0,0.17407955435634084,-0.17407955435634084,0.0,0.0,1.1074624816387247e-09,5.90186527378897e-09,1.0
15:54:23.757,0.0,0.17407955435634084,-0.17407955435634084,0.0,0.0,9.745669838420778e-10,5.193641440934294e-09,1.0
15:54:23.777,0.0,0.17407955435634084,-0.17407955435634084,0.0,0.0,8.576189457810285e-10,4.570404468022179e-09,1.0
15:54:23.797,0.0,0.17407955435634084,-0.17407955435634084,0.0,0.0,7.547046722873051e-10,4.021955931859517e-09,1.0
15:54:23.817,0.0,0.17407955435634084,-0.17407955435634084,0.0,0.0,6.641401116128284e-10,3.5393212200363746e-09,1.0
15:54:23.837,0.0,0.17407955435634084,-0.17407955435634084,0.0,0.0,5.84443298219289e-10,3.11460267363201e-09,1.0
15:54:23.858,0.0,0.17407955435634084,-0.17407955435634084,0.0,0.0,5.143101024329743e-10,2.7408503527961685e-09,1.0
15:54:23.877,0.0,0.17407955435634084,-0.17407955435634084,0.0,0.0,4.5259289014101743e-10,2.4119483104606286e-09,1.0
15:54:23.897,0.0,0.17407955435634084,-0.17407955435634084,0.0,0.0,3.9828174332409533e-10,2.122514513205353e-09,1.0
15:54:23.917,0.0,0.17407955435634084,-0.17407955435634084,0.0,0.0,3.5048793412520387e-10,1.8678127716207104e-09,1.0
15:54:23.937,0.0,0.17407955435634084,-0.17407955435634084,0.0,0.0,3.0842938203017943e-10,1.6436752390262254e-09,1.0
15:54:23.957,0.0,0.17407955435634084,-0.17407955435634084,0.0,0.0,2.714178561865579e-10,1.4464342103430784e-09,1.0
15:54:23.977,0.0,0.17407955435634084,-0.17407955435634084,0.0,0.0,2.3884771344417094e-10,1.272862105101909e-09,1.0
15:54:23.997,0.0,0.17407955435634084,-0.17407955435634084,0.0,0.0,2.1018598783087042e-10,1.1201186524896799e-09,1.0
15:54:24.017,0.0,0.17407955435634084,-0.17407955435634084,0.0,0.0,1.8496366929116597e-10,9.857044141909182e-10,1.0
15:54:24.037,0.0,0.17407955435634084,-0.17407955435634084,0.0,0.0,1.6276802897622604e-10,8.67419884488008e-10,1.0
15:54:24.058,-19.999999999999996,0.17407955435634084,-20.174079554356336,-9500.0,0.0,1.4323586549907893e-10,7.63329498349447e-10,1.0
15:54:24.077,-19.999999999999996,0.17407955435634084,-20.174079554356336,-9500.0,0.0,1.2604756163918945e-10,6.717299585475134e-10,1.0
15:54:24.097,-19.999999999999996,-0.6963182174253634,-19.303681782574632,-9500.0,-13.0,-1.5599999998890781,-8.313518497559013,1.0
15:54:24.117,-19.999999999999996,-2.0889546522760902,-17.911045347723906,-9500.0,-13.0,-2.9327999999023886,-15.629414776002067,1.0
15:54:24.137,-19.999999999999996,-3.133431978414135,-16.866568021585863,-9500.0,-6.0,-3.3008639999141023,-17.590893540489574,1.0
15:54:24.157,-19.999999999999996,-4.09086952737401,-15.909130472625987,-9500.0,-7.0,-3.74476031992441,-19.956496276173205,1.0
15:54:24.177,-19.999999999999996,-5.396466185046566,-14.60353381495343,-9500.0,-15.0,-5.095389081533481,-27.15423806705181,1.0
15:54:24.197,-19.999999999999996,-6.9631821742536335,-13.036817825746363,-9500.0,-12.0,-5.923942391749463,-31.569746574221103,1.0
15:54:24.217,-19.999999999999996,-8.791017494995213,-11.208982505004784,-9500.0,-16.0,-7.133069304739528,-38.01339975226858,1.0
15:54:24.237,-19.999999999999996,-11.054051701627643,-8.945948298372354,-9500.0,-19.0,-8.557100988170784,-45.602318817754245,1.0
15:54:24.258,-19.999999999999996,-13.143006353903733,-6.856993646096263,-9500.0,-17.0,-9.57024886959029,-51.001564749512376,1.0
15:54:24.277,-19.999999999999996,-15.231961006179823,-4.7680389938201735,-9500.0,-17.0,-10.461819005239455,-55.75290116945953,1.0
15:54:24.297,-19.999999999999996,-17.582034989990426,-2.417965010009572,-9500.0,-21.0,-11.72640072461072,-62.49208291075152,1.0
15:54:24.317,-19.999999999999996,-19.845069196622855,-0.15493080337714096,0.0,-19.0,-12.599232637657433,-67.14355999721923,1.0
15:54:24.337,-19.999999999999996,-21.585864740186263,1.5858647401862673,9500.0,-11.0,-12.407324721138542,-66.1208484498338,1.0
15:54:24.357,-19.999999999999996,-22.282182957611628,2.2821829576116306,9500.0,-3.0,-11.278445754601917,-60.104850904657624,1.0
15:54:24.377,-19.999999999999996,-21.672904517364433,1.672904517364438,9500.0,8.0,-8.965032264049686,-47.7762574126217,1.0
15:54:24.397,-19.999999999999996,-21.06362607711724,1.063626077117245,8284.037673670504,3.0,-7.5292283923637235,-40.12460225430322,1.0
15:54:24.417,-19.999999999999996,-20.8895465227609,0.8895465227609041,7189.06225425298,1.0,-6.505720985280076,-34.670148560852205,1.0
15:54:24.437,-19.999999999999996,-19.322830533553834,-0.6771694664461635,-5892.966782106945,24.0,-2.8450344670464673,-15.161696583118921,1.0
15:54:24.457,-19.999999999999996,-17.320915658455913,-2.6790843415440833,-9500.0,7.0,-1.6636303310008915,-8.865783032602272,1.0
15:54:24.477,-19.999999999999996,-17.233875881277744,-2.7661241187222534,-9500.0,-3.0,-1.8239946912807845,-9.720393337493876,1.0
15:54:24.497,-19.999999999999996,-17.320915658455913,-2.6790843415440833,-9500.0,1.0,-1.4851153283270904,-7.914444714059986,1.0
15:54:24.517,-19.999999999999996,-17.407955435634083,-2.5920445643659127,-9500.0,-1.0,-1.4269014889278395,-7.604212771307413,1.0
15:54:24.537,-19.999999999999996,-19.14875097919749,-0.8512490208025043,-6996.94635290712,-20.0,-3.655673310256499,-19.48173569744304,1.0
15:54:24.557,-19.999999999999996,-21.15066585429541,1.1506658542954153,8846.959789520652,-14.0,-4.896992513025719,-26.096947334834635,1.0
15:54:24.577,-19.999999999999996,-22.369222734789798,2.369222734789801,9500.0,-8.0,-5.269353411462633,-28.081325038131485,1.0
15:54:24.597,-19.999999999999996,-22.108103403255285,2.10810340325529,9500.0,2.0,-4.397031002087116,-23.432563187686455,1.0
15:54:24.617,-19.999999999999996,-21.498824963008094,1.498824963008097,9500.0,5.0,-3.2693872818366625,-17.423148490490952,1.0
15:54:24.637,-19.999999999999996,-21.32474540865175,1.324745408651756,9500.0,3.0,-2.517060808016263,-13.41386640282816,1.0
15:54:24.657,-19.999999999999996,-20.106188528157368,0.10618852815737029,0.0,26.0,0.9049864889456884,4.82283456181149,1.0
15:54:24.677,-19.999999999999996,-17.494995212812253,-2.505004787187742,-9500.0,11.0,2.1163881102722057,11.278610066674995,1.0
15:54:24.697,-19.999999999999996,-16.711637218208722,-3.288362781791276,-9500.0,-2.0,1.6224215370395412,8.646174012804744,1.0
15:54:24.717,-19.999999999999996,-17.320915658455913,-2.6790843415440833,-9500.0,-5.0,0.8277309525947963,4.4111260165950466,1.0
15:54:24.737,-19.999999999999996,-17.407955435634083,-2.5920445643659127,-9500.0,-3.0,0.3684032382834208,1.9632866257997634,1.0
15:54:24.757,-19.999999999999996,-17.930194098703105,-2.06980590129689,-9500.0,-18.0,-1.8358051503105899,-9.783333382119473,1.0
15:54:24.777,-19.999999999999996,-20.280268082513707,0.2802680825137111,3353.054456017416,-17.0,-3.655508532273319,-19.480857566153773,1.0
15:54:24.797,-19.999999999999996,-21.934023848898946,1.934023848898949,9500.0,-9.0,-4.296847508400521,-22.898667464626957,1.0
15:54:24.817,-19.999999999999996,-22.19514318043346,2.1951431804334605,9500.0,1.0,-3.6612258073924586,-19.511325945937095,1.0
15:54:24.837,-19.999999999999996,-21.672904517364433,1.672904517364438,9500.0,6.0,-2.5018787105053635,-13.332958294816889,1.0
15:54:24.857,-19.999999999999996,-21.498824963008094,1.498824963008097,9500.0,-1.0,-2.32165326524472,-12.372504722373488,1.0
15:54:24.877,-19.999999999999996,-21.06362607711724,1.063626077117245,8328.054220156266,29.0,1.4369451265846465,7.6577371094154785,1.0
15:54:24.897,-19.999999999999996,-18.5394725389503,-1.4605274610496972,-9500.0,25.0,4.264511711394489,22.726344229651264,1.0
15:54:24.917,-19.999999999999996,-16.53755766385238,-3.4624423361476167,-9500.0,9.0,4.83277030602715,25.754695728504746,1.0
15:54:24.937,-19.999999999999996,-16.97275654974323,-3.0272434502567647,-9500.0,-7.0,3.4128378693038925,18.1876222805418,1.0
15:54:24.958,-19.999999999999996,-17.407955435634083,-2.5920445643659127,-9500.0,-2.0,2.763297324987425,14.726104761007528,1.0
15:54:24.977,-19.999999999999996,-17.494995212812253,-2.505004787187742,-9500.0,-1.0,2.311701645988934,12.319470766752,1.0
15:54:24.997,-19.999999999999996,-19.409870310732003,-0.590129689267993,-5331.384400535228,-21.0,-0.4857025515297382,-2.588395606885383,1.0
15:54:25.017,-19.999999999999996,-21.411785185829924,1.4117851858299266,9500.0,-16.0,-2.3474182453461694,-12.509810901013148,1.0
15:54:25.037,-19.999999999999996,-22.543302289146137,2.543302289146142,9500.0,-2.0,-2.3057280559046287,-12.28763643876082,1.0
15:54:25.057,-19.999999999999996,-22.108103403255285,2.10810340325529,9500.0,6.0,-1.3090406891960733,-6.976111528501768,1.0
15:54:25.077,-19.999999999999996,-21.672904517364433,1.672904517364438,9500.0,1.0,-1.0319558064925447,-5.499476722146931,1.0
15:54:25.097,-19.999999999999996,-21.585864740186263,1.5858647401862673,9500.0,0.0,-0.9081211097134393,-4.839539515489299,1.0
15:54:25.117,-19.999999999999996,-20.019148750979195,0.019148750979199866,0.0,24.0,2.080853423452173,11.089239376800435,1.0
15:54:25.137,-19.999999999999996,-17.407955435634083,-2.5920445643659127,-9500.0,18.0,3.9911510126379124,21.269556264407647,1.0
15:54:25.157,-19.999999999999996,-16.711637218208722,-3.288362781791276,-9500.0,-2.0,3.272212891121363,17.438206666809478,1.0
15:54:25.177,-19.999999999999996,-17.407955435634083,-2.5920445643659127,-9500.0,-5.0,2.2795473441867995,12.148114752119213,1.0
15:54:25.197,-19.999999999999996,-17.494995212812253,-2.505004787187742,-9500.0,1.0,2.126001662884384,11.329842404799534,1.0
15:54:25.217,-19.999999999999996,-18.017233875881278,-1.9827661241187198,-9500.0,-15.0,0.07088146333825796,0.37773997220420397,1.0
15:54:25.237,-19.999999999999996,-20.280268082513707,0.2802680825137111,3361.8805906197513,-16.0,-1.8576243122623328,-9.899611591414313,1.0
15:54:25.257,-19.999999999999996,-22.021063626077115,2.0210636260771193,9500.0,-11.0,-2.9547093947908527,-15.746173852725478,1.0
15:54:25.277,-19.999999999999996,-22.282182957611628,2.2821829576116306,9500.0,1.0,-2.4801442674159504,-13.217131567463795,1.0
15:54:25.297,-19.999999999999996,-21.759944294542606,1.7599442945426083,9500.0,3.0,-1.8225269553260364,-9.712571510564262,1.0
15:54:25.317,-19.999999999999996,-21.585864740186263,1.5858647401862673,9500.0,-1.0,-1.7238237206869118,-9.186564352231175,1.0
15:54:25.337,-19.999999999999996,-21.23770563147358,1.2377056314735857,9424.15677423004,18.0,0.6430351257955178,3.426848982859831,1.0
15:54:25.358,-19.999999999999996,-18.71355209330664,-1.2864479066933565,-9500.0,27.0,3.8058709107000555,20.282165524151548,1.0
15:54:25.377,-19.999999999999996,-16.53755766385238,-3.4624423361476167,-9500.0,7.0,4.189166401416049,22.324815621795743,1.0
15:54:25.397,-19.999999999999996,-16.88571677256506,-3.1142832274349352,-9500.0,-7.0,2.8464664332461234,15.169327786637874,1.0
15:54:25.417,-19.999999999999996,-17.407955435634083,-2.5920445643659127,-9500.0,0.0,2.5048904612565885,13.34900845224133,1.0
15:54:25.437,-19.999999999999996,-17.494995212812253,-2.505004787187742,-9500.0,1.0,2.324303605905798,12.386628860906995,1.0
15:54:25.457,-19.999999999999996,-19.14875097919749,-0.8512490208025043,-6983.097263365561,-24.0,-0.8346128268028976,-4.447800752832862,1.0
15:54:25.477,-19.999999999999996,-21.15066585429541,1.1506658542954153,8859.736089740158,-13.0,-2.29445928758655,-12.227583160643054,1.0
15:54:25.497,-19.999999999999996,-22.543302289146137,2.543302289146142,9500.0,4.0,-1.5391241730761638,-8.202267489627383,1.0
15:54:25.517,-19.999999999999996,-22.19514318043346,2.1951431804334605,9500.0,6.0,-0.6344292723070242,-3.380986853264343,1.0
15:54:25.537,-19.999999999999996,-21.759944294542606,1.7599442945426083,9500.0,3.0,-0.19829775963018126,-1.0567641620687442,1.0
15:54:25.557,-19.999999999999996,-21.585864740186263,1.5858647401862673,9500.0,1.0,-0.05450202847455951,-0.29045103968586916,1.0
15:54:25.577,-19.999999999999996,-20.54138741404822,0.5413874140482223,5032.5465754935085,20.0,2.3520382149423877,12.534431543768951,1.0
15:54:25.597,-19.999999999999996,-17.843154321524935,-2.1568456784750607,-9500.0,16.0,3.9897936291493012,21.26232252547069,1.0
15:54:25.617,-19.999999999999996,-16.45051788667421,-3.5494821133257872,-9500.0,0.0,3.5110183936513852,18.71084382241421,1.0
15:54:25.637,-19.999999999999996,-17.146836104099574,-2.853163895900424,-9500.0,-11.0,1.7696961864132192,9.43102691144362,1.0
15:54:25.657,-19.999999999999996,-17.494995212812253,-2.505004787187742,-9500.0,-2.0,1.317332644043633,7.020300836201136,1.0
15:54:25.677,-19.999999999999996,-17.582034989990426,-2.417965010009572,-9500.0,-1.0,1.0392527267583973,5.538363312922375,1.0
15:54:25.697,-19.999999999999996,-19.583949865088343,-0.4160501349116522,-4236.8814779740505,-21.0,-1.6054576004526104,-8.555770166255453,1.0
15:54:25.717,-19.999999999999996,-21.498824963008094,1.498824963008097,9500.0,-14.0,-3.0928026883982973,-16.48209766738956,1.0
15:54:25.737,-19.999999999999996,-22.543302289146137,2.543302289146142,9500.0,4.0,-2.241666365790502,-11.94624025556431,1.0
15:54:25.757,-19.999999999999996,-22.108103403255285,2.10810340325529,9500.0,6.0,-1.2526664018956417,-6.675682887288839,1.0
15:54:25.777,-19.999999999999996,-21.672904517364433,1.672904517364438,9500.0,1.0,-0.9823464336681648,-5.235099517879553,1.0
15:54:25.797,-19.999999999999996,-21.585864740186263,1.5858647401862673,9500.0,0.0,-0.864464861627985,-4.606887575734007,1.0
15:54:25.817,-19.999999999999996,-20.019148750979195,0.019148750979199866,0.0,22.0,1.8792709217673729,10.01497023791584,1.0
15:54:25.837,-19.999999999999996,-17.494995212812253,-2.505004787187742,-9500.0,4.0,2.133758411155288,11.371179501104441,1.0
15:54:25.857,-19.999999999999996,-16.711637218208722,-3.288362781791276,-9500.0,-2.0,1.6377074018166533,8.727635115102656,1.0
15:54:25.877,-19.999999999999996,-17.407955435634083,-2.5920445643659127,-9500.0,-5.0,0.8411825135986549,4.482811786617209,1.0
15:54:25.897,-19.999999999999996,-17.494995212812253,-2.505004787187742,-9500.0,1.0,0.8602406119668163,4.5843757951577695,1.0
15:54:25.917,-19.999999999999996,-17.843154321524935,-2.1568456784750607,-9500.0,-18.0,-1.4029882614692017,-7.476774913084428,1.0
15:54:25.937,-19.999999999999996,-20.106188528157368,0.10618852815737029,0.0,-16.0,-3.1546296700928975,-16.811584690468308,1.0
15:54:25.957,-19.999999999999996,-21.934023848898946,1.934023848898949,9500.0,-11.0,-4.09607410968175,-21.828710179892994,1.0
15:54:25.977,-19.999999999999996,-22.543302289146137,2.543302289146142,9500.0,0.0,-3.6045452165199396,-19.209264958305834,1.0
15:54:25.997,-19.999999999999996,-21.934023848898946,1.934023848898949,9500.0,5.0,-2.571999790537547,-13.706646048636006,1.0
15:54:26.017,-19.999999999999996,-21.672904517364433,1.672904517364438,9500.0,2.0,-2.0233598156730412,-10.782845676930433,1.0
15:54:26.037,-19.999999999999996,-21.585864740186263,1.5858647401862673,9500.0,1.0,-1.6605566377922765,-8.849402772764156,1.0
15:54:26.057,-19.999999999999996,-19.496910087910173,-0.5030899120898227,-4770.267994287455,27.0,1.7787101587427965,9.479063979202438,1.0
15:54:26.077,-19.999999999999996,-17.146836104099574,-2.853163895900424,-9500.0,7.0,2.405264939693661,12.818086262240525,1.0
15:54:26.097,-19.999999999999996,-16.97275654974323,-3.0272434502567647,-9500.0,-4.0,1.6366331469304218,8.72191021903316,1.0
15:54:26.117,-19.999999999999996,-17.494995212812253,-2.505004787187742,-9500.0,-5.0,0.8402371692987712,4.477773878076053,1.0
15:54:26.138,-19.999999999999996,-17.582034989990426,-2.417965010009572,-9500.0,0.0,0.7394087089829187,3.940441012706926,1.0
15:54:26.157,-19.999999999999996,-18.5394725389503,-1.4605274610496972,-9500.0,-22.0,-1.9893203360950311,-10.601443213379671,1.0
15:54:26.177,-19.999999999999996,-20.71546696840456,0.7154669684045633,6101.802157155638,-18.0,-3.9106018957636275,-20.840295640597375,1.0
15:54:26.197,-19.999999999999996,-22.456262511967967,2.4562625119679717,9500.0,-7.0,-4.281329668271992,-22.81597012426807,1.0
15:54:26.217,-19.999999999999996,-22.456262511967967,2.4562625119679717,9500.0,4.0,-3.287570108079353,-17.5200480176174,1.0
15:54:26.237,-19.999999999999996,-21.846984071720776,1.8469840717207786,9500.0,2.0,-2.653061695109831,-14.138639409634061,1.0
15:54:26.257,-19.999999999999996,-21.672904517364433,1.672904517364438,9500.0,1.0,-2.2146942916966514,-11.802501257543348,1.0
15:54:26.277,-19.999999999999996,-21.32474540865175,1.324745408651756,9500.0,15.0,-0.14893097669305355,-0.7936797626187612,1.0
15:54:26.297,-19.999999999999996,-18.62651231612847,-1.3734876838715269,-9500.0,27.0,3.108940740510113,16.568100228130387,1.0
15:54:26.317,-19.999999999999996,-16.62459744103055,-3.3754025589694465,-9500.0,4.0,3.215867851648899,17.137933892493244,1.0
15:54:26.337,-19.999999999999996,-16.88571677256506,-3.1142832274349352,-9500.0,-7.0,1.9899637094510316,10.604871864851676,1.0
15:54:26.357,-19.999999999999996,-17.494995212812253,-2.505004787187742,-9500.0,0.0,1.7511680643169079,9.332287241069475,1.0
15:54:26.377,-19.999999999999996,-17.494995212812253,-2.505004787187742,-9500.0,1.0,1.661027896598879,8.851914195075762,1.0
15:54:26.397,-19.999999999999996,-19.06171120201932,-0.9382887979806748,-7531.249854185856,-16.0,-0.4582954509929864,-2.442338275287341,1.0
15:54:26.417,-19.999999999999996,-21.15066585429541,1.1506658542954153,8861.3618098183,-13.0,-1.963299996873828,-10.462776180402996,1.0
15:54:26.437,-19.999999999999996,-22.63034206632431,2.6303420663243124,9500.0,-5.0,-2.327703997248969,-12.404750153427765,1.0
15:54:26.457,-19.999999999999996,-22.282182957611628,2.2821829576116306,9500.0,7.0,-1.2083795175790928,-6.439670174474054,1.0
15:54:26.477,-19.999999999999996,-21.846984071720776,1.8469840717207786,9500.0,3.0,-0.7033739754696017,-3.7484054847332904,1.0
15:54:26.497,-19.999999999999996,-21.672904517364433,1.672904517364438,9500.0,2.0,-0.37896909841324944,-2.019593980696044,1.0
15:54:26.517,-19.999999999999996,-20.71546696840456,0.7154669684045633,6134.679461272076,26.0,2.7865071933963406,14.849794293287752,1.0
15:54:26.537,-19.999999999999996,-18.017233875881278,-1.9827661241187198,-9500.0,20.0,4.85212633018878,25.857847436785736,1.0
15:54:26.557,-19.999999999999996,-16.53755766385238,-3.4624423361476167,-9500.0,0.0,4.269871170566126,22.75490574437145,1.0
15:54:26.576,-19.999999999999996,-17.0597963269214,-2.9402036730785945,-9500.0,-13.0,2.1974866300981906,11.710798556896737,1.0
15:54:26.596,-19.999999999999996,-17.494995212812253,-2.505004787187742,-9500.0,-2.0,1.6937882344864077,9.026499884199877,1.0
15:54:26.616,-19.999999999999996,-17.494995212812253,-2.505004787187742,-9500.0,1.0,1.6105336463480389,8.582821321030519,1.0
15:54:26.636,-19.999999999999996,-19.322830533553834,-0.6771694664461635,-5885.002601777731,-22.0,-1.2227303912137255,-6.51614854205491,1.0
15:54:26.657,-19.999999999999996,-21.411785185829924,1.4117851858299266,9500.0,-16.0,-2.996002744268078,-15.96623348396233,1.0
15:54:26.677,-19.999999999999996,-22.63034206632431,2.6303420663243124,9500.0,0.0,-2.6364824149559087,-14.050285465886851,1.0
15:54:26.697,-19.999999999999996,-22.19514318043346,2.1951431804334605,9500.0,9.0,-1.2401045251611995,-6.608738403568796,1.0
15:54:26.717,-19.999999999999996,-21.759944294542606,1.7599442945426083,9500.0,1.0,-0.9712919821418556,-5.176188372205916,1.0
15:54:26.737,-19.999999999999996,-21.672904517364433,1.672904517364438,9500.0,1.0,-0.7347369442848329,-3.9155443446065794,1.0
15:54:26.757,-19.999999999999996,-20.367307859691877,0.36730785969188157,3931.9643139018,24.0,2.2334314890293467,11.902355127177227,1.0
15:54:26.777,-19.999999999999996,-17.669074767168595,-2.3309252328314014,-9500.0,16.0,3.885419710345825,20.706095278869974,1.0
15:54:26.797,-19.999999999999996,-16.53755766385238,-3.4624423361476167,-9500.0,4.0,3.899169345104326,20.77936953714408,1.0
15:54:26.817,-19.999999999999996,-17.233875881277744,-2.7661241187222534,-9500.0,-11.0,2.1112690236918072,11.251329540405907,1.0
15:54:26.837,-19.999999999999996,-17.494995212812253,-2.505004787187742,-9500.0,1.0,1.9779167408487903,10.540671418491824,1.0
15:54:26.857,-19.999999999999996,-17.582034989990426,-2.417965010009572,-9500.0,-1.0,1.6205667319469357,8.63628942533818,1.0
15:54:26.877,-19.999999999999996,-19.670989642266516,-0.3290103577334818,-3683.7810552285077,-20.0,-0.9739012758866965,-5.190093764394916,1.0
15:54:26.897,-19.999999999999996,-21.585864740186263,1.5858647401862673,9500.0,-14.0,-2.5370331227802927,-13.520302433752287,1.0
15:54:26.917,-19.999999999999996,-22.543302289146137,2.543302289146142,9500.0,-4.0,-2.7125891480466575,-14.455871833440515,1.0
15:54:26.937,-19.999999999999996,-22.021063626077115,2.0210636260771193,9500.0,9.0,-1.3070784502810584,-6.96565440701602,1.0
15:54:26.958,-19.999999999999996,-21.759944294542606,1.7599442945426083,9500.0,-2.0,-1.3902290362473313,-7.408778724043349,1.0
15:54:26.977,-19.999999999999996,-21.672904517364433,1.672904517364438,9500.0,-1.0,-1.3434015518976516,-7.159226700092773,1.0
15:54:26.997,-19.999999999999996,-20.106188528157368,0.10618852815737029,0.0,24.0,1.6978066343300664,9.047914654349379,1.0
15:54:27.017,-19.999999999999996,-17.494995212812253,-2.505004787187742,-9500.0,13.0,3.0540698382104585,16.275683393977587,1.0
15:54:27.037,-19.999999999999996,-16.79867699538689,-3.201323004613106,-9500.0,-2.0,2.447581457625204,13.043598540831029,1.0
15:54:27.058,-19.999999999999996,-17.407955435634083,-2.5920445643659127,-9500.0,-2.0,1.9138716827101796,10.199363870062054,1.0
15:54:27.077,-19.999999999999996,-17.582034989990426,-2.417965010009572,-9500.0,-3.0,1.3242070807849582,7.056935936850731,1.0
15:54:27.097,-19.999999999999996,-17.843154321524935,-2.1568456784750607,-9500.0,-18.0,-0.9946977689092369,-5.300921988394622,1.0
15:54:27.117,-19.999999999999996,-20.106188528157368,0.10618852815737029,0.0,-17.0,-2.9153340366401284,-15.536335539675905,1.0
15:54:27.137,-19.999999999999996,-21.934023848898946,1.934023848898949,9500.0,-11.0,-3.885493952243313,-20.70649092719568,1.0
15:54:27.157,-19.999999999999996,-22.456262511967967,2.4562625119679717,9500.0,0.0,-3.4192346779741154,-18.221712015932198,1.0
15:54:27.177,-19.999999999999996,-21.934023848898946,1.934023848898949,9500.0,5.0,-2.4089265166172216,-12.837599459347206,1.0
15:54:27.198,-19.999999999999996,-21.672904517364433,1.672904517364438,9500.0,2.0,-1.8798553346231548,-10.018084678356288,1.0
15:54:27.217,-19.999999999999996,-21.585864740186263,1.5858647401862673,9500.0,1.0,-1.5342726944683762,-8.176413094018908,1.0
15:54:27.237,-19.999999999999996,-19.583949865088343,-0.4160501349116522,-4219.722437915611,27.0,1.8898400288678288,10.071294896498257,1.0
15:54:27.257,-19.999999999999996,-17.146836104099574,-2.853163895900424,-9500.0,13.0,3.2230592254036896,17.176258007068604,1.0
15:54:27.277,-19.999999999999996,-16.97275654974323,-3.0272434502567647,-9500.0,-4.0,2.3562921183552468,12.557101354481867,1.0
15:54:27.297,-19.999999999999996,-17.494995212812253,-2.505004787187742,-9500.0,-5.0,1.4735370641526169,7.8527420772709124,1.0
15:54:27.317,-19.999999999999996,-17.582034989990426,-2.417965010009572,-9500.0,0.0,1.2967126164543028,6.910413027998403,1.0
15:54:27.337,-19.999999999999996,-18.365392984593957,-1.6346070154060381,-9500.0,-37.0,-3.298892897520213,-17.580389183942557,1.0
15:54:27.357,-19.999999999999996,-20.62842719122639,0.6284271912263928,5547.9120069890505,-15.0,-4.703025749817788,-25.06326382588884,1.0
15:54:27.377,-19.999999999999996,-22.282182957611628,2.2821829576116306,9500.0,-11.0,-5.4586626598396535,-29.090187819063065,1.0
15:54:27.397,-19.999999999999996,-22.369222734789798,2.369222734789801,9500.0,3.0,-4.443623140658895,-23.68086101197162,1.0
15:54:27.417,-19.999999999999996,-21.846984071720776,1.8469840717207786,9500.0,4.0,-3.4303883637798274,-18.28115199879652,1.0
15:54:27.437,-19.999999999999996,-21.672904517364433,1.672904517364438,9500.0,-1.0,-3.138741760126248,-16.726915181875565,1.0
15:54:27.457,-19.999999999999996,-21.32474540865175,1.324745408651756,9500.0,9.0,-1.6820927489110984,-8.964172553638864,1.0
15:54:27.477,-19.999999999999996,-18.71355209330664,-1.2864479066933565,-9500.0,24.0,1.3997583809582332,7.459562303228818,1.0
15:54:27.497,-19.999999999999996,-16.62459744103055,-3.3754025589694465,-9500.0,9.0,2.311787375243245,12.319927633252991,1.0
15:54:27.517,-19.999999999999996,-16.97275654974323,-3.0272434502567647,-9500.0,-7.0,1.1943728902140558,6.365026356720253,1.0
15:54:27.537,-19.999999999999996,-17.494995212812253,-2.505004787187742,-9500.0,-1.0,0.9310481433883692,4.961721770979197,1.0
15:54:27.557,-19.999999999999996,-17.494995212812253,-2.505004787187742,-9500.0,0.0,0.8193223661817649,4.366315158461693,1.0
15:54:27.577,-19.999999999999996,-19.06171120201932,-0.9382887979806748,-7534.886086974034,-16.0,-1.198996317760047,-6.3896654275077225,1.0
15:54:27.597,-19.999999999999996,-21.15066585429541,1.1506658542954153,8858.161924964703,-13.0,-2.615116759628841,-13.93642407435693,1.0
15:54:27.617,-19.999999999999996,-22.543302289146137,2.543302289146142,9500.0,0.0,-2.3013027484733803,-12.2640531854341,1.0
15:54:27.637,-19.999999999999996,-22.19514318043346,2.1951431804334605,9500.0,7.0,-1.1851464186565748,-6.3158568426396275,1.0
15:54:27.657,-19.999999999999996,-21.759944294542606,1.7599442945426083,9500.0,3.0,-0.6829288484177859,-3.6394497527189955,1.0
15:54:27.677,-19.999999999999996,-21.672904517364433,1.672904517364438,9500.0,0.0,-0.6009773866076515,-3.202715782392716,1.0
15:54:27.697,-19.999999999999996,-20.80250674558273,0.8025067455827336,6680.1857598122915,20.0,1.8711398997852666,9.971638570186926,1.0
15:54:27.717,-19.999999999999996,-18.017233875881278,-1.9827661241187198,-9500.0,20.0,4.046603111811034,21.56507040045701,1.0
15:54:27.737,-19.999999999999996,-16.45051788667421,-3.5494821133257872,-9500.0,5.0,4.16101073839371,22.174769067075296,1.0
15:54:27.757,-19.999999999999996,-17.0597963269214,-2.9402036730785945,-9500.0,-13.0,2.1016894497864644,11.200278280876123,1.0
15:54:27.777,-19.999999999999996,-17.494995212812253,-2.505004787187742,-9500.0,-1.0,1.7294867158120888,9.216743464236362,1.0
15:54:27.797,-19.999999999999996,-17.494995212812253,-2.505004787187742,-9500.0,1.0,1.6419483099146381,8.750235671462626,1.0
15:54:27.817,-19.999999999999996,-19.235790756375664,-0.7642092436243338,-6431.332279471397,-16.0,-0.47508548727511846,-2.5318153760669024,1.0
15:54:27.837,-19.999999999999996,-21.32474540865175,1.324745408651756,9500.0,-16.0,-2.3380752288021043,-12.460020297892887,1.0
15:54:27.857,-19.999999999999996,-22.543302289146137,2.543302289146142,9500.0,0.0,-2.0575062013458516,-10.96481786214574,1.0
15:54:27.877,-19.999999999999996,-22.108103403255285,2.10810340325529,9500.0,7.0,-0.9706054571843495,-5.172529758145871,1.0
15:54:27.897,-19.999999999999996,-21.759944294542606,1.7599442945426083,9500.0,1.0,-0.7341328023222276,-3.9123247642337406,1.0
15:54:27.917,-19.999999999999996,-21.672904517364433,1.672904517364438,9500.0,0.0,-0.6460368660435603,-3.442845792525692,1.0
15:54:27.937,-19.999999999999996,-20.54138741404822,0.5413874140482223,5033.525707924583,26.0,2.551487557881667,13.597332698877661,1.0
15:54:27.957,-19.999999999999996,-17.843154321524935,-2.1568456784750607,-9500.0,16.0,4.165309050935867,22.197675541966355,1.0
15:54:27.977,-19.999999999999996,-16.53755766385238,-3.4624423361476167,-9500.0,2.0,3.9054719648235627,20.812957322799644,1.0
15:54:27.997,-19.999999999999996,-17.146836104099574,-2.853163895900424,-9500.0,-5.0,2.836815329044735,15.117895329390556,1.0
15:54:28.017,-19.999999999999996,-17.494995212812253,-2.505004787187742,-9500.0,2.0,2.7363974895593666,14.58275073573294,1.0
15:54:28.037,-19.999999999999996,-17.582034989990426,-2.417965010009572,-9500.0,-1.0,2.2880297908122427,12.193319224510361,1.0
15:54:28.057,-19.999999999999996,-19.409870310732003,-0.590129689267993,-5331.486664774728,-21.0,-0.5065337840852266,-2.6994089640580246,1.0
15:54:28.077,-19.999999999999996,-21.32474540865175,1.324745408651756,9500.0,-14.0,-2.1257497299949994,-11.328499809455822,1.0
15:54:28.097,-19.999999999999996,-22.456262511967967,2.4562625119679717,9500.0,-2.0,-2.1106597623955996,-11.248082678190377,1.0
15:54:28.117,-19.999999999999996,-22.021063626077115,2.0210636260771193,9500.0,6.0,-1.1373805909081276,-6.061304219199776,1.0
15:54:28.137,-19.999999999999996,-21.672904517364433,1.672904517364438,9500.0,2.0,-0.7608949199991524,-4.054944867026552,1.0
15:54:28.157,-19.999999999999996,-21.672904517364433,1.672904517364438,9500.0,-1.0,-0.789587529599254,-4.207852905917991,1.0
15:54:28.177,-19.999999999999996,-20.193228305335538,0.1932283053355407,2831.727355144178,24.0,2.1851629739526564,11.645123593223186,1.0
15:54:28.197,-19.999999999999996,-17.582034989990426,-2.417965010009572,-9500.0,18.0,4.082943417078337,21.758734374859667,1.0
15:54:28.217,-19.999999999999996,-16.62459744103055,-3.3754025589694465,-9500.0,-2.0,3.3529902070289372,17.868683404007257,1.0
15:54:28.237,-19.999999999999996,-17.320915658455913,-2.6790843415440833,-9500.0,-11.0,1.6306313821854648,8.689925743245503,1.0
15:54:28.257,-19.999999999999996,-17.494995212812253,-2.505004787187742,-9500.0,-3.0,1.074955616323209,5.728630385252165,1.0
15:54:28.277,-19.999999999999996,-17.494995212812253,-2.505004787187742,-9500.0,0.0,0.945960942364424,5.041194739021906,1.0
15:54:28.297,-19.999999999999996,-19.583949865088343,-0.4160501349116522,-4237.284505675571,-21.0,-1.6875543707193068,-8.993278511287864,1.0
15:54:28.317,-19.999999999999996,-21.498824963008094,1.498824963008097,9500.0,-14.0,-3.16504784623299,-16.86710501101808,1.0
15:54:28.337,-19.999999999999996,-22.456262511967967,2.4562625119679717,9500.0,-4.0,-3.265242104685031,-17.401058101434415,1.0
15:54:28.357,-19.999999999999996,-21.934023848898946,1.934023848898949,9500.0,9.0,-1.793413052122827,-9.557418322850651,1.0
15:54:28.377,-19.999999999999996,-21.672904517364433,1.672904517364438,9500.0,2.0,-1.3382034858680878,-7.131525278239321,1.0
15:54:28.398,-19.999999999999996,-21.672904517364433,1.672904517364438,9500.0,-1.0,-1.2976190675639172,-6.915243667785228,1.0
15:54:28.417,-19.999999999999996,-20.193228305335538,0.1932283053355407,2829.5326197301665,24.0,1.7380952205437528,9.262619722780018,1.0
15:54:28.437,-19.999999999999996,-17.494995212812253,-2.505004787187742,-9500.0,23.0,4.2895237940785025,22.85963808354281,1.0
15:54:28.457,-19.999999999999996,-16.53755766385238,-3.4624423361476167,-9500.0,-4.0,3.2947809387890823,17.55847582177917,1.0
15:54:28.477,-19.999999999999996,-17.233875881277744,-2.7661241187222534,-9500.0,-11.0,1.5794072261343928,8.416943070884788,1.0
15:54:28.497,-19.999999999999996,-17.494995212812253,-2.505004787187742,-9500.0,-2.0,1.1498783589982657,6.127907056509362,1.0
15:54:28.517,-19.999999999999996,-17.582034989990426,-2.417965010009572,-9500.0,-1.0,0.891892955918474,4.753056786793613,1.0
15:54:28.537,-19.999999999999996,-19.496910087910173,-0.5030899120898227,-4785.161677854004,-17.0,-1.255134198791743,-6.6888342175102595,1.0
15:54:28.557,-19.999999999999996,-21.498824963008094,1.498824963008097,9500.0,-14.0,-2.784518094936734,-14.83919403249379,1.0
15:54:28.577,-19.999999999999996,-22.456262511967967,2.4562625119679717,9500.0,-4.0,-2.9303759235443256,-15.616496440333037,1.0
15:54:28.597,-19.999999999999996,-22.021063626077115,2.0210636260771193,9500.0,6.0,-1.8587308127190065,-9.905508329885318,1.0
15:54:28.617,-19.999999999999996,-21.672904517364433,1.672904517364438,9500.0,2.0,-1.3956831151927258,-7.437844484429829,1.0
15:54:28.637,-19.999999999999996,-21.672904517364433,1.672904517364438,9500.0,-1.0,-1.3482011413695987,-7.184804569232875,1.0
15:54:28.657,-19.999999999999996,-20.367307859691877,0.36730785969188157,3924.6012898878944,16.0,0.733582995594753,3.9093947460290823,1.0
15:54:28.677,-19.999999999999996,-17.669074767168595,-2.3309252328314014,-9500.0,16.0,2.5655530361233825,13.672290143459604,1.0
15:54:28.697,-19.999999999999996,-16.53755766385238,-3.4624423361476167,-9500.0,2.0,2.4976866717885766,13.310618172113704,1.0
15:54:28.717,-19.999999999999996,-17.233875881277744,-2.7661241187222534,-9500.0,-11.0,0.8779642711739477,4.6788283391791765,1.0
15:54:28.737,-19.999999999999996,-17.494995212812253,-2.505004787187742,-9500.0,-2.0,0.532608558633074,2.838366092608424,1.0
15:54:28.757,-19.999999999999996,-17.582034989990426,-2.417965010009572,-9500.0,0.0,0.46869553159710514,2.4977621614954133,1.0
15:54:28.777,-19.999999999999996,-19.409870310732003,-0.590129689267993,-5339.346329047975,-21.0,-2.1075479321945476,-11.231499179511179,1.0
15:54:28.797,-19.999999999999996,-21.411785185829924,1.4117851858299266,9500.0,-13.0,-3.414642180331202,-18.197237776119973,1.0
15:54:28.817,-19.999999999999996,-22.456262511967967,2.4562625119679717,9500.0,-2.0,-3.2448851186914576,-17.292572088854826,1.0
15:54:28.837,-19.999999999999996,-22.021063626077115,2.0210636260771193,9500.0,6.0,-2.1354989044484824,-11.380454900584493,1.0
15:54:28.857,-19.999999999999996,-21.759944294542606,1.7599442945426083,9500.0,-2.0,-2.1192390359146644,-11.293803158383604,1.0
15:54:28.877,-19.999999999999996,-21.585864740186263,1.5858647401862673,9500.0,0.0,-1.8649303516049047,-9.938546779377571,1.0
15:54:28.897,-19.999999999999996,-20.454347636870047,0.454347636870052,4477.081791242547,24.0,1.2388612905876837,6.602112984578755,1.0
15:54:28.917,-19.999999999999996,-17.669074767168595,-2.3309252328314014,-9500.0,11.0,2.4101979357171617,12.844375078710188,1.0
15:54:28.937,-19.999999999999996,-16.53755766385238,-3.4624423361476167,-9500.0,2.0,2.360974183431102,12.582052915134216,1.0
15:54:28.958,2.9999999999999987,-17.233875881277744,20.23387588127774,9500.0,-11.0,0.75765728141937,4.0376909130372285,1.0
15:54:28.977,2.9999999999999987,-17.494995212812253,20.494995212812253,9500.0,-2.0,0.4267384076490457,2.2741651576035093,1.0
15:54:28.997,2.9999999999999987,-17.494995212812253,20.494995212812253,9500.0,0.0,0.3755297987311602,2.001265338691088,1.0
15:54:29.017,2.9999999999999987,-17.494995212812253,20.494995212812253,9500.0,22.0,2.9704662228834207,15.830144802609924,1.0
15:54:29.037,2.9999999999999987,-15.667159892070675,18.667159892070675,9500.0,14.0,4.29401027613741,22.883547347381494,1.0
15:54:29.057,2.9999999999999987,-14.53564278875446,17.53564278875446,9500.0,5.0,4.378729043000921,23.335028780368845,1.0
15:54:29.078,2.9999999999999987,-14.187483680041778,17.187483680041776,9500.0,0.0,3.8532815578408104,20.534825326724583,1.0
15:54:29.097,2.9999999999999987,-14.187483680041778,17.187483680041776,9500.0,0.0,3.390887770899913,18.070646287517633,1.0
15:54:29.117,2.9999999999999987,-14.100443902863608,17.100443902863606,9500.0,0.0,2.9839812383919235,15.902168733015516,1.0
15:54:29.137,2.9999999999999987,-14.100443902863608,17.100443902863606,9500.0,0.0,2.6259034897848927,13.993908485053655,1.0
15:54:29.157,2.9999999999999987,-14.100443902863608,17.100443902863606,9500.0,0.0,2.3107950710107055,12.314639466847215,1.0
15:54:29.177,2.9999999999999987,-14.100443902863608,17.100443902863606,9500.0,0.0,2.033499662489421,10.83688273082555,1.0
15:54:29.197,2.9999999999999987,-14.100443902863608,17.100443902863606,9500.0,0.0,1.7894797029906906,9.536456803126486,1.0
15:54:29.217,2.9999999999999987,-14.100443902863608,17.100443902863606,9500.0,0.0,1.5747421386318077,8.392081986751306,1.0
15:54:29.237,2.9999999999999987,-14.100443902863608,17.100443902863606,9500.0,0.0,1.3857730819959908,7.38503214834115,1.0
15:54:29.257,2.9999999999999987,-14.100443902863608,17.100443902863606,9500.0,0.0,1.219480312156472,6.498828290540212,1.0
15:54:29.277,2.9999999999999987,-14.100443902863608,17.100443902863606,9500.0,0.0,1.0731426746976953,5.718968895675387,1.0
15:54:29.297,2.9999999999999987,-14.100443902863608,17.100443902863606,9500.0,0.0,0.9443655537339719,5.03269262819434,1.0
15:54:29.317,2.9999999999999987,-14.100443902863608,17.100443902863606,9500.0,0.0,0.8310416872858953,4.42876951281102,1.0
15:54:29.337,2.9999999999999987,-14.100443902863608,17.100443902863606,9500.0,0.0,0.7313166848115878,3.897317171273697,1.0
15:54:29.357,2.9999999999999987,-14.100443902863608,17.100443902863606,9500.0,0.0,0.6435586826341974,3.4296391107208537,1.0
15:54:29.377,2.9999999999999987,-14.100443902863608,17.100443902863606,9500.0,0.0,0.5663316407180937,3.0180824174343517,1.0
15:54:29.397,2.9999999999999987,-14.100443902863608,17.100443902863606,9500.0,0.0,0.49837184383192246,2.6559125273422293,1.0
15:54:29.417,2.9999999999999987,-13.317085908260074,16.317085908260072,9500.0,11.0,1.7585672225720916,9.371718676342045,1.0
15:54:29.437,2.9999999999999987,-11.750369919053007,14.750369919053005,9500.0,16.0,3.4675391558634407,18.479135202135012,1.0
15:54:29.457,2.9999999999999987,-9.487335712420576,12.487335712420574,9500.0,21.0,5.571434457159828,29.691168859505954,1.0
15:54:29.477,2.9999999999999987,-7.137261728609975,10.137261728609973,9500.0,21.0,7.422862322300649,39.55775847799238,1.0
15:54:29.497,2.9999999999999987,-4.874227521977543,7.8742275219775415,9500.0,19.0,8.812118843624571,46.96135449639119,1.0
15:54:29.517,2.9999999999999987,-2.1759944294542604,5.175994429454259,9500.0,24.0,10.634664582389622,56.67402610725526,1.0
15:54:29.537,2.9999999999999987,-0.6963182174253634,3.696318217425362,9500.0,11.0,10.678504832502867,56.90765862666551,1.0
15:54:29.557,2.9999999999999987,1.2185568804943858,1.7814431195056126,9500.0,20.0,11.797084252602524,62.86876805015817,1.0
15:54:29.577,2.9999999999999987,3.6556706414831575,-0.6556706414831591,-5679.814556574004,21.0,12.90143414229022,68.75404576576634,1.0
15:54:29.597,2.9999999999999987,4.961267299155714,-1.9612672991557154,-9500.0,8.0,12.313262045215396,65.61957165735139,1.0
15:54:29.617,2.9999999999999987,5.222386630690225,-2.2223866306902265,-9500.0,-1.0,10.715670599789549,57.1057216355346,1.0
15:54:29.637,2.9999999999999987,4.526068413264862,-1.5260684132648632,-9500.0,-11.0,8.109790127814803,43.218519386989556,1.0
15:54:29.657,2.9999999999999987,3.2204717555923055,-0.22047175559230703,-2966.3625012917832,-14.0,5.456615312477027,29.079277139466054,1.0
15:54:29.677,2.9999999999999987,1.7407955435634084,1.25920445643659,9500.0,-13.0,3.241821474979784,17.276245384579994,1.0
15:54:29.697,2.9999999999999987,0.9574375489598747,2.0425624510401237,9500.0,-2.0,2.6128028979822098,13.924093092561142,1.0
15:54:29.717,2.9999999999999987,1.3055966576725562,1.6944033423274423,9500.0,4.0,2.7792665502243445,14.811207613192309,1.0
15:54:29.737,2.9999999999999987,1.479676212028897,1.5203237879711013,9500.0,-1.0,2.3257545641974233,12.394361276674607,1.0
15:54:29.757,2.9999999999999987,1.653755766385238,1.3462442336147604,9500.0,1.0,2.1666640164937325,11.546539346408279,1.0
15:54:29.777,2.9999999999999987,3.742710418661328,-0.7427104186613295,-6271.418714514039,21.0,4.426664334514484,23.590484506466424,1.0
15:54:29.797,2.9999999999999987,5.918704848115588,-2.91870484811559,-9500.0,7.0,4.735464614372746,25.236136326232835,1.0
15:54:29.817,2.9999999999999987,6.1798241796501,-3.1798241796501014,-9500.0,-4.0,3.6872088606480165,19.64979427534639,1.0
15:54:29.837,2.9999999999999987,6.0927844024719295,-3.092784402471931,-9500.0,1.0,3.3647437973702545,17.93132038523945,1.0
15:54:29.857,2.9999999999999987,6.005744625293759,-3.0057446252937603,-9500.0,0.0,2.960974541685824,15.779561939010716,1.0
15:54:29.877,2.9999999999999987,4.526068413264862,-1.5260684132648632,-9500.0,-18.0,0.445657596683525,2.374988893506165,1.0
15:54:29.897,2.9999999999999987,2.3500739838106015,0.6499260161893972,5697.582348142785,-19.0,-1.8878213149184977,-10.060536809472463,1.0
15:54:29.917,2.9999999999999987,0.6963182174253634,2.303681782574635,9500.0,-9.0,-2.7412827571282783,-14.608785198747402,1.0
15:54:29.937,2.9999999999999987,0.8703977717817042,2.1296022282182943,9500.0,9.0,-1.3323288262728847,-7.10021816848608,1.0
15:54:29.957,2.9999999999999987,1.653755766385238,1.3462442336147604,9500.0,7.0,-0.3324493671201386,-1.7716820277253704,1.0
15:54:29.977,2.9999999999999987,1.8278353207415787,1.1721646792584197,9006.591995947549,2.0,-0.05255544306572202,-0.2800773385290745,1.0
15:54:29.997,2.9999999999999987,2.4371137609887716,0.5628862390112267,5167.226782046666,18.0,2.1137512101021647,11.26455755491768,1.0
15:54:30.017,2.9999999999999987,4.787187744799373,-1.7871877447993745,-9500.0,21.0,4.380101064889905,23.342340529954697,1.0
15:54:30.037,2.9999999999999987,6.440943511184611,-3.4409435111846123,-9500.0,5.0,4.454488937103116,23.738766781033267,1.0
15:54:30.057,2.9999999999999987,6.440943511184611,-3.4409435111846123,-9500.0,-3.0,3.559950264650743,18.9716104985054,1.0
15:54:30.077,2.9999999999999987,6.440943511184611,-3.4409435111846123,-9500.0,0.0,3.1327562328926537,16.69501723868475,1.0
15:54:30.097,2.9999999999999987,6.1798241796501,-3.1798241796501014,-9500.0,-9.0,1.6768254849455353,8.936102363630948,1.0
15:54:30.117,2.9999999999999987,3.9167899730176687,-0.9167899730176704,-7398.277114500877,-21.0,-1.044393573247929,-5.565759801631908,1.0
15:54:30.137,2.9999999999999987,2.0019148750979197,0.9980851249020788,7894.090719318143,-14.0,-2.5990663444581776,-13.85088854652084,1.0
15:54:30.157,2.9999999999999987,0.7833579946035337,2.216642005396465,9500.0,-2.0,-2.5271783831231964,-13.467784766807592,1.0
15:54:30.177,2.9999999999999987,1.2185568804943858,1.7814431195056126,9500.0,5.0,-1.6239169771484128,-8.654143480117552,1.0
15:54:30.197,2.9999999999999987,2.0889546522760902,0.9110453477239084,7353.369161989849,6.0,-0.7090469398906032,-3.7786377248956904,1.0
15:54:30.217,2.9999999999999987,2.263034206632431,0.7369657933675676,6254.965065396936,2.0,-0.3839613071037308,-2.0461983520389557,1.0
15:54:30.237,2.9999999999999987,2.8723126468796236,0.12768735312037466,0.0,13.0,1.222114049748717,6.5128639483558555,1.0
15:54:30.257,2.9999999999999987,4.613108190443032,-1.6131081904430338,-9500.0,15.0,2.875460363778871,15.323841618572539,1.0
15:54:30.277,2.9999999999999987,5.309426407868395,-2.309426407868397,-9500.0,-2.0,2.2904051201254063,12.205977778474582,1.0
15:54:30.297,2.9999999999999987,5.309426407868395,-2.309426407868397,-9500.0,0.0,2.0155565057103577,10.741260445057634,1.0
15:54:30.317,2.9999999999999987,5.309426407868395,-2.309426407868397,-9500.0,0.0,1.773689725025115,9.452309191650718,1.0
15:54:30.337,2.9999999999999987,4.526068413264862,-1.5260684132648632,-9500.0,-20.0,-0.8391530419778988,-4.471996370039884,1.0
15:54:30.357,2.9999999999999987,2.4371137609887716,0.5628862390112267,5144.388272814652,-15.0,-2.5384546769405505,-13.527878149654482,1.0
15:54:30.377,2.9999999999999987,0.7833579946035337,2.216642005396465,9500.0,-9.0,-3.3138401157076847,-17.660045578107578,1.0
15:54:30.397,2.9999999999999987,1.0444773261380451,1.9555226738619533,9500.0,9.0,-1.8361793018227623,-9.785327302323035,1.0
15:54:30.417,2.9999999999999987,1.9148750979197493,1.0851249020802494,8453.041273804445,7.0,-0.7758377856040309,-4.134578065501891,1.0
15:54:30.437,2.9999999999999987,2.1759944294542604,0.824005570545738,6802.909219524974,-1.0,-0.8027372513315473,-4.27793012057629,1.0
15:54:30.457,2.9999999999999987,2.524153538166942,0.47584646183305634,4605.14941745078,3.0,-0.34640878117176166,-1.8460742373032584,1.0
15:54:30.477,2.9999999999999987,4.26494908173035,-1.264949081730352,-9500.0,17.0,1.7351602725688497,9.246978861061772,1.0
15:54:30.497,2.9999999999999987,5.744625293759247,-2.744625293759249,-9500.0,5.0,2.1269410398605877,11.334848512407488,1.0
15:54:30.517,2.9999999999999987,5.744625293759247,-2.744625293759249,-9500.0,0.0,1.8717081150773172,9.974666690918589,1.0
15:54:30.537,2.9999999999999987,5.657585516581078,-2.657585516581079,-9500.0,-1.0,1.527103141268039,8.138205265073731,1.0
15:54:30.557,2.9999999999999987,5.396466185046566,-2.3964661850465676,-9500.0,-18.0,-0.8161492356841258,-4.349404979558381,1.0
15:54:30.577,2.9999999999999987,3.2204717555923055,-0.22047175559230703,-3007.279653237334,-18.0,-2.8782113274020307,-15.33850199483464,1.0
15:54:30.597,2.9999999999999987,1.479676212028897,1.5203237879711013,9500.0,-12.0,-3.9728259681137867,-21.171898830669992,1.0
15:54:30.617,2.9999999999999987,0.7833579946035337,2.216642005396465,9500.0,2.0,-3.2560868519401325,-17.352268125120343,1.0
15:54:30.637,2.9999999999999987,1.5667159892070674,1.433284010792931,9500.0,7.0,-2.0253564297073168,-10.793485989563521,1.0
15:54:30.657,2.9999999999999987,2.1759944294542604,0.824005570545738,6799.867608334399,3.0,-1.4223136581424387,-7.579763402012021,1.0
15:54:30.677,2.9999999999999987,2.3500739838106015,0.6499260161893972,5701.294596757205,1.0,-1.131636019165346,-6.030690370835952,1.0
15:54:30.697,2.9999999999999987,3.5686308643049873,-0.5686308643049887,-5188.613132086706,16.0,0.9241603031344954,4.925015240618374,1.0
15:54:30.716,2.9999999999999987,5.222386630690225,-2.2223866306902265,-9500.0,4.0,1.293261066758356,6.8920191034826725,1.0
15:54:30.737,2.9999999999999987,5.396466185046566,-2.3964661850465676,-9500.0,0.0,1.1380697387473533,6.064976811064752,1.0
15:54:30.757,2.9999999999999987,5.396466185046566,-2.3964661850465676,-9500.0,0.0,1.001501370097671,5.337179593736982,1.0
15:54:30.777,2.9999999999999987,5.396466185046566,-2.3964661850465676,-9500.0,0.0,0.8813212056859504,4.696718042488544,1.0
15:54:30.797,2.9999999999999987,3.9167899730176687,-0.9167899730176704,-7399.946450053063,-18.0,-1.3844373389963638,-7.377913735433347,1.0
15:54:30.817,2.9999999999999987,1.9148750979197493,1.0851249020802494,8442.621704032219,-14.0,-2.8983048583168003,-15.445584008266106,1.0
15:54:30.837,2.9999999999999987,0.6963182174253634,2.303681782574635,9500.0,-2.0,-2.7905082753187846,-14.871116773143427,1.0
15:54:30.857,2.9999999999999987,1.3055966576725562,1.6944033423274423,9500.0,8.0,-1.4956472822805305,-7.97057137688921,1.0
15:54:30.877,2.9999999999999987,2.0889546522760902,0.9110453477239084,7352.745094115598,4.0,-0.8361696084068668,-4.456097119924001,1.0
15:54:30.897,2.9999999999999987,2.263034206632431,0.7369657933675676,6254.415885667595,2.0,-0.4958292553980428,-2.6423626196638694,1.0
15:54:30.917,2.9999999999999987,2.959352424057794,0.04064757594220424,0.0,11.0,0.8836702552497222,4.709236546976678,1.0
15:54:30.937,2.9999999999999987,4.787187744799373,-1.7871877447993745,-9500.0,14.0,2.4576298246197554,13.097148082424237,1.0
15:54:30.957,2.9999999999999987,5.483505962224736,-2.4835059622247377,-9500.0,-2.0,1.9227142456653847,10.246487466664076,1.0
15:54:30.977,2.9999999999999987,5.396466185046566,-2.3964661850465676,-9500.0,-1.0,1.5719885361855388,8.377407547729764,1.0
15:54:30.997,2.9999999999999987,5.396466185046566,-2.3964661850465676,-9500.0,0.0,1.3833499118432742,7.372118642002191,1.0
15:54:31.017,2.9999999999999987,4.613108190443032,-1.6131081904430338,-9500.0,-20.0,-1.1826520775779186,-6.3025640537305865,1.0
15:54:31.037,2.9999999999999987,2.524153538166942,0.47584646183305634,4592.315229073627,-16.0,-2.9607338282685682,-15.778279134236929,1.0
15:54:31.057,2.9999999999999987,0.8703977717817042,2.1296022282182943,9500.0,-9.0,-3.68544576887634,-19.64039844454013,1.0
15:54:31.077,2.9999999999999987,0.9574375489598747,2.0425624510401237,9500.0,5.0,-2.6431922766111793,-14.086043516522185,1.0
15:54:31.096,2.9999999999999987,1.9148750979197493,1.0851249020802494,8451.322219800235,10.0,-1.1260092034178377,-6.000704065193265,1.0
15:54:31.117,2.9999999999999987,2.263034206632431,0.7369657933675676,6254.931060538878,5.0,-0.3908880990076973,-2.083112462696944,1.0
15:54:31.137,2.9999999999999987,2.4371137609887716,0.5628862390112267,5156.33953612008,2.0,-0.10398152712677361,-0.5541361213040593,1.0
15:54:31.157,2.9999999999999987,4.09086952737401,-1.0908695273740112,-8484.76268687031,15.0,1.7084962561284391,9.104881557271815,1.0
15:54:31.177,2.9999999999999987,5.657585516581078,-2.657585516581079,-9500.0,12.0,2.943476705393026,15.686312845614705,1.0
15:54:31.197,2.9999999999999987,5.570545739402907,-2.5705457394029083,-9500.0,-3.0,2.230259500745863,11.885451035337065,1.0
15:54:31.217,2.9999999999999987,5.570545739402907,-2.5705457394029083,-9500.0,0.0,1.9626283606563597,10.459196911096617,1.0
15:54:31.237,2.9999999999999987,5.570545739402907,-2.5705457394029083,-9500.0,0.0,1.7271129573775965,9.204093281765022,1.0
15:54:31.257,2.9999999999999987,3.394551309948646,-0.39455130994864784,-4096.292564473925,-18.0,-0.6401405975077152,-3.4114235248700457,1.0
15:54:31.277,2.9999999999999987,1.5667159892070674,1.433284010792931,9500.0,-11.0,-1.8833237258067892,-10.036568354166523,1.0
15:54:31.297,2.9999999999999987,0.6963182174253634,2.303681782574635,9500.0,-4.0,-2.1373248787099746,-11.390185843405044,1.0
15:54:31.317,2.9999999999999987,1.479676212028897,1.5203237879711013,9500.0,7.0,-1.0408458932647777,-5.546853581654059,1.0
15:54:31.337,2.9999999999999987,2.0889546522760902,0.9110453477239084,7351.175262644418,-2.0,-1.1559443860730045,-6.1602339977248235,1.0
15:54:31.357,2.9999999999999987,2.263034206632431,0.7369657933675676,6251.856231127086,0.0,-1.017231059744244,-5.421005917997845,1.0
15:54:31.377,2.9999999999999987,3.4815910871268168,-0.48159108712681825,-4638.707995264146,15.0,0.9048366674250651,4.822036136181282,1.0
15:54:31.397,2.9999999999999987,5.309426407868395,-2.309426407868397,-9500.0,16.0,2.716256267334057,14.47541456679354,1.0
15:54:31.417,2.9999999999999987,5.483505962224736,-2.4835059622247377,-9500.0,0.0,2.3903055152539703,12.738364818778315,1.0
15:54:31.437,2.9999999999999987,5.483505962224736,-2.4835059622247377,-9500.0,0.0,2.103468853423494,11.209761040524919,1.0
15:54:31.457,2.9999999999999987,5.483505962224736,-2.4835059622247377,-9500.0,0.0,1.8510525910126747,9.864589715661928,1.0
15:54:31.477,2.9999999999999987,4.09086952737401,-1.0908695273740112,-8494.578932854818,-16.0,-0.29107371990884623,-1.5511838171715158,1.0
15:54:31.497,2.9999999999999987,2.0889546522760902,0.9110453477239084,7346.166916320804,-16.0,-2.176144873519785,-11.597064526064948,1.0
15:54:31.517,2.9999999999999987,0.6963182174253634,2.303681782574635,9500.0,4.0,-1.4350074886974107,-7.64741109119865,1.0
15:54:31.537,2.9999999999999987,1.1315171033162155,1.868482896683783,9500.0,9.0,-0.18280659005372124,-0.9742089538431795,1.0
15:54:31.557,2.9999999999999987,2.0019148750979197,0.9980851249020788,7910.773072819769,8.0,0.7991302007527252,4.258707504095008,1.0
15:54:31.577,2.9999999999999987,2.263034206632431,0.7369657933675676,6261.480506927266,2.0,0.9432345766623982,5.026665449472858,1.0
15:54:31.597,2.9999999999999987,2.7852728697014535,0.21472713029854507,2968.5831645941435,13.0,2.3900464274629103,12.73698409368625,1.0
15:54:31.617,2.9999999999999987,4.526068413264862,-1.5260684132648632,-9500.0,15.0,3.903240856167361,20.801067346463284,1.0
15:54:31.637,2.9999999999999987,5.657585516581078,-2.657585516581079,-9500.0,-4.0,2.9548519534272777,15.746933573149189,1.0
15:54:31.657,2.9999999999999987,5.657585516581078,-2.657585516581079,-9500.0,0.0,2.6002697190160045,13.857301544371287,1.0
15:54:31.677,2.9999999999999987,5.657585516581078,-2.657585516581079,-9500.0,0.0,2.288237352734084,12.194425359046733,1.0
15:54:31.697,2.9999999999999987,5.135346853512055,-2.1353468535120563,-9500.0,-26.0,-1.1063511295940063,-5.895942680339147,1.0
15:54:31.717,2.9999999999999987,2.959352424057794,0.04064757594220424,0.0,-18.0,-3.1335889940427255,-16.699455171521713,1.0
15:54:31.737,2.9999999999999987,1.2185568804943858,1.7814431195056126,9500.0,-11.0,-4.0775583147575984,-21.730036203219992,1.0
15:54:31.757,2.9999999999999987,0.9574375489598747,2.0425624510401237,9500.0,5.0,-2.9882513169866867,-15.924924744160464,1.0
15:54:31.777,2.9999999999999987,1.7407955435634084,1.25920445643659,9500.0,7.0,-1.7896611589482845,-9.537423814318828,1.0
15:54:31.797,2.9999999999999987,2.1759944294542604,0.824005570545738,6799.707627230672,1.0,-1.4549018198744905,-7.753431533665944,1.0
15:54:31.817,2.9999999999999987,2.3500739838106015,0.6499260161893972,5701.74291480886,2.0,-1.0403136014895518,-5.54401690375678,1.0
15:54:31.837,2.9999999999999987,4.003829750195839,-1.0038297501958409,-7937.040409355382,18.0,1.2445240306891945,6.632290737517298,1.0
15:54:31.857,2.9999999999999987,5.657585516581078,-2.657585516581079,-9500.0,-4.0,0.6151811470064912,3.2784101572767193,1.0
15:54:31.877,2.9999999999999987,5.744625293759247,-2.744625293759249,-9500.0,0.0,0.5413594093657123,2.885000938403513,1.0
15:54:31.897,2.9999999999999987,5.744625293759247,-2.744625293759249,-9500.0,0.0,0.4763962802418268,2.5388008257950916,1.0
15:54:31.917,2.9999999999999987,5.657585516581078,-2.657585516581079,-9500.0,0.0,0.4192287266128076,2.2341447266996806,1.0
15:54:31.937,2.9999999999999987,3.6556706414831575,-0.6556706414831591,-5751.353623767758,-17.0,-1.6710787205807294,-8.905476830392919,1.0
15:54:31.957,2.9999999999999987,1.7407955435634084,1.25920445643659,9500.0,-14.0,-3.1505492741110417,-16.78983953183053,1.0
15:54:31.977,2.9999999999999987,0.6963182174253634,2.303681782574635,9500.0,-2.0,-3.0124833612177166,-16.054061633880117,1.0
15:54:31.997,2.9999999999999987,1.3926364348507267,1.6073635651492717,9500.0,8.0,-1.6909853578715905,-9.011562854337496,1.0
15:54:32.017,2.9999999999999987,2.0889546522760902,0.9110453477239084,7352.490319991117,5.0,-0.8880671149269997,-4.732668197143869,1.0
15:54:32.037,2.9999999999999987,2.263034206632431,0.7369657933675676,6254.780785860985,3.0,-0.42149906113575974,-2.2462437446827264,1.0
15:54:32.057,2.9999999999999987,3.394551309948646,-0.39455130994864784,-4086.1343870983146,15.0,1.4290808262005312,7.615826848698586,1.0
15:54:32.077,2.9999999999999987,5.135346853512055,-2.1353468535120563,-9500.0,15.0,3.057591127056467,16.29444897087414,1.0
15:54:32.097,2.9999999999999987,5.396466185046566,-2.3964661850465676,-9500.0,-1.0,2.570680191809691,13.69961367143462,1.0
15:54:32.117,2.9999999999999987,5.396466185046566,-2.3964661850465676,-9500.0,0.0,2.2621985687925283,12.055660030862466,1.0
15:54:32.137,2.9999999999999987,5.309426407868395,-2.309426407868397,-9500.0,-1.0,1.8707347405374248,9.969479404224343,1.0
15:54:32.157,2.9999999999999987,4.09086952737401,-1.0908695273740112,-8495.672107297216,-18.0,-0.5137534283270664,-2.7378837371058435,1.0
15:54:32.177,2.9999999999999987,2.0019148750979197,0.9980851249020788,7894.615821388559,-17.0,-2.4921030169278184,-13.280861878541781,1.0
15:54:32.197,2.9999999999999987,0.6092784402471929,2.3907215597528055,9500.0,-5.0,-2.79305065489648,-14.884665567789897,1.0
15:54:32.217,2.9999999999999987,1.1315171033162155,1.868482896683783,9500.0,9.0,-1.3778845763089027,-7.342992893243477,1.0
15:54:32.237,2.9999999999999987,2.0019148750979197,0.9980851249020788,7905.610243776818,8.0,-0.2525384271518345,-1.345822362577254,1.0
15:54:32.257,2.9999999999999987,2.263034206632431,0.7369657933675676,6256.937217369467,2.0,0.01776618410638564,0.09467916680126792,1.0
15:54:32.277,2.9999999999999987,2.8723126468796236,0.12768735312037466,0.0,11.0,1.3356342420136191,7.117833319065999,1.0
15:54:32.297,2.9999999999999987,4.613108190443032,-1.6131081904430338,-9500.0,15.0,2.9753581329719845,15.856214664797463,1.0
15:54:32.317,2.9999999999999987,5.396466185046566,-2.3964661850465676,-9500.0,2.0,2.8583151570153467,15.23247175089102,1.0
15:54:32.337,2.9999999999999987,5.309426407868395,-2.309426407868397,-9500.0,0.0,2.5153173381735052,13.4045751407841,1.0
15:54:32.357,2.9999999999999987,5.309426407868395,-2.309426407868397,-9500.0,0.0,2.2134792575926845,11.796026123890007,1.0
15:54:32.377,2.9999999999999987,4.613108190443032,-1.6131081904430338,-9500.0,-22.0,-0.6921382533184373,-3.688528315538559,1.0
15:54:32.397,2.9999999999999987,2.4371137609887716,0.5628862390112267,5145.023388036724,-15.0,-2.4090816629202245,-12.838426261693318,1.0
15:54:32.417,2.9999999999999987,0.7833579946035337,2.216642005396465,9500.0,-9.0,-3.1999918633697977,-17.053327916701754,1.0
15:54:32.437,2.9999999999999987,0.9574375489598747,2.0425624510401237,9500.0,7.0,-1.9759928397654223,-10.530418606155163,1.0
15:54:32.457,2.9999999999999987,1.9148750979197493,1.0851249020802494,8451.84816711776,6.0,-1.0188736989935716,-5.429759835808789,1.0
15:54:32.477,2.9999999999999987,2.1759944294542604,0.824005570545738,6803.626589909497,2.0,-0.6566088551143431,-3.499185809642483,1.0
15:54:32.497,2.9999999999999987,2.524153538166942,0.47584646183305634,4609.315311926768,9.0,0.5021842074993782,2.676229293926248,1.0
15:54:32.517,2.9999999999999987,4.26494908173035,-1.264949081730352,-9500.0,17.0,2.481922102599453,13.226605968543737,1.0
15:54:32.537,2.9999999999999987,5.744625293759247,-2.744625293759249,-9500.0,0.0,2.1840914502875184,11.639413252318487,1.0
15:54:32.557,2.9999999999999987,5.657585516581078,-2.657585516581079,-9500.0,-3.0,1.5620004762530164,8.324179393236394,1.0
15:54:32.577,2.9999999999999987,5.657585516581078,-2.657585516581079,-9500.0,0.0,1.3745604191026544,7.325277866048025,1.0
15:54:32.598,2.9999999999999987,5.396466185046566,-2.3964661850465676,-9500.0,-7.0,0.3696131688103358,1.9697345615798816,1.0
15:54:32.617,2.9999999999999987,3.2204717555923055,-0.22047175559230703,-3002.157068225834,-18.0,-1.8347404114469046,-9.77765919863297,1.0
15:54:32.638,2.9999999999999987,1.3926364348507267,1.6073635651492717,9500.0,-11.0,-2.934571562073276,-15.638855747077896,1.0
15:54:32.657,2.9999999999999987,0.6963182174253634,2.303681782574635,9500.0,2.0,-2.3424229746244825,-12.483190211559295,1.0
15:54:32.677,2.9999999999999987,1.5667159892070674,1.433284010792931,9500.0,10.0,-0.8613322176695448,-4.590193156825923,1.0
15:54:32.697,2.9999999999999987,2.0889546522760902,0.9110453477239084,7353.128978409635,0.0,-0.7579723515491994,-4.039369978006812,1.0
15:54:32.717,2.9999999999999987,2.263034206632431,0.7369657933675676,6253.575501000478,0.0,-0.6670156693632955,-3.5546455806459947,1.0
15:54:32.737,2.9999999999999987,3.6556706414831575,-0.6556706414831591,-5738.37324062143,13.0,0.9730262109603001,5.18543038718166,1.0
15:54:32.757,2.9999999999999987,5.483505962224736,-2.4835059622247377,-9500.0,16.0,2.7762630656450638,14.795201507673873,1.0
15:54:32.777,2.9999999999999987,5.570545739402907,-2.5705457394029083,-9500.0,-4.0,1.963111497767656,10.461771635014504,1.0
15:54:32.797,2.9999999999999987,5.570545739402907,-2.5705457394029083,-9500.0,0.0,1.7275381180355374,9.206359038812764,1.0
15:54:32.817,2.9999999999999987,5.570545739402907,-2.5705457394029083,-9500.0,0.0,1.5202335438712729,8.101595954155233,1.0
15:54:32.837,2.9999999999999987,4.003829750195839,-1.0038297501958409,-7947.18629949099,-18.0,-0.82219448139328,-4.3816211731666606,1.0
15:54:32.857,2.9999999999999987,2.0019148750979197,0.9980851249020788,7895.639737949778,-13.0,-2.2835311436260866,-12.169345130536797,1.0
15:54:32.877,2.9999999999999987,0.6963182174253634,2.303681782574635,9500.0,0.0,-2.009507406390956,-10.709023714872382,1.0
15:54:32.897,2.9999999999999987,1.1315171033162155,1.868482896683783,9500.0,6.0,-1.0483665176240415,-5.586932331479942,1.0
15:54:32.917,2.9999999999999987,2.0019148750979197,0.9980851249020788,7905.855584350811,6.0,-0.2025625355091566,-1.0794919140945942,1.0
15:54:32.937,2.9999999999999987,2.263034206632431,0.7369657933675676,6257.153117074581,2.0,0.061744968751942186,0.3290499614660086,1.0
15:54:32.957,2.9999999999999987,2.8723126468796236,0.12768735312037466,0.0,11.0,1.374335572501709,7.324079618370971,1.0
15:54:32.977,2.9999999999999987,4.700147967621203,-1.7001479676212041,-9500.0,11.0,2.5294153038015037,13.479705716447336,1.0
15:54:32.997,2.9999999999999987,5.396466185046566,-2.3964661850465676,-9500.0,-2.0,1.9858854673453232,10.583138184604405,1.0
15:54:33.017,2.9999999999999987,5.396466185046566,-2.3964661850465676,-9500.0,0.0,1.7475792112638844,9.313161602451876,1.0
15:54:33.037,2.9999999999999987,5.396466185046566,-2.3964661850465676,-9500.0,0.0,1.5378697059122182,8.19558221015765,1.0
15:54:33.057,2.9999999999999987,4.613108190443032,-1.6131081904430338,-9500.0,-22.0,-1.2866746587972477,-6.856918959623034,1.0
15:54:33.077,2.9999999999999987,2.4371137609887716,0.5628862390112267,5140.687640656591,-18.0,-3.2922736997415782,-17.545114297291537,1.0
15:54:33.097,2.9999999999999987,0.8703977717817042,2.1296022282182943,9500.0,-9.0,-3.977200855772589,-21.195213388028186,1.0
15:54:33.117,2.9999999999999987,0.9574375489598747,2.0425624510401237,9500.0,5.0,-2.8999367530798783,-15.454280666791673,1.0
15:54:33.137,2.9999999999999987,1.9148750979197493,1.0851249020802494,8447.85665817476,6.0,-1.8319443427102928,-9.762758449168917,1.0
15:54:33.157,2.9999999999999987,2.1759944294542604,0.824005570545738,6800.114062039658,2.0,-1.3721110215850576,-7.312224589399395,1.0
15:54:33.177,2.9999999999999987,2.524153538166942,0.47584646183305634,4611.526200207721,18.0,0.9525423010051495,5.076267974151798,1.0
15:54:33.197,2.9999999999999987,4.1779093045521805,-1.1779093045521816,-9030.198422473186,15.0,2.6382372248845316,14.059637161272969,1.0
15:54:33.217,2.9999999999999987,5.657585516581078,-2.657585516581079,-9500.0,-4.0,1.8416487578983878,9.81447501018171,1.0
15:54:33.237,2.9999999999999987,5.657585516581078,-2.657585516581079,-9500.0,1.0,1.7406509069505813,9.276239431894531,1.0
15:54:33.257,2.9999999999999987,5.657585516581078,-2.657585516581079,-9500.0,0.0,1.5317727981165117,8.163090700067187,1.0
15:54:33.277,2.9999999999999987,5.570545739402907,-2.5705457394029083,-9500.0,-1.0,1.2279600623425302,6.544018393124499,1.0
15:54:33.297,2.9999999999999987,3.307511532770476,-0.30751153277047744,-3548.448943465924,-18.0,-1.0793951451385735,-5.7522894268737055,1.0
15:54:33.317,2.9999999999999987,1.479676212028897,1.5203237879711013,9500.0,-11.0,-2.2698677277219446,-12.096530347929745,1.0
15:54:33.337,2.9999999999999987,0.6963182174253634,2.303681782574635,9500.0,2.0,-1.7574836003953112,-9.365943860308922,1.0
15:54:33.357,2.9999999999999987,1.5667159892070674,1.433284010792931,9500.0,10.0,-0.3465855683478738,-1.8470163677255942,1.0
15:54:33.377,2.9999999999999987,2.0889546522760902,0.9110453477239084,7355.3527236224545,0.0,-0.30499530014612897,-1.625374403598523,1.0
15:54:33.397,2.9999999999999987,2.263034206632431,0.7369657933675676,6255.532396787758,0.0,-0.2683958641285935,-1.4303294751667004,1.0
15:54:33.417,2.9999999999999987,3.5686308643049873,-0.5686308643049887,-5184.883868059819,16.0,1.6838116395668377,8.973332828807317,1.0
15:54:33.437,2.9999999999999987,5.396466185046566,-2.3964661850465676,-9500.0,15.0,3.281754242818817,17.489054233369824,1.0
15:54:33.457,2.9999999999999987,5.570545739402907,-2.5705457394029083,-9500.0,0.0,2.887943733680559,15.390367725365445,1.0
15:54:33.477,2.9999999999999987,5.570545739402907,-2.5705457394029083,-9500.0,0.0,2.541390485638892,13.543523598321594,1.0
15:54:33.497,2.9999999999999987,5.570545739402907,-2.5705457394029083,-9500.0,0.0,2.236423627362225,11.918300766523002,1.0
15:54:33.517,2.9999999999999987,4.1779093045521805,-1.1779093045521816,-9039.968593150423,-11.0,0.6480527920787582,3.453589022259359,1.0
15:54:33.537,2.9999999999999987,2.0889546522760902,0.9110453477239084,7350.224015260673,-16.0,-1.3497135429706928,-7.192864427365777,1.0
15:54:33.557,2.9999999999999987,0.6092784402471929,2.3907215597528055,9500.0,4.0,-0.7077479178142096,-3.7717150043433807,1.0
15:54:33.577,2.9999999999999987,0.9574375489598747,2.0425624510401237,9500.0,7.0,0.21718183232349553,1.1574007567202058,1.0
15:54:33.597,2.9999999999999987,1.9148750979197493,1.0851249020802494,8461.91195222122,7.0,1.031120012444676,5.495022626456161,1.0
15:54:33.617,2.9999999999999987,2.1759944294542604,0.824005570545738,6812.482720800543,2.0,1.1473856109513147,6.114622757150673,1.0
15:54:33.637,2.9999999999999987,2.698233092523283,0.3017669074767155,3519.4651128026267,13.0,2.5696993376371573,13.694386524442729,1.0
15:54:33.657,2.9999999999999987,4.613108190443032,-1.6131081904430338,-9500.0,16.0,4.181335417120698,22.283082908463612,1.0
15:54:33.677,2.9999999999999987,5.918704848115588,-2.91870484811559,-9500.0,0.0,3.679575167066214,19.609112959447977,1.0
15:54:33.697,2.9999999999999987,5.831665070937418,-2.8316650709374196,-9500.0,-3.0,2.8780261470182684,15.337515135510344,1.0
15:54:33.717,2.9999999999999987,5.831665070937418,-2.8316650709374196,-9500.0,0.0,2.5326630093760762,13.497013319249103,1.0
15:54:33.737,2.9999999999999987,5.570545739402907,-2.5705457394029083,-9500.0,-29.0,-1.2512565517490528,-6.668169544164938,1.0
15:54:33.757,2.9999999999999987,3.307511532770476,-0.30751153277047744,-3559.15935039017,-18.0,-3.261105765539167,-17.37901481168841,1.0
15:54:33.777,2.9999999999999987,1.479676212028897,1.5203237879711013,9500.0,-11.0,-4.189773073674466,-22.32804868656668,1.0
15:54:33.797,2.9999999999999987,0.6963182174253634,2.303681782574635,9500.0,-2.0,-3.9270003048335305,-20.927685690047934,1.0
15:54:33.817,2.9999999999999987,1.479676212028897,1.5203237879711013,9500.0,7.0,-2.615760268253507,-13.9398534466998,1.0
15:54:33.837,2.9999999999999987,2.0889546522760902,0.9110453477239084,7345.549713962042,0.0,-2.3018690360630862,-12.267071033095826,1.0
15:54:33.857,2.9999999999999987,2.263034206632431,0.7369657933675676,6246.905748286596,0.0,-2.025644751735516,-10.795022509124326,1.0
15:54:33.877,2.9999999999999987,3.5686308643049873,-0.5686308643049887,-5192.475318740843,16.0,0.1374326184727459,0.7324029589246045,1.0
15:54:33.897,2.9999999999999987,5.396466185046566,-2.3964661850465676,-9500.0,15.0,1.9209407042560163,10.237035947873038,1.0
15:54:33.917,2.9999999999999987,5.570545739402907,-2.5705457394029083,-9500.0,-1.0,1.5704278197452943,8.369090211193647,1.0
15:54:33.937,2.9999999999999987,5.483505962224736,-2.4835059622247377,-9500.0,0.0,1.381976481375859,7.364799385850411,1.0
15:54:33.957,2.9999999999999987,5.483505962224736,-2.4835059622247377,-9500.0,0.0,1.216139303610756,6.481023459548362,1.0
15:54:33.977,2.9999999999999987,4.003829750195839,-1.0038297501958409,-7952.034618592652,-24.0,-1.8097974128225347,-9.64473350602846,1.0
15:54:33.997,2.9999999999999987,2.0019148750979197,0.9980851249020788,7889.6059128715115,-16.0,-3.5126217232838304,-18.71938825225906,1.0
15:54:34.017,2.9999999999999987,0.6963182174253634,2.303681782574635,9500.0,0.0,-3.0911071164897708,-16.47306166198797,1.0
15:54:34.037,2.9999999999999987,1.1315171033162155,1.868482896683783,9500.0,6.0,-2.000174262510998,-10.65928572494166,1.0
15:54:34.057,2.9999999999999987,2.0019148750979197,0.9980851249020788,7900.565498661205,4.0,-1.2801533510096783,-6.822165746210157,1.0
15:54:34.077,2.9999999999999987,2.263034206632431,0.7369657933675676,6252.497841667729,2.0,-0.886534948888517,-4.7245030107956865,1.0
15:54:34.097,2.9999999999999987,2.8723126468796236,0.12768735312037466,0.0,11.0,0.5398492449781048,2.8769530027806787,1.0
15:54:34.117,2.9999999999999987,4.613108190443032,-1.6131081904430338,-9500.0,11.0,1.795067335580732,9.56623429472788,1.0
15:54:34.137,2.9999999999999987,5.396466185046566,-2.3964661850465676,-9500.0,-2.0,1.3396592553110442,7.139283333491283,1.0
15:54:34.157,2.9999999999999987,5.396466185046566,-2.3964661850465676,-9500.0,0.0,1.1789001446737188,6.2825693334723285,1.0
15:54:34.177,2.9999999999999987,5.396466185046566,-2.3964661850465676,-9500.0,0.0,1.0374321273128726,5.5286610134556495,1.0
15:54:34.197,2.9999999999999987,4.613108190443032,-1.6131081904430338,-9500.0,-22.0,-1.7270597279646718,-9.203809612720795,1.0
15:54:34.217,2.9999999999999987,2.4371137609887716,0.5628862390112267,5140.552447472233,-15.0,-3.319812560608911,-17.691873803213685,1.0
15:54:34.237,2.9999999999999987,0.8703977717817042,2.1296022282182943,9500.0,-9.0,-4.001435053335841,-21.324361753239675,1.0
15:54:34.257,2.9999999999999987,0.9574375489598747,2.0425624510401237,9500.0,5.0,-2.9212628469355404,-15.567931228177784,1.0
15:54:34.277,2.9999999999999987,1.9148750979197493,1.0851249020802494,8450.120933496768,10.0,-1.3707113053032758,-7.304765251450193,1.0
15:54:34.297,2.9999999999999987,2.1759944294542604,0.824005570545738,6802.106624323025,2.0,-0.9662259486668827,-5.1491905754069185,1.0
15:54:34.317,2.9999999999999987,2.524153538166942,0.47584646183305634,4607.977742210673,9.0,0.22972116517314323,1.2242251000535442,1.0
15:54:34.338,9.999999999999998,4.26494908173035,5.735050918269648,9500.0,15.0,2.002154625352366,10.669839432066505,1.0
15:54:34.357,9.999999999999998,5.918704848115588,4.08129515188441,9500.0,14.0,3.441896070310082,18.342478621303286,1.0
15:54:34.377,9.999999999999998,7.485420837322656,2.514579162677342,9500.0,10.0,4.228868541872872,22.53639541609315,1.0
15:54:34.397,9.999999999999998,9.052136826529724,0.9478631734702747,7614.249153805359,11.0,5.041404316848127,26.866543618442854,1.0
15:54:34.417,9.999999999999998,10.705892592914962,-0.7058925929149633,-6031.6515275760685,12.0,5.876435798826352,31.316575459445218,1.0
15:54:34.437,9.999999999999998,12.44668813647837,-2.4466881364783717,-9500.0,13.0,6.73126350296719,35.87210490246193,1.0
15:54:34.457,9.999999999999998,12.53372791365654,-2.5337279136565423,-9500.0,-4.0,5.443511882611126,29.00944662242799,1.0
15:54:34.477,9.999999999999998,12.272608582122029,-2.272608582122031,-9500.0,-1.0,4.670290456697791,24.888811604802008,1.0
15:54:34.497,9.999999999999998,12.272608582122029,-2.272608582122031,-9500.0,0.0,4.109855601894056,21.902154212225764,1.0
15:54:34.517,9.999999999999998,11.054051701627643,-1.054051701627645,-8255.705338228272,-22.0,0.9766729296667696,5.204864402196907,1.0
15:54:34.537,9.999999999999998,8.878057272173383,1.1219427278266154,8686.06098386097,-13.0,-0.7005278218932428,-3.7332378242168573,1.0
15:54:34.557,9.999999999999998,7.224301505788144,2.7756984942118534,9500.0,-9.0,-1.6964644832660536,-9.040762091722467,1.0
15:54:34.577,9.999999999999998,7.572460614500827,2.4275393854991716,9500.0,7.0,-0.6528887452741271,-3.4793606801733894,1.0
15:54:34.597,9.999999999999998,7.920619723213508,2.07938027678649,9500.0,2.0,-0.33454209584123185,-1.7828345526833311,1.0
15:54:34.617,9.999999999999998,8.007659500391679,1.9923404996083196,9500.0,1.0,-0.17439704434028402,-0.9293929834267055,1.0
15:54:34.637,9.999999999999998,9.574375489598745,0.42562451040125215,4299.350416934989,18.0,2.0065306009805504,10.693159787407765,1.0
15:54:34.657,9.999999999999998,11.750369919053007,-1.7503699190530082,-9500.0,20.0,4.165746928862884,22.200009071611348,1.0
15:54:34.677,9.999999999999998,13.230046131081904,-3.2300461310819055,-9500.0,7.0,4.505857297399338,24.012517943560365,1.0
15:54:34.697,9.999999999999998,12.968926799547392,-2.9689267995473942,-9500.0,-5.0,3.3651544217114173,17.933508675659994,1.0
15:54:34.717,9.999999999999998,12.794847245191052,-2.794847245191053,-9500.0,1.0,3.0813358911060473,16.42098905751542,1.0
15:54:34.737,9.999999999999998,12.70780746801288,-2.707807468012883,-9500.0,-2.0,2.471575584173322,13.171467524744319,1.0
15:54:34.757,9.999999999999998,10.792932370093132,-0.7929323700931337,-6609.248225681096,-16.0,0.2549865140725234,1.358868654820989,1.0
15:54:34.777,9.999999999999998,8.5298981634607,1.4701018365392973,9500.0,-13.0,-1.3356118676161794,-7.117714081907665,1.0
15:54:34.797,9.999999999999998,7.311341282966315,2.688658717033683,9500.0,0.0,-1.1753384435022378,-6.263588392078745,1.0
15:54:34.817,9.999999999999998,7.920619723213508,2.07938027678649,9500.0,8.0,-0.07429783028196923,-0.3959464015522888,1.0
15:54:34.837,9.999999999999998,8.26877883192619,1.7312211680738083,9500.0,1.0,0.05461790935186707,0.29106858956861165,1.0
15:54:34.857,9.999999999999998,8.44285838628253,1.5571416137174676,9500.0,0.0,0.048063760229643024,0.2561403588203783,1.0
15:54:34.877,9.999999999999998,10.009574375489597,-0.009574375489599933,0.0,18.0,2.202296109002086,11.736429128585199,1.0
15:54:34.897,9.999999999999998,12.272608582122029,-2.272608582122031,-9500.0,20.0,4.338020575921836,23.11808609184749,1.0
15:54:34.917,9.999999999999998,13.143006353903733,-3.143006353903735,-9500.0,2.0,4.057458106811215,21.622918606695045,1.0
15:54:34.937,9.999999999999998,12.881887022369222,-2.8818870223692237,-9500.0,-1.0,3.4505631339938696,18.388666950957013,1.0
15:54:34.957,9.999999999999998,12.794847245191052,-2.794847245191053,-9500.0,0.0,3.036495557914605,16.18202691684217,1.0
15:54:34.977,9.999999999999998,12.3596483593002,-2.359648359300201,-9500.0,-13.0,1.1121160909648524,5.926665188670974,1.0
15:54:34.997,9.999999999999998,10.35773348420228,-0.3577334842022816,-3865.1211955081512,-16.0,-0.9413378399509298,-5.016557400923555,1.0
15:54:35.017,9.999999999999998,8.18173905474802,1.818260945251979,9500.0,-13.0,-2.388377299156818,-12.728089010962863,1.0
15:54:35.037,9.999999999999998,7.311341282966315,2.688658717033683,9500.0,-5.0,-2.701772023258,-14.398225444320449,1.0
15:54:35.057,9.999999999999998,8.094699277569848,1.9053007224301493,9500.0,7.0,-1.53755938046704,-8.193928430459614,1.0
15:54:35.077,9.999999999999998,8.355818609104361,1.644181390895638,9500.0,2.0,-1.1130522548109951,-5.931654172935209,1.0
15:54:35.097,9.999999999999998,8.5298981634607,1.4701018365392973,9500.0,2.0,-0.7394859842336757,-3.9408528263137326,1.0
15:54:35.117,9.999999999999998,10.35773348420228,-0.3577334842022816,-3849.5562023169596,24.0,2.2292523338743653,11.880083663274934,1.0
15:54:35.137,9.999999999999998,12.620767690834711,-2.6207676908347124,-9500.0,20.0,4.361742053809442,23.24450208237446,1.0
15:54:35.157,9.999999999999998,13.055966576725563,-3.0559665767255644,-9500.0,0.0,3.838333007352309,20.455161832489527,1.0
15:54:35.177,9.999999999999998,12.794847245191052,-2.794847245191053,-9500.0,-3.0,3.017733046470032,16.082038143786907,1.0
15:54:35.197,9.999999999999998,12.70780746801288,-2.707807468012883,-9500.0,-1.0,2.535605080893628,13.512692143597851,1.0
15:54:35.217,9.999999999999998,11.924449473409346,-1.9244494734093491,-9500.0,-15.0,0.43133247118639284,2.2986477423467226,1.0
15:54:35.237,9.999999999999998,9.748455043955087,0.25154495604491134,3178.403158227345,-22.0,-2.260427425355974,-12.04622129129665,1.0
15:54:35.257,9.999999999999998,7.8335799460353375,2.1664200539646603,9500.0,-11.0,-3.309176134313257,-17.635190388621936,1.0
15:54:35.277,9.999999999999998,7.746540168857167,2.253459831142831,9500.0,4.0,-2.432074998195666,-12.9609618502488,1.0
15:54:35.297,9.999999999999998,8.355818609104361,1.644181390895638,9500.0,5.0,-1.5402259984121862,-8.208139313545814,1.0
15:54:35.317,9.999999999999998,8.44285838628253,1.5571416137174676,9500.0,-1.0,-1.4753988786027237,-7.862664018854942,1.0
15:54:35.337,9.999999999999998,8.878057272173383,1.1219427278266154,8691.962684432952,15.0,0.501648986829603,2.6733770074270375,1.0
15:54:35.357,9.999999999999998,10.967011924449473,-0.9670119244494745,-7695.961707817377,21.0,2.9614511084100505,15.782101648162934,1.0
15:54:35.377,9.999999999999998,13.143006353903733,-3.143006353903735,-9500.0,7.0,3.4460769754008442,18.36475941092576,1.0
15:54:35.397,9.999999999999998,13.143006353903733,-3.143006353903735,-9500.0,-4.0,2.552547738352743,13.602982589876168,1.0
15:54:35.417,9.999999999999998,12.881887022369222,-2.8818870223692237,-9500.0,-1.0,2.1262420097504138,11.3311232561564,1.0
15:54:35.437,9.999999999999998,12.794847245191052,-2.794847245191053,-9500.0,-1.0,1.7510929685803642,9.331887042483007,1.0
15:54:35.457,9.999999999999998,11.576290364696666,-1.5762903646966675,-9500.0,-13.0,-0.01903818764927956,-0.10145790076508913,1.0
15:54:35.477,9.999999999999998,9.313256158064235,0.6867438419357634,5927.0466236798475,-21.0,-2.536753605131366,-13.51881283430042,1.0
15:54:35.497,9.999999999999998,7.572460614500827,2.4275393854991716,9500.0,-4.0,-2.712343172515602,-14.454560985922873,1.0
15:54:35.517,9.999999999999998,7.746540168857167,2.253459831142831,9500.0,2.0,-2.14686199181373,-11.441010821742879,1.0
15:54:35.537,9.999999999999998,8.355818609104361,1.644181390895638,9500.0,5.0,-1.2892385527960828,-6.8705824084606055,1.0
15:54:35.557,9.999999999999998,8.44285838628253,1.5571416137174676,9500.0,2.0,-0.8945299264605528,-4.767109673576081,1.0
15:54:35.577,9.999999999999998,9.139176603707893,0.8608233962921042,7042.115677400346,11.0,0.5328136647147134,2.8394591395339317,1.0
15:54:35.597,9.999999999999998,11.315171033162155,-1.3151710331621562,-9500.0,18.0,2.628876024948948,14.009749655613124,1.0
15:54:35.617,9.999999999999998,13.230046131081904,-3.2300461310819055,-9500.0,4.0,2.793410901955074,14.886585388678052,1.0
15:54:35.637,9.999999999999998,13.055966576725563,-3.0559665767255644,-9500.0,-5.0,1.858201593720465,9.902688027363556,1.0
15:54:35.657,9.999999999999998,12.881887022369222,-2.8818870223692237,-9500.0,1.0,1.7552174024740093,9.353866887014556,1.0
15:54:35.677,9.999999999999998,12.794847245191052,-2.794847245191053,-9500.0,-1.0,1.4245913141771283,7.591901437638184,1.0
15:54:35.697,9.999999999999998,11.228131255983984,-1.2281312559839859,-9364.360379874495,-17.0,-0.7863596435241271,-4.190650924767037,1.0
15:54:35.717,9.999999999999998,8.878057272173383,1.1219427278266154,8676.677242943491,-16.0,-2.6119964863012317,-13.919795580749005,1.0
15:54:35.737,9.999999999999998,7.311341282966315,2.688658717033683,9500.0,4.0,-1.818556907945084,-9.69141441932062,1.0
15:54:35.757,9.999999999999998,7.8335799460353375,2.1664200539646603,9500.0,9.0,-0.5203300789916738,-2.772931882590514,1.0
15:54:35.777,9.999999999999998,8.355818609104361,1.644181390895638,9500.0,0.0,-0.457890469512673,-2.4401800566796523,1.0
15:54:35.797,9.999999999999998,8.44285838628253,1.5571416137174676,9500.0,0.0,-0.40294361317115224,-2.147358449878094,1.0
15:54:35.817,9.999999999999998,9.574375489598745,0.42562451040125215,4298.363078136352,18.0,1.8054096204093861,9.621350176930543,1.0
15:54:35.837,9.999999999999998,11.837409696231177,-1.8374096962311788,-9500.0,21.0,4.10876046596026,21.89631803732602,1.0
15:54:35.857,9.999999999999998,13.317085908260074,-3.3170859082600757,-9500.0,0.0,3.6157092100450288,19.268759872846896,1.0
15:54:35.877,9.999999999999998,12.968926799547392,-2.9689267995473942,-9500.0,-7.0,2.3418241048396253,12.47999872756289,1.0
15:54:35.897,9.999999999999998,12.881887022369222,-2.8818870223692237,-9500.0,1.0,2.1808052122588704,11.62190030318997,1.0
15:54:35.917,9.999999999999998,12.794847245191052,-2.794847245191053,-9500.0,-1.0,1.7991085867878058,9.587770843872546,1.0
15:54:35.937,9.999999999999998,10.967011924449473,-0.9670119244494745,-7714.509740649769,-20.0,-0.8167844436267309,-4.352790116084675,1.0
15:54:35.957,9.999999999999998,8.703977717817041,1.2960222821829563,9500.0,-20.0,-3.118770310391523,-16.62048376084703,1.0
15:54:35.977,9.999999999999998,7.3983810601444855,2.6016189398555127,9500.0,0.0,-2.7445178731445403,-14.626025709545386,1.0
15:54:35.997,9.999999999999998,7.920619723213508,2.07938027678649,9500.0,5.0,-1.8151757283671954,-9.673395509726811,1.0
15:54:36.017,9.999999999999998,8.355818609104361,1.644181390895638,9500.0,1.0,-1.477354640963132,-7.873086625624968,1.0
15:54:36.037,9.999999999999998,8.44285838628253,1.5571416137174676,9500.0,0.0,-1.3000720840475561,-6.928316230549972,1.0
15:54:36.057,9.999999999999998,9.835494821133258,0.1645051788667409,0.0,20.0,1.2559365660381505,6.693110175808541,1.0
15:54:36.077,9.999999999999998,12.185568804943859,-2.1855688049438604,-9500.0,20.0,3.5052241781135725,18.67996541340403,1.0
15:54:36.097,9.999999999999998,13.055966576725563,-3.0559665767255644,-9500.0,-2.0,2.844597276739944,15.159366717926298,1.0
15:54:36.117,9.999999999999998,12.881887022369222,-2.8818870223692237,-9500.0,2.0,2.743245603531151,14.619245557644396,1.0
15:54:36.137,9.999999999999998,12.794847245191052,-2.794847245191053,-9500.0,1.0,2.534056131107413,13.504437513661694,1.0
15:54:36.158,9.999999999999998,12.3596483593002,-2.359648359300201,-9500.0,-15.0,0.4299693953745236,2.2913836680029047,1.0
15:54:36.177,9.999999999999998,10.35773348420228,-0.3577334842022816,-3869.835426096453,-19.0,-1.901626932070419,-10.134109407915334,1.0
15:54:36.197,9.999999999999998,8.26877883192619,1.7312211680738083,9500.0,-13.0,-3.233431700221969,-17.23153477711563,1.0
15:54:36.217,9.999999999999998,7.572460614500827,2.4275393854991716,9500.0,2.0,-2.6054198961953325,-13.884747757992502,1.0
15:54:36.237,9.999999999999998,8.18173905474802,1.818260945251979,9500.0,9.0,-1.2127695086518924,-6.463065220621768,1.0
15:54:36.257,9.999999999999998,8.44285838628253,1.5571416137174676,9500.0,2.0,-0.8272371676136654,-4.408494548277905,1.0
15:54:36.277,9.999999999999998,8.5298981634607,1.4701018365392973,9500.0,1.0,-0.6079687075000255,-3.2399737795499304,1.0
15:54:36.297,9.999999999999998,10.35773348420228,-0.3577334842022816,-3851.933544655961,19.0,1.7449875373999775,9.29935010975395,1.0
15:54:36.317,9.999999999999998,12.70780746801288,-2.707807468012883,-9500.0,21.0,4.05558903291198,21.61295797821062,1.0
15:54:36.337,9.999999999999998,13.055966576725563,-3.0559665767255644,-9500.0,-2.0,3.3289183489625422,17.74040017495609,1.0
15:54:36.357,9.999999999999998,12.794847245191052,-2.794847245191053,-9500.0,-1.0,2.809448147087037,14.972050731026734,1.0
15:54:36.377,9.999999999999998,12.794847245191052,-2.794847245191053,-9500.0,0.0,2.4723143694365923,13.175404643303525,1.0
15:54:36.397,9.999999999999998,12.098529027765688,-2.09852902776569,-9500.0,-16.0,0.25563664510420114,1.3623333191530882,1.0
15:54:36.417,9.999999999999998,9.922534598311428,0.07746540168857048,0.0,-22.0,-2.4150397523083025,-12.870177983707046,1.0
15:54:36.437,9.999999999999998,8.007659500391679,1.9923404996083196,9500.0,-11.0,-3.445234982031306,-18.360272277943086,1.0
15:54:36.457,9.999999999999998,7.746540168857167,2.253459831142831,9500.0,1.0,-2.9118067841875495,-15.51753818165529,1.0
15:54:36.477,9.999999999999998,8.26877883192619,1.7312211680738083,9500.0,6.0,-1.8423899700850435,-9.818425062248899,1.0
15:54:36.497,9.999999999999998,8.44285838628253,1.5571416137174676,9500.0,-1.0,-1.7413031736748383,-9.279715477713658,1.0
15:54:36.517,9.999999999999998,8.703977717817041,1.2960222821829563,9500.0,2.0,-1.2923467928338577,-6.887146774518767,1.0
15:54:36.537,9.999999999999998,10.705892592914962,-0.7058925929149633,-6055.479212174129,18.0,1.0227348223062054,5.45033645124675,1.0
15:54:36.557,9.999999999999998,12.968926799547392,-2.9689267995473942,-9500.0,19.0,3.1800066436294605,16.94682311285503,1.0
15:54:36.577,9.999999999999998,13.143006353903733,-3.143006353903735,-9500.0,-4.0,2.3184058463939254,12.355198647573923,1.0
15:54:36.597,9.999999999999998,12.881887022369222,-2.8818870223692237,-9500.0,-2.0,1.8001971448266543,9.593571963995801,1.0
15:54:36.617,9.999999999999998,12.794847245191052,-2.794847245191053,-9500.0,-1.0,1.464173487447456,7.802841905381679,1.0
15:54:36.637,9.999999999999998,12.011489250587518,-2.0114892505875197,-9500.0,-15.0,-0.5115273310462387,-2.726020467283509,1.0
15:54:36.657,9.999999999999998,9.661415266776917,0.33858473322308175,3724.329931185776,-22.0,-3.09014405132069,-16.467929315771254,1.0
15:54:36.677,9.999999999999998,7.920619723213508,2.07938027678649,9500.0,-4.0,-3.199326765162207,-17.049783489617205,1.0
15:54:36.697,9.999999999999998,7.8335799460353375,2.1664200539646603,9500.0,3.0,-2.4554075533427424,-13.085305202059265,1.0
15:54:36.717,9.999999999999998,8.44285838628253,1.5571416137174676,9500.0,2.0,-1.9207586469416131,-10.236065731942901,1.0
15:54:36.736,9.999999999999998,8.5298981634607,1.4701018365392973,9500.0,-1.0,-1.8102676093086196,-9.647239267044379,1.0
15:54:36.757,9.999999999999998,8.965097049351552,1.034902950648445,8140.516025697414,15.0,0.20696450380841447,1.1029507890203318,1.0
15:54:36.777,9.999999999999998,11.054051701627643,-1.054051701627645,-8249.002071773453,18.0,2.342128763351405,12.481622307161159,1.0
15:54:36.797,9.999999999999998,13.143006353903733,-3.143006353903735,-9500.0,7.0,2.9010733117492364,15.4603375908442,1.0
15:54:36.817,9.999999999999998,13.055966576725563,-3.0559665767255644,-9500.0,-5.0,1.952944514339328,10.407589965269766,1.0
15:54:36.837,9.999999999999998,12.881887022369222,-2.8818870223692237,-9500.0,0.0,1.7185911726186087,9.158679169437395,1.0
15:54:36.857,9.999999999999998,12.794847245191052,-2.794847245191053,-9500.0,0.0,1.5123602319043756,8.059637669104907,1.0
15:54:36.877,9.999999999999998,11.489250587518494,-1.4892505875184971,-9500.0,-18.0,-0.8291229959241495,-4.418544464010946,1.0
15:54:36.897,9.999999999999998,9.226216380886065,0.7737836191139338,6474.136096272264,-20.0,-3.1296282364132515,-16.67834758702215,1.0
15:54:36.917,9.999999999999998,7.659500391678997,2.3404996083210015,9500.0,-11.0,-4.074072848043661,-21.711461528860372,1.0
15:54:36.937,9.999999999999998,7.746540168857167,2.253459831142831,9500.0,2.0,-3.345184106278422,-17.827083299527878,1.0
15:54:36.957,9.999999999999998,8.355818609104361,1.644181390895638,9500.0,3.0,-2.583762013525012,-13.769329034780657,1.0
15:54:36.977,9.999999999999998,8.5298981634607,1.4701018365392973,9500.0,2.0,-2.0337105719020103,-10.838006704737726,1.0
15:54:36.997,9.999999999999998,9.139176603707893,0.8608233962921042,7041.318039140022,18.0,0.3703346967262311,1.9735797126540657,1.0
15:54:37.017,9.999999999999998,11.402210810340325,-1.4022108103403266,-9500.0,21.0,2.8458945331190835,15.16628002876272,1.0
15:54:37.037,9.999999999999998,13.230046131081904,-3.2300461310819055,-9500.0,-4.0,2.0243871891447935,10.788320733572691,1.0
15:54:37.057,9.999999999999998,13.055966576725563,-3.0559665767255644,-9500.0,-5.0,1.1814607264474182,6.296215130870839,1.0
15:54:37.077,9.999999999999998,12.881887022369222,-2.8818870223692237,-9500.0,1.0,1.1596854392737281,6.180170738100965,1.0
15:54:37.097,9.999999999999998,12.794847245191052,-2.794847245191053,-9500.0,0.0,1.0205231865608808,5.438550249528849,1.0
15:54:37.117,9.999999999999998,11.228131255983984,-1.2281312559839859,-9367.873289608868,-20.0,-1.5019395958264248,-8.004104239107129,1.0
15:54:37.137,9.999999999999998,8.965097049351552,1.034902950648445,8121.229476685504,-20.0,-3.7217068443272536,-19.833640189106788,1.0
15:54:37.157,9.999999999999998,7.485420837322656,2.514579162677342,9500.0,0.0,-3.275102023007983,-17.453603366413972,1.0
15:54:37.177,9.999999999999998,7.8335799460353375,2.1664200539646603,9500.0,7.0,-2.042089780247025,-10.882661001901916,1.0
15:54:37.197,9.999999999999998,8.355818609104361,1.644181390895638,9500.0,1.0,-1.677039006617382,-8.93724025873906,1.0
15:54:37.217,9.999999999999998,8.5298981634607,1.4701018365392973,9500.0,2.0,-1.2357943258232962,-6.585768581821121,1.0
15:54:37.237,9.999999999999998,9.487335712420576,0.5126642875794226,4845.943301689507,20.0,1.3125009932754992,6.9945521066899286,1.0
15:54:37.257,9.999999999999998,11.663330141874836,-1.6633301418748379,-9500.0,21.0,3.675000874082439,19.58473573551428,1.0
15:54:37.277,9.999999999999998,13.230046131081904,-3.2300461310819055,-9500.0,0.0,3.2340007691925465,17.234567447252566,1.0
15:54:37.297,9.999999999999998,12.968926799547392,-2.9689267995473942,-9500.0,-4.0,2.365920676889441,12.608413661843754,1.0
15:54:37.317,9.999999999999998,12.881887022369222,-2.8818870223692237,-9500.0,1.0,2.2020101956627083,11.73490544535713,1.0
15:54:37.337,9.999999999999998,12.794847245191052,-2.794847245191053,-9500.0,0.0,1.9377689721831832,10.326716791914276,1.0
15:54:37.357,9.999999999999998,11.141091478805814,-1.1410914788058153,-8811.554311402195,-16.0,-0.21476330447879866,-1.1445119900694503,1.0
15:54:37.377,9.999999999999998,8.878057272173383,1.1219427278266154,8680.913887467916,-13.0,-1.7489917079413428,-9.320689049411252,1.0
15:54:37.397,9.999999999999998,7.485420837322656,2.514579162677342,9500.0,0.0,-1.5391127029883818,-8.202206363481903,1.0
15:54:37.417,9.999999999999998,7.920619723213508,2.07938027678649,9500.0,7.0,-0.5144191786297759,-2.741431639321693,1.0
15:54:37.437,9.999999999999998,8.355818609104361,1.644181390895638,9500.0,1.0,-0.3326888771942028,-1.772958419668464,1.0
15:54:37.457,9.999999999999998,8.5298981634607,1.4701018365392973,9500.0,0.0,-0.29276621193089847,-1.5602034093082482,1.0
15:54:37.477,9.999999999999998,9.661415266776917,0.33858473322308175,3753.5518643880314,26.0,2.8623657335008095,15.254057996109013,1.0
15:54:37.497,9.999999999999998,11.837409696231177,-1.8374096962311788,-9500.0,17.0,4.5588818454807125,24.29509522646457,1.0
15:54:37.517,9.999999999999998,13.230046131081904,-3.2300461310819055,-9500.0,2.0,4.251816024023027,22.658686645158074,1.0
15:54:37.537,9.999999999999998,12.968926799547392,-2.9689267995473942,-9500.0,-5.0,3.141598101140264,16.742137133065977,1.0
15:54:37.557,9.999999999999998,12.881887022369222,-2.8818870223692237,-9500.0,0.0,2.764606329003432,14.733080677098059,1.0
15:54:37.577,9.999999999999998,12.794847245191052,-2.794847245191053,-9500.0,0.0,2.4328535695230205,12.965110995846294,1.0
15:54:37.597,9.999999999999998,10.967011924449473,-0.9670119244494745,-7711.182812038716,-19.0,-0.13908885881974165,-0.7412293594131505,1.0
15:54:37.617,9.999999999999998,8.703977717817041,1.2960222821829563,9500.0,-20.0,-2.5223981957613724,-13.442310294976087,1.0
15:54:37.637,9.999999999999998,7.572460614500827,2.4275393854991716,9500.0,0.0,-2.2197104122700075,-11.829233059578955,1.0
15:54:37.657,9.999999999999998,8.094699277569848,1.9053007224301493,9500.0,5.0,-1.3533451627976065,-7.212217977756351,1.0
15:54:37.677,9.999999999999998,8.44285838628253,1.5571416137174676,9500.0,1.0,-1.0709437432618936,-5.707250397490963,1.0
15:54:37.697,9.999999999999998,8.5298981634607,1.4701018365392973,9500.0,0.0,-0.9424304940704663,-5.022380349792047,1.0
15:54:37.717,9.999999999999998,9.922534598311428,0.07746540168857048,0.0,13.0,0.7306611652179897,3.8938237903331347,1.0
15:54:37.737,9.999999999999998,12.185568804943859,-2.1855688049438604,-9500.0,20.0,3.042981825391831,16.216593394185676,1.0
15:54:37.757,9.999999999999998,13.055966576725563,-3.0559665767255644,-9500.0,-2.0,2.437824006344812,12.991599341014144,1.0
15:54:37.777,9.999999999999998,12.794847245191052,-2.794847245191053,-9500.0,-1.0,2.025285125583434,10.79310599715782,1.0
15:54:37.797,9.999999999999998,12.794847245191052,-2.794847245191053,-9500.0,1.0,1.902250910513422,10.137434700433507,1.0
15:54:37.817,9.999999999999998,12.53372791365654,-2.5337279136565423,-9500.0,-9.0,0.5939808012518113,3.165429729969854,1.0
15:54:37.837,9.999999999999998,10.35773348420228,-0.3577334842022816,-3868.5377827546,-18.0,-1.6372968948984061,-8.725447450449794,1.0
15:54:37.857,9.999999999999998,8.355818609104361,1.644181390895638,9500.0,-13.0,-3.0008212675105974,-15.991912254545953,1.0
15:54:37.877,9.999999999999998,7.659500391678997,2.3404996083210015,9500.0,2.0,-2.4007227154093256,-12.793879938131187,1.0
15:54:37.897,9.999999999999998,8.26877883192619,1.7312211680738083,9500.0,9.0,-1.0326359895602066,-5.503101539143813,1.0
15:54:37.917,9.999999999999998,8.44285838628253,1.5571416137174676,9500.0,-1.0,-1.0287196708129818,-5.48223077738118,1.0
15:54:37.938,19.999999999999996,8.616937940638872,11.383062059361125,9500.0,1.0,-0.7852733103154239,-4.184861661160813,1.0
15:54:37.957,19.999999999999996,10.35773348420228,9.642266515797717,9500.0,19.0,1.5889594869224268,8.467848773936375,1.0
15:54:37.977,19.999999999999996,12.794847245191052,7.205152754808945,9500.0,23.0,4.158284348491735,22.1602396485604,1.0
15:54:37.997,19.999999999999996,15.057881451823482,4.942118548176514,9500.0,22.0,6.299290226672726,33.57004219529492,1.0
15:54:38.017,19.999999999999996,16.97275654974323,3.0272434502567647,9500.0,14.0,7.2233753994719985,38.494657052944284,1.0
15:54:38.037,19.999999999999996,19.235790756375664,0.7642092436243338,6473.754871386428,23.0,9.116570351535358,48.58383093408736,1.0
15:54:38.057,19.999999999999996,21.846984071720776,-1.8469840717207786,-9500.0,22.0,10.662581909351115,56.82280252655864,1.0
15:54:38.077,19.999999999999996,23.587779615284184,-3.587779615284187,-9500.0,4.0,9.863072080228982,52.56207191511011,1.0
15:54:38.097,19.999999999999996,23.587779615284184,-3.587779615284187,-9500.0,-3.0,8.319503430601504,44.33611901649302,1.0
15:54:38.117,19.999999999999996,23.41370006092784,-3.4137000609278463,-9500.0,0.0,7.321163018929323,39.01578473451386,1.0
15:54:38.137,19.999999999999996,23.32666028374967,-3.3266602837496757,-9500.0,-1.0,6.322623456657804,33.69438914343757,1.0
15:54:38.157,19.999999999999996,21.06362607711724,-1.063626077117245,-8307.235111910866,-23.0,2.803908641858868,14.942529718728668,1.0
15:54:38.177,19.999999999999996,18.800591870484812,1.199408129515186,9180.509275905613,-18.0,0.3074396048358037,1.6384005396579626,1.0
15:54:38.197,19.999999999999996,17.582034989990426,2.417965010009572,9500.0,4.0,0.7505468522555072,3.99979816663751,1.0
15:54:38.217,19.999999999999996,18.365392984593957,1.6346070154060381,9500.0,11.0,1.9804812299848462,10.554338038921893,1.0
15:54:38.237,19.999999999999996,18.71355209330664,1.2864479066933565,9500.0,2.0,1.9828234823866646,10.566820320120517,1.0
15:54:38.257,19.999999999999996,18.88763164766298,1.1123683523370156,8637.565950322603,0.0,1.744884664500265,9.298801881706055,1.0
15:54:38.277,19.999999999999996,20.62842719122639,-0.6284271912263928,-5551.679935257421,20.0,3.935498504760233,20.972974114593843,1.0
15:54:38.297,19.999999999999996,22.97850117503699,-2.9785011750369943,-9500.0,7.0,4.303238684189005,22.932727181384966,1.0
15:54:38.317,19.999999999999996,23.152580729393332,-3.152580729393335,-9500.0,-4.0,3.306850042086325,17.622794227880267,1.0
15:54:38.337,19.999999999999996,23.065540952215162,-3.0655409522151644,-9500.0,-1.0,2.790028037035966,14.868557497600008,1.0
15:54:38.357,19.999999999999996,23.065540952215162,-3.0655409522151644,-9500.0,0.0,2.45522467259165,13.084330597888007,1.0
15:54:38.377,19.999999999999996,21.672904517364433,-1.672904517364438,-9500.0,-22.0,-0.4794022881193478,-2.55482037842032,1.0
15:54:38.397,19.999999999999996,19.235790756375664,0.7642092436243338,6415.146916693972,-20.0,-2.8218740135450258,-15.038270391702396,1.0
15:54:38.417,19.999999999999996,17.582034989990426,2.417965010009572,9500.0,-5.0,-3.0832491319196227,-16.431185059371238,1.0
15:54:38.437,19.999999999999996,17.930194098703105,2.06980590129689,9500.0,7.0,-1.8732592360892681,-9.982932891704309,1.0
15:54:38.457,19.999999999999996,18.71355209330664,1.2864479066933565,9500.0,5.0,-1.048468127758556,-5.587473830026663,1.0
15:54:38.477,19.999999999999996,18.800591870484812,1.199408129515186,9174.470536849582,0.0,-0.9226519524275292,-4.916976970423463,1.0
15:54:38.497,19.999999999999996,19.670989642266516,0.3290103577334818,3686.796100886322,20.0,1.588066281863774,8.463088724719867,1.0
15:54:38.517,19.999999999999996,22.369222734789798,-2.369222734789801,-9500.0,21.0,3.9174983280401214,20.877047959380626,1.0
15:54:38.537,19.999999999999996,23.587779615284184,-3.587779615284187,-9500.0,2.0,3.687398528675307,19.650805050124205,1.0
15:54:38.557,19.999999999999996,23.41370006092784,-3.4137000609278463,-9500.0,-2.0,3.00491070523427,16.013705598240044,1.0
15:54:38.577,19.999999999999996,23.32666028374967,-3.3266602837496757,-9500.0,0.0,2.6443214206061576,14.092060926451241,1.0
15:54:38.597,19.999999999999996,23.152580729393332,-3.152580729393335,-9500.0,-1.0,2.2070028501334185,11.761512192342465,1.0
15:54:38.617,19.999999999999996,20.71546696840456,-0.7154669684045633,-6124.425808828724,-22.0,-0.6978374918825914,-3.7189005753003963,1.0
15:54:38.637,19.999999999999996,18.45243276177213,1.5475672382278676,9500.0,-18.0,-2.7740969928566805,-14.783658119087614,1.0
15:54:38.657,19.999999999999996,17.494995212812253,2.505004787187742,9500.0,4.0,-1.9612053537138787,-10.451613453058597,1.0
15:54:38.677,19.999999999999996,18.365392984593957,1.6346070154060381,9500.0,13.0,-0.16586071126821333,-0.8839013405414295,1.0
15:54:38.697,19.999999999999996,18.71355209330664,1.2864479066933565,9500.0,1.0,-0.025957425916027732,-0.13833175674183223,1.0
15:54:38.716,19.999999999999996,18.800591870484812,1.199408129515186,9178.887861918673,0.0,-0.022842534806104403,-0.12173194593281235,1.0
15:54:38.737,19.999999999999996,20.62842719122639,-0.6284271912263928,-5559.31665305288,20.0,2.379898569370628,12.68290434627164,1.0
15:54:38.757,19.999999999999996,23.065540952215162,-3.0655409522151644,-9500.0,7.0,2.9343107410461524,15.637465785261423,1.0
15:54:38.777,19.999999999999996,23.32666028374967,-3.3266602837496757,-9500.0,-1.0,2.462193452120614,13.121468468095426,1.0
15:54:38.797,19.999999999999996,23.152580729393332,-3.152580729393335,-9500.0,-1.0,2.0467302378661403,10.90739082898935,1.0
15:54:38.817,19.999999999999996,23.152580729393332,-3.152580729393335,-9500.0,0.0,1.8011226093222035,9.598503929510628,1.0
15:54:38.836,19.999999999999996,21.934023848898946,-1.934023848898949,-9500.0,-24.0,-1.2950121037964608,-6.9013506924616665,1.0
15:54:38.856,19.999999999999996,19.496910087910173,0.5030899120898227,4761.034317982555,-21.0,-3.6596106513408855,-19.50271849099341,1.0
15:54:38.876,19.999999999999996,17.669074767168595,2.3309252328314014,9500.0,-4.0,-3.700457373179979,-19.7203979638127,1.0
15:54:38.896,19.999999999999996,17.843154321524935,2.1568456784750607,9500.0,9.0,-2.1764024883983817,-11.598437401743546,1.0
15:54:38.917,19.999999999999996,18.62651231612847,1.3734876838715269,9500.0,4.0,-1.4352341897905758,-7.648619221795816,1.0
15:54:38.937,19.999999999999996,18.800591870484812,1.199408129515186,9172.210576218418,-1.0,-1.3830060870157066,-7.370286338114944,1.0
15:54:38.957,19.999999999999996,19.322830533553834,0.6771694664461635,5888.341944068505,26.0,1.9029546434261784,10.14118501875912,1.0
15:54:38.977,19.999999999999996,22.021063626077115,-2.0210636260771193,-9500.0,21.0,4.194600086215037,22.35377269813517,1.0
15:54:38.997,19.999999999999996,23.587779615284184,-3.587779615284187,-9500.0,11.0,5.011248075869233,26.705835626639832,1.0
15:54:39.017,19.999999999999996,23.41370006092784,-3.4137000609278463,-9500.0,-5.0,3.8098983067649246,20.303628236769924,1.0
15:54:39.037,19.999999999999996,23.32666028374967,-3.3266602837496757,-9500.0,0.0,3.3527105099531336,17.867192848357533,1.0
15:54:39.057,19.999999999999996,23.2396205065715,-3.239620506571505,-9500.0,0.0,2.9503852487587574,15.723129706554626,1.0
15:54:39.077,19.999999999999996,20.976586299939072,-0.9765862999390744,-7773.570745242488,-26.0,-0.5236609810922936,-2.7906828545321996,1.0
15:54:39.097,19.999999999999996,18.71355209330664,1.2864479066933565,9500.0,-21.0,-2.9808216633612186,-15.885330793615479,1.0
15:54:39.117,19.999999999999996,17.407955435634083,2.5920445643659127,9500.0,-2.0,-2.8631230637578726,-15.258093944250874,1.0
15:54:39.137,19.999999999999996,18.104273653059447,1.8957263469405494,9500.0,11.0,-1.199548296106928,-6.392607018659885,1.0
15:54:39.157,19.999999999999996,18.71355209330664,1.2864479066933565,9500.0,0.0,-1.0556025005740965,-5.625494176420699,1.0
15:54:39.177,19.999999999999996,18.800591870484812,1.199408129515186,9174.439715808947,0.0,-0.9289302005052049,-4.950434875250215,1.0
15:54:39.197,19.999999999999996,20.280268082513707,-0.2802680825137111,-3362.0528187835666,22.0,1.8225414235554194,9.712648614341576,1.0
15:54:39.217,19.999999999999996,22.89146139785882,-2.8914613978588237,-9500.0,4.0,2.083836452728769,11.10513647235909,1.0
15:54:39.237,19.999999999999996,23.2396205065715,-3.239620506571505,-9500.0,-2.0,1.5937760784013166,8.493517249806748,1.0
15:54:39.257,19.999999999999996,23.152580729393332,-3.152580729393335,-9500.0,-2.0,1.1625229489931586,6.195292333960686,1.0
15:54:39.277,19.999999999999996,23.065540952215162,-3.0655409522151644,-9500.0,0.0,1.0230201951139795,5.451857253885403,1.0
15:54:39.297,19.999999999999996,22.19514318043346,-2.1951431804334605,-9500.0,-26.0,-2.2197422282996984,-11.829402612881118,1.0
15:54:39.317,19.999999999999996,19.758029419444686,0.2419705805553114,3109.9849196612754,-16.0,-3.8733731609037347,-20.641897066289395,1.0
15:54:39.337,19.999999999999996,17.756114544346765,2.243885455653231,9500.0,-9.0,-4.488568381595287,-23.9203822247463,1.0
15:54:39.357,19.999999999999996,17.756114544346765,2.243885455653231,9500.0,3.0,-3.5899401758038527,-19.131432088972872,1.0
15:54:39.377,19.999999999999996,18.62651231612847,1.3734876838715269,9500.0,4.0,-2.6791473547073905,-14.277654546557624,1.0
15:54:39.397,19.999999999999996,18.800591870484812,1.199408129515186,9168.604079707184,2.0,-2.1176496721425035,-11.285333155101457,1.0
15:54:39.417,19.999999999999996,18.97467142484115,1.0253285751588452,8071.029792988189,2.0,-1.623531711485403,-8.65209033062003,1.0
15:54:39.437,19.999999999999996,21.759944294542606,-1.7599442945426083,-9500.0,24.0,1.451292093892845,7.734194659485391,1.0
15:54:39.457,19.999999999999996,23.587779615284184,-3.587779615284187,-9500.0,4.0,1.7571370426257036,9.364096992085647,1.0
15:54:39.477,19.999999999999996,23.500739838106014,-3.5007398381060164,-9500.0,-2.0,1.306280597510619,6.961402507166118,1.0
15:54:39.497,19.999999999999996,23.32666028374967,-3.3266602837496757,-9500.0,0.0,1.1495269258093448,6.1260342063061834,1.0
15:54:39.517,19.999999999999996,23.32666028374967,-3.3266602837496757,-9500.0,-1.0,0.8915836947122234,4.7514086786148155,1.0
15:54:39.537,19.999999999999996,21.32474540865175,-1.324745408651756,-9500.0,-24.0,-2.0954063486532433,-11.16679451324998,1.0
15:54:39.557,19.999999999999996,18.88763164766298,1.1123683523370156,8609.9329588249,-17.0,-3.883957586814854,-20.69830336154862,1.0
15:54:39.577,19.999999999999996,17.407955435634083,2.5920445643659127,9500.0,0.0,-3.4178826763970718,-18.214506958162787,1.0
15:54:39.597,19.999999999999996,17.930194098703105,2.06980590129689,9500.0,13.0,-1.447736755229423,-7.715247625033117,1.0
15:54:39.617,19.999999999999996,18.62651231612847,1.3734876838715269,9500.0,5.0,-0.6740083446018922,-3.591910795356014,1.0
15:54:39.637,19.999999999999996,18.800591870484812,1.199408129515186,9176.677333407173,1.0,-0.4731273432496651,-2.5213800769786663,1.0
15:54:39.657,19.999999999999996,19.845069196622855,0.15493080337714096,0.0,24.0,2.4636479379402947,13.129219682689794,1.0
15:54:39.677,19.999999999999996,22.456262511967967,-2.4562625119679717,-9500.0,15.0,3.968010185387459,21.146234664786405,1.0
15:54:39.697,19.999999999999996,23.2396205065715,-3.239620506571505,-9500.0,-2.0,3.251848963140964,17.329683659142784,1.0
15:54:39.717,19.999999999999996,23.152580729393332,-3.152580729393335,-9500.0,1.0,2.9816270875640485,15.889623042980276,1.0
15:54:39.737,19.999999999999996,23.065540952215162,-3.0655409522151644,-9500.0,-1.0,2.5038318370563624,13.343366854888016,1.0
15:54:39.757,19.999999999999996,22.63034206632431,-2.6303420663243124,-9500.0,-26.0,-0.9166279833904012,-4.884874163998817,1.0
15:54:39.777,19.999999999999996,20.106188528157368,-0.10618852815737029,0.0,-22.0,-3.4466326253835526,-18.367720568880724,1.0
15:54:39.797,19.999999999999996,18.104273653059447,1.8957263469405494,9500.0,-13.0,-4.593036710337526,-24.477112598765174,1.0
15:54:39.817,19.999999999999996,17.756114544346765,2.243885455653231,9500.0,2.0,-3.8018723050970227,-20.2608562410441,1.0
15:54:39.837,19.999999999999996,18.62651231612847,1.3734876838715269,9500.0,4.0,-2.86564762848538,-15.271547800380302,1.0
15:54:39.857,19.999999999999996,18.800591870484812,1.199408129515186,9167.798384145008,2.0,-2.2817699130671345,-12.159959218465415,1.0
15:54:39.877,19.999999999999996,18.88763164766298,1.1123683523370156,8619.73167947054,1.0,-1.8879575234990784,-10.06126268931494,1.0
15:54:39.897,19.999999999999996,21.411785185829924,-1.4117851858299266,-9500.0,21.0,0.858597379320811,4.575618715029995,1.0
15:54:39.917,19.999999999999996,23.500739838106014,-3.5007398381060164,-9500.0,7.0,1.5955656938023137,8.503054429768776,1.0
15:54:39.937,19.999999999999996,23.41370006092784,-3.4137000609278463,-9500.0,-5.0,0.804097810546036,4.285180783523393,1.0
15:54:39.957,19.999999999999996,23.32666028374967,-3.3266602837496757,-9500.0,0.0,0.7076060732805117,3.7709590895005864,1.0
15:54:39.977,19.999999999999996,23.2396205065715,-3.239620506571505,-9500.0,-1.0,0.5026933444868503,2.6789425758258902,1.0
15:54:39.997,19.999999999999996,21.32474540865175,-1.324745408651756,-9500.0,-15.0,-1.3576298568515717,-7.235051877292603,1.0
15:54:40.017,19.999999999999996,18.97467142484115,1.0253285751588452,8061.942007307302,-19.0,-3.474714274029383,-18.51737268777538,1.0
15:54:40.037,19.999999999999996,17.320915658455913,2.6790843415440833,9500.0,-11.0,-4.377748561145857,-23.329803617523222,1.0
15:54:40.057,19.999999999999996,17.843154321524935,2.1568456784750607,9500.0,5.0,-3.2524187338083546,-17.332720068747307,1.0
15:54:40.077,19.999999999999996,18.62651231612847,1.3734876838715269,9500.0,2.0,-2.622128485751352,-13.973790814628378,1.0
15:54:40.097,19.999999999999996,18.800591870484812,1.199408129515186,9168.261304194382,1.0,-2.1874730674611897,-11.657434493938347,1.0
15:54:40.117,19.999999999999996,19.670989642266516,0.3290103577334818,3684.866584687353,26.0,1.195023700634153,6.368494641634527,1.0
15:54:40.137,19.999999999999996,22.369222734789798,-2.369222734789801,-9500.0,21.0,3.571620856558055,19.033805166265527,1.0
15:54:40.157,19.999999999999996,23.587779615284184,-3.587779615284187,-9500.0,5.0,3.7430263537710884,19.94725566098679,1.0
15:54:40.177,19.999999999999996,23.41370006092784,-3.4137000609278463,-9500.0,-2.0,3.053863191318558,16.27458213579913,1.0
15:54:40.197,19.999999999999996,23.2396205065715,-3.239620506571505,-9500.0,0.0,2.687399608360331,14.321632279503232,1.0
15:54:40.217,19.999999999999996,23.2396205065715,-3.239620506571505,-9500.0,0.0,2.3649116553570915,12.603036405962845,1.0
15:54:40.237,19.999999999999996,20.80250674558273,-0.8025067455827336,-6673.743630615149,-22.0,-0.558877743285759,-2.9783592673144614,1.0
15:54:40.257,19.999999999999996,18.5394725389503,1.4605274610496972,9500.0,-17.0,-2.531812414091468,-13.492480345125367,1.0
15:54:40.277,19.999999999999996,17.407955435634083,2.5920445643659127,9500.0,-2.0,-2.467994924400492,-13.152385549579575,1.0
15:54:40.297,19.999999999999996,18.278353207415787,1.7216467925842085,9500.0,13.0,-0.611835533472433,-3.26058078547989,1.0
15:54:40.317,19.999999999999996,18.62651231612847,1.3734876838715269,9500.0,-2.0,-0.778415269455741,-4.1483139370915545,1.0
15:54:40.337,19.999999999999996,18.800591870484812,1.199408129515186,9175.637186018936,0.0,-0.6850054371210521,-3.650516264640568,1.0
15:54:40.357,19.999999999999996,20.454347636870047,-0.454347636870052,-4458.053537884104,27.0,2.637195215333474,14.054084106351196,1.0
15:54:40.377,19.999999999999996,22.89146139785882,-2.8914613978588237,-9500.0,13.0,3.880731789493457,20.681112511739187,1.0
15:54:40.397,19.999999999999996,23.2396205065715,-3.239620506571505,-9500.0,-2.0,3.1750439747542423,16.920376164461235,1.0
15:54:40.417,19.999999999999996,23.065540952215162,-3.0655409522151644,-9500.0,-1.0,2.674038697783733,14.250429601791259,1.0
15:54:40.437,19.999999999999996,23.065540952215162,-3.0655409522151644,-9500.0,0.0,2.353154054049685,12.540378049576308,1.0
15:54:40.457,19.999999999999996,22.108103403255285,-2.10810340325529,-9500.0,-16.0,0.150775567563723,0.803509916673139,1.0
15:54:40.477,19.999999999999996,19.583949865088343,0.4160501349116522,4220.225739309932,-16.0,-1.7873175005439237,-9.52493404028165,1.0
15:54:40.497,19.999999999999996,17.669074767168595,2.3309252328314014,9500.0,-11.0,-2.8928394004786524,-15.416457607728734,1.0
15:54:40.517,19.999999999999996,17.756114544346765,2.243885455653231,9500.0,5.0,-1.945698672421214,-10.368975580128156,1.0
15:54:40.537,19.999999999999996,18.62651231612847,1.3734876838715269,9500.0,4.0,-1.2322148317306683,-6.566692818774274,1.0
15:54:40.557,19.999999999999996,18.800591870484812,1.199408129515186,9174.854939767141,2.0,-0.8443490519229881,-4.49968683465211,1.0
15:54:40.577,19.999999999999996,19.06171120201932,0.9382887979806748,7530.654259801494,9.0,0.3369728343077705,1.795788391917776,1.0
15:54:40.597,19.999999999999996,21.759944294542606,-1.7599442945426083,-9500.0,24.0,3.176536094190838,16.92832793531866,1.0
15:54:40.617,19.999999999999996,23.500739838106014,-3.5007398381060164,-9500.0,4.0,3.2753517628879374,17.454934274818925,1.0
15:54:40.637,19.999999999999996,23.32666028374967,-3.3266602837496757,-9500.0,-5.0,2.2823095513413847,12.162835047167524,1.0
15:54:40.657,19.999999999999996,23.152580729393332,-3.152580729393335,-9500.0,-2.0,1.7684324051804186,9.42429199563817,1.0
15:54:40.677,19.999999999999996,23.152580729393332,-3.152580729393335,-9500.0,0.0,1.5562205165587684,8.29337695616159,1.0
15:54:40.697,19.999999999999996,21.23770563147358,-1.2377056314735857,-9426.059035840204,-20.0,-1.0305259454282838,-5.491856737270317,1.0
15:54:40.717,19.999999999999996,18.800591870484812,1.199408129515186,9162.17691857899,-21.0,-3.42686283197689,-18.262363810425022,1.0
15:54:40.737,19.999999999999996,17.233875881277744,2.7661241187222534,9500.0,-7.0,-3.855639292139663,-20.5473901137164,1.0
15:54:40.757,19.999999999999996,17.843154321524935,2.1568456784750607,9500.0,13.0,-1.8329625770829034,-9.768184801920295,1.0
15:54:40.777,19.999999999999996,18.278353207415787,1.7216467925842085,9500.0,1.0,-1.4930070678329552,-7.956501202755235,1.0
15:54:40.797,19.999999999999996,18.45243276177213,1.5475672382278676,9500.0,2.0,-1.0738462196930005,-5.722718212555355,1.0
15:54:40.817,19.999999999999996,19.670989642266516,0.3290103577334818,3687.3211328402967,22.0,1.695015326670159,9.033039277513053,1.0
15:54:40.838,-19.999999999999996,22.456262511967967,-42.456262511967964,-9500.0,23.0,4.25161348746974,22.65760729170788,1.0
15:54:40.857,-19.999999999999996,23.41370006092784,-43.41370006092784,-9500.0,0.0,3.741419868973371,19.938694416702933,1.0
15:54:40.877,-19.999999999999996,23.065540952215162,-43.06554095221516,-9500.0,-7.0,2.4524494846965665,13.069541126156201,1.0
15:54:40.897,-19.999999999999996,22.80442162068065,-42.80442162068064,-9500.0,-2.0,1.9181555465329787,10.222193345148206,1.0
15:54:40.917,-19.999999999999996,22.80442162068065,-42.80442162068064,-9500.0,0.0,1.6879768809490212,8.995530143730422,1.0
15:54:40.937,-19.999999999999996,20.71546696840456,-40.715466968404556,-9500.0,-23.0,-1.2745803447648612,-6.792466201013622,1.0
15:54:40.958,-19.999999999999996,18.365392984593957,-38.36539298459395,-9500.0,-17.0,-3.1616307033930777,-16.848894446780626,1.0
15:54:40.977,-19.999999999999996,16.62459744103055,-36.624597441030545,-9500.0,-16.0,-4.702235018985908,-25.05904988012096,1.0
15:54:40.997,-19.999999999999996,15.928279223605186,-35.92827922360518,-9500.0,2.0,-3.8979668167075987,-20.772961048637193,1.0
15:54:41.017,-19.999999999999996,15.841239446427016,-35.84123944642701,-9500.0,0.0,-3.430210798702687,-18.28020572280073,1.0
15:54:41.037,-19.999999999999996,15.841239446427016,-35.84123944642701,-9500.0,0.0,-3.0185855028583646,-16.086581036064644,1.0
15:54:41.057,-19.999999999999996,15.841239446427016,-35.84123944642701,-9500.0,0.0,-2.6563552425153607,-14.156191311736885,1.0
15:54:41.077,-19.999999999999996,15.841239446427016,-35.84123944642701,-9500.0,0.0,-2.3375926134135177,-12.45744835432846,1.0
15:54:41.097,-19.999999999999996,15.841239446427016,-35.84123944642701,-9500.0,0.0,-2.0570814998038958,-10.962554551809045,1.0
15:54:41.117,-19.999999999999996,15.841239446427016,-35.84123944642701,-9500.0,0.0,-1.8102317198274283,-9.64704800559196,1.0
15:54:41.137,-19.999999999999996,15.841239446427016,-35.84123944642701,-9500.0,0.0,-1.5930039134481369,-8.489402244920925,1.0
15:54:41.157,-19.999999999999996,15.841239446427016,-35.84123944642701,-9500.0,0.0,-1.4018434438343605,-7.470673975530414,1.0
15:54:41.177,-19.999999999999996,15.841239446427016,-35.84123944642701,-9500.0,0.0,-1.2336222305742373,-6.574193098466765,1.0
15:54:41.197,-19.999999999999996,15.841239446427016,-35.84123944642701,-9500.0,0.0,-1.0855875629053289,-5.785289926650753,1.0
15:54:41.217,-19.999999999999996,15.841239446427016,-35.84123944642701,-9500.0,0.0,-0.9553170553566894,-5.091055135452663,1.0
15:54:41.237,-19.999999999999996,15.841239446427016,-35.84123944642701,-9500.0,0.0,-0.8406790087138867,-4.4801285191983435,1.0
15:54:41.257,-19.999999999999996,15.841239446427016,-35.84123944642701,-9500.0,0.0,-0.7397975276682203,-3.942513096894542,1.0
15:54:41.277,-19.999999999999996,15.841239446427016,-35.84123944642701,-9500.0,0.0,-0.6510218243480338,-3.469411525267197,1.0
15:54:41.297,-19.999999999999996,15.841239446427016,-35.84123944642701,-9500.0,0.0,-0.5728992054262697,-3.0530821422351333,1.0
15:54:41.317,-19.999999999999996,15.841239446427016,-35.84123944642701,-9500.0,0.0,-0.5041513007751174,-2.686712285166917,1.0
15:54:41.337,-19.999999999999996,15.841239446427016,-35.84123944642701,-9500.0,0.0,-0.4436531446821033,-2.3643068109468874,1.0
15:54:41.357,-19.999999999999996,15.841239446427016,-35.84123944642701,-9500.0,0.0,-0.39041476732025093,-2.080589993633261,1.0
15:54:41.377,-19.999999999999996,15.841239446427016,-35.84123944642701,-9500.0,0.0,-0.3435649952418208,-1.8309191943972696,1.0
15:54:41.397,-19.999999999999996,15.841239446427016,-35.84123944642701,-9500.0,0.0,-0.30233719581280233,-1.6112088910695974,1.0
15:54:41.417,-19.999999999999996,15.841239446427016,-35.84123944642701,-9500.0,0.0,-0.26605673231526605,-1.4178638241412456,1.0
15:54:41.437,-19.999999999999996,15.841239446427016,-35.84123944642701,-9500.0,0.0,-0.23412992443743413,-1.2477201652442962,1.0
15:54:41.457,-19.999999999999996,15.841239446427016,-35.84123944642701,-9500.0,0.0,-0.20603433350494205,-1.0979937454149806,1.0
15:54:41.477,-19.999999999999996,15.841239446427016,-35.84123944642701,-9500.0,0.0,-0.181310213484349,-0.9662344959651831,1.0
15:54:41.497,-19.999999999999996,15.841239446427016,-35.84123944642701,-9500.0,0.0,-0.15955298786622713,-0.8502863564493611,1.0
15:54:41.517,-19.999999999999996,15.841239446427016,-35.84123944642701,-9500.0,0.0,-0.14040662932227987,-0.7482519936754378,1.0
15:54:41.537,-19.999999999999996,15.841239446427016,-35.84123944642701,-9500.0,0.0,-0.12355783380360628,-0.6584617544343853,1.0
15:54:41.557,-19.999999999999996,15.841239446427016,-35.84123944642701,-9500.0,0.0,-0.10873089374717353,-0.579446343902259,1.0
15:54:41.577,-19.999999999999996,15.841239446427016,-35.84123944642701,-9500.0,0.0,-0.0956831864975127,-0.5099127826339879,1.0
15:54:41.597,-19.999999999999996,15.841239446427016,-35.84123944642701,-9500.0,0.0,-0.08420120411781118,-0.44872324871790936,1.0
15:54:41.617,-19.999999999999996,15.841239446427016,-35.84123944642701,-9500.0,0.0,-0.07409705962367384,-0.39487645887176026,1.0
15:54:41.637,-19.999999999999996,15.841239446427016,-35.84123944642701,-9500.0,0.0,-0.06520541246883298,-0.347491283807149,1.0
15:54:41.657,-19.999999999999996,15.841239446427016,-35.84123944642701,-9500.0,0.0,-0.05738076297257302,-0.3057923297502911,1.0
15:54:41.677,-19.999999999999996,15.841239446427016,-35.84123944642701,-9500.0,0.0,-0.050495071415864255,-0.26909725018025615,1.0
15:54:41.697,-19.999999999999996,15.841239446427016,-35.84123944642701,-9500.0,0.0,-0.044435662845960545,-0.23680558015862543,1.0
15:54:41.717,-19.999999999999996,15.841239446427016,-35.84123944642701,-9500.0,0.0,-0.03910338330444528,-0.20838891053959038,1.0
15:54:41.737,-19.999999999999996,15.841239446427016,-35.84123944642701,-9500.0,0.0,-0.034410977307911844,-0.18338224127483954,1.0
15:54:41.757,-19.999999999999996,15.841239446427016,-35.84123944642701,-9500.0,0.0,-0.030281660030962422,-0.16137637232185878,1.0
15:54:41.777,-19.999999999999996,15.841239446427016,-35.84123944642701,-9500.0,0.0,-0.026647860827246933,-0.14201120764323574,1.0
15:54:41.797,-19.999999999999996,15.841239446427016,-35.84123944642701,-9500.0,0.0,-0.0234501175279773,-0.12496986272604745,1.0
15:54:41.817,-19.999999999999996,15.841239446427016,-35.84123944642701,-9500.0,0.0,-0.020636103424620026,-0.10997347919892175,1.0
15:54:41.837,-19.999999999999996,15.841239446427016,-35.84123944642701,-9500.0,0.0,-0.018159771013665622,-0.09677666169505114,1.0
15:54:41.857,-19.999999999999996,15.841239446427016,-35.84123944642701,-9500.0,0.0,-0.01598059849202575,-0.08516346229164501,1.0
15:54:41.877,-19.999999999999996,15.841239446427016,-35.84123944642701,-9500.0,0.0,-0.014062926672982659,-0.07494384681664762,1.0
15:54:41.897,-19.999999999999996,15.841239446427016,-35.84123944642701,-9500.0,0.0,-0.01237537547222474,-0.0659505851986499,1.0
15:54:41.917,-19.999999999999996,15.841239446427016,-35.84123944642701,-9500.0,0.0,-0.01089033041555777,-0.05803651497481191,1.0
15:54:41.937,-19.999999999999996,15.841239446427016,-35.84123944642701,-9500.0,0.0,-0.009583490765690839,-0.05107213317783448,1.0
15:54:41.957,-19.999999999999996,15.841239446427016,-35.84123944642701,-9500.0,0.0,-0.008433471873807939,-0.04494347719649435,1.0
15:54:41.977,-19.999999999999996,15.841239446427016,-35.84123944642701,-9500.0,0.0,-0.007421455248950986,-0.03955025993291503,1.0
15:54:41.997,-19.999999999999996,15.841239446427016,-35.84123944642701,-9500.0,0.0,-0.006530880619076868,-0.034804228740965226,1.0
15:54:42.017,-19.999999999999996,15.841239446427016,-35.84123944642701,-9500.0,0.0,-0.005747174944787644,-0.0306277212920494,1.0
15:54:42.037,-19.999999999999996,15.841239446427016,-35.84123944642701,-9500.0,0.0,-0.005057513951413127,-0.02695239473700347,1.0
15:54:42.058,-19.999999999999996,15.841239446427016,-35.84123944642701,-9500.0,0.0,-0.0044506122772435515,-0.023718107368563054,1.0
15:54:42.077,-19.999999999999996,15.841239446427016,-35.84123944642701,-9500.0,0.0,-0.003916538803974325,-0.020871934484335487,1.0
15:54:42.097,-19.999999999999996,15.841239446427016,-35.84123944642701,-9500.0,0.0,-0.0034465541474974063,-0.01836730234621523,1.0
15:54:42.117,-19.999999999999996,15.319000783357994,-35.31900078335799,-9500.0,-37.0,-4.443032967649797,-23.677715874645823,1.0
15:54:42.137,-19.999999999999996,10.44477326138045,-30.444773261380448,-9500.0,-7.0,-4.749869011531822,-25.312899930230707,1.0
15:54:42.157,-19.999999999999996,9.313256158064235,-29.31325615806423,-9500.0,-9.0,-5.259884730148004,-28.030864745014657,1.0
15:54:42.177,-19.999999999999996,8.26877883192619,-28.268778831926188,-9500.0,-7.0,-5.468698562530244,-29.143670936155278,1.0
15:54:42.197,-19.999999999999996,6.9631821742536335,-26.963182174253628,-9500.0,0.0,-4.8124547350266145,-25.646430423816646,1.0
15:54:42.217,-19.999999999999996,6.876142397075463,-26.87614239707546,-9500.0,0.0,-4.234960166823421,-22.56885877295865,1.0
15:54:42.237,-19.999999999999996,6.789102619897292,-26.78910261989729,-9500.0,-1.0,-3.8467649468046106,-20.500097143138237,1.0
15:54:42.257,-19.999999999999996,6.0927844024719295,-26.092784402471924,-9500.0,2.0,-3.1451531531880574,-16.7610826400924,1.0
15:54:42.277,-19.999999999999996,6.005744625293759,-26.005744625293755,-9500.0,-1.0,-2.8877347748054905,-15.389254146215936,1.0
15:54:42.297,-19.999999999999996,5.918704848115588,-25.918704848115585,-9500.0,-1.0,-2.6612066018288316,-14.18204507160465,1.0
15:54:42.317,-19.999999999999996,5.135346853512055,-25.13534685351205,-9500.0,-7.0,-3.1818618096093716,-16.95670962355447,1.0
15:54:42.337,-19.999999999999996,4.526068413264862,-24.52606841326486,-9500.0,-3.0,-3.1600383924562467,-16.84040873753181,1.0
15:54:42.357,-19.999999999999996,4.439028636086691,-24.439028636086686,-9500.0,0.0,-2.780833785361497,-14.819559689027994,1.0
15:54:42.377,-19.999999999999996,4.439028636086691,-24.439028636086686,-9500.0,0.0,-2.4471337311181176,-13.041212526344635,1.0
15:54:42.397,-19.999999999999996,4.439028636086691,-24.439028636086686,-9500.0,0.0,-2.1534776833839433,-11.476267023183278,1.0
15:54:42.417,-19.999999999999996,4.439028636086691,-24.439028636086686,-9500.0,0.0,-1.89506036137787,-10.099114980401284,1.0
15:54:42.437,-19.999999999999996,4.439028636086691,-24.439028636086686,-9500.0,0.0,-1.6676531180125256,-8.88722118275313,1.0
15:54:42.457,-19.999999999999996,4.439028636086691,-24.439028636086686,-9500.0,0.0,-1.4675347438510224,-7.820754640822754,1.0
15:54:42.477,-19.999999999999996,4.439028636086691,-24.439028636086686,-9500.0,0.0,-1.2914305745888999,-6.882264083924024,1.0
15:54:42.497,-19.999999999999996,4.439028636086691,-24.439028636086686,-9500.0,0.0,-1.136458905638232,-6.056392393853141,1.0
15:54:42.517,-19.999999999999996,4.439028636086691,-24.439028636086686,-9500.0,0.0,-1.000083836961644,-5.329625306590764,1.0
15:54:42.537,-19.999999999999996,4.439028636086691,-24.439028636086686,-9500.0,0.0,-0.8800737765262467,-4.690070269799873,1.0
15:54:42.557,-19.999999999999996,4.439028636086691,-24.439028636086686,-9500.0,0.0,-0.7744649233430971,-4.127261837423887,1.0
15:54:42.577,-19.999999999999996,4.439028636086691,-24.439028636086686,-9500.0,0.0,-0.6815291325419255,-3.631990416933021,1.0
15:54:42.597,-19.999999999999996,4.439028636086691,-24.439028636086686,-9500.0,0.0,-0.5997456366368944,-3.1961515669010585,1.0
15:54:42.617,-19.999999999999996,4.439028636086691,-24.439028636086686,-9500.0,0.0,-0.527776160240467,-2.812613378872931,1.0
15:54:42.637,-19.999999999999996,4.439028636086691,-24.439028636086686,-9500.0,0.0,-0.464443021011611,-2.4750997734081794,1.0
15:54:42.657,-19.999999999999996,4.439028636086691,-24.439028636086686,-9500.0,0.0,-0.4087098584902177,-2.178087800599198,1.0
15:54:42.677,-19.999999999999996,4.439028636086691,-24.439028636086686,-9500.0,0.0,-0.3596646754713916,-1.9167172645272943,1.0
15:54:42.697,-19.999999999999996,4.439028636086691,-24.439028636086686,-9500.0,0.0,-0.3165049144148246,-1.686711192784019,1.0
15:54:42.717,-19.999999999999996,4.439028636086691,-24.439028636086686,-9500.0,0.0,-0.2785243246850456,-1.4843058496499366,1.0
15:54:42.737,-19.999999999999996,4.439028636086691,-24.439028636086686,-9500.0,0.0,-0.24510140572284014,-1.3061891476919443,1.0
15:54:42.757,-19.999999999999996,4.439028636086691,-24.439028636086686,-9500.0,0.0,-0.21568923703609932,-1.149446449968911,1.0
15:54:42.777,-19.999999999999996,4.439028636086691,-24.439028636086686,-9500.0,0.0,-0.18980652859176741,-1.0115128759726417,1.0
15:54:42.797,-19.999999999999996,4.439028636086691,-24.439028636086686,-9500.0,0.0,-0.16702974516075533,-0.8901313308559247,1.0
15:54:42.817,-19.999999999999996,4.439028636086691,-24.439028636086686,-9500.0,0.0,-0.1469861757414647,-0.7833155711532137,1.0
15:54:42.837,-19.999999999999996,4.439028636086691,-24.439028636086686,-9500.0,0.0,-0.12934783465248892,-0.689317702614828,1.0
15:54:42.857,-19.999999999999996,4.439028636086691,-24.439028636086686,-9500.0,0.0,-0.11382609449419025,-0.6065995783010486,1.0
15:54:42.877,-19.999999999999996,4.439028636086691,-24.439028636086686,-9500.0,0.0,-0.10016696315488742,-0.5338076289049228,1.0
15:54:42.897,-19.999999999999996,4.439028636086691,-24.439028636086686,-9500.0,0.0,-0.08814692757630092,-0.46975071343633207,1.0
15:54:42.917,-19.999999999999996,4.439028636086691,-24.439028636086686,-9500.0,0.0,-0.07756929626714482,-0.4133806278239722,1.0
15:54:42.937,-19.999999999999996,4.439028636086691,-24.439028636086686,-9500.0,0.0,-0.06826098071508743,-0.3637749524850955,1.0
15:54:42.957,-19.999999999999996,4.526068413264862,-24.52606841326486,-9500.0,0.0,-0.060069663029276944,-0.3201219581868841,1.0
15:54:42.977,-19.999999999999996,4.526068413264862,-24.52606841326486,-9500.0,0.0,-0.05286130346576371,-0.281707323204458,1.0
15:54:42.997,-19.999999999999996,4.526068413264862,-24.52606841326486,-9500.0,0.0,-0.04651794704987207,-0.24790244441992304,1.0
15:54:43.017,-19.999999999999996,2.524153538166942,-22.52415353816694,-9500.0,-55.0,-6.640935793403887,-35.39073241249395,1.0
15:54:43.037,-19.999999999999996,0.5222386630690226,-20.522238663069018,-9500.0,-4.0,-6.324023498195421,-33.701850214733184,1.0
15:54:43.057,-19.999999999999996,0.0,-19.999999999999996,-9500.0,-4.0,-6.04514067841197,-32.2156338807037,1.0
15:54:43.077,-19.999999999999996,-0.17407955435634084,-19.825920445643657,-9500.0,-1.0,-5.439723797002534,-28.989259237953885,1.0
15:54:43.097,-19.999999999999996,-0.17407955435634084,-19.825920445643657,-9500.0,0.0,-4.78695694136223,-25.510548129399417,1.0
15:54:43.117,-19.999999999999996,-0.17407955435634084,-19.825920445643657,-9500.0,0.0,-4.212522108398763,-22.44928235387149,1.0
15:54:43.137,-19.999999999999996,-0.17407955435634084,-19.825920445643657,-9500.0,0.0,-3.707019455390911,-19.75536847140691,1.0
15:54:43.157,-19.999999999999996,-0.17407955435634084,-19.825920445643657,-9500.0,0.0,-3.262177120744002,-17.38472425483808,1.0
15:54:43.177,-19.999999999999996,-0.17407955435634084,-19.825920445643657,-9500.0,0.0,-2.8707158662547214,-15.29855734425751,1.0
15:54:43.197,-19.999999999999996,-0.17407955435634084,-19.825920445643657,-9500.0,0.0,-2.526229962304155,-13.46273046294661,1.0
15:54:43.217,-19.999999999999996,-0.17407955435634084,-19.825920445643657,-9500.0,0.0,-2.2230823668276565,-11.847202807393018,1.0
15:54:43.237,-19.999999999999996,-0.17407955435634084,-19.825920445643657,-9500.0,0.0,-1.9563124828083378,-10.425538470505856,1.0
15:54:43.257,-19.999999999999996,-0.17407955435634084,-19.825920445643657,-9500.0,0.0,-1.7215549848713372,-9.174473854045152,1.0
15:54:43.277,-19.999999999999996,-0.17407955435634084,-19.825920445643657,-9500.0,0.0,-1.5149683866867767,-8.073536991559735,1.0
15:54:43.297,-19.999999999999996,-0.17407955435634084,-19.825920445643657,-9500.0,0.0,-1.3331721802843635,-7.104712552572566,1.0
15:54:43.317,-19.999999999999996,-0.17407955435634084,-19.825920445643657,-9500.0,0.0,-1.17319151865024,-6.252147046263858,1.0
15:54:43.337,-19.999999999999996,-0.17407955435634084,-19.825920445643657,-9500.0,0.0,-1.032408536412211,-5.501889400712195,1.0
15:54:43.357,-19.999999999999996,-0.17407955435634084,-19.825920445643657,-9500.0,0.0,-0.9085195120427457,-4.841662672626732,1.0
15:54:43.377,-19.999999999999996,-0.17407955435634084,-19.825920445643657,-9500.0,0.0,-0.7994971705976163,-4.260663151911524,1.0
15:54:43.397,-19.999999999999996,-0.17407955435634084,-19.825920445643657,-9500.0,0.0,-0.7035575101259023,-3.749383573682141,1.0
15:54:43.417,-19.999999999999996,-0.17407955435634084,-19.825920445643657,-9500.0,0.0,-0.619130608910794,-3.299457544840284,1.0
15:54:43.437,-19.999999999999996,-0.17407955435634084,-19.825920445643657,-9500.0,0.0,-0.5448349358414987,-2.9035226394594496,1.0
15:54:43.457,-19.999999999999996,-0.17407955435634084,-19.825920445643657,-9500.0,0.0,-0.4794547435405188,-2.5550999227243154,1.0
15:54:43.477,-19.999999999999996,-0.17407955435634084,-19.825920445643657,-9500.0,0.0,-0.42192017431565654,-2.248487931997398,1.0
15:54:43.497,-19.999999999999996,-0.17407955435634084,-19.825920445643657,-9500.0,0.0,-0.37128975339777776,-1.97866938015771,1.0
15:54:43.517,-19.999999999999996,-0.17407955435634084,-19.825920445643657,-9500.0,0.0,-0.32673498299004444,-1.7412290545387847,1.0
15:54:43.537,-19.999999999999996,-0.17407955435634084,-19.825920445643657,-9500.0,0.0,-0.28752678503123913,-1.5322815679941308,1.0
15:54:43.557,-19.999999999999996,-0.17407955435634084,-19.825920445643657,-9500.0,0.0,-0.25302357082749044,-1.348407779834835,1.0
15:54:43.577,-19.999999999999996,-0.17407955435634084,-19.825920445643657,-9500.0,0.0,-0.22266074232819158,-1.1865988462546548,1.0
15:54:43.597,-19.999999999999996,-0.17407955435634084,-19.825920445643657,-9500.0,0.0,-0.1959414532488086,-1.0442069847040962,1.0
15:54:43.617,-19.999999999999996,-0.17407955435634084,-19.825920445643657,-9500.0,0.0,-0.17242847885895157,-0.9189021465396048,1.0
15:54:43.637,-19.999999999999996,-0.17407955435634084,-19.825920445643657,-9500.0,0.0,-0.1517370613958774,-0.8086338889548522,1.0
15:54:43.657,-19.999999999999996,-0.17407955435634084,-19.825920445643657,-9500.0,0.0,-0.1335286140283721,-0.7115978222802699,1.0
15:54:43.677,-19.999999999999996,-0.17407955435634084,-19.825920445643657,-9500.0,0.0,-0.11750518034496744,-0.6262060836066375,1.0
15:54:43.697,-19.999999999999996,-0.17407955435634084,-19.825920445643657,-9500.0,0.0,-0.10340455870357135,-0.551061353573841,1.0
15:54:43.717,-19.999999999999996,-0.17407955435634084,-19.825920445643657,-9500.0,0.0,-0.09099601165914278,-0.4849339911449801,1.0
15:54:43.737,-19.999999999999996,-0.17407955435634084,-19.825920445643657,-9500.0,0.0,-0.08007649026004565,-0.4267419122075825,1.0
15:54:43.757,-19.999999999999996,-0.17407955435634084,-19.825920445643657,-9500.0,0.0,-0.07046731142884018,-0.3755328827426726,1.0
15:54:43.777,-19.999999999999996,-0.17407955435634084,-19.825920445643657,-9500.0,0.0,-0.06201123405737936,-0.3304689368135519,1.0
15:54:43.797,-19.999999999999996,-0.17407955435634084,-19.825920445643657,-9500.0,0.0,-0.05456988597049384,-0.2908126643959257,1.0
15:54:43.817,-19.999999999999996,-0.17407955435634084,-19.825920445643657,-9500.0,0.0,-0.04802149965403458,-0.25591514466841464,1.0
15:54:43.837,-19.999999999999996,-0.17407955435634084,-19.825920445643657,-9500.0,0.0,-0.04225891969555043,-0.22520532730820486,1.0
15:54:43.858,-19.999999999999996,-0.17407955435634084,-19.825920445643657,-9500.0,0.0,-0.037187849332084376,-0.19818068803122027,1.0
15:54:43.877,-19.999999999999996,-0.17407955435634084,-19.825920445643657,-9500.0,0.0,-0.03272530741223425,-0.17439900546747383,1.0
15:54:43.897,-19.999999999999996,-0.17407955435634084,-19.825920445643657,-9500.0,0.0,-0.02879827052276614,-0.15347112481137698,1.0
15:54:43.917,-19.999999999999996,-0.17407955435634084,-19.825920445643657,-9500.0,0.0,-0.025342478060034205,-0.13505458983401175,1.0
15:54:43.937,-19.999999999999996,-0.17407955435634084,-19.825920445643657,-9500.0,0.0,-0.0223013806928301,-0.11884803905393033,1.0
15:54:43.957,-19.999999999999996,-0.17407955435634084,-19.825920445643657,-9500.0,0.0,-0.01962521500969049,-0.1045862743674587,1.0
15:54:43.977,-19.999999999999996,-0.17407955435634084,-19.825920445643657,-9500.0,0.0,-0.01727018920852763,-0.09203592144336366,1.0
15:54:43.997,-19.999999999999996,-0.17407955435634084,-19.825920445643657,-9500.0,0.0,-0.015197766503504316,-0.08099161087016002,1.0
15:54:44.017,-19.999999999999996,-0.17407955435634084,-19.825920445643657,-9500.0,0.0,-0.013374034523083798,-0.07127261756574083,1.0
15:54:44.037,-19.999999999999996,-0.17407955435634084,-19.825920445643657,-9500.0,0.0,-0.011769150380313743,-0.06271990345785193,1.0
15:54:44.057,-19.999999999999996,-0.17407955435634084,-19.825920445643657,-9500.0,0.0,-0.010356852334676094,-0.055193515042909695,1.0
15:54:44.077,-19.999999999999996,-0.17407955435634084,-19.825920445643657,-9500.0,0.0,-0.009114030054514962,-0.04857029323776053,1.0
15:54:44.097,-19.999999999999996,-0.17407955435634084,-19.825920445643657,-9500.0,0.0,-0.008020346447973167,-0.04274185804922927,1.0
15:54:44.117,-19.999999999999996,-0.17407955435634084,-19.825920445643657,-9500.0,0.0,-0.007057904874216387,-0.037612835083321756,1.0
15:54:44.137,-19.999999999999996,-0.17407955435634084,-19.825920445643657,-9500.0,0.0,-0.00621095628931042,-0.033099294873323144,1.0
15:54:44.158,-19.999999999999996,-0.17407955435634084,-19.825920445643657,-9500.0,0.0,-0.00546564153459317,-0.02912737948852437,1.0
15:54:44.177,-19.999999999999996,-0.17407955435634084,-19.825920445643657,-9500.0,0.0,-0.00480976455044199,-0.025632093949901444,1.0
15:54:44.197,-19.999999999999996,-0.17407955435634084,-19.825920445643657,-9500.0,0.0,-0.004232592804388952,-0.022556242675913274,1.0
15:54:44.217,-19.999999999999996,-0.17407955435634084,-19.825920445643657,-9500.0,0.0,-0.0037246816678622773,-0.01984949355480368,1.0
15:54:44.237,-19.999999999999996,-0.17407955435634084,-19.825920445643657,-9500.0,0.0,-0.003277719867718804,-0.01746755432822724,1.0
15:54:44.257,-19.999999999999996,-0.17407955435634084,-19.825920445643657,-9500.0,0.0,-0.0028843934835925474,-0.015371447808839969,1.0
15:54:44.277,-19.999999999999996,-0.17407955435634084,-19.825920445643657,-9500.0,0.0,-0.0025382662655614417,-0.013526874071779172,1.0
15:54:44.297,-19.999999999999996,-0.17407955435634084,-19.825920445643657,-9500.0,0.0,-0.0022336743136940687,-0.011903649183165672,1.0
15:54:44.317,-19.999999999999996,-0.17407955435634084,-19.825920445643657,-9500.0,0.0,-0.0019656333960507803,-0.010475211281185792,1.0
15:54:44.337,-19.999999999999996,-0.17407955435634084,-19.825920445643657,-9500.0,0.0,-0.0017297573885246868,-0.009218185927443496,1.0
15:54:44.357,-19.999999999999996,-0.17407955435634084,-19.825920445643657,-9500.0,0.0,-0.0015221865019017244,-0.008112003616150276,1.0
15:54:44.377,-19.999999999999996,-0.17407955435634084,-19.825920445643657,-9500.0,0.0,-0.0013395241216735175,-0.007138563182212244,1.0
15:54:44.397,-19.999999999999996,-0.17407955435634084,-19.825920445643657,-9500.0,0.0,-0.0011787812270726953,-0.006281935600346775,1.0
15:54:44.418,-19.999999999999996,-0.17407955435634084,-19.825920445643657,-9500.0,0.0,-0.001037327479823972,-0.005528103328305162,1.0
15:54:44.437,-19.999999999999996,-0.17407955435634084,-19.825920445643657,-9500.0,0.0,-0.0009128481822450954,-0.004864730928908542,1.0
15:54:44.458,-19.999999999999996,-0.17407955435634084,-19.825920445643657,-9500.0,0.0,-0.0008033064003756839,-0.004280963217439517,1.0
15:54:44.477,-19.999999999999996,-0.17407955435634084,-19.825920445643657,-9500.0,0.0,-0.0007069096323306019,-0.0037672476313467753,1.0
15:54:44.497,-19.999999999999996,-0.17407955435634084,-19.825920445643657,-9500.0,0.0,-0.0006220804764509296,-0.0033151779155851623,1.0
15:54:44.517,-19.999999999999996,-0.17407955435634084,-19.825920445643657,-9500.0,0.0,-0.000547430819276818,-0.0029173565657149426,1.0
15:54:44.537,-19.999999999999996,-0.17407955435634084,-19.825920445643657,-9500.0,0.0,-0.0004817391209635999,-0.0025672737778291497,1.0
15:54:44.557,-19.999999999999996,-0.17407955435634084,-19.825920445643657,-9500.0,0.0,-0.0004239304264479679,-0.0022592009244896518,1.0
15:54:44.577,-19.999999999999996,-0.17407955435634084,-19.825920445643657,-9500.0,0.0,-0.00037305877527421175,-0.0019880968135508933,1.0
15:54:44.597,-19.999999999999996,-0.17407955435634084,-19.825920445643657,-9500.0,0.0,-0.00032829172224130634,-0.0017495251959247862,1.0
15:54:44.617,-19.999999999999996,-0.17407955435634084,-19.825920445643657,-9500.0,0.0,-0.0002888967155723496,-0.001539582172413812,1.0
15:54:44.637,-19.999999999999996,-0.17407955435634084,-19.825920445643657,-9500.0,0.0,-0.00025422910970366767,-0.0013548323117241546,1.0
15:54:44.657,-19.999999999999996,-0.17407955435634084,-19.825920445643657,-9500.0,0.0,-0.00022372161653922754,-0.001192252434317256,1.0
15:54:44.677,-19.999999999999996,-0.17407955435634084,-19.825920445643657,-9500.0,0.0,-0.00019687502255452024,-0.0010491821421991854,1.0
15:54:44.697,-19.999999999999996,-0.17407955435634084,-19.825920445643657,-9500.0,0.0,-0.00017325001984797782,-0.0009232802851352832,1.0
15:54:44.717,-19.999999999999996,-0.17407955435634084,-19.825920445643657,-9500.0,0.0,-0.0001524600174662205,-0.0008124866509190492,1.0
15:54:44.737,-19.999999999999996,-0.17407955435634084,-19.825920445643657,-9500.0,0.0,-0.00013416481537027402,-0.0007149882528087632,1.0
15:54:44.757,-19.999999999999996,-0.17407955435634084,-19.825920445643657,-9500.0,0.0,-0.00011806503752584115,-0.0006291896624717118,1.0
15:54:44.777,-19.999999999999996,-0.17407955435634084,-19.825920445643657,-9500.0,0.0,-0.00010389723302274021,-0.0005536869029751063,1.0
15:54:44.797,-19.999999999999996,-0.17407955435634084,-19.825920445643657,-9500.0,0.0,-9.142956506001138e-05,-0.00048724447461809354,1.0
15:54:44.817,-19.999999999999996,-0.17407955435634084,-19.825920445643657,-9500.0,0.0,-8.045801725281001e-05,-0.0004287751376639223,1.0
15:54:44.837,-19.999999999999996,-0.17407955435634084,-19.825920445643657,-9500.0,0.0,-7.080305518247281e-05,-0.0003773221211442516,1.0
15:54:44.857,-19.999999999999996,-0.17407955435634084,-19.825920445643657,-9500.0,0.0,-6.230668856057608e-05,-0.00033204346660694147,1.0
15:54:44.877,-19.999999999999996,-0.17407955435634084,-19.825920445643657,-9500.0,0.0,-5.482988593330695e-05,-0.0002921982506141085,1.0
15:54:44.897,-19.999999999999996,-0.17407955435634084,-19.825920445643657,-9500.0,0.0,-4.825029962131011e-05,-0.00025713446054041544,1.0
15:54:44.917,-19.999999999999996,-0.17407955435634084,-19.825920445643657,-9500.0,0.0,-4.24602636667529e-05,-0.00022627832527556557,1.0
15:54:44.937,-19.999999999999996,-0.17407955435634084,-19.825920445643657,-9500.0,0.0,-3.736503202674255e-05,-0.00019912492624249773,1.0
15:54:44.957,-19.999999999999996,-0.17407955435634084,-19.825920445643657,-9500.0,0.0,-3.288122818353345e-05,-0.000175229935093398,1.0
15:54:44.977,-19.999999999999996,-0.17407955435634084,-19.825920445643657,-9500.0,0.0,-2.8935480801509436e-05,-0.00015420234288219026,1.0
15:54:44.997,-19.999999999999996,-0.17407955435634084,-19.825920445643657,-9500.0,0.0,-2.5463223105328303e-05,-0.00013569806173632744,1.0
15:54:45.017,-19.999999999999996,-0.17407955435634084,-19.825920445643657,-9500.0,0.0,-2.2407636332688908e-05,-0.00011941429432796813,1.0
15:54:45.037,-19.999999999999996,-0.17407955435634084,-19.825920445643657,-9500.0,0.0,-1.971871997276624e-05,-0.00010508457900861197,1.0
15:54:45.057,-19.999999999999996,-0.17407955435634084,-19.825920445643657,-9500.0,0.0,-1.7352473576034293e-05,-9.247442952757854e-05,1.0
15:54:45.077,-19.999999999999996,-0.17407955435634084,-19.825920445643657,-9500.0,0.0,-1.527017674691018e-05,-8.137749798426913e-05,1.0
15:54:45.097,-19.999999999999996,-0.17407955435634084,-19.825920445643657,-9500.0,0.0,-1.3437755537280958e-05,-7.161219822615683e-05,1.0
15:54:45.117,-19.999999999999996,-0.17407955435634084,-19.825920445643657,-9500.0,0.0,-1.1825224872807242e-05,-6.301873443901801e-05,1.0
15:54:45.137,-19.999999999999996,-0.17407955435634084,-19.825920445643657,-9500.0,0.0,-1.0406197888070373e-05,-5.5456486306335844e-05,1.0
15:54:45.157,-19.999999999999996,-0.17407955435634084,-19.825920445643657,-9500.0,0.0,-9.157454141501928e-06,-4.8801707949575545e-05,1.0
15:54:45.177,-19.999999999999996,-0.17407955435634084,-19.825920445643657,-9500.0,0.0,-8.058559644521697e-06,-4.2945502995626476e-05,1.0
15:54:45.197,-19.999999999999996,-0.17407955435634084,-19.825920445643657,-9500.0,0.0,-7.091532487179094e-06,-3.77920426361513e-05,1.0
15:54:45.217,-19.999999999999996,-0.17407955435634084,-19.825920445643657,-9500.0,0.0,-6.240548588717602e-06,-3.3256997519813144e-05,1.0
15:54:45.237,-19.999999999999996,-0.17407955435634084,-19.825920445643657,-9500.0,0.0,-5.49168275807149e-06,-2.926615781743557e-05,1.0
15:54:45.257,-19.999999999999996,-0.17407955435634084,-19.825920445643657,-9500.0,0.0,-4.8326808271029115e-06,-2.57542188793433e-05,1.0
15:54:45.277,-19.999999999999996,-0.17407955435634084,-19.825920445643657,-9500.0,0.0,-4.252759127850562e-06,-2.2663712613822108e-05,1.0
15:54:45.297,-19.999999999999996,-0.17407955435634084,-19.825920445643657,-9500.0,0.0,-3.742428032508495e-06,-1.9944067100163456e-05,1.0
15:54:45.317,-19.999999999999996,-0.17407955435634084,-19.825920445643657,-9500.0,0.0,-3.293336668607476e-06,-1.7550779048143842e-05,1.0
15:54:45.337,-19.999999999999996,-0.17407955435634084,-19.825920445643657,-9500.0,0.0,-2.898136268374579e-06,-1.544468556236658e-05,1.0
15:54:45.357,-19.999999999999996,-0.17407955435634084,-19.825920445643657,-9500.0,0.0,-2.5503599161696294e-06,-1.3591323294882592e-05,1.0
15:54:45.377,-19.999999999999996,-0.17407955435634084,-19.825920445643657,-9500.0,0.0,-2.2443167262292738e-06,-1.196036449949668e-05,1.0
15:54:45.397,-19.999999999999996,-0.17407955435634084,-19.825920445643657,-9500.0,0.0,-1.974998719081761e-06,-1.0525120759557078e-05,1.0
15:54:45.417,-19.999999999999996,-0.17407955435634084,-19.825920445643657,-9500.0,0.0,-1.7379988727919496e-06,-9.262106268410228e-06,1.0
15:54:45.437,-19.999999999999996,-0.17407955435634084,-19.825920445643657,-9500.0,0.0,-1.5294390080569157e-06,-8.150653516201002e-06,1.0
15:54:45.457,-19.999999999999996,-0.17407955435634084,-19.825920445643657,-9500.0,0.0,-1.3459063270900858e-06,-7.172575094256882e-06,1.0
15:54:45.477,-19.999999999999996,-0.17407955435634084,-19.825920445643657,-9500.0,0.0,-1.1843975678392756e-06,-6.311866082946056e-06,1.0
15:54:45.497,-19.999999999999996,-0.17407955435634084,-19.825920445643657,-9500.0,0.0,-1.0422698596985625e-06,-5.554442152992529e-06,1.0
15:54:45.517,-19.999999999999996,-0.17407955435634084,-19.825920445643657,-9500.0,0.0,-9.17197476534735e-07,-4.887909094633426e-06,1.0
15:54:45.537,-19.999999999999996,-0.17407955435634084,-19.825920445643657,-9500.0,0.0,-8.071337793505668e-07,-4.301360003277415e-06,1.0
15:54:45.557,-19.999999999999996,-0.17407955435634084,-19.825920445643657,-9500.0,0.0,-7.102777258284988e-07,-3.7851968028841248e-06,1.0
15:54:45.577,-19.999999999999996,-0.17407955435634084,-19.825920445643657,-9500.0,0.0,-6.250443987290789e-07,-3.3309731865380297e-06,1.0
15:54:45.597,-19.999999999999996,-0.17407955435634084,-19.825920445643657,-9500.0,0.0,-5.500390708815894e-07,-2.9312564041534663e-06,1.0
15:54:45.617,-19.999999999999996,-0.17407955435634084,-19.825920445643657,-9500.0,0.0,-4.840343823757987e-07,-2.5795056356550502e-06,1.0
15:54:45.637,-19.999999999999996,-0.17407955435634084,-19.825920445643657,-9500.0,0.0,-4.2595025649070286e-07,-2.2699649593764442e-06,1.0
15:54:45.657,-19.999999999999996,-0.17407955435634084,-19.825920445643657,-9500.0,0.0,-3.7483622571181854e-07,-1.997569164251271e-06,1.0
15:54:45.677,-19.999999999999996,-0.17407955435634084,-19.825920445643657,-9500.0,0.0,-3.2985587862640034e-07,-1.7578608645411186e-06,1.0
15:54:45.697,-19.999999999999996,-0.17407955435634084,-19.825920445643657,-9500.0,0.0,-2.902731731912323e-07,-1.5469175607961844e-06,1.0
15:54:45.717,-19.999999999999996,-0.17407955435634084,-19.825920445643657,-9500.0,0.0,-2.554403924082844e-07,-1.3612874535006421e-06,1.0
15:54:45.737,-19.999999999999996,-0.17407955435634084,-19.825920445643657,-9500.0,0.0,-2.2478754531929027e-07,-1.1979329590805651e-06,1.0
15:54:45.757,-19.999999999999996,-0.17407955435634084,-19.825920445643657,-9500.0,0.0,-1.9781303988097545e-07,-1.0541810039908973e-06,1.0
15:54:45.777,-19.999999999999996,-0.17407955435634084,-19.825920445643657,-9500.0,0.0,-1.740754750952584e-07,-9.276792835119896e-07,1.0
15:54:45.797,-19.999999999999996,-0.17407955435634084,-19.825920445643657,-9500.0,0.0,-1.5318641808382737e-07,-8.163577694905508e-07,1.0
15:54:45.817,-19.999999999999996,-0.17407955435634084,-19.825920445643657,-9500.0,0.0,-1.3480404791376808e-07,-7.183948371516847e-07,1.0
15:54:45.837,-19.999999999999996,-0.17407955435634084,-19.825920445643657,-9500.0,0.0,-1.1862756216411591e-07,-6.321874566934825e-07,1.0
15:54:45.857,-19.999999999999996,-0.17407955435634084,-19.825920445643657,-9500.0,0.0,-1.04392254704422e-07,-5.563249618902647e-07,1.0
15:54:45.877,-19.999999999999996,-0.17407955435634084,-19.825920445643657,-9500.0,0.0,-9.186518413989136e-08,-4.895659664634328e-07,1.0
15:54:45.897,-19.999999999999996,-0.17407955435634084,-19.825920445643657,-9500.0,0.0,-8.08413620431044e-08,-4.3081805048782095e-07,1.0
15:54:45.917,-19.999999999999996,-0.17407955435634084,-19.825920445643657,-9500.0,0.0,-7.114039859793187e-08,-3.791198844292824e-07,1.0
15:54:45.937,-19.999999999999996,-0.17407955435634084,-19.825920445643657,-9500.0,0.0,-6.260355076618004e-08,-3.3362549829776853e-07,1.0
15:54:45.957,-19.999999999999996,-0.17407955435634084,-19.825920445643657,-9500.0,0.0,-5.509112467423844e-08,-2.935904385020363e-07,1.0
15:54:45.977,-19.999999999999996,-0.17407955435634084,-19.825920445643657,-9500.0,0.0,-4.848018971332983e-08,-2.583595858817919e-07,1.0
15:54:45.997,-19.999999999999996,-0.17407955435634084,-19.825920445643657,-9500.0,0.0,-4.2662566947730246e-08,-2.273564355759769e-07,1.0
15:54:46.017,-19.999999999999996,-0.17407955435634084,-19.825920445643657,-9500.0,0.0,-3.7543058914002614e-08,-2.0007366330685965e-07,1.0
15:54:46.037,-19.999999999999996,-0.17407955435634084,-19.825920445643657,-9500.0,0.0,-3.30378918443223e-08,-1.760648237100365e-07,1.0
15:54:46.057,-19.999999999999996,-0.17407955435634084,-19.825920445643657,-9500.0,0.0,-2.9073344823003624e-08,-1.549370448648321e-07,1.0
15:54:46.077,-19.999999999999996,-0.17407955435634084,-19.825920445643657,-9500.0,0.0,-2.5584543444243188e-08,-1.3634459948105227e-07,1.0
15:54:46.097,-19.999999999999996,-0.17407955435634084,-19.825920445643657,-9500.0,0.0,-2.2514398230934007e-08,-1.19983247543326e-07,1.0
15:54:46.117,-19.999999999999996,-0.17407955435634084,-19.825920445643657,-9500.0,0.0,-1.9812670443221925e-08,-1.0558525783812687e-07,1.0
15:54:46.137,-19.999999999999996,-0.17407955435634084,-19.825920445643657,-9500.0,0.0,-1.7435149990035294e-08,-9.291502689755164e-08,1.0
15:54:46.157,-19.999999999999996,-0.17407955435634084,-19.825920445643657,-9500.0,0.0,-1.534293199123106e-08,-8.176522366984545e-08,1.0
15:54:46.177,-19.999999999999996,-0.17407955435634084,-19.825920445643657,-9500.0,0.0,-1.3501780152283334e-08,-7.1953396829464e-08,1.0
15:54:46.197,-19.999999999999996,-0.17407955435634084,-19.825920445643657,-9500.0,0.0,-1.1881566534009333e-08,-6.331898920992833e-08,1.0
15:54:46.217,-19.999999999999996,-0.17407955435634084,-19.825920445643657,-9500.0,0.0,-1.0455778549928213e-08,-5.572071050473692e-08,1.0
15:54:46.237,-19.999999999999996,-0.17407955435634084,-19.825920445643657,-9500.0,0.0,-9.201085123936828e-09,-4.903422524416849e-08,1.0
15:54:46.257,-19.999999999999996,-0.17407955435634084,-19.825920445643657,-9500.0,0.0,-8.096954909064409e-09,-4.3150118214868274e-08,1.0
15:54:46.277,-19.999999999999996,-0.17407955435634084,-19.825920445643657,-9500.0,0.0,-7.12532031997668e-09,-3.7972104029084085e-08,1.0
15:54:46.297,-19.999999999999996,-0.17407955435634084,-19.825920445643657,-9500.0,0.0,-6.270281881579478e-09,-3.341545154559399e-08,1.0
15:54:46.317,-19.999999999999996,-0.17407955435634084,-19.825920445643657,-9500.0,0.0,-5.5178480557899406e-09,-2.9405597360122714e-08,1.0
15:54:46.337,-19.999999999999996,-0.17407955435634084,-19.825920445643657,-9500.0,0.0,-4.855706289095148e-09,-2.5876925676907988e-08,1.0
15:54:46.357,-19.999999999999996,-0.17407955435634084,-19.825920445643657,-9500.0,0.0,-4.27302153440373e-09,-2.277169459567903e-08,1.0
15:54:46.377,-19.999999999999996,-0.17407955435634084,-19.825920445643657,-9500.0,0.0,-3.7602589502752825e-09,-2.0039091244197545e-08,1.0
15:54:46.397,-19.999999999999996,-0.17407955435634084,-19.825920445643657,-9500.0,0.0,-3.3090278762422485e-09,-1.763440029489384e-08,1.0
15:54:46.417,-19.999999999999996,-0.17407955435634084,-19.825920445643657,-9500.0,0.0,-2.9119445310931786e-09,-1.5518272259506577e-08,1.0
15:54:46.437,-19.999999999999996,-0.17407955435634084,-19.825920445643657,-9500.0,0.0,-2.562511187361997e-09,-1.365607958836579e-08,1.0
15:54:46.457,-19.999999999999996,-0.17407955435634084,-19.825920445643657,-9500.0,0.0,-2.2550098448785576e-09,-1.2017350037761895e-08,1.0
15:54:46.477,-19.999999999999996,-0.17407955435634084,-19.825920445643657,-9500.0,0.0,-1.9844086634931308e-09,-1.0575268033230469e-08,1.0
15:54:46.497,-19.999999999999996,-0.17407955435634084,-19.825920445643657,-9500.0,0.0,-1.746279623873955e-09,-9.306235869242812e-09,1.0
15:54:46.517,-19.999999999999996,-0.17407955435634084,-19.825920445643657,-9500.0,0.0,-1.5367260690090804e-09,-8.189487564933674e-09,1.0
15:54:46.537,-19.999999999999996,-0.17407955435634084,-19.825920445643657,-9500.0,0.0,-1.3523189407279909e-09,-7.206749057141634e-09,1.0
15:54:46.557,-19.999999999999996,-0.17407955435634084,-19.825920445643657,-9500.0,0.0,-1.190040667840632e-09,-6.341939170284638e-09,1.0
15:54:46.577,-19.999999999999996,-0.17407955435634084,-19.825920445643657,-9500.0,0.0,-1.0472357876997562e-09,-5.5809064698504814e-09,1.0
15:54:46.597,-19.999999999999996,-0.17407955435634084,-19.825920445643657,-9500.0,0.0,-9.215674931757855e-10,-4.911197693468424e-09,1.0
15:54:46.617,-19.999999999999996,-0.17407955435634084,-19.825920445643657,-9500.0,0.0,-8.109793939946912e-10,-4.321853970252213e-09,1.0
15:54:46.637,-19.999999999999996,-0.17407955435634084,-19.825920445643657,-9500.0,0.0,-7.136618667153283e-10,-3.803231493821947e-09,1.0
15:54:46.657,-19.999999999999996,-0.17407955435634084,-19.825920445643657,-9500.0,0.0,-6.280224427094889e-10,-3.346843714563314e-09,1.0
15:54:46.677,-19.999999999999996,-0.17407955435634084,-19.825920445643657,-9500.0,0.0,-5.526597495843503e-10,-2.9452224688157163e-09,1.0
15:54:46.697,-19.999999999999996,-0.17407955435634084,-19.825920445643657,-9500.0,0.0,-4.863405796342283e-10,-2.5917957725578307e-09,1.0
15:54:46.717,-19.999999999999996,-0.17407955435634084,-19.825920445643657,-9500.0,0.0,-4.279797100781209e-10,-2.2807802798508912e-09,1.0
15:54:46.737,-19.999999999999996,-0.17407955435634084,-19.825920445643657,-9500.0,0.0,-3.766221448687464e-10,-2.0070866462687844e-09,1.0
15:54:46.757,-19.999999999999996,-0.17407955435634084,-19.825920445643657,-9500.0,0.0,-3.3142748748449686e-10,-1.7662362487165302e-09,1.0
15:54:46.777,-19.999999999999996,-0.17407955435634084,-19.825920445643657,-9500.0,0.0,-2.9165618898635725e-10,-1.5542878988705467e-09,1.0
15:54:46.797,-19.999999999999996,-0.17407955435634084,-19.825920445643657,-9500.0,0.0,-2.566574463079944e-10,-1.3677733510060811e-09,1.0
15:54:46.817,-19.999999999999996,-0.17407955435634084,-19.825920445643657,-9500.0,0.0,-2.2585855275103507e-10,-1.2036405488853513e-09,1.0
15:54:46.837,-19.999999999999996,-0.17407955435634084,-19.825920445643657,-9500.0,0.0,-1.9875552642091086e-10,-1.0592036830191092e-09,1.0
15:54:46.857,-19.999999999999996,-0.17407955435634084,-19.825920445643657,-9500.0,0.0,-1.7490486325040156e-10,-9.320992410568161e-10,1.0
15:54:46.877,-19.999999999999996,-0.17407955435634084,-19.825920445643657,-9500.0,0.0,-1.5391627966035338e-10,-8.202473321299983e-10,1.0
15:54:46.897,-19.999999999999996,-0.17407955435634084,-19.825920445643657,-9500.0,0.0,-1.3544632610111098e-10,-7.218176522743985e-10,1.0
15:54:46.917,-19.999999999999996,-0.17407955435634084,-19.825920445643657,-9500.0,0.0,-1.1919276696897766e-10,-6.351995340014706e-10,1.0
15:54:46.937,-19.999999999999996,-0.17407955435634084,-19.825920445643657,-9500.0,0.0,-1.0488963493270034e-10,-5.589755899212941e-10,1.0
15:54:46.957,-19.999999999999996,-0.17407955435634084,-19.825920445643657,-9500.0,0.0,-9.23028787407763e-11,-4.918985191307389e-10,1.0
15:54:46.977,-19.999999999999996,-0.17407955435634084,-19.825920445643657,-9500.0,0.0,-8.122653329188315e-11,-4.328706968350502e-10,1.0
15:54:46.997,-19.999999999999996,-0.17407955435634084,-19.825920445643657,-9500.0,0.0,-7.147934929685717e-11,-3.809262132148442e-10,1.0
15:54:47.017,-19.999999999999996,-0.17407955435634084,-19.825920445643657,-9500.0,0.0,-6.290182738123431e-11,-3.352150676290629e-10,1.0
15:54:47.037,-19.999999999999996,-0.17407955435634084,-19.825920445643657,-9500.0,0.0,-5.535360809548619e-11,-2.9498925951357535e-10,1.0
15:54:47.057,-19.999999999999996,-0.17407955435634084,-19.825920445643657,-9500.0,0.0,-4.871117512402785e-11,-2.595905483719463e-10,1.0
15:54:47.077,-19.999999999999996,-0.17407955435634084,-19.825920445643657,-9500.0,0.0,-4.2865834109144506e-11,-2.2843968256731275e-10,1.0
15:54:47.097,-19.999999999999996,-0.17407955435634084,-19.825920445643657,-9500.0,0.0,-3.7721934016047167e-11,-2.0102692065923522e-10,1.0
15:54:47.117,-19.999999999999996,-0.17407955435634084,-19.825920445643657,-9500.0,0.0,-3.319530193412151e-11,-1.76903690180127e-10,1.0
15:54:47.137,-19.999999999999996,-0.17407955435634084,-19.825920445643657,-9500.0,0.0,-2.9211865702026925e-11,-1.5567524735851176e-10,1.0
15:54:47.157,-19.999999999999996,-0.17407955435634084,-19.825920445643657,-9500.0,0.0,-2.5706441817783694e-11,-1.3699421767549033e-10,1.0
15:54:47.177,-19.999999999999996,-0.17407955435634084,-19.825920445643657,-9500.0,0.0,-2.262166879964965e-11,-1.205549115544315e-10,1.0
15:54:47.197,-19.999999999999996,-0.17407955435634084,-19.825920445643657,-9500.0,0.0,-1.9907068543691693e-11,-1.0608832216789972e-10,1.0
15:54:47.217,-19.999999999999996,-0.17407955435634084,-19.825920445643657,-9500.0,0.0,-1.7518220318448688e-11,-9.335772350775175e-11,1.0
15:54:47.237,-19.999999999999996,-0.17407955435634084,-19.825920445643657,-9500.0,0.0,-1.5416033880234847e-11,-8.215479668682154e-11,1.0
15:54:47.257,-19.999999999999996,-0.17407955435634084,-19.825920445643657,-9500.0,0.0,-1.3566109814606665e-11,-7.229622108440296e-11,1.0
15:54:47.277,-19.999999999999996,-0.17407955435634084,-19.825920445643657,-9500.0,0.0,-1.1938176636853866e-11,-6.362067455427461e-11,1.0
15:54:47.297,-19.999999999999996,-0.17407955435634084,-19.825920445643657,-9500.0,0.0,-1.0505595440431402e-11,-5.5986193607761654e-11,1.0
15:54:47.317,-19.999999999999996,-0.17407955435634084,-19.825920445643657,-9500.0,0.0,-9.244923987579634e-12,-4.926785037483025e-11,1.0
15:54:47.337,-19.999999999999996,-0.17407955435634084,-19.825920445643657,-9500.0,0.0,-8.135533109070078e-12,-4.335570832985062e-11,1.0
15:54:47.357,-19.999999999999996,-0.17407955435634084,-19.825920445643657,-9500.0,0.0,-7.159269135981668e-12,-3.815302333026855e-11,1.0
15:54:47.377,-19.999999999999996,-0.17407955435634084,-19.825920445643657,-9500.0,0.0,-6.300156839663868e-12,-3.357466053063632e-11,1.0
15:54:47.397,-19.999999999999996,-0.17407955435634084,-19.825920445643657,-9500.0,0.0,-5.544138018904204e-12,-2.9545701266959964e-11,1.0
15:54:47.417,-19.999999999999996,-0.17407955435634084,-19.825920445643657,-9500.0,0.0,-4.8788414566357e-12,-2.600021711492477e-11,1.0
15:54:47.437,-19.999999999999996,-0.17407955435634084,-19.825920445643657,-9500.0,0.0,-4.2933804818394156e-12,-2.2880191061133798e-11,1.0
15:54:47.457,-19.999999999999996,-0.17407955435634084,-19.825920445643657,-9500.0,0.0,-3.778174824018686e-12,-2.0134568133797743e-11,1.0
15:54:47.477,-19.999999999999996,-0.17407955435634084,-19.825920445643657,-9500.0,0.0,-3.324793845136444e-12,-1.7718419957742015e-11,1.0
15:54:47.497,-19.999999999999996,-0.17407955435634084,-19.825920445643657,-9500.0,0.0,-2.9258185837200707e-12,-1.5592209562812975e-11,1.0
15:54:47.517,-19.999999999999996,-0.17407955435634084,-19.825920445643657,-9500.0,0.0,-2.574720353673662e-12,-1.3721144415275415e-11,1.0
15:54:47.537,-19.999999999999996,-0.17407955435634084,-19.825920445643657,-9500.0,0.0,-2.2657539112328227e-12,-1.2074607085442366e-11,1.0
15:54:47.557,-19.999999999999996,-0.17407955435634084,-19.825920445643657,-9500.0,0.0,-1.993863441884884e-12,-1.0625654235189283e-11,1.0
15:54:47.577,-19.999999999999996,-0.17407955435634084,-19.825920445643657,-9500.0,0.0,-1.7545998288586981e-12,-9.35057572696657e-12,1.0
15:54:47.597,-19.999999999999996,-0.17407955435634084,-19.825920445643657,-9500.0,0.0,-1.5440478493956543e-12,-8.228506639730581e-12,1.0
15:54:47.617,-19.999999999999996,-0.17407955435634084,-19.825920445643657,-9500.0,0.0,-1.3587621074681759e-12,-7.241085842962912e-12,1.0
15:54:47.637,-19.999999999999996,-0.17407955435634084,-19.825920445643657,-9500.0,0.0,-1.1957106545719948e-12,-6.3721555418073625e-12,1.0
15:54:47.657,-19.999999999999996,-0.17407955435634084,-19.825920445643657,-9500.0,0.0,-1.0522253760233555e-12,-5.607496876790479e-12,1.0
15:54:47.677,-19.999999999999996,-0.17407955435634084,-19.825920445643657,-9500.0,0.0,-9.259583309005528e-13,-4.934597251575622e-12,1.0
15:54:47.697,-19.999999999999996,-0.17407955435634084,-19.825920445643657,-9500.0,0.0,-8.148433311924865e-13,-4.342445581386547e-12,1.0
15:54:47.717,-19.999999999999996,-0.17407955435634084,-19.825920445643657,-9500.0,0.0,-7.170621314493881e-13,-3.821352111620161e-12,1.0
15:54:47.737,-19.999999999999996,-0.17407955435634084,-19.825920445643657,-9500.0,0.0,-6.310146756754616e-13,-3.3627898582257425e-12,1.0
15:54:47.757,-19.999999999999996,-0.17407955435634084,-19.825920445643657,-9500.0,0.0,-5.552929145944062e-13,-2.9592550752386534e-12,1.0
15:54:47.777,-19.999999999999996,-0.17407955435634084,-19.825920445643657,-9500.0,0.0,-4.886577648430774e-13,-2.604144466210015e-12,1.0
15:54:47.797,-19.999999999999996,-0.17407955435634084,-19.825920445643657,-9500.0,0.0,-4.3001883306190813e-13,-2.291647130264813e-12,1.0
15:54:47.817,-19.999999999999996,-0.17407955435634084,-19.825920445643657,-9500.0,0.0,-3.7841657309447915e-13,-2.0166494746330355e-12,1.0
15:54:47.837,-19.999999999999996,-0.17407955435634084,-19.825920445643657,-9500.0,0.0,-3.330065843231417e-13,-1.7746515376770714e-12,1.0
15:54:47.857,-19.999999999999996,-0.17407955435634084,-19.825920445643657,-9500.0,0.0,-2.930457942043647e-13,-1.5616933531558228e-12,1.0
15:54:47.877,-19.999999999999996,-0.17407955435634084,-19.825920445643657,-9500.0,0.0,-2.5788029889984093e-13,-1.3742901507771241e-12,1.0
15:54:47.897,-19.999999999999996,-0.17407955435634084,-19.825920445643657,-9500.0,0.0,-2.2693466303186e-13,-1.209375332683869e-12,1.0
15:54:47.917,-19.999999999999996,-0.17407955435634084,-19.825920445643657,-9500.0,0.0,-1.997025034680368e-13,-1.064250292761805e-12,1.0
15:54:47.937,-19.999999999999996,-0.17407955435634084,-19.825920445643657,-9500.0,0.0,-1.757382030518724e-13,-9.365402576303883e-13,1.0
15:54:47.957,-19.999999999999996,-0.17407955435634084,-19.825920445643657,-9500.0,0.0,-1.5464961868564772e-13,-8.241554267147418e-13,1.0
15:54:47.977,-19.999999999999996,-0.17407955435634084,-19.825920445643657,-9500.0,0.0,-1.3609166444337e-13,-7.252567755089728e-13,1.0
15:54:47.997,-19.999999999999996,-0.17407955435634084,-19.825920445643657,-9500.0,0.0,-1.197606647101656e-13,-6.382259624478961e-13,1.0
15:54:48.017,-19.999999999999996,-0.17407955435634084,-19.825920445643657,-9500.0,0.0,-1.0538938494494572e-13,-5.616388469541485e-13,1.0
15:54:48.037,-19.999999999999996,-0.17407955435634084,-19.825920445643657,-9500.0,0.0,-9.274265875155223e-14,-4.942421853196506e-13,1.0
15:54:48.057,-19.999999999999996,-0.17407955435634084,-19.825920445643657,-9500.0,0.0,-8.161353970136596e-14,-4.3493312308129255e-13,1.0
15:54:48.077,-19.999999999999996,-0.17407955435634084,-19.825920445643657,-9500.0,0.0,-7.181991493720205e-14,-3.8274114831153747e-13,1.0
15:54:48.097,-19.999999999999996,-0.17407955435634084,-19.825920445643657,-9500.0,0.0,-6.320152514473781e-14,-3.36812210514153e-13,1.0
15:54:48.117,-19.999999999999996,-0.17407955435634084,-19.825920445643657,-9500.0,0.0,-5.561734212736927e-14,-2.9639474525245466e-13,1.0
15:54:48.137,-19.999999999999996,-0.17407955435634084,-19.825920445643657,-9500.0,0.0,-4.894326107208496e-14,-2.608273758221601e-13,1.0
15:54:48.157,-19.999999999999996,-0.17407955435634084,-19.825920445643657,-9500.0,0.0,-4.3070069743434766e-14,-2.2952809072350087e-13,1.0
15:54:48.177,-19.999999999999996,-0.17407955435634084,-19.825920445643657,-9500.0,0.0,-3.790166137422259e-14,-2.0198471983668077e-13,1.0
15:54:48.197,-19.999999999999996,-0.17407955435634084,-19.825920445643657,-9500.0,0.0,-3.3353462009315885e-14,-1.777465534562791e-13,1.0
15:54:48.217,-19.999999999999996,-0.17407955435634084,-19.825920445643657,-9500.0,0.0,-2.935104656819798e-14,-1.5641696704152561e-13,1.0
15:54:48.238,-19.999999999999996,-0.17407955435634084,-19.825920445643657,-9500.0,0.0,-2.5828920980014222e-14,-1.3764693099654255e-13,1.0
15:54:48.257,-19.999999999999996,-0.17407955435634084,-19.825920445643657,-9500.0,0.0,-2.2729450462412516e-14,-1.2112929927695744e-13,1.0
15:54:48.277,-19.999999999999996,-0.17407955435634084,-19.825920445643657,-9500.0,0.0,-2.0001916406923014e-14,-1.0659378336372254e-13,1.0
15:54:48.297,-19.999999999999996,-0.17407955435634084,-19.825920445643657,-9500.0,0.0,-1.7601686438092252e-14,-9.380252936007583e-14,1.0
15:54:48.317,-19.999999999999996,-0.17407955435634084,-19.825920445643657,-9500.0,0.0,-1.548948406552118e-14,-8.254622583686673e-14,1.0
15:54:48.337,-19.999999999999996,-0.17407955435634084,-19.825920445643657,-9500.0,0.0,-1.363074597765864e-14,-7.264067873644272e-14,1.0
15:54:48.358,-19.999999999999996,-0.17407955435634084,-19.825920445643657,-9500.0,0.0,-1.1995056460339603e-14,-6.39237972880696e-14,1.0
15:54:48.377,-19.999999999999996,-0.17407955435634084,-19.825920445643657,-9500.0,0.0,-1.055564968509885e-14,-5.625294161350125e-14,1.0
15:54:48.397,-19.999999999999996,-0.17407955435634084,-19.825920445643657,-9500.0,0.0,-9.288971722886988e-15,-4.950258861988109e-14,1.0
15:54:48.417,-19.999999999999996,-0.17407955435634084,-19.825920445643657,-9500.0,0.0,-8.17429511614055e-15,-4.3562277985495365e-14,1.0
15:54:48.437,-19.999999999999996,-0.17407955435634084,-19.825920445643657,-9500.0,0.0,-7.193379702203684e-15,-3.833480462723592e-14,1.0
15:54:48.457,-19.999999999999996,-0.17407955435634084,-19.825920445643657,-9500.0,0.0,-6.330174137939242e-15,-3.3734628071967615e-14,1.0
15:54:48.477,-19.999999999999996,-0.17407955435634084,-19.825920445643657,-9500.0,0.0,-5.5705532413865335e-15,-2.9686472703331503e-14,1.0
15:54:48.497,-19.999999999999996,-0.17407955435634084,-19.825920445643657,-9500.0,0.0,-4.902086852420149e-15,-2.612409597893172e-14,1.0
15:54:48.517,-19.999999999999996,-0.17407955435634084,-19.825920445643657,-9500.0,0.0,-4.313836430129731e-15,-2.2989204461459913e-14,1.0
15:54:48.537,-19.999999999999996,-0.17407955435634084,-19.825920445643657,-9500.0,0.0,-3.796176058514163e-15,-2.0230499926084722e-14,1.0
15:54:48.557,-19.999999999999996,-0.17407955435634084,-19.825920445643657,-9500.0,0.0,-3.3406349314924636e-15,-1.7802839934954556e-14,1.0
15:54:48.577,-19.999999999999996,-0.17407955435634084,-19.825920445643657,-9500.0,0.0,-2.939758739713368e-15,-1.5666499142760007e-14,1.0
15:54:48.597,-19.999999999999996,-0.17407955435634084,-19.825920445643657,-9500.0,0.0,-2.5869876909477638e-15,-1.3786519245628807e-14,1.0
15:54:48.617,-19.999999999999996,-0.17407955435634084,-19.825920445643657,-9500.0,0.0,-2.276549168034032e-15,-1.213213693615335e-14,1.0
15:54:48.637,-19.999999999999996,-0.17407955435634084,-19.825920445643657,-9500.0,0.0,-2.0033632678699482e-15,-1.0676280503814948e-14,1.0
15:54:48.657,-19.999999999999996,-0.17407955435634084,-19.825920445643657,-9500.0,0.0,-1.7629596757255544e-15,-9.395126843357155e-15,1.0
15:54:48.677,-19.999999999999996,-0.17407955435634084,-19.825920445643657,-9500.0,0.0,-1.5514045146384878e-15,-8.267711622154295e-15,1.0
15:54:48.697,-19.999999999999996,-0.17407955435634084,-19.825920445643657,-9500.0,0.0,-1.3652359728818692e-15,-7.27558622749578e-15,1.0
15:54:48.717,-19.999999999999996,-0.17407955435634084,-19.825920445643657,-9500.0,0.0,-1.2014076561360449e-15,-6.402515880196286e-15,1.0
15:54:48.737,-19.999999999999996,-0.17407955435634084,-19.825920445643657,-9500.0,0.0,-1.0572387373997194e-15,-5.6342139745727314e-15,1.0
15:54:48.757,-19.999999999999996,-0.17407955435634084,-19.825920445643657,-9500.0,0.0,-9.303700889117531e-16,-4.958108297624004e-15,1.0
15:54:48.777,-19.999999999999996,-0.17407955435634084,-19.825920445643657,-9500.0,0.0,-8.187256782423427e-16,-4.363135301909123e-15,1.0
15:54:48.797,-19.999999999999996,-0.17407955435634084,-19.825920445643657,-9500.0,0.0,-7.204785968532616e-16,-3.839559065680029e-15,1.0
15:54:48.817,-19.999999999999996,-0.17407955435634084,-19.825920445643657,-9500.0,0.0,-6.340211652308703e-16,-3.3788119777984255e-15,1.0
15:54:48.837,-19.999999999999996,-0.17407955435634084,-19.825920445643657,-9500.0,0.0,-5.579386254031658e-16,-2.973354540462614e-15,1.0
15:54:48.857,-19.999999999999996,-0.17407955435634084,-19.825920445643657,-9500.0,0.0,-4.909859903547859e-16,-2.6165519956071e-15,1.0
15:54:48.877,-19.999999999999996,-0.17407955435634084,-19.825920445643657,-9500.0,0.0,-4.320676715122116e-16,-2.3025657561342485e-15,1.0
15:54:48.897,-19.999999999999996,-0.17407955435634084,-19.825920445643657,-9500.0,0.0,-3.8021955093074624e-16,-2.0262578653981388e-15,1.0
15:54:48.917,-19.999999999999996,-0.17407955435634084,-19.825920445643657,-9500.0,0.0,-3.345932048190567e-16,-1.7831069215503622e-15,1.0
15:54:48.938,-19.999999999999996,-0.17407955435634084,-19.825920445643657,-9500.0,0.0,-2.944420202407699e-16,-1.5691340909643187e-15,1.0
15:54:48.957,-19.999999999999996,-0.17407955435634084,-19.825920445643657,-9500.0,0.0,-2.591089778118775e-16,-1.3808380000486005e-15,1.0
15:54:48.977,-19.999999999999996,-0.17407955435634084,-19.825920445643657,-9500.0,0.0,-2.280159004744522e-16,-1.2151374400427684e-15,1.0
15:54:48.997,-19.999999999999996,-0.17407955435634084,-19.825920445643657,-9500.0,0.0,-2.0065399241751795e-16,-1.0693209472376361e-15,1.0
15:54:49.017,-19.999999999999996,-0.17407955435634084,-19.825920445643657,-9500.0,0.0,-1.765755133274158e-16,-9.410024335691198e-16,1.0
15:54:49.037,-19.999999999999996,-0.17407955435634084,-19.825920445643657,-9500.0,0.0,-1.553864517281259e-16,-8.280821415408255e-16,1.0
15:54:49.057,-19.999999999999996,-0.17407955435634084,-19.825920445643657,-9500.0,0.0,-1.367400775207508e-16,-7.287122845559265e-16,1.0
15:54:49.077,-19.999999999999996,-0.17407955435634084,-19.825920445643657,-9500.0,0.0,-1.203312682182607e-16,-6.412668104092153e-16,1.0
15:54:49.097,-19.999999999999996,-0.17407955435634084,-19.825920445643657,-9500.0,0.0,-1.0589151603206943e-16,-5.643147931601095e-16,1.0
15:54:49.117,-19.999999999999996,-0.17407955435634084,-19.825920445643657,-9500.0,0.0,-9.31845341082211e-17,-4.965970179808964e-16,1.0
15:54:49.137,-19.999999999999996,-0.17407955435634084,-19.825920445643657,-9500.0,0.0,-8.200239001523457e-17,-4.3700537582318885e-16,1.0
15:54:49.157,-19.999999999999996,-0.17407955435634084,-19.825920445643657,-9500.0,0.0,-7.216210321340642e-17,-3.8456473072440615e-16,1.0
15:54:49.177,-19.999999999999996,-0.17407955435634084,-19.825920445643657,-9500.0,0.0,-6.350265082779765e-17,-3.384169630374774e-16,1.0
15:54:49.197,-19.999999999999996,-0.17407955435634084,-19.825920445643657,-9500.0,0.0,-5.588233272846193e-17,-2.978069274729801e-16,1.0
15:54:49.217,-19.999999999999996,-0.17407955435634084,-19.825920445643657,-9500.0,0.0,-4.9176452801046494e-17,-2.620700961762225e-16,1.0
15:54:49.237,-19.999999999999996,-0.17407955435634084,-19.825920445643657,-9500.0,0.0,-4.3275278464920913e-17,-2.306216846350758e-16,1.0
15:54:49.257,-19.999999999999996,-0.17407955435634084,-19.825920445643657,-9500.0,0.0,-3.80822450491304e-17,-2.0294708247886667e-16,1.0
15:54:49.277,-19.999999999999996,-0.17407955435634084,-19.825920445643657,-9500.0,0.0,-3.351237564323475e-17,-1.7859343258140266e-16,1.0
15:54:49.297,-19.999999999999996,-0.17407955435634084,-19.825920445643657,-9500.0,0.0,-2.949089056604658e-17,-1.5716222067163434e-16,1.0
15:54:49.317,-19.999999999999996,-0.17407955435634084,-19.825920445643657,-9500.0,0.0,-2.5951983698120993e-17,-1.3830275419103822e-16,1.0
15:54:49.337,-19.999999999999996,-0.17407955435634084,-19.825920445643657,-9500.0,0.0,-2.2837745654346474e-17,-1.2170642368811365e-16,1.0
15:54:49.357,-19.999999999999996,-0.17407955435634084,-19.825920445643657,-9500.0,0.0,-2.0097216175824896e-17,-1.0710165284554e-16,1.0
15:54:49.377,-19.999999999999996,-0.17407955435634084,-19.825920445643657,-9500.0,0.0,-1.7685550234725908e-17,-9.42494545040752e-17,1.0
15:54:49.397,-19.999999999999996,-0.17407955435634084,-19.825920445643657,-9500.0,0.0,-1.55632842065588e-17,-8.293951996358618e-17,1.0
15:54:49.417,-19.999999999999996,-0.17407955435634084,-19.825920445643657,-9500.0,0.0,-1.3695690101771744e-17,-7.298677756795584e-17,1.0
15:54:49.437,-19.999999999999996,-0.17407955435634084,-19.825920445643657,-9500.0,0.0,-1.2052207289559135e-17,-6.422836425980113e-17,1.0
15:54:49.457,-19.999999999999996,-0.17407955435634084,-19.825920445643657,-9500.0,0.0,-1.0605942414812039e-17,-5.6520960548625e-17,1.0
15:54:49.477,-19.999999999999996,-0.17407955435634084,-19.825920445643657,-9500.0,0.0,-9.333229325034595e-18,-4.9738445282790005e-17,1.0
15:54:49.497,-19.999999999999996,-0.17407955435634084,-19.825920445643657,-9500.0,0.0,-8.213241806030443e-18,-4.37698318488552e-17,1.0
15:54:49.517,-19.999999999999996,-0.17407955435634084,-19.825920445643657,-9500.0,0.0,-7.22765278930679e-18,-3.851745202699258e-17,1.0
15:54:49.537,-19.999999999999996,-0.17407955435634084,-19.825920445643657,-9500.0,0.0,-6.360334454589975e-18,-3.389535778375347e-17,1.0
15:54:49.557,-19.999999999999996,-0.17407955435634084,-19.825920445643657,-9500.0,0.0,-5.5970943200391774e-18,-2.982791484970305e-17,1.0
15:54:49.577,-19.999999999999996,-0.17407955435634084,-19.825920445643657,-9500.0,0.0,-4.9254430016344765e-18,-2.6248565067738686e-17,1.0
15:54:49.597,-19.999999999999996,-0.17407955435634084,-19.825920445643657,-9500.0,0.0,-4.3343898414383395e-18,-2.3098737259610045e-17,1.0
15:54:49.617,-19.999999999999996,-0.17407955435634084,-19.825920445643657,-9500.0,0.0,-3.814263060465739e-18,-2.0326888788456838e-17,1.0
15:54:49.637,-19.999999999999996,-0.17407955435634084,-19.825920445643657,-9500.0,0.0,-3.3565514932098502e-18,-1.788766213384202e-17,1.0
15:54:49.657,-19.999999999999996,-0.17407955435634084,-19.825920445643657,-9500.0,0.0,-2.9537653140246683e-18,-1.5741142677780977e-17,1.0
15:54:49.677,-19.999999999999996,-0.17407955435634084,-19.825920445643657,-9500.0,0.0,-2.5993134763417083e-18,-1.385220555644726e-17,1.0
15:54:49.697,-19.999999999999996,-0.17407955435634084,-19.825920445643657,-9500.0,0.0,-2.287395859180703e-18,-1.2189940889673589e-17,1.0
15:54:49.717,-19.999999999999996,-0.17407955435634084,-19.825920445643657,-9500.0,0.0,-2.012908356079019e-18,-1.0727147982912758e-17,1.0
15:54:49.737,-19.999999999999996,-0.17407955435634084,-19.825920445643657,-9500.0,0.0,-1.7713593533495365e-18,-9.439890224963227e-18,1.0
15:54:49.757,-19.999999999999996,-0.17407955435634084,-19.825920445643657,-9500.0,0.0,-1.558796230947592e-18,-8.30710339796764e-18,1.0
15:54:49.777,-19.999999999999996,-0.17407955435634084,-19.825920445643657,-9500.0,0.0,-1.3717406832338811e-18,-7.310250990211524e-18,1.0
15:54:49.797,-19.999999999999996,-0.17407955435634084,-19.825920445643657,-9500.0,0.0,-1.2071318012458154e-18,-6.43302087138614e-18,1.0
15:54:49.817,-19.999999999999996,-0.17407955435634084,-19.825920445643657,-9500.0,0.0,-1.0622759850963176e-18,-5.6610583668198036e-18,1.0
15:54:49.837,-19.999999999999996,-0.17407955435634084,-19.825920445643657,-9500.0,0.0,-9.348028668847594e-19,-4.981731362801427e-18,1.0
15:54:49.857,-19.999999999999996,-0.17407955435634084,-19.825920445643657,-9500.0,0.0,-8.226265228585883e-19,-4.383923599265255e-18,1.0
15:54:49.877,-19.999999999999996,-0.17407955435634084,-19.825920445643657,-9500.0,0.0,-7.239113401155577e-19,-3.857852767353425e-18,1.0
15:54:49.897,-19.999999999999996,-0.17407955435634084,-19.825920445643657,-9500.0,0.0,-6.370419793016908e-19,-3.3949104352710143e-18,1.0
15:54:49.917,-19.999999999999996,-0.17407955435634084,-19.825920445643657,-9500.0,0.0,-5.605969417854879e-19,-2.9875211830384924e-18,1.0
15:54:49.937,-19.999999999999996,-0.17407955435634084,-19.825920445643657,-9500.0,0.0,-4.9332530877122935e-19,-2.6290186410738733e-18,1.0
15:54:49.957,-19.999999999999996,-0.17407955435634084,-19.825920445643657,-9500.0,0.0,-4.341262717186818e-19,-2.3135364041450083e-18,1.0
15:54:49.977,-19.999999999999996,-0.17407955435634084,-19.825920445643657,-9500.0,0.0,-3.8203111911244e-19,-2.0359120356476074e-18,1.0
15:54:49.997,-19.999999999999996,-0.17407955435634084,-19.825920445643657,-9500.0,0.0,-3.361873848189472e-19,-1.7916025913698946e-18,1.0
15:54:50.017,-19.999999999999996,-0.17407955435634084,-19.825920445643657,-9500.0,0.0,-2.9584489864067355e-19,-1.5766102804055073e-18,1.0
15:54:50.037,-19.999999999999996,-0.17407955435634084,-19.825920445643657,-9500.0,0.0,-2.6034351080379274e-19,-1.3874170467568465e-18,1.0
15:54:50.057,-19.999999999999996,-0.17407955435634084,-19.825920445643657,-9500.0,0.0,-2.2910228950733762e-19,-1.2209270011460251e-18,1.0
15:54:50.077,-19.999999999999996,-0.17407955435634084,-19.825920445643657,-9500.0,0.0,-2.0161001476645712e-19,-1.074415761008502e-18,1.0
15:54:50.097,-19.999999999999996,-0.17407955435634084,-19.825920445643657,-9500.0,0.0,-1.7741681299448227e-19,-9.454858696874818e-19,1.0
15:54:50.117,-19.999999999999996,-0.17407955435634084,-19.825920445643657,-9500.0,0.0,-1.561267954351444e-19,-8.32027565324984e-19,1.0
15:54:50.137,-19.999999999999996,-0.17407955435634084,-19.825920445643657,-9500.0,0.0,-1.3739157998292707e-19,-7.321842574859859e-19,1.0
15:54:50.158,-19.999999999999996,-0.17407955435634084,-19.825920445643657,-9500.0,0.0,-1.2090459038497583e-19,-6.443221465876677e-19,1.0
15:54:50.177,-19.999999999999996,-0.17407955435634084,-19.825920445643657,-9500.0,0.0,-1.0639603953877873e-19,-5.670034889971476e-19,1.0
15:54:50.197,-19.999999999999996,-0.17407955435634084,-19.825920445643657,-9500.0,0.0,-9.362851479412529e-20,-4.989630703174899e-19,1.0
15:54:50.217,-19.999999999999996,-0.17407955435634084,-19.825920445643657,-9500.0,0.0,-8.239309301883026e-20,-4.390875018793911e-19,1.0
15:54:50.237,-19.999999999999996,-0.17407955435634084,-19.825920445643657,-9500.0,0.0,-7.250592185657063e-20,-3.8639700165386417e-19,1.0
15:54:50.257,-19.999999999999996,-0.17407955435634084,-19.825920445643657,-9500.0,0.0,-6.380521123378216e-20,-3.400293614554005e-19,1.0
15:54:50.277,-19.999999999999996,-0.17407955435634084,-19.825920445643657,-9500.0,0.0,-5.61485858857283e-20,-2.9922583808075246e-19,1.0
15:54:50.297,-19.999999999999996,-0.17407955435634084,-19.825920445643657,-9500.0,0.0,-4.94107555794409e-20,-2.6331873751106213e-19,1.0
15:54:50.317,-19.999999999999996,-0.17407955435634084,-19.825920445643657,-9500.0,0.0,-4.348146490990799e-20,-2.3172048900973465e-19,1.0
15:54:50.337,-19.999999999999996,-0.17407955435634084,-19.825920445643657,-9500.0,0.0,-3.826368912071903e-20,-2.0391403032856652e-19,1.0
15:54:50.358,0.0,-0.17407955435634084,0.17407955435634084,0.0,0.0,-3.3672046426232746e-20,-1.7944434668913853e-19,1.0
15:54:50.377,0.0,-0.17407955435634084,0.17407955435634084,0.0,0.0,-2.9631400855084816e-20,-1.579110250864419e-19,1.0
15:54:50.397,0.0,-0.17407955435634084,0.17407955435634084,0.0,0.0,-2.6075632752474638e-20,-1.3896170207606886e-19,1.0
15:54:50.417,0.0,-0.17407955435634084,0.17407955435634084,0.0,0.0,-2.2946556822177682e-20,-1.222862978269406e-19,1.0
15:54:50.437,0.0,-0.17407955435634084,0.17407955435634084,0.0,0.0,-2.019297000351636e-20,-1.0761194208770773e-19,1.0
15:54:50.457,0.0,-0.17407955435634084,0.17407955435634084,0.0,0.0,-1.7769813603094397e-20,-9.46985090371828e-20,1.0
15:54:50.477,0.0,-0.17407955435634084,0.17407955435634084,0.0,0.0,-1.563743597072307e-20,-8.333468795272088e-20,1.0
15:54:50.497,0.0,-0.17407955435634084,0.17407955435634084,0.0,0.0,-1.3760943654236302e-20,-7.333452539839437e-20,1.0
15:54:50.517,0.0,-0.17407955435634084,0.17407955435634084,0.0,0.0,-1.2109630415727945e-20,-6.453438235058704e-20,1.0
15:54:50.537,0.0,-0.17407955435634084,0.17407955435634084,0.0,0.0,-1.0656474765840591e-20,-5.679025646851659e-20,1.0
15:54:50.557,0.0,-0.17407955435634084,0.17407955435634084,0.0,0.0,-9.37769779393972e-21,-4.9975425692294607e-20,1.0
15:54:50.577,0.0,-0.17407955435634084,0.17407955435634084,0.0,0.0,-8.252374058666955e-21,-4.3978374609219256e-20,1.0
15:54:50.597,0.0,-0.17407955435634084,0.17407955435634084,0.0,0.0,-7.262089171626921e-21,-3.8700969656112946e-20,1.0
15:54:50.617,0.0,-0.17407955435634084,0.17407955435634084,0.0,0.0,-6.3906384710316904e-21,-3.40568532973794e-20,1.0
15:54:50.637,0.0,-0.17407955435634084,0.17407955435634084,0.0,0.0,-5.6237618545078875e-21,-2.997003090169387e-20,1.0
15:54:50.657,0.0,-0.17407955435634084,0.17407955435634084,0.0,0.0,-4.948910431966941e-21,-2.6373627193490602e-20,1.0
15:54:50.677,0.0,-0.17407955435634084,0.17407955435634084,0.0,0.0,-4.355041180130908e-21,-2.3208791930271733e-20,1.0
15:54:50.697,0.0,-0.17407955435634084,0.17407955435634084,0.0,0.0,-3.832436238515199e-21,-2.0423736898639124e-20,1.0
15:54:50.717,0.0,-0.17407955435634084,0.17407955435634084,0.0,0.0,-3.372543889893375e-21,-1.7972888470802427e-20,1.0
15:54:50.737,0.0,-0.17407955435634084,0.17407955435634084,0.0,0.0,-2.9678386231061703e-21,-1.5816141854306136e-20,1.0
15:54:50.757,0.0,-0.17407955435634084,0.17407955435634084,0.0,0.0,-2.6116979883334298e-21,-1.39182048317894e-20,1.0
15:54:50.777,0.0,-0.17407955435634084,0.17407955435634084,0.0,0.0,-2.2982942297334182e-21,-1.2248020251974672e-20,1.0
15:54:50.797,0.0,-0.17407955435634084,0.17407955435634084,0.0,0.0,-2.022498922165408e-21,-1.0778257821737712e-20,1.0
15:54:50.817,0.0,-0.17407955435634084,0.17407955435634084,0.0,0.0,-1.779799051505559e-21,-9.484866883129186e-21,1.0
15:54:50.837,0.0,-0.17407955435634084,0.17407955435634084,0.0,0.0,-1.5662231653248919e-21,-8.346682857153684e-21,1.0
15:54:50.857,0.0,-0.17407955435634084,0.17407955435634084,0.0,0.0,-1.378276385485905e-21,-7.345080914295242e-21,1.0
15:54:50.877,0.0,-0.17407955435634084,0.17407955435634084,0.0,0.0,-1.2128832192275962e-21,-6.4636712045798124e-21,1.0
15:54:50.897,0.0,-0.17407955435634084,0.17407955435634084,0.0,0.0,-1.0673372329202847e-21,-5.6880306600302354e-21,1.0
15:54:50.917,0.0,-0.17407955435634084,0.17407955435634084,0.0,0.0,-9.392567649698506e-22,-5.005466980826607e-21,1.0
15:54:50.937,0.0,-0.17407955435634084,0.17407955435634084,0.0,0.0,-8.265459531734685e-22,-4.404810943127414e-21,1.0
15:54:50.957,0.0,-0.17407955435634084,0.17407955435634084,0.0,0.0,-7.273604387926523e-22,-3.876233629952125e-21,1.0
15:54:50.977,0.0,-0.17407955435634084,0.17407955435634084,0.0,0.0,-6.400771861375341e-22,-3.41108559435787e-21,1.0
15:54:50.997,0.0,-0.17407955435634084,0.17407955435634084,0.0,0.0,-5.6326792380103e-22,-3.0017553230349257e-21,1.0
15:54:51.017,0.0,-0.17407955435634084,0.17407955435634084,0.0,0.0,-4.956757729449064e-22,-2.6415446842707346e-21,1.0
15:54:51.037,0.0,-0.17407955435634084,0.17407955435634084,0.0,0.0,-4.361946801915177e-22,-2.3245593221582464e-21,1.0
15:54:51.057,0.0,-0.17407955435634084,0.17407955435634084,0.0,0.0,-3.8385131856853553e-22,-2.0456122034992567e-21,1.0
15:54:51.076,0.0,-0.17407955435634084,0.17407955435634084,0.0,0.0,-3.377891603403113e-22,-1.8001387390793462e-21,1.0
15:54:51.096,0.0,-0.17407955435634084,0.17407955435634084,0.0,0.0,-2.9725446109947395e-22,-1.5841220903898247e-21,1.0
15:54:51.116,0.0,-0.17407955435634084,0.17407955435634084,0.0,0.0,-2.6158392576753706e-22,-1.3940274395430456e-21,1.0
15:54:51.136,0.0,-0.17407955435634084,0.17407955435634084,0.0,0.0,-2.3019385467543263e-22,-1.2267441467978803e-21,1.0
15:54:51.156,0.0,-0.17407955435634084,0.17407955435634084,0.0,0.0,-2.0257059211438072e-22,-1.0795348491821346e-21,1.0
15:54:51.177,0.0,-0.17407955435634084,0.17407955435634084,0.0,0.0,-1.7826212106065503e-22,-9.499906672802785e-22,1.0
15:54:51.197,0.0,-0.17407955435634084,0.17407955435634084,0.0,0.0,-1.5687066653337644e-22,-8.359917872066451e-22,1.0
15:54:51.217,0.0,-0.17407955435634084,0.17407955435634084,0.0,0.0,-1.3804618654937126e-22,-7.356727727418477e-22,1.0
15:54:51.237,0.0,-0.17407955435634084,0.17407955435634084,0.0,0.0,-1.2148064416344671e-22,-6.47392040012826e-22,1.0
15:54:51.257,0.0,-0.17407955435634084,0.17407955435634084,0.0,0.0,-1.069029668638331e-22,-5.697049952112869e-22,1.0
15:54:51.277,0.0,-0.17407955435634084,0.17407955435634084,0.0,0.0,-9.407461084017314e-23,-5.013403957859325e-22,1.0
15:54:51.297,0.0,-0.17407955435634084,0.17407955435634084,0.0,0.0,-8.278565753935236e-23,-4.411795482916205e-22,1.0
15:54:51.317,0.0,-0.17407955435634084,0.17407955435634084,0.0,0.0,-7.285137863463007e-23,-3.8823800249662607e-22,1.0
15:54:51.337,0.0,-0.17407955435634084,0.17407955435634084,0.0,0.0,-6.410921319847447e-23,-3.4164944219703097e-22,1.0
15:54:51.357,0.0,-0.17407955435634084,0.17407955435634084,0.0,0.0,-5.641610761465753e-23,-3.006515091333872e-22,1.0
15:54:51.377,0.0,-0.17407955435634084,0.17407955435634084,0.0,0.0,-4.9646174700898624e-23,-2.6457332803738074e-22,1.0
15:54:51.397,0.0,-0.17407955435634084,0.17407955435634084,0.0,0.0,-4.368863373679079e-23,-2.3282452867289508e-22,1.0
15:54:51.417,0.0,-0.17407955435634084,0.17407955435634084,0.0,0.0,-3.8445997688375894e-23,-2.0488558523214766e-22,1.0
15:54:51.437,0.0,-0.17407955435634084,0.17407955435634084,0.0,0.0,-3.3832477965770785e-23,-1.8029931500428992e-22,1.0
15:54:51.457,0.0,-0.17407955435634084,0.17407955435634084,0.0,0.0,-2.977258060987829e-23,-1.5866339720377512e-22,1.0
15:54:51.477,0.0,-0.17407955435634084,0.17407955435634084,0.0,0.0,-2.6199870936692894e-23,-1.396237895393221e-22,1.0
15:54:51.497,0.0,-0.17407955435634084,0.17407955435634084,0.0,0.0,-2.3055886424289745e-23,-1.2286893479460344e-22,1.0
15:54:51.517,0.0,-0.17407955435634084,0.17407955435634084,0.0,0.0,-2.0289180053374975e-23,-1.0812466261925102e-22,1.0
15:54:51.537,0.0,-0.17407955435634084,0.17407955435634084,0.0,0.0,-1.785447844696998e-23,-9.514970310494091e-23,1.0
15:54:51.557,0.0,-0.17407955435634084,0.17407955435634084,0.0,0.0,-1.5711941033333582e-23,-8.373173873234801e-23,1.0
15:54:51.577,0.0,-0.17407955435634084,0.17407955435634084,0.0,0.0,-1.3826508109333552e-23,-7.368393008446625e-23,1.0
15:54:51.597,0.0,-0.17407955435634084,0.17407955435634084,0.0,0.0,-1.2167327136213526e-23,-6.484185847433029e-23,1.0
15:54:51.617,0.0,-0.17407955435634084,0.17407955435634084,0.0,0.0,-1.0707247879867902e-23,-5.706083545741065e-23,1.0
15:54:51.637,0.0,-0.17407955435634084,0.17407955435634084,0.0,0.0,-9.422378134283754e-24,-5.021353520252138e-23,1.0
15:54:51.657,0.0,-0.17407955435634084,0.17407955435634084,0.0,0.0,-8.291692758169704e-24,-4.4187910978218816e-23,1.0
15:54:51.677,0.0,-0.17407955435634084,0.17407955435634084,0.0,0.0,-7.29668962718934e-24,-3.888536166083256e-23,1.0
15:54:51.697,0.0,-0.17407955435634084,0.17407955435634084,0.0,0.0,-6.421086871926619e-24,-3.421911826153265e-23,1.0
15:54:51.717,0.0,-0.17407955435634084,0.17407955435634084,0.0,0.0,-5.650556447295425e-24,-3.0112824070148737e-23,1.0
15:54:51.737,0.0,-0.17407955435634084,0.17407955435634084,0.0,0.0,-4.972489673619974e-24,-2.6499285181730884e-23,1.0
15:54:51.757,0.0,-0.17407955435634084,0.17407955435634084,0.0,0.0,-4.375790912785577e-24,-2.331937095992318e-23,1.0
15:54:51.777,0.0,-0.17407955435634084,0.17407955435634084,0.0,0.0,-3.850696003251308e-24,-2.05210464447324e-23,1.0
15:54:51.797,0.0,-0.17407955435634084,0.17407955435634084,0.0,0.0,-3.388612482861151e-24,-1.805852087136451e-23,1.0
15:54:51.817,0.0,-0.17407955435634084,0.17407955435634084,0.0,0.0,-2.981978984917813e-24,-1.589149836680077e-23,1.0
15:54:51.837,0.0,-0.17407955435634084,0.17407955435634084,0.0,0.0,-2.6241415067276753e-24,-1.398451856278468e-23,1.0
15:54:51.857,0.0,-0.17407955435634084,0.17407955435634084,0.0,0.0,-2.3092445259203544e-24,-1.2306376335250517e-23,1.0
15:54:51.877,0.0,-0.17407955435634084,0.17407955435634084,0.0,0.0,-2.0321351828099117e-24,-1.0829611175020454e-23,1.0
15:54:51.897,0.0,-0.17407955435634084,0.17407955435634084,0.0,0.0,-1.7882789608727223e-24,-9.530057834018e-24,1.0
15:54:51.917,0.0,-0.17407955435634084,0.17407955435634084,0.0,0.0,-1.5736854855679956e-24,-8.386450893935839e-24,1.0
15:54:51.937,0.0,-0.17407955435634084,0.17407955435634084,0.0,0.0,-1.3848432272998362e-24,-7.38007678666354e-24,1.0
15:54:51.957,0.0,-0.17407955435634084,0.17407955435634084,0.0,0.0,-1.2186620400238559e-24,-6.4944675722639144e-24,1.0
15:54:51.977,0.0,-0.17407955435634084,0.17407955435634084,0.0,0.0,-1.0724225952209932e-24,-5.7151314635922446e-24,1.0
15:54:51.997,0.0,-0.17407955435634084,0.17407955435634084,0.0,0.0,-9.43731883794474e-25,-5.029315687961176e-24,1.0
15:54:52.017,0.0,-0.17407955435634084,0.17407955435634084,0.0,0.0,-8.304840577391372e-25,-4.425797805405835e-24,1.0
15:54:52.037,0.0,-0.17407955435634084,0.17407955435634084,0.0,0.0,-7.308259708104408e-25,-3.894702068757135e-24,1.0
15:54:52.057,0.0,-0.17407955435634084,0.17407955435634084,0.0,0.0,-6.4312685431318785e-25,-3.4273378205062785e-24,1.0
15:54:52.077,0.0,-0.17407955435634084,0.17407955435634084,0.0,0.0,-5.659516317956053e-25,-3.016057282045525e-24,1.0
15:54:52.097,0.0,-0.17407955435634084,0.17407955435634084,0.0,0.0,-4.980374359801327e-25,-2.6541304082000622e-24,1.0
15:54:52.117,0.0,-0.17407955435634084,0.17407955435634084,0.0,0.0,-4.382729436625167e-25,-2.3356347592160546e-24,1.0
15:54:52.137,0.0,-0.17407955435634084,0.17407955435634084,0.0,0.0,-3.8568019042301474e-25,-2.055358588110128e-24,1.0
15:54:52.157,0.0,-0.17407955435634084,0.17407955435634084,0.0,0.0,-3.3939856757225297e-25,-1.8087155575369127e-24,1.0
15:54:52.177,0.0,-0.17407955435634084,0.17407955435634084,0.0,0.0,-2.986707394635826e-25,-1.591669690632483e-24,1.0
15:54:52.197,0.0,-0.17407955435634084,0.17407955435634084,0.0,0.0,-2.628302507279527e-25,-1.400669327756585e-24,1.0
15:54:52.217,0.0,-0.17407955435634084,0.17407955435634084,0.0,0.0,-2.3129062064059835e-25,-1.2325890084257947e-24,1.0
15:54:52.237,0.0,-0.17407955435634084,0.17407955435634084,0.0,0.0,-2.0353574616372656e-25,-1.0846783274146996e-24,1.0
15:54:52.257,0.0,-0.17407955435634084,0.17407955435634084,0.0,0.0,-1.7911145662407938e-25,-9.545169281249356e-25,1.0
15:54:52.277,0.0,-0.17407955435634084,0.17407955435634084,0.0,0.0,-1.5761808182918985e-25,-8.399748967499434e-25,1.0
15:54:52.297,0.0,-0.17407955435634084,0.17407955435634084,0.0,0.0,-1.3870391200968707e-25,-7.391779091399501e-25,1.0
15:54:52.317,0.0,-0.17407955435634084,0.17407955435634084,0.0,0.0,-1.2205944256852463e-25,-6.504765600431562e-25,1.0
15:54:52.337,0.0,-0.17407955435634084,0.17407955435634084,0.0,0.0,-1.0741230946030168e-25,-5.724193728379775e-25,1.0
15:54:52.357,0.0,-0.17407955435634084,0.17407955435634084,0.0,0.0,-9.452283232506548e-26,-5.037290480974201e-25,1.0
15:54:52.377,0.0,-0.17407955435634084,0.17407955435634084,0.0,0.0,-8.318009244605762e-26,-4.432815623257297e-25,1.0
15:54:52.397,0.0,-0.17407955435634084,0.17407955435634084,0.0,0.0,-7.31984813525307e-26,-3.9008777484664215e-25,1.0
15:54:52.417,0.0,-0.17407955435634084,0.17407955435634084,0.0,0.0,-6.441466359022702e-26,-3.432772418650451e-25,1.0
15:54:52.437,0.0,-0.17407955435634084,0.17407955435634084,0.0,0.0,-5.668490395939978e-26,-3.020839728412397e-25,1.0
15:54:52.457,0.0,-0.17407955435634084,0.17407955435634084,0.0,0.0,-4.988271548427181e-26,-2.658338961002909e-25,1.0
15:54:52.477,0.0,-0.17407955435634084,0.17407955435634084,0.0,0.0,-4.389678962615919e-26,-2.3393382856825604e-25,1.0
15:54:52.497,0.0,-0.17407955435634084,0.17407955435634084,0.0,0.0,-3.8629174871020086e-26,-2.058617691400653e-25,1.0
15:54:52.519,0.0,-0.17407955435634084,0.17407955435634084,0.0,0.0,-3.3993673886497674e-26,-1.8115835684325744e-25,1.0
15:54:52.536,0.0,-0.17407955435634084,0.17407955435634084,0.0,0.0,-2.9914433020117955e-26,-1.5941935402206657e-25,1.0
15:54:52.557,0.0,-0.17407955435634084,0.17407955435634084,0.0,0.0,-2.63247010577038e-26,-1.402890315394186e-25,1.0
15:54:52.577,0.0,-0.17407955435634084,0.17407955435634084,0.0,0.0,-2.3165736930779347e-26,-1.2345434775468836e-25,1.0
15:54:52.597,0.0,-0.17407955435634084,0.17407955435634084,0.0,0.0,-2.0385848499085827e-26,-1.0863982602412577e-25,1.0
15:54:52.617,0.0,-0.17407955435634084,0.17407955435634084,0.0,0.0,-1.7939546679195527e-26,-9.560304690123068e-26,1.0
15:54:52.637,0.0,-0.17407955435634084,0.17407955435634084,0.0,0.0,-1.5786801077692062e-26,-8.413068127308298e-26,1.0
15:54:52.657,0.0,-0.17407955435634084,0.17407955435634084,0.0,0.0,-1.3892384948369016e-26,-7.403499952031303e-26,1.0
15:54:52.677,0.0,-0.17407955435634084,0.17407955435634084,0.0,0.0,-1.2225298754564734e-26,-6.515079957787546e-26,1.0
15:54:52.697,0.0,-0.17407955435634084,0.17407955435634084,0.0,0.0,-1.0758262904016966e-26,-5.733270362853041e-26,1.0
15:54:52.716,0.0,-0.17407955435634084,0.17407955435634084,0.0,0.0,-9.46727135553493e-27,-5.0452779193106765e-26,1.0
15:54:52.736,0.0,-0.17407955435634084,0.17407955435634084,0.0,0.0,-8.331198792870739e-27,-4.4398445689933955e-26,1.0
15:54:52.757,0.0,-0.17407955435634084,0.17407955435634084,0.0,0.0,-7.33145493772625e-27,-3.907063220714188e-26,1.0
15:54:52.777,0.0,-0.17407955435634084,0.17407955435634084,0.0,0.0,-6.4516803451991004e-27,-3.438215634228485e-26,1.0
15:54:52.797,0.0,-0.17407955435634084,0.17407955435634084,0.0,0.0,-5.6774787037752085e-27,-3.025629758121067e-26,1.0
15:54:52.817,0.0,-0.17407955435634084,0.17407955435634084,0.0,0.0,-4.996181259322184e-27,-2.662554187146539e-26,1.0
15:54:52.837,0.0,-0.17407955435634084,0.17407955435634084,0.0,0.0,-4.396639508203522e-27,-2.3430476846889547e-26,1.0
15:54:52.857,0.0,-0.17407955435634084,0.17407955435634084,0.0,0.0,-3.869042767219099e-27,-2.06188196252628e-26,1.0
15:54:52.877,0.0,-0.17407955435634084,0.17407955435634084,0.0,0.0,-3.4047576351528074e-27,-1.8144561270231267e-26,1.0
15:54:52.897,0.0,-0.17407955435634084,0.17407955435634084,0.0,0.0,-2.9961867189344704e-27,-1.5967213917803512e-26,1.0
15:54:52.917,0.0,-0.17407955435634084,0.17407955435634084,0.0,0.0,-2.6366443126623338e-27,-1.405114824766709e-26,1.0
15:54:52.937,0.0,-0.17407955435634084,0.17407955435634084,0.0,0.0,-2.320246995142854e-27,-1.236501045794704e-26,1.0
15:54:52.957,0.0,-0.17407955435634084,0.17407955435634084,0.0,0.0,-2.0418173557257112e-27,-1.0881209202993395e-26,1.0
15:54:52.977,0.0,-0.17407955435634084,0.17407955435634084,0.0,0.0,-1.7967992730386258e-27,-9.575464098634186e-27,1.0
15:54:52.997,0.0,-0.17407955435634084,0.17407955435634084,0.0,0.0,-1.5811833602739908e-27,-8.426408406798085e-27,1.0
15:54:53.017,0.0,-0.17407955435634084,0.17407955435634084,0.0,0.0,-1.391441357041112e-27,-7.415239397982315e-27,1.0
15:54:53.037,0.0,-0.17407955435634084,0.17407955435634084,0.0,0.0,-1.2244683941961786e-27,-6.525410670224438e-27,1.0
15:54:53.057,0.0,-0.17407955435634084,0.17407955435634084,0.0,0.0,-1.0775321868926372e-27,-5.742361389797505e-27,1.0
15:54:53.077,0.0,-0.17407955435634084,0.17407955435634084,0.0,0.0,-9.482283244655208e-28,-5.053278023021805e-27,1.0
15:54:53.097,0.0,-0.17407955435634084,0.17407955435634084,0.0,0.0,-8.344409255296583e-28,-4.446884660259188e-27,1.0
15:54:53.117,0.0,-0.17407955435634084,0.17407955435634084,0.0,0.0,-7.343080144660992e-28,-3.913258501028085e-27,1.0
15:54:53.137,0.0,-0.17407955435634084,0.17407955435634084,0.0,0.0,-6.461910527301673e-28,-3.443667480904715e-27,1.0
15:54:53.157,0.0,-0.17407955435634084,0.17407955435634084,0.0,0.0,-5.686481264025472e-28,-3.0304273831961493e-27,1.0
15:54:53.177,0.0,-0.17407955435634084,0.17407955435634084,0.0,0.0,-5.004103512342416e-28,-2.6667760972126117e-27,1.0
15:54:53.197,0.0,-0.17407955435634084,0.17407955435634084,0.0,0.0,-4.403611090861326e-28,-2.3467629655470982e-27,1.0
15:54:53.217,0.0,-0.17407955435634084,0.17407955435634084,0.0,0.0,-3.875177759957967e-28,-2.0651514096814464e-27,1.0
15:54:53.237,0.0,-0.17407955435634084,0.17407955435634084,0.0,0.0,-3.4101564287630112e-28,-1.817333240519673e-27,1.0
15:54:53.257,0.0,-0.17407955435634084,0.17407955435634084,0.0,0.0,-3.0009376573114498e-28,-1.5992532516573122e-27,1.0
15:54:53.277,0.0,-0.17407955435634084,0.17407955435634084,0.0,0.0,-2.6408251384340756e-28,-1.4073428614584345e-27,1.0
15:54:53.297,0.0,-0.17407955435634084,0.17407955435634084,0.0,0.0,-2.3239261218219866e-28,-1.2384617180834226e-27,1.0
15:54:53.317,0.0,-0.17407955435634084,0.17407955435634084,0.0,0.0,-2.045054987203348e-28,-1.0898463119134117e-27,1.0
15:54:53.337,0.0,-0.17407955435634084,0.17407955435634084,0.0,0.0,-1.7996483887389463e-28,-9.590647544838023e-28,1.0
15:54:53.357,0.0,-0.17407955435634084,0.17407955435634084,0.0,0.0,-1.5836905820902729e-28,-8.43976983945746e-28,1.0
15:54:53.377,0.0,-0.17407955435634084,0.17407955435634084,0.0,0.0,-1.39364771223944e-28,-7.426997458722565e-28,1.0
15:54:53.397,0.0,-0.17407955435634084,0.17407955435634084,0.0,0.0,-1.2264099867707073e-28,-6.535757763675857e-28,1.0
15:54:53.417,0.0,-0.17407955435634084,0.17407955435634084,0.0,0.0,-1.0792407883582225e-28,-5.751466832034755e-28,1.0
15:54:53.437,0.0,-0.17407955435634084,0.17407955435634084,0.0,0.0,-9.497318937552358e-29,-5.061290812190585e-28,1.0
15:54:53.457,0.0,-0.17407955435634084,0.17407955435634084,0.0,0.0,-8.357640665046074e-29,-4.453935914727714e-28,1.0
15:54:53.477,0.0,-0.17407955435634084,0.17407955435634084,0.0,0.0,-7.354723785240546e-29,-3.9194636049603885e-28,1.0
15:54:53.497,0.0,-0.17407955435634084,0.17407955435634084,0.0,0.0,-6.47215693101168e-29,-3.449127972365142e-28,1.0
15:54:53.517,0.0,-0.17407955435634084,0.17407955435634084,0.0,0.0,-5.695498099290279e-29,-3.035232615681325e-28,1.0
15:54:53.537,0.0,-0.17407955435634084,0.17407955435634084,0.0,0.0,-5.012038327375445e-29,-2.671004701799566e-28,1.0
15:54:53.557,0.0,-0.17407955435634084,0.17407955435634084,0.0,0.0,-4.410593728090392e-29,-2.350484137583618e-28,1.0
15:54:53.577,0.0,-0.17407955435634084,0.17407955435634084,0.0,0.0,-3.881322480719545e-29,-2.068426041073584e-28,1.0
15:54:53.597,0.0,-0.17407955435634084,0.17407955435634084,0.0,0.0,-3.4155637830332e-29,-1.820214916144754e-28,1.0
15:54:53.617,0.0,-0.17407955435634084,0.17407955435634084,0.0,0.0,-3.005696129069216e-29,-1.6017891262073837e-28,1.0
15:54:53.637,0.0,-0.17407955435634084,0.17407955435634084,0.0,0.0,-2.64501259358091e-29,-1.4095744310624977e-28,1.0
15:54:53.657,0.0,-0.17407955435634084,0.17407955435634084,0.0,0.0,-2.327611082351201e-29,-1.240425499334998e-28,1.0
15:54:53.677,0.0,-0.17407955435634084,0.17407955435634084,0.0,0.0,-2.048297752469057e-29,-1.091574439414798e-28,1.0
15:54:53.697,0.0,-0.17407955435634084,0.17407955435634084,0.0,0.0,-1.8025020221727702e-29,-9.605855066850224e-29,1.0
15:54:53.717,0.0,-0.17407955435634084,0.17407955435634084,0.0,0.0,-1.5862017795120378e-29,-8.453152458828197e-29,1.0
15:54:53.737,0.0,-0.17407955435634084,0.17407955435634084,0.0,0.0,-1.3958575659705933e-29,-7.438774163768814e-29,1.0
15:54:53.757,0.0,-0.17407955435634084,0.17407955435634084,0.0,0.0,-1.228354658054122e-29,-6.546121264116556e-29,1.0
15:54:53.777,0.0,-0.17407955435634084,0.17407955435634084,0.0,0.0,-1.0809520990876275e-29,-5.76058671242257e-29,1.0
15:54:53.797,0.0,-0.17407955435634084,0.17407955435634084,0.0,0.0,-9.512378471971122e-30,-5.069316306931861e-29,1.0
15:54:53.817,0.0,-0.17407955435634084,0.17407955435634084,0.0,0.0,-8.370893055334587e-30,-4.460998350100038e-29,1.0
15:54:53.837,0.0,-0.17407955435634084,0.17407955435634084,0.0,0.0,-7.366385888694436e-30,-3.925678548088033e-29,1.0
15:54:53.857,0.0,-0.17407955435634084,0.17407955435634084,0.0,0.0,-6.482419582051103e-30,-3.454597122317469e-29,1.0
15:54:53.877,0.0,-0.17407955435634084,0.17407955435634084,0.0,0.0,-5.704529232204971e-30,-3.040045467639373e-29,1.0
15:54:53.897,0.0,-0.17407955435634084,0.17407955435634084,0.0,0.0,-5.019985724340375e-30,-2.6752400115226485e-29,1.0
15:54:53.917,0.0,-0.17407955435634084,0.17407955435634084,0.0,0.0,-4.41758743741953e-30,-2.3542112101399306e-29,1.0
15:54:53.937,0.0,-0.17407955435634084,0.17407955435634084,0.0,0.0,-3.887476944929186e-30,-2.0717058649231388e-29,1.0
15:54:53.957,0.0,-0.17407955435634084,0.17407955435634084,0.0,0.0,-3.420979711537684e-30,-1.8231011611323622e-29,1.0
15:54:53.977,0.0,-0.17407955435634084,0.17407955435634084,0.0,0.0,-3.0104621461531623e-30,-1.6043290217964788e-29,1.0
15:54:53.997,0.0,-0.17407955435634084,0.17407955435634084,0.0,0.0,-2.6492066886147828e-30,-1.4118095391809014e-29,1.0
15:54:54.017,0.0,-0.17407955435634084,0.17407955435634084,0.0,0.0,-2.3313018859810088e-30,-1.2423923944791932e-29,1.0
15:54:54.037,0.0,-0.17407955435634084,0.17407955435634084,0.0,0.0,-2.051545659663288e-30,-1.0933053071416901e-29,1.0
15:54:54.057,0.0,-0.17407955435634084,0.17407955435634084,0.0,0.0,-1.8053601805036933e-30,-9.621086702846873e-30,1.0
15:54:54.077,0.0,-0.17407955435634084,0.17407955435634084,0.0,0.0,-1.58871695884325e-30,-8.466556298505247e-30,1.0
15:54:54.097,0.0,-0.17407955435634084,0.17407955435634084,0.0,0.0,-1.39807092378206e-30,-7.450569542684618e-30,1.0
15:54:54.117,0.0,-0.17407955435634084,0.17407955435634084,0.0,0.0,-1.2303024129282127e-30,-6.556501197562463e-30,1.0
15:54:54.137,0.0,-0.17407955435634084,0.17407955435634084,0.0,0.0,-1.0826661233768272e-30,-5.769721053854968e-30,1.0
15:54:54.157,0.0,-0.17407955435634084,0.17407955435634084,0.0,0.0,-9.527461885716079e-31,-5.077354527392372e-30,1.0
15:54:54.177,0.0,-0.17407955435634084,0.17407955435634084,0.0,0.0,-8.38416645943015e-31,-4.468071984105287e-30,1.0
15:54:54.197,0.0,-0.17407955435634084,0.17407955435634084,0.0,0.0,-7.378066484298532e-31,-3.931903346012653e-30,1.0
15:54:54.217,0.0,-0.17407955435634084,0.17407955435634084,0.0,0.0,-6.492698506182708e-31,-3.4600749444911346e-30,1.0
15:54:54.237,0.0,-0.17407955435634084,0.17407955435634084,0.0,0.0,-5.7135746854407835e-31,-3.0448659511521983e-30,1.0
15:54:54.257,0.0,-0.17407955435634084,0.17407955435634084,0.0,0.0,-5.027945723187889e-31,-2.6794820370139346e-30,1.0
15:54:54.277,0.0,-0.17407955435634084,0.17407955435634084,0.0,0.0,-4.424592236405343e-31,-2.3579441925722627e-30,1.0
15:54:54.297,0.0,-0.17407955435634084,0.17407955435634084,0.0,0.0,-3.893641168036702e-31,-2.074990889463591e-30,1.0
15:54:54.317,0.0,-0.17407955435634084,0.17407955435634084,0.0,0.0,-3.4264042278722974e-31,-1.82599198272796e-30,1.0
15:54:54.337,0.0,-0.17407955435634084,0.17407955435634084,0.0,0.0,-3.0152357205276218e-31,-1.606872944800605e-30,1.0
15:54:54.357,0.0,-0.17407955435634084,0.17407955435634084,0.0,0.0,-2.653407434064307e-31,-1.4140481914245323e-30,1.0
15:54:54.377,0.0,-0.17407955435634084,0.17407955435634084,0.0,0.0,-2.33499854197659e-31,-1.2443624084535884e-30,1.0
15:54:54.397,0.0,-0.17407955435634084,0.17407955435634084,0.0,0.0,-2.0547987169393993e-31,-1.0950389194391577e-30,1.0
15:54:54.417,0.0,-0.17407955435634084,0.17407955435634084,0.0,0.0,-1.8082228709066714e-31,-9.636342491064588e-31,1.0
15:54:54.437,0.0,-0.17407955435634084,0.17407955435634084,0.0,0.0,-1.5912361263978709e-31,-8.479981392136838e-31,1.0
15:54:54.457,0.0,-0.17407955435634084,0.17407955435634084,0.0,0.0,-1.4002877912301264e-31,-7.462383625080417e-31,1.0
15:54:54.477,0.0,-0.17407955435634084,0.17407955435634084,0.0,0.0,-1.2322532562825112e-31,-6.566897590070767e-31,1.0
15:54:54.497,0.0,-0.17407955435634084,0.17407955435634084,0.0,0.0,-1.08438286552861e-31,-5.778869879262275e-31,1.0
15:54:54.517,0.0,-0.17407955435634084,0.17407955435634084,0.0,0.0,-9.542569216651767e-32,-5.085405493750802e-31,1.0
15:54:54.537,0.0,-0.17407955435634084,0.17407955435634084,0.0,0.0,-8.397460910653555e-32,-4.475156834500706e-31,1.0
15:54:54.557,0.0,-0.17407955435634084,0.17407955435634084,0.0,0.0,-7.389765601375128e-32,-3.938138014360621e-31,1.0
15:54:54.577,0.0,-0.17407955435634084,0.17407955435634084,0.0,0.0,-6.502993729210113e-32,-3.4655614526373465e-31,1.0
15:54:54.597,0.0,-0.17407955435634084,0.17407955435634084,0.0,0.0,-5.7226344817049e-32,-3.049694078320865e-31,1.0
15:54:54.617,0.0,-0.17407955435634084,0.17407955435634084,0.0,0.0,-5.035918343900312e-32,-2.6837307889223613e-31,1.0
15:54:54.637,0.0,-0.17407955435634084,0.17407955435634084,0.0,0.0,-4.431608142632275e-32,-2.3616830942516784e-31,1.0
15:54:54.657,0.0,-0.17407955435634084,0.17407955435634084,0.0,0.0,-3.8998151655164017e-32,-2.0782811229414765e-31,1.0
15:54:54.678,-19.999999999999996,-0.17407955435634084,-19.825920445643657,-9500.0,0.0,-3.4318373456544335e-32,-1.8288873881884997e-31,1.0
15:54:54.697,-19.999999999999996,-0.17407955435634084,-19.825920445643657,-9500.0,0.0,-3.0200168641759016e-32,-1.6094209016058797e-31,1.0
15:54:54.716,-19.999999999999996,-0.2611193315345113,-19.738880668465484,-9500.0,0.0,-2.6576148404747933e-32,-1.416290393413174e-31,1.0
15:54:54.737,-19.999999999999996,-0.6963182174253634,-19.303681782574632,-9500.0,-5.0,-0.6,-3.197507114673129,1.0
15:54:54.757,-19.999999999999996,-1.2185568804943858,-18.78144311950561,-9500.0,-3.0,-0.888,-4.732310529716231,1.0
15:54:54.777,-19.999999999999996,-1.3055966576725562,-18.69440334232744,-9500.0,0.0,-0.78144,-4.164433266150283,1.0
15:54:54.797,-19.999999999999996,-2.263034206632431,-17.736965793367567,-9500.0,-22.0,-3.3276671999999996,-17.733732578774013,1.0
15:54:54.817,-19.999999999999996,-4.787187744799373,-15.212812255200623,-9500.0,-16.0,-4.848347135999999,-25.837707436275142,1.0
15:54:54.837,-19.999999999999996,-6.876142397075463,-13.123857602924533,-9500.0,-16.0,-6.1865454796799995,-32.96920531087614,1.0
15:54:54.857,-19.999999999999996,-8.791017494995213,-11.208982505004784,-9500.0,-16.0,-7.3641600221184,-39.244923440525014,1.0
15:54:54.877,-19.999999999999996,-11.054051701627643,-8.945948298372354,-9500.0,-20.0,-8.880460819464192,-47.32556108635453,1.0
15:54:54.897,-19.999999999999996,-13.230046131081904,-6.769953868918093,-9500.0,-19.0,-10.094805521128489,-53.79702079174988,1.0
15:54:54.917,-19.999999999999996,-15.406040560536164,-4.593959439463832,-9500.0,-19.0,-11.16342885859307,-59.49190533249778,1.0
15:54:54.937,-19.999999999999996,-17.930194098703105,-2.06980590129689,-9500.0,-22.0,-12.4638173955619,-66.4219079971598,1.0
15:54:54.957,-19.999999999999996,-20.367307859691877,0.36730785969188157,3855.3733194132215,-20.0,-13.368159308094473,-71.24130749619314,1.0
15:54:54.977,-19.999999999999996,-22.282182957611628,2.2821829576116306,9500.0,-9.0,-12.843980191123137,-68.4478634030616,1.0
15:54:54.997,-19.999999999999996,-22.80442162068065,2.804421620680653,9500.0,0.0,-11.30270256818836,-60.234119794694216,1.0
15:54:55.017,-19.999999999999996,-22.456262511967967,2.4562625119679717,9500.0,4.0,-9.466378260005756,-50.4480197275924,1.0
15:54:55.037,-19.999999999999996,-22.369222734789798,2.369222734789801,9500.0,0.0,-8.330412868805066,-44.394257360281316,1.0
15:54:55.057,-19.999999999999996,-21.846984071720776,1.8469840717207786,9500.0,15.0,-5.530763324548459,-29.474425133028173,1.0
15:54:55.077,-19.999999999999996,-19.409870310732003,-0.590129689267993,-5337.576686995996,26.0,-1.7470717256026438,-9.310457120764523,1.0
15:54:55.097,-19.999999999999996,-17.233875881277744,-2.7661241187222534,-9500.0,13.0,0.022576881469673404,0.1203162318773544,1.0
15:54:55.117,-19.999999999999996,-17.320915658455913,-2.6790843415440833,-9500.0,-2.0,-0.2201323443066874,-1.1731245618171797,1.0
15:54:55.137,-19.999999999999996,-18.191313430237617,-1.8086865697623788,-9500.0,-4.0,-0.6737164629898849,-3.590355306137621,1.0
15:54:55.157,-19.999999999999996,-18.278353207415787,-1.7216467925842085,-9500.0,1.0,-0.4728704874310987,-2.520011246466481,1.0
15:54:55.177,-19.999999999999996,-19.235790756375664,-0.7642092436243338,-6442.824865423414,-20.0,-2.816126028939367,-15.00763835558302,1.0
15:54:55.197,-19.999999999999996,-21.32474540865175,1.324745408651756,9500.0,-16.0,-4.3981909054666435,-23.438744519867072,1.0
15:54:55.217,-19.999999999999996,-22.63034206632431,2.6303420663243124,9500.0,0.0,-3.870407996810646,-20.626095177483023,1.0
15:54:55.237,-19.999999999999996,-22.543302289146137,2.543302289146142,9500.0,5.0,-2.8059590371933685,-14.95345664151193,1.0
15:54:55.257,-19.999999999999996,-22.369222734789798,2.369222734789801,9500.0,0.0,-2.469243952730164,-13.159041844530499,1.0
15:54:55.277,-19.999999999999996,-22.369222734789798,2.369222734789801,9500.0,0.0,-2.1729346784025445,-11.579956823186839,1.0
15:54:55.297,-19.999999999999996,-20.54138741404822,0.5413874140482223,5024.57298595731,22.0,0.7278174830057604,3.878669300157347,1.0
15:54:55.317,-19.999999999999996,-18.017233875881278,-1.9827661241187198,-9500.0,18.0,2.8004793850450693,14.924254596961731,1.0
15:54:55.337,-19.999999999999996,-16.97275654974323,-3.0272434502567647,-9500.0,-4.0,1.984421858839661,10.575338353587819,1.0
15:54:55.357,-19.999999999999996,-17.756114544346765,-2.243885455653231,-9500.0,-16.0,-0.17370876422109838,-0.9257250157967319,1.0
15:54:55.377,-19.999999999999996,-18.365392984593957,-1.6346070154060381,-9500.0,-1.0,-0.27286371251456654,-1.4541394368357496,1.0
15:54:55.397,-19.999999999999996,-18.45243276177213,-1.5475672382278676,-9500.0,0.0,-0.24012006701281854,-1.2796427044154597,1.0
15:54:55.417,-19.999999999999996,-20.280268082513707,0.2802680825137111,3357.0024314923353,-22.0,-2.85130565897128,-15.195116884447371,1.0
15:54:55.437,-19.999999999999996,-22.108103403255285,2.10810340325529,9500.0,-14.0,-4.189148979894727,-22.32472277939845,1.0
15:54:55.457,-19.999999999999996,-22.456262511967967,2.4562625119679717,9500.0,2.0,-3.4464511023073596,-18.366753200001384,1.0
15:54:55.477,-19.999999999999996,-22.19514318043346,2.1951431804334605,9500.0,3.0,-2.6728769700304764,-14.244238547197341,1.0
15:54:55.497,-19.999999999999996,-22.19514318043346,2.1951431804334605,9500.0,0.0,-2.3521317336268193,-12.53492992153366,1.0
15:54:55.517,-19.999999999999996,-21.672904517364433,1.672904517364438,9500.0,15.0,-0.269875925591601,-1.4382169869302337,1.0
15:54:55.537,-19.999999999999996,-19.06171120201932,-0.9382887979806748,-7515.438349233019,25.0,2.762509185479391,14.721904624867038,1.0
15:54:55.557,-19.999999999999996,-17.0597963269214,-2.9402036730785945,-9500.0,4.0,2.9110080832218643,15.5132817616215,1.0
15:54:55.577,-19.999999999999996,-17.407955435634083,-2.5920445643659127,-9500.0,-7.0,1.721687113235241,9.17517798968454,1.0
15:54:55.597,-19.999999999999996,-18.365392984593957,-1.6346070154060381,-9500.0,-4.0,1.035084659647012,5.516150939183892,1.0
15:54:55.617,-19.999999999999996,-18.45243276177213,-1.5475672382278676,-9500.0,1.0,1.0308745004893707,5.493714249416452,1.0
15:54:55.637,-19.999999999999996,-19.409870310732003,-0.590129689267993,-5335.150368288703,-18.0,-1.252830439569354,-6.676557073336788,1.0
15:54:55.657,-19.999999999999996,-21.498824963008094,1.498824963008097,9500.0,-17.0,-3.1424907868210314,-16.74689441442501,1.0
15:54:55.677,-19.999999999999996,-22.71738184350248,2.717381843502483,9500.0,-5.0,-3.3653918924025077,-17.93477419936714,1.0
15:54:55.697,-19.999999999999996,-22.543302289146137,2.543302289146142,9500.0,5.0,-2.361544865314207,-12.585094180769953,1.0
15:54:55.716,-19.999999999999996,-22.369222734789798,2.369222734789801,9500.0,0.0,-2.078159481476502,-11.07488287907756,1.0
15:54:55.737,-19.999999999999996,-22.282182957611628,2.2821829576116306,9500.0,1.0,-1.7087803436993219,-9.106395510653627,1.0
15:54:55.757,-19.999999999999996,-20.62842719122639,0.6284271912263928,5577.756371316102,24.0,1.3762732975445966,7.334406101055826,1.0
15:54:55.777,-19.999999999999996,-18.017233875881278,-1.9827661241187198,-9500.0,18.0,3.371120501839245,17.96530298175239,1.0
15:54:55.797,-19.999999999999996,-16.88571677256506,-3.1142832274349352,-9500.0,2.0,3.206586041618536,17.088469469811358,1.0
15:54:55.817,-19.999999999999996,-17.756114544346765,-2.243885455653231,-9500.0,-16.0,0.9017957166243118,4.8058303664799835,1.0
15:54:55.837,-19.999999999999996,-18.365392984593957,-1.6346070154060381,-9500.0,0.0,0.7935802306293944,4.2291307225023855,1.0
15:54:55.857,-19.999999999999996,-18.365392984593957,-1.6346070154060381,-9500.0,1.0,0.8183506029538671,4.361136458736725,1.0
15:54:55.877,-19.999999999999996,-20.106188528157368,0.10618852815737029,0.0,-20.0,-1.6798514694005968,-8.952228375004196,1.0
15:54:55.897,-19.999999999999996,-21.934023848898946,1.934023848898949,9500.0,-15.0,-3.2782692930725252,-17.47048231402308,1.0
15:54:55.917,-19.999999999999996,-22.543302289146137,2.543302289146142,9500.0,0.0,-2.884876977903822,-15.37402443634031,1.0
15:54:55.937,-19.999999999999996,-22.282182957611628,2.2821829576116306,9500.0,1.0,-2.418691740555363,-12.889640081044845,1.0
15:54:55.957,-19.999999999999996,-22.19514318043346,2.1951431804334605,9500.0,0.0,-2.1284487316887195,-11.342883271319463,1.0
15:54:55.977,-19.999999999999996,-22.108103403255285,2.10810340325529,9500.0,1.0,-1.7530348838860732,-9.342235855826504,1.0
15:54:55.997,-19.999999999999996,-19.845069196622855,-0.15493080337714096,0.0,23.0,1.2173293021802554,6.48736517436907,1.0
15:54:56.017,-19.999999999999996,-17.494995212812253,-2.505004787187742,-9500.0,15.0,2.8712497859186246,15.301402697464168,1.0
15:54:56.037,-19.999999999999996,-17.146836104099574,-2.853163895900424,-9500.0,-5.0,1.9266998116083895,10.267727259095338,1.0
15:54:56.057,-19.999999999999996,-18.104273653059447,-1.8957263469405494,-9500.0,-9.0,0.6154958342153827,3.2800871815922648,1.0
15:54:56.077,-19.999999999999996,-18.365392984593957,-1.6346070154060381,-9500.0,1.0,0.6616363341095367,3.5259781427358186,1.0
15:54:56.097,-19.999999999999996,-18.45243276177213,-1.5475672382278676,-9500.0,-1.0,0.4622399740163923,2.463359342672894,1.0
15:54:56.117,-19.999999999999996,-20.62842719122639,0.6284271912263928,5562.982188137283,-17.0,-1.633228822865575,-8.703767968336493,1.0
15:54:56.137,-19.999999999999996,-22.456262511967967,2.4562625119679717,9500.0,-11.0,-2.7572413641217057,-14.693831464416997,1.0
15:54:56.157,-19.999999999999996,-22.63034206632431,2.6303420663243124,9500.0,4.0,-1.946372400427101,-10.372565996948452,1.0
15:54:56.177,-19.999999999999996,-22.369222734789798,2.369222734789801,9500.0,2.0,-1.472807712375849,-7.848855231445388,1.0
15:54:56.197,-19.999999999999996,-22.282182957611628,2.2821829576116306,9500.0,-1.0,-1.4160707868907472,-7.546494026606568,1.0
15:54:56.217,-19.999999999999996,-21.672904517364433,1.672904517364438,9500.0,26.0,1.8738577075361427,9.986122252886492,1.0
15:54:56.237,-19.999999999999996,-19.14875097919749,-0.8512490208025043,-6956.177254652785,25.0,4.648994782631806,24.77532315590576,1.0
15:54:56.257,-19.999999999999996,-17.146836104099574,-2.853163895900424,-9500.0,4.0,4.57111540871599,24.360290068935576,1.0
15:54:56.277,-19.999999999999996,-17.407955435634083,-2.5920445643659127,-9500.0,-7.0,3.182581559670071,16.960545300120927,1.0
15:54:56.297,-19.999999999999996,-18.278353207415787,-1.7216467925842085,-9500.0,4.0,3.2806717725096624,17.48328555584492,1.0
15:54:56.317,-19.999999999999996,-18.45243276177213,-1.5475672382278676,-9500.0,-3.0,2.526991159808503,13.46678702033965,1.0
15:54:56.337,-19.999999999999996,-19.235790756375664,-0.7642092436243338,-6429.865231813445,-20.0,-0.17624777936851732,-0.9392558807936234,1.0
15:54:56.357,-19.999999999999996,-21.411785185829924,1.4117851858299266,9500.0,-16.0,-2.075098045844295,-11.0585679420524,1.0
15:54:56.377,-19.999999999999996,-22.71738184350248,2.717381843502483,9500.0,0.0,-1.8260862803429798,-9.731539789006113,1.0
15:54:56.397,-19.999999999999996,-22.456262511967967,2.4562625119679717,9500.0,7.0,-0.7669559267018223,-4.087245053783,1.0
15:54:56.417,-19.999999999999996,-22.369222734789798,2.369222734789801,9500.0,-1.0,-0.7949212154976036,-4.236277070263665,1.0
15:54:56.437,-19.999999999999996,-22.282182957611628,2.2821829576116306,9500.0,0.0,-0.6995306696378912,-3.7279238218320256,1.0
15:54:56.457,-19.999999999999996,-20.8895465227609,0.8895465227609041,7232.116407722732,24.0,2.2644130107186555,12.067461187218836,1.0
15:54:56.477,-19.999999999999996,-18.278353207415787,-1.7216467925842085,-9500.0,18.0,4.152683449432417,22.13039145757584,1.0
15:54:56.497,-19.999999999999996,-16.79867699538689,-3.201323004613106,-9500.0,0.0,3.654361435500527,19.47474448266674,1.0
15:54:56.517,-19.999999999999996,-17.582034989990426,-2.417965010009572,-9500.0,-18.0,1.0558380632404636,5.6267495319234655,1.0
15:54:56.537,-19.999999999999996,-18.278353207415787,-1.7216467925842085,-9500.0,2.0,1.1691374956516078,6.230542433961901,1.0
15:54:56.557,-19.999999999999996,-18.365392984593957,-1.6346070154060381,-9500.0,0.0,1.0288409961734148,5.482877341886472,1.0
15:54:56.577,-19.999999999999996,-19.758029419444686,-0.2419705805553114,-3135.1591531841336,-18.0,-1.254619923367395,-6.686093551963169,1.0
15:54:56.597,-19.999999999999996,-21.672904517364433,1.672904517364438,9500.0,-14.0,-2.7840655325633072,-14.836782246812348,1.0
15:54:56.617,-19.999999999999996,-22.71738184350248,2.717381843502483,9500.0,-4.0,-2.9299776686557104,-15.614374068933369,1.0
15:54:56.637,-19.999999999999996,-22.369222734789798,2.369222734789801,9500.0,5.0,-1.978380348417025,-10.543142065988235,1.0
15:54:56.657,-19.999999999999996,-22.282182957611628,2.2821829576116306,9500.0,0.0,-1.740974706606982,-9.277965018069647,1.0
15:54:56.677,-19.999999999999996,-22.19514318043346,2.1951431804334605,9500.0,1.0,-1.4120577418141442,-7.525107792966664,1.0
15:54:56.696,-19.999999999999996,-20.454347636870047,0.454347636870052,4477.860032988141,22.0,1.3973891872035527,7.446936446751101,1.0
15:54:56.717,-19.999999999999996,-17.843154321524935,-2.1568456784750607,-9500.0,13.0,2.7897024847391263,14.866822571291104,1.0
15:54:56.737,-19.999999999999996,-16.88571677256506,-3.1142832274349352,-9500.0,-4.0,1.974938186570431,10.524798170997668,1.0
15:54:56.757,-19.999999999999996,-17.756114544346765,-2.243885455653231,-9500.0,-13.0,0.17794560418197913,0.9483038923278113,1.0
15:54:56.777,-19.999999999999996,-18.278353207415787,-1.7216467925842085,-9500.0,-1.0,0.03659213168014164,0.19500600231384813,1.0
15:54:56.797,-19.999999999999996,-18.365392984593957,-1.6346070154060381,-9500.0,-1.0,-0.08779892412147536,-0.46789614089843945,1.0
15:54:56.817,-19.999999999999996,-20.019148750979195,0.019148750979199866,0.0,-24.0,-2.957263053226898,-15.759782754421645,1.0
15:54:56.837,-19.999999999999996,-21.934023848898946,1.934023848898949,9500.0,-14.0,-4.28239148683967,-22.821628744975808,1.0
15:54:56.857,-19.999999999999996,-22.543302289146137,2.543302289146142,9500.0,0.0,-3.76850450841891,-20.083033295578712,1.0
15:54:56.877,-19.999999999999996,-22.282182957611628,2.2821829576116306,9500.0,1.0,-3.196283967408641,-17.03356787717464,1.0
15:54:56.897,-19.999999999999996,-22.19514318043346,2.1951431804334605,9500.0,0.0,-2.812729891319604,-14.989539731913684,1.0
15:54:56.917,-19.999999999999996,-22.108103403255285,2.10810340325529,9500.0,1.0,-2.3552023043612516,-12.551293541149416,1.0
15:54:56.937,-19.999999999999996,-20.019148750979195,0.019148750979199866,0.0,24.0,0.8074219721620985,4.302895834219532,1.0
15:54:56.956,-19.999999999999996,-17.582034989990426,-2.417965010009572,-9500.0,13.0,2.2705313355026466,12.100066832263323,1.0
15:54:56.977,-19.999999999999996,-17.146836104099574,-2.853163895900424,-9500.0,-7.0,1.1580675752423293,6.171548851849345,1.0
15:54:56.996,-19.999999999999996,-18.104273653059447,-1.8957263469405494,-9500.0,-9.0,-0.06090053378675031,-0.32454981678420897,1.0
15:54:57.017,-19.999999999999996,-18.365392984593957,-1.6346070154060381,-9500.0,-2.0,-0.29359246973234027,-1.5646066846393554,1.0
15:54:57.037,-19.999999999999996,-18.45243276177213,-1.5475672382278676,-9500.0,-1.0,-0.3783613733644594,-2.0163553054172585,1.0
15:54:57.057,-19.999999999999996,-20.62842719122639,0.6284271912263928,5559.350725504954,-17.0,-2.3729580085607243,-12.645916858655825,1.0
15:54:57.077,-19.999999999999996,-22.369222734789798,2.369222734789801,9500.0,-14.0,-3.7682030475334374,-20.081426756701887,1.0
15:54:57.097,-19.999999999999996,-22.543302289146137,2.543302289146142,9500.0,4.0,-2.836018681829425,-15.11364985415916,1.0
15:54:57.117,-19.999999999999996,-22.282182957611628,2.2821829576116306,9500.0,2.0,-2.2556964400098938,-12.021009025790807,1.0
15:54:57.137,-19.999999999999996,-22.19514318043346,2.1951431804334605,9500.0,1.0,-1.8650128672087067,-9.938986519761286,1.0
15:54:57.157,-19.999999999999996,-21.846984071720776,1.8469840717207786,9500.0,15.0,0.1587886768563378,0.8462132066294542,1.0
15:54:57.177,-19.999999999999996,-19.14875097919749,-0.8512490208025043,-6962.997383676817,26.0,3.2597340356335773,17.371704618134192,1.0
15:54:57.197,-19.999999999999996,-17.146836104099574,-2.853163895900424,-9500.0,9.0,3.948565951357548,21.04261287036972,1.0
15:54:57.217,-19.999999999999996,-17.407955435634083,-2.5920445643659127,-9500.0,-7.0,2.6347380371946425,14.040989365382975,1.0
15:54:57.237,-19.999999999999996,-18.278353207415787,-1.7216467925842085,-9500.0,-4.0,1.8385694727312853,9.798064949798514,1.0
15:54:57.257,-19.999999999999996,-18.365392984593957,-1.6346070154060381,-9500.0,1.0,1.7379411360035313,9.261798578757318,1.0
15:54:57.277,-19.999999999999996,-19.14875097919749,-0.8512490208025043,-6984.452191599108,-22.0,-1.110611800316892,-5.918648555255325,1.0
15:54:57.297,-19.999999999999996,-21.23770563147358,1.2377056314735857,9406.776448625833,-16.0,-2.897338384278865,-15.440433495578699,1.0
15:54:57.317,-19.999999999999996,-22.71738184350248,2.717381843502483,9500.0,-5.0,-3.1496577781654014,-16.785088590782383,1.0
15:54:57.337,-19.999999999999996,-22.456262511967967,2.4562625119679717,9500.0,5.0,-2.171698844785553,-11.573370845215369,1.0
15:54:57.357,-19.999999999999996,-22.282182957611628,2.2821829576116306,9500.0,3.0,-1.551094983411287,-8.26606207498565,1.0
15:54:57.377,-19.999999999999996,-22.282182957611628,2.2821829576116306,9500.0,0.0,-1.3649635854019326,-7.274134625987371,1.0
15:54:57.397,-19.999999999999996,-20.8895465227609,0.8895465227609041,7229.241686220742,24.0,1.6788320448462992,8.946795679562133,1.0
15:54:57.417,-19.999999999999996,-18.278353207415787,-1.7216467925842085,-9500.0,18.0,3.6373721994647434,19.38420581083794,1.0
15:54:57.437,-19.999999999999996,-16.79867699538689,-3.201323004613106,-9500.0,0.0,3.2008875355289743,17.05810111353739,1.0
15:54:57.457,-19.999999999999996,-17.494995212812253,-2.505004787187742,-9500.0,-11.0,1.4967810312654977,7.97661332763202,1.0
15:54:57.477,-19.999999999999996,-18.278353207415787,-1.7216467925842085,-9500.0,-5.0,0.7171673075136379,3.821912613643048,1.0
15:54:57.497,-19.999999999999996,-18.365392984593957,-1.6346070154060381,-9500.0,0.0,0.6311072306120014,3.3632831000058827,1.0
15:54:57.517,-19.999999999999996,-19.670989642266516,-0.3290103577334818,-3685.699190871368,-16.0,-1.3646256370614387,-7.272333638948836,1.0
15:54:57.537,-19.999999999999996,-21.759944294542606,1.7599442945426083,9500.0,-16.0,-3.1208705606140663,-16.63167636922899,1.0
15:54:57.557,-19.999999999999996,-22.80442162068065,2.804421620680653,9500.0,-2.0,-2.9863660933403784,-15.914878050790763,1.0
15:54:57.577,-19.999999999999996,-22.456262511967967,2.4562625119679717,9500.0,4.0,-2.148002162139533,-11.447086992957367,1.0
15:54:57.597,-19.999999999999996,-22.369222734789798,2.369222734789801,9500.0,0.0,-1.890241902682789,-10.073436553802484,1.0
15:54:57.617,-19.999999999999996,-22.282182957611628,2.2821829576116306,9500.0,0.0,-1.6634128743608543,-8.864624167346186,1.0
15:54:57.637,-19.999999999999996,-20.71546696840456,0.7154669684045633,6127.952362281545,24.0,1.416196670562448,7.547164883166375,1.0
15:54:57.657,-19.999999999999996,-18.104273653059447,-1.8957263469405494,-9500.0,11.0,2.5662530700949544,13.676020749467295,1.0
15:54:57.677,-19.999999999999996,-16.79867699538689,-3.201323004613106,-9500.0,0.0,2.2583027016835597,12.034898259531218,1.0
15:54:57.697,-19.999999999999996,-17.582034989990426,-2.417965010009572,-9500.0,-11.0,0.6673063774815327,3.556194816106589,1.0
15:54:57.717,-19.999999999999996,-18.278353207415787,-1.7216467925842085,-9500.0,0.0,0.5872296121837487,3.129451438173798,1.0
15:54:57.737,-19.999999999999996,-18.365392984593957,-1.6346070154060381,-9500.0,0.0,0.5167620587216989,2.7539172655929423,1.0
15:54:57.757,-19.999999999999996,-19.758029419444686,-0.2419705805553114,-3137.37137367599,-18.0,-1.7052493883249051,-9.087578419101476,1.0
15:54:57.777,-19.999999999999996,-21.759944294542606,1.7599442945426083,9500.0,-17.0,-3.5406194617259166,-18.868593198697937,1.0
15:54:57.797,-19.999999999999996,-22.71738184350248,2.717381843502483,9500.0,4.0,-2.6357451263188065,-14.046356323115681,1.0
15:54:57.817,-19.999999999999996,-22.456262511967967,2.4562625119679717,9500.0,5.0,-1.7194557111605495,-9.16328644966867,1.0
15:54:57.837,-19.999999999999996,-22.282182957611628,2.2821829576116306,9500.0,3.0,-1.1531210258212834,-6.145187806904551,1.0
15:54:57.857,-19.999999999999996,-22.282182957611628,2.2821829576116306,9500.0,0.0,-1.0147465027227294,-5.407765270076005,1.0
15:54:57.877,-19.999999999999996,-20.71546696840456,0.7154669684045633,6127.220042482578,18.0,1.2670230776039983,6.752192175156381,1.0
15:54:57.897,-19.999999999999996,-18.017233875881278,-1.9827661241187198,-9500.0,23.0,3.8749803082915184,20.65046184163401,1.0
15:54:57.918,-50.0,-16.711637218208722,-33.28836278179128,-9500.0,2.0,3.649982671296536,19.451409266507177,1.0
15:54:57.937,-50.0,-17.582034989990426,-32.417965010009574,-9500.0,-11.0,1.891984750740952,10.082724502245433,1.0
15:54:57.957,-50.0,-18.278353207415787,-31.721646792584213,-9500.0,0.0,1.6649465806520378,8.872797561975982,1.0
15:54:57.977,-50.0,-18.365392984593957,-31.634607015406043,-9500.0,0.0,1.4651529909737933,7.808061854538865,1.0
15:54:57.997,-50.0,-19.758029419444686,-30.241970580555314,-9500.0,-16.0,-0.6306653679430618,-3.3609283349598114,1.0
15:54:58.017,-50.0,-21.846984071720776,-28.153015928279224,-9500.0,-17.0,-2.5949855237898944,-13.829141124653272,1.0
15:54:58.037,-50.0,-23.674819392462354,-26.325180607537646,-9500.0,-16.0,-4.203587260935107,-22.401666956648892,1.0
15:54:58.057,-50.0,-25.06745582731308,-24.93254417268692,-9500.0,-7.0,-4.539156789622894,-24.189976882393406,1.0
15:54:58.077,-50.0,-25.06745582731308,-24.93254417268692,-9500.0,0.0,-3.9944579748681472,-21.2871796565062,1.0
15:54:58.097,-50.0,-25.06745582731308,-24.93254417268692,-9500.0,0.0,-3.5151230178839694,-18.732718097725453,1.0
15:54:58.117,-50.0,-25.06745582731308,-24.93254417268692,-9500.0,0.0,-3.093308255737893,-16.4847919259984,1.0
15:54:58.137,-50.0,-25.154495604491252,-24.84550439550875,-9500.0,-1.0,-2.842111265049346,-15.146118317813219,1.0
15:54:58.157,-50.0,-25.154495604491252,-24.84550439550875,-9500.0,-1.0,-2.621057913243425,-13.96808554261026,1.0
15:54:58.177,-50.0,-25.154495604491252,-24.84550439550875,-9500.0,0.0,-2.3065309636542137,-12.291915277497028,1.0
15:54:58.197,-50.0,-25.154495604491252,-24.84550439550875,-9500.0,0.0,-2.029747248015708,-10.816885444197384,1.0
15:54:58.217,-50.0,-25.154495604491252,-24.84550439550875,-9500.0,0.0,-1.786177578253823,-9.518859190893698,1.0
15:54:58.237,-50.0,-25.154495604491252,-24.84550439550875,-9500.0,0.0,-1.5718362688633642,-8.376596087986455,1.0
15:54:58.257,-50.0,-25.154495604491252,-24.84550439550875,-9500.0,0.0,-1.3832159165997606,-7.37140455742808,1.0
15:54:58.277,-50.0,-25.154495604491252,-24.84550439550875,-9500.0,0.0,-1.2172300066077895,-6.486836010536711,1.0
15:54:58.297,-50.0,-25.154495604491252,-24.84550439550875,-9500.0,0.0,-1.0711624058148548,-5.708415689272306,1.0
15:54:58.317,-50.0,-25.154495604491252,-24.84550439550875,-9500.0,0.0,-0.9426229171170722,-5.023405806559629,1.0
15:54:58.337,-50.0,-25.154495604491252,-24.84550439550875,-9500.0,0.0,-0.8295081670630235,-4.420597109772474,1.0
15:54:58.357,-50.0,-25.154495604491252,-24.84550439550875,-9500.0,0.0,-0.7299671870154607,-3.890125456599777,1.0
15:54:58.377,-50.0,-25.154495604491252,-24.84550439550875,-9500.0,0.0,-0.6423711245736055,-3.4233104018078038,1.0
15:54:58.397,-50.0,-25.154495604491252,-24.84550439550875,-9500.0,0.0,-0.5652865896247729,-3.012513153590868,1.0
15:54:58.417,-50.0,-25.154495604491252,-24.84550439550875,-9500.0,0.0,-0.49745219886980013,-2.6510115751599637,1.0
15:54:58.437,-50.0,-25.06745582731308,-24.93254417268692,-9500.0,0.0,-0.4377579350054241,-2.332890186140768,1.0
15:54:58.457,-50.0,-25.06745582731308,-24.93254417268692,-9500.0,0.0,-0.3852269828047732,-2.052943363803876,1.0
15:54:58.477,-50.0,-25.06745582731308,-24.93254417268692,-9500.0,0.0,-0.3389997448682004,-1.8065901601474106,1.0
15:54:58.497,-50.0,-25.154495604491252,-24.84550439550875,-9500.0,0.0,-0.29831977548401634,-1.5897993409297213,1.0
15:54:58.517,-50.0,-25.154495604491252,-24.84550439550875,-9500.0,0.0,-0.26252140242593436,-1.3990234200181546,1.0
15:54:58.537,-50.0,-25.154495604491252,-24.84550439550875,-9500.0,0.0,-0.23101883413482224,-1.231140609615976,1.0
15:54:58.557,-50.0,-25.154495604491252,-24.84550439550875,-9500.0,0.0,-0.20329657403864357,-1.083403736462059,1.0
15:54:58.577,-50.0,-25.154495604491252,-24.84550439550875,-9500.0,0.0,-0.17890098515400635,-0.9533952880866119,1.0
15:54:58.597,-50.0,-25.154495604491252,-24.84550439550875,-9500.0,0.0,-0.15743286693552558,-0.8389878535162184,1.0
15:54:58.617,-50.0,-25.154495604491252,-24.84550439550875,-9500.0,0.0,-0.1385409229032625,-0.7383093110942722,1.0
15:54:58.637,-50.0,-25.154495604491252,-24.84550439550875,-9500.0,0.0,-0.12191601215487101,-0.6497121937629595,1.0
15:54:58.657,-50.0,-25.154495604491252,-24.84550439550875,-9500.0,0.0,-0.10728609069628649,-0.5717467305114043,1.0
15:54:58.677,-50.0,-25.154495604491252,-24.84550439550875,-9500.0,0.0,-0.09441175981273212,-0.5031371228500359,1.0
15:54:58.697,-50.0,-25.154495604491252,-24.84550439550875,-9500.0,0.0,-0.08308234863520426,-0.4427606681080316,1.0
15:54:58.717,-50.0,-25.154495604491252,-24.84550439550875,-9500.0,0.0,-0.07311246679897976,-0.38962938793506785,1.0
15:54:58.737,-50.0,-25.154495604491252,-24.84550439550875,-9500.0,0.0,-0.06433897078310219,-0.3428738613828597,1.0
15:54:58.757,-50.0,-25.154495604491252,-24.84550439550875,-9500.0,0.0,-0.05661829428912993,-0.30172899801691655,1.0
15:54:58.777,-50.0,-25.154495604491252,-24.84550439550875,-9500.0,0.0,-0.049824098974434336,-0.26552151825488657,1.0
15:54:58.797,-50.0,-25.154495604491252,-24.84550439550875,-9500.0,0.0,-0.04384520709750222,-0.2336589360643002,1.0
15:54:58.817,-50.0,-25.154495604491252,-24.84550439550875,-9500.0,0.0,-0.03858378224580195,-0.20561986373658417,1.0
15:54:58.837,-50.0,-25.154495604491252,-24.84550439550875,-9500.0,0.0,-0.03395372837630572,-0.18094548008819408,1.0
15:54:58.857,-50.0,-25.154495604491252,-24.84550439550875,-9500.0,0.0,-0.029879280971149034,-0.15923202247761079,1.0
15:54:58.877,-50.0,-25.154495604491252,-24.84550439550875,-9500.0,0.0,-0.02629376725461115,-0.1401241797802975,1.0
15:54:58.898,-50.0,-25.154495604491252,-24.84550439550875,-9500.0,0.0,-0.023138515184057813,-0.12330927820666181,1.0
15:54:58.917,-50.0,-25.154495604491252,-24.84550439550875,-9500.0,0.0,-0.020361893361970876,-0.10851216482186239,1.0
15:54:58.937,-50.0,-25.154495604491252,-24.84550439550875,-9500.0,0.0,-0.01791846615853437,-0.09549070504323891,1.0
15:54:58.957,-50.0,-25.154495604491252,-24.84550439550875,-9500.0,0.0,-0.015768250219510248,-0.08403182043805024,1.0
15:54:58.977,-50.0,-25.154495604491252,-24.84550439550875,-9500.0,0.0,-0.013876060193169018,-0.07394800198548421,1.0
15:54:58.997,-50.0,-25.154495604491252,-24.84550439550875,-9500.0,0.0,-0.012210932969988736,-0.0650742417472261,1.0
15:54:59.017,-50.0,-25.154495604491252,-24.84550439550875,-9500.0,0.0,-0.010745621013590088,-0.057265332737558974,1.0
15:54:59.037,-50.0,-25.154495604491252,-24.84550439550875,-9500.0,0.0,-0.009456146491959277,-0.0503934928090519,1.0
15:54:59.057,-50.0,-25.154495604491252,-24.84550439550875,-9500.0,0.0,-0.008321408912924164,-0.04434627367196567,1.0
15:54:59.077,-50.0,-25.154495604491252,-24.84550439550875,-9500.0,0.0,-0.007322839843373265,-0.039024720831329796,1.0
15:54:59.097,-50.0,-25.154495604491252,-24.84550439550875,-9500.0,0.0,-0.006444099062168473,-0.03434175433157022,1.0
15:54:59.118,-50.0,-25.154495604491252,-24.84550439550875,-9500.0,0.0,-0.005670807174708256,-0.03022074381178179,1.0
15:54:59.137,-50.0,-25.154495604491252,-24.84550439550875,-9500.0,0.0,-0.004990310313743265,-0.026594254554367976,1.0
15:54:59.157,-50.0,-25.154495604491252,-24.84550439550875,-9500.0,0.0,-0.004391473076094074,-0.02340294400784382,1.0
15:54:59.177,-50.0,-25.154495604491252,-24.84550439550875,-9500.0,0.0,-0.003864496306962785,-0.020594590726902562,1.0
15:54:59.197,-50.0,-25.154495604491252,-24.84550439550875,-9500.0,0.0,-0.0034007567501272507,-0.018123239839674253,1.0
15:54:59.217,-50.0,-25.154495604491252,-24.84550439550875,-9500.0,0.0,-0.0029926659401119807,-0.015948451058913345,1.0
15:54:59.237,-50.0,-25.154495604491252,-24.84550439550875,-9500.0,0.0,-0.002633546027298543,-0.014034636931843742,1.0
15:54:59.257,-50.0,-25.154495604491252,-24.84550439550875,-9500.0,0.0,-0.0023175205040227177,-0.012350480500022493,1.0
15:54:59.277,-50.0,-25.154495604491252,-24.84550439550875,-9500.0,0.0,-0.0020394180435399914,-0.010868422840019792,1.0
15:54:59.297,-50.0,-25.154495604491252,-24.84550439550875,-9500.0,0.0,-0.0017946878783151924,-0.009564212099217418,1.0
15:54:59.317,-50.0,-25.154495604491252,-24.84550439550875,-9500.0,0.0,-0.0015793253329173694,-0.008416506647311328,1.0
15:54:59.337,-50.0,-25.154495604491252,-24.84550439550875,-9500.0,0.0,-0.0013898062929672851,-0.007406525849633969,1.0
15:54:59.357,-50.0,-25.154495604491252,-24.84550439550875,-9500.0,0.0,-0.001223029537811211,-0.006517742747677893,1.0
15:54:59.377,-50.0,-25.154495604491252,-24.84550439550875,-9500.0,0.0,-0.0010762659932738656,-0.005735613617956545,1.0
15:54:59.397,-50.0,-25.154495604491252,-24.84550439550875,-9500.0,0.0,-0.0009471140740810017,-0.00504733998380176,1.0
15:54:59.417,-50.0,-25.06745582731308,-24.93254417268692,-9500.0,0.0,-0.0008334603851912815,-0.004441659185745549,1.0
15:54:59.437,-50.0,-25.06745582731308,-24.93254417268692,-9500.0,0.0,-0.0007334451389683277,-0.003908660083456083,1.0
15:54:59.457,-50.0,-25.06745582731308,-24.93254417268692,-9500.0,0.0,-0.0006454317222921284,-0.0034396208734413527,1.0
15:54:59.477,-50.0,-25.06745582731308,-24.93254417268692,-9500.0,0.0,-0.000567979915617073,-0.0030268663686283904,1.0
15:54:59.497,-50.0,-25.06745582731308,-24.93254417268692,-9500.0,0.0,-0.0004998223257430243,-0.002663642404392984,1.0
15:54:59.517,-50.0,-25.06745582731308,-24.93254417268692,-9500.0,0.0,-0.00043984364665386135,-0.002344005315865826,1.0
15:54:59.537,-50.0,-25.06745582731308,-24.93254417268692,-9500.0,0.0,-0.000387062409055398,-0.0020627246779619268,1.0
15:54:59.557,-50.0,-25.06745582731308,-24.93254417268692,-9500.0,0.0,-0.0003406149199687502,-0.0018151977166064954,1.0
15:54:59.577,-50.0,-25.06745582731308,-24.93254417268692,-9500.0,0.0,-0.0002997411295725002,-0.001597373990613716,1.0
15:54:59.597,-50.0,-25.06745582731308,-24.93254417268692,-9500.0,0.0,-0.0002637721940238002,-0.0014056891117400702,1.0
15:54:59.617,-50.0,-25.06745582731308,-24.93254417268692,-9500.0,0.0,-0.00023211953074094417,-0.0012370064183312617,1.0
15:54:59.637,-50.0,-25.06745582731308,-24.93254417268692,-9500.0,0.0,-0.00020426518705203087,-0.0010885656481315104,1.0
15:54:59.657,-50.0,-25.06745582731308,-24.93254417268692,-9500.0,0.0,-0.00017975336460578716,-0.000957937770355729,1.0
15:54:59.677,-50.0,-25.06745582731308,-24.93254417268692,-9500.0,0.0,-0.00015818296085309269,-0.0008429852379130416,1.0
15:54:59.697,-50.0,-25.06745582731308,-24.93254417268692,-9500.0,0.0,-0.00013920100555072157,-0.0007418270093634766,1.0
15:54:59.717,-50.0,-25.06745582731308,-24.93254417268692,-9500.0,0.0,-0.00012249688488463498,-0.0006528077682398594,1.0
15:54:59.737,-50.0,-25.06745582731308,-24.93254417268692,-9500.0,0.0,-0.00010779725869847879,-0.0005744708360510762,1.0
15:54:59.757,-50.0,-26.721211593698317,-23.278788406301683,-9500.0,-22.0,-2.6400948615876545,-14.069536838897491,1.0
15:54:59.777,-50.0,-29.419444686221603,-20.5805553137784,-9500.0,-23.0,-5.083283478197136,-27.089725145726185,1.0
15:54:59.797,-50.0,-31.24728000696318,-18.75271999303682,-9500.0,-11.0,-5.7932894608134795,-30.873473780519927,1.0
15:54:59.817,-50.0,-32.204717555923054,-17.795282444076946,-9500.0,-4.0,-5.578094725515863,-29.72666261859604,1.0
15:54:59.837,-50.0,-32.29175733310122,-17.708242666898776,-9500.0,0.0,-4.908723358453959,-26.159463104364516,1.0
15:54:59.858,-50.0,-32.29175733310122,-17.708242666898776,-9500.0,0.0,-4.319676555439484,-23.020327531840774,1.0
15:54:59.877,-50.0,-32.29175733310122,-17.708242666898776,-9500.0,0.0,-3.801315368786746,-20.25788822801988,1.0
15:54:59.897,-50.0,-32.29175733310122,-17.708242666898776,-9500.0,0.0,-3.345157524532336,-17.826941640657495,1.0
15:54:59.917,-50.0,-32.29175733310122,-17.708242666898776,-9500.0,0.0,-2.943738621588456,-15.687708643778597,1.0
15:54:59.937,-50.0,-32.29175733310122,-17.708242666898776,-9500.0,0.0,-2.5904899869978415,-13.805183606525166,1.0
15:54:59.957,-50.0,-32.29175733310122,-17.708242666898776,-9500.0,0.0,-2.2796311885581004,-12.148561573742146,1.0
15:54:59.977,-50.0,-32.29175733310122,-17.708242666898776,-9500.0,0.0,-2.0060754459311285,-10.690734184893088,1.0
15:54:59.998,-50.0,-32.29175733310122,-17.708242666898776,-9500.0,0.0,-1.765346392419393,-9.407846082705918,1.0
15:55:00.017,-50.0,-32.29175733310122,-17.708242666898776,-9500.0,0.0,-1.553504825329066,-8.278904552781208,1.0
15:55:00.037,-50.0,-32.29175733310122,-17.708242666898776,-9500.0,0.0,-1.367084246289578,-7.285436006447463,1.0
15:55:00.057,-50.0,-32.29175733310122,-17.708242666898776,-9500.0,0.0,-1.2030341367348287,-6.411183685673768,1.0
15:55:00.077,-50.0,-32.29175733310122,-17.708242666898776,-9500.0,0.0,-1.0586700403266494,-5.641841643392916,1.0
15:55:00.098,-50.0,-32.29175733310122,-17.708242666898776,-9500.0,0.0,-0.9316296354874515,-4.964820646185767,1.0
15:55:00.117,-50.0,-32.29175733310122,-17.708242666898776,-9500.0,0.0,-0.8198340792289573,-4.369042168643475,1.0
15:55:00.137,-50.0,-32.29175733310122,-17.708242666898776,-9500.0,0.0,-0.7214539897214824,-3.8447571084062577,1.0
15:55:00.157,-50.0,-32.29175733310122,-17.708242666898776,-9500.0,0.0,-0.6348795109549046,-3.383386255397507,1.0
15:55:00.177,-50.0,-32.29175733310122,-17.708242666898776,-9500.0,0.0,-0.558693969640316,-2.977379904749806,1.0
15:55:00.197,-50.0,-32.29175733310122,-17.708242666898776,-9500.0,0.0,-0.4916506932834781,-2.6200943161798294,1.0
15:55:00.217,-50.0,-32.29175733310122,-17.708242666898776,-9500.0,0.0,-0.4326526100894607,-2.30568299823825,1.0
15:55:00.237,-50.0,-32.29175733310122,-17.708242666898776,-9500.0,0.0,-0.38073429687872545,-2.02900103844966,1.0
15:55:00.257,-50.0,-32.29175733310122,-17.708242666898776,-9500.0,0.0,-0.3350461812532784,-1.7855209138357007,1.0
15:55:00.277,-50.0,-32.29175733310122,-17.708242666898776,-9500.0,0.0,-0.29484063950288497,-1.5712584041754165,1.0
15:55:00.297,-50.0,-32.29175733310122,-17.708242666898776,-9500.0,0.0,-0.2594597627625388,-1.3827073956743665,1.0
15:55:00.317,-50.0,-32.29175733310122,-17.708242666898776,-9500.0,0.0,-0.22832459123103413,-1.2167825081934427,1.0
15:55:00.337,-50.0,-32.29175733310122,-17.708242666898776,-9500.0,0.0,-0.20092564028331003,-1.0707686072102294,1.0
15:55:00.357,-50.0,-32.72695621899208,-17.273043781007924,-9500.0,-6.0,-0.8968145634493128,-4.7792849119527565,1.0
15:55:00.377,-50.0,-32.81399599617025,-17.18600400382975,-9500.0,0.0,-0.7891968158353952,-4.205770722518426,1.0
15:55:00.397,-50.0,-32.81399599617025,-17.18600400382975,-9500.0,0.0,-0.6944931979351479,-3.701078235816215,1.0
15:55:00.417,-50.0,-32.81399599617025,-17.18600400382975,-9500.0,0.0,-0.6111540141829301,-3.2569488475182693,1.0
15:55:00.437,-50.0,-32.81399599617025,-17.18600400382975,-9500.0,0.0,-0.5378155324809786,-2.8661149858160773,1.0
15:55:00.457,-50.0,-32.81399599617025,-17.18600400382975,-9500.0,0.0,-0.47327766858326115,-2.522181187518148,1.0
15:55:00.477,-50.0,-32.81399599617025,-17.18600400382975,-9500.0,0.0,-0.4164843483532698,-2.2195194450159703,1.0
15:55:00.497,-50.0,-32.81399599617025,-17.18600400382975,-9500.0,0.0,-0.36650622655087745,-1.9531771116140537,1.0
15:55:00.518,-50.0,-32.81399599617025,-17.18600400382975,-9500.0,0.0,-0.32252547936477216,-1.7187958582203673,1.0
15:55:00.537,-50.0,-32.81399599617025,-17.18600400382975,-9500.0,0.0,-0.2838224218409995,-1.5125403552339232,1.0
15:55:00.557,-50.0,-32.81399599617025,-17.18600400382975,-9500.0,0.0,-0.24976373122007955,-1.3310355126058524,1.0
15:55:00.577,-50.0,-32.81399599617025,-17.18600400382975,-9500.0,0.0,-0.21979208347367002,-1.1713112510931503,1.0
15:55:00.597,-50.0,-32.81399599617025,-17.18600400382975,-9500.0,0.0,-0.19341703345682962,-1.0307539009619722,1.0
15:55:00.617,-50.0,-32.81399599617025,-17.18600400382975,-9500.0,0.0,-0.17020698944201007,-0.9070634328465356,1.0
15:55:00.637,-50.0,-32.81399599617025,-17.18600400382975,-9500.0,0.0,-0.14978215070896886,-0.7982158209049512,1.0
15:55:00.657,-50.0,-32.81399599617025,-17.18600400382975,-9500.0,0.0,-0.1318082926238926,-0.7024299223963572,1.0
15:55:00.677,-50.0,-32.81399599617025,-17.18600400382975,-9500.0,0.0,-0.11599129750902548,-0.6181383317087943,1.0
15:55:00.697,-50.0,-32.81399599617025,-17.18600400382975,-9500.0,0.0,-0.10207234180794242,-0.543961731903739,1.0
15:55:00.717,-50.0,-32.81399599617025,-17.18600400382975,-9500.0,0.0,-0.08982366079098933,-0.47868632407529027,1.0
15:55:00.737,-50.0,-32.81399599617025,-17.18600400382975,-9500.0,0.0,-0.07904482149607062,-0.42124396518625545,1.0
15:55:00.757,-50.0,-32.81399599617025,-17.18600400382975,-9500.0,0.0,-0.06955944291654215,-0.3706946893639048,1.0
15:55:00.777,-50.0,-32.81399599617025,-17.18600400382975,-9500.0,0.0,-0.06121230976655709,-0.3262113266402363,1.0
15:55:00.797,-50.0,-32.81399599617025,-17.18600400382975,-9500.0,0.0,-0.05386683259457024,-0.2870659674434079,1.0
15:55:00.817,-50.0,-32.81399599617025,-17.18600400382975,-9500.0,0.0,-0.04740281268322181,-0.25261805135019894,1.0
15:55:00.838,-50.0,-32.81399599617025,-17.18600400382975,-9500.0,0.0,-0.04171447516123519,-0.2223038851881751,1.0
15:55:00.857,-50.0,-32.81399599617025,-17.18600400382975,-9500.0,0.0,-0.03670873814188697,-0.19562741896559407,1.0
15:55:00.877,-50.0,-32.81399599617025,-17.18600400382975,-9500.0,0.0,-0.03230368956486054,-0.1721521286897228,1.0
15:55:00.897,-50.0,-32.81399599617025,-17.18600400382975,-9500.0,0.0,-0.028427246817077274,-0.15149387324695607,1.0
15:55:00.917,-50.0,-32.81399599617025,-17.18600400382975,-9500.0,0.0,-0.025015977199028,-0.13331460845732135,1.0
15:55:00.937,-50.0,-32.81399599617025,-17.18600400382975,-9500.0,0.0,-0.02201405993514464,-0.11731685544244279,1.0
15:55:00.958,-50.0,-32.81399599617025,-17.18600400382975,-9500.0,0.0,-0.019372372742927284,-0.10323883278934966,1.0
15:55:00.977,-50.0,-32.81399599617025,-17.18600400382975,-9500.0,0.0,-0.01704768801377601,-0.0908501728546277,1.0
15:55:00.997,-50.0,-32.81399599617025,-17.18600400382975,-9500.0,0.0,-0.015001965452122889,-0.07994815211207237,1.0
15:55:01.017,-50.0,-32.81399599617025,-17.18600400382975,-9500.0,0.0,-0.013201729597868143,-0.07035437385862368,1.0
15:55:01.037,-50.0,-32.81399599617025,-17.18600400382975,-9500.0,0.0,-0.011617522046123966,-0.061911848995588846,1.0
15:55:01.057,-50.0,-32.81399599617025,-17.18600400382975,-9500.0,0.0,-0.01022341940058909,-0.05448242711611819,1.0
15:55:01.077,-50.0,-32.81399599617025,-17.18600400382975,-9500.0,0.0,-0.0089966090725184,-0.04794453586218401,1.0
15:55:01.097,-50.0,-32.81399599617025,-17.18600400382975,-9500.0,0.0,-0.007917015983816193,-0.04219119155872193,1.0
15:55:01.117,-50.0,-32.81399599617025,-17.18600400382975,-9500.0,0.0,-0.0069669740657582495,-0.0371282485716753,1.0
15:55:01.137,-50.0,-32.81399599617025,-17.18600400382975,-9500.0,0.0,-0.0061309371778672595,-0.03267285874307426,1.0
15:55:01.158,-50.0,-32.81399599617025,-17.18600400382975,-9500.0,0.0,-0.0053952247165231886,-0.02875211569390535,1.0
15:55:01.177,-50.0,-32.81399599617025,-17.18600400382975,-9500.0,0.0,-0.004747797750540406,-0.02530186181063671,1.0
15:55:01.197,-50.0,-32.81399599617025,-17.18600400382975,-9500.0,0.0,-0.004178062020475557,-0.022265638393360303,1.0
15:55:01.217,-50.0,-32.81399599617025,-17.18600400382975,-9500.0,0.0,-0.00367669457801849,-0.019593761786157068,1.0
15:55:01.237,-50.0,-32.81399599617025,-17.18600400382975,-9500.0,0.0,-0.0032354912286562715,-0.01724251037181822,1.0
15:55:01.257,-50.0,-32.81399599617025,-17.18600400382975,-9500.0,0.0,-0.0028472322812175188,-0.015173409127200032,1.0
15:55:01.277,-50.0,-32.81399599617025,-17.18600400382975,-9500.0,0.0,-0.0025055644074714165,-0.013352600031936028,1.0
15:55:01.297,-50.0,-32.81399599617025,-17.18600400382975,-9500.0,0.0,-0.0022048966785748465,-0.011750288028103704,1.0
15:55:01.317,-50.0,-32.81399599617025,-17.18600400382975,-9500.0,0.0,-0.0019403090771458649,-0.01034025346473126,1.0
15:55:01.337,-50.0,-32.81399599617025,-17.18600400382975,-9500.0,0.0,-0.001707471987888361,-0.00909942304896351,1.0
15:55:01.357,-50.0,-32.81399599617025,-17.18600400382975,-9500.0,0.0,-0.0015025753493417577,-0.008007492283087888,1.0
15:55:01.377,-50.0,-32.81399599617025,-17.18600400382975,-9500.0,0.0,-0.0013222663074207467,-0.007046593209117341,1.0
15:55:01.397,-50.0,-32.81399599617025,-17.18600400382975,-9500.0,0.0,-0.0011635943505302572,-0.00620100202402326,1.0
15:55:01.417,-50.0,-32.81399599617025,-17.18600400382975,-9500.0,0.0,-0.0010239630284666263,-0.005456881781140469,1.0
15:55:01.437,-50.0,-32.81399599617025,-17.18600400382975,-9500.0,0.0,-0.0009010874650506312,-0.004802055967403613,1.0
15:55:01.457,-50.0,-32.81399599617025,-17.18600400382975,-9500.0,0.0,-0.0007929569692445554,-0.004225809251315179,1.0
15:55:01.477,-50.0,-32.81399599617025,-17.18600400382975,-9500.0,0.0,-0.0006978021329352088,-0.003718712141157358,1.0
15:55:01.497,-50.0,-32.81399599617025,-17.18600400382975,-9500.0,0.0,-0.0006140658769829837,-0.0032724666842184748,1.0
15:55:01.517,-50.0,-32.81399599617025,-17.18600400382975,-9500.0,0.0,-0.0005403779717450257,-0.002879770682112258,1.0
15:55:01.537,-50.0,-32.81399599617025,-17.18600400382975,-9500.0,0.0,-0.0004755326151356226,-0.0025341982002587866,1.0
15:55:01.557,-50.0,-32.81399599617025,-17.18600400382975,-9500.0,0.0,-0.0004184687013193479,-0.0022300944162277326,1.0
15:55:01.577,-50.0,-32.81399599617025,-17.18600400382975,-9500.0,0.0,-0.0003682524571610261,-0.0019624830862804044,1.0
15:55:01.597,-50.0,-32.81399599617025,-17.18600400382975,-9500.0,0.0,-0.00032406216230170296,-0.0017269851159267557,1.0
15:55:01.617,-50.0,-32.81399599617025,-17.18600400382975,-9500.0,0.0,-0.0002851747028254986,-0.0015197469020155451,1.0
15:55:01.637,-50.0,-32.81399599617025,-17.18600400382975,-9500.0,0.0,-0.00025095373848643877,-0.0013373772737736796,1.0
15:55:01.657,-50.0,-32.81399599617025,-17.18600400382975,-9500.0,0.0,-0.00022083928986806612,-0.0011768920009208382,1.0
15:55:01.677,-50.0,-32.81399599617025,-17.18600400382975,-9500.0,0.0,-0.00019433857508389818,-0.0010356649608103375,1.0
15:55:01.697,-50.0,-32.81399599617025,-17.18600400382975,-9500.0,0.0,-0.0001710179460738304,-0.000911385165513097,1.0
15:55:01.717,-50.0,-32.81399599617025,-17.18600400382975,-9500.0,0.0,-0.00015049579254497076,-0.0008020189456515254,1.0
15:55:01.737,-50.0,-32.81399599617025,-17.18600400382975,-9500.0,0.0,-0.00013243629743957426,-0.0007057766721733423,1.0
15:55:01.757,-50.0,-32.81399599617025,-17.18600400382975,-9500.0,0.0,-0.00011654394174682535,-0.0006210834715125413,1.0
15:55:01.777,-50.0,-32.81399599617025,-17.18600400382975,-9500.0,0.0,-0.0001025586687372063,-0.0005465534549310363,1.0
15:55:01.797,-50.0,-32.81399599617025,-17.18600400382975,-9500.0,0.0,-9.025162848874155e-05,-0.0004809670403393119,1.0
15:55:01.817,-50.0,-32.81399599617025,-17.18600400382975,-9500.0,0.0,-7.942143307009256e-05,-0.0004232509954985945,1.0
15:55:01.837,-50.0,-32.81399599617025,-17.18600400382975,-9500.0,0.0,-6.989086110168145e-05,-0.00037246087603876315,1.0
15:55:01.857,-50.0,-32.81399599617025,-17.18600400382975,-9500.0,0.0,-6.150395776947968e-05,-0.00032776557091411155,1.0
15:55:01.877,-50.0,-32.81399599617025,-17.18600400382975,-9500.0,0.0,-5.412348283714212e-05,-0.0002884337024044182,1.0
15:55:01.897,-50.0,-32.81399599617025,-17.18600400382975,-9500.0,0.0,-4.7628664896685065e-05,-0.000253821658115888,1.0
15:55:01.917,-50.0,-32.81399599617025,-17.18600400382975,-9500.0,0.0,-4.191322510908286e-05,-0.00022336305914198146,1.0
15:55:01.937,-50.0,-32.81399599617025,-17.18600400382975,-9500.0,0.0,-3.688363809599292e-05,-0.0001965594920449437,1.0
15:55:01.957,-50.0,-32.81399599617025,-17.18600400382975,-9500.0,0.0,-3.245760152447377e-05,-0.00017297235299955046,1.0
15:55:01.977,-50.0,-32.81399599617025,-17.18600400382975,-9500.0,0.0,-2.856268934153692e-05,-0.0001522156706396044,1.0
15:55:01.997,-50.0,-32.81399599617025,-17.18600400382975,-9500.0,0.0,-2.5135166620552488e-05,-0.00013394979016285188,1.0
15:55:02.017,-50.0,-32.81399599617025,-17.18600400382975,-9500.0,0.0,-2.211894662608619e-05,-0.00011787581534330967,1.0
15:55:02.037,-50.0,-32.81399599617025,-17.18600400382975,-9500.0,0.0,-1.946467303095585e-05,-0.0001037307175021125,1.0
15:55:02.057,-50.0,-32.81399599617025,-17.18600400382975,-9500.0,0.0,-1.7128912267241145e-05,-9.1283031401859e-05,1.0
15:55:02.077,-50.0,-32.81399599617025,-17.18600400382975,-9500.0,0.0,-1.5073442795172208e-05,-8.032906763363592e-05,1.0
15:55:02.097,-50.0,-32.81399599617025,-17.18600400382975,-9500.0,0.0,-1.3264629659751543e-05,-7.068957951759961e-05,1.0
15:55:02.117,-50.0,-32.81399599617025,-17.18600400382975,-9500.0,0.0,-1.1672874100581358e-05,-6.220682997548765e-05,1.0
15:55:02.137,-50.0,-32.81399599617025,-17.18600400382975,-9500.0,0.0,-1.0272129208511596e-05,-5.474201037842914e-05,1.0
15:55:02.157,-50.0,-32.81399599617025,-17.18600400382975,-9500.0,0.0,-9.039473703490204e-06,-4.8172969133017644e-05,1.0
15:55:02.177,-50.0,-32.81399599617025,-17.18600400382975,-9500.0,0.0,-7.95473685907138e-06,-4.2392212837055526e-05,1.0
15:55:02.197,-50.0,-32.81399599617025,-17.18600400382975,-9500.0,0.0,-7.000168435982814e-06,-3.7305147296608866e-05,1.0
15:55:02.217,-50.0,-32.81399599617025,-17.18600400382975,-9500.0,0.0,-6.160148223664877e-06,-3.2828529621015804e-05,1.0
15:55:02.237,-50.0,-32.81399599617025,-17.18600400382975,-9500.0,0.0,-5.420930436825091e-06,-2.8889106066493903e-05,1.0
15:55:02.257,-50.0,-32.81399599617025,-17.18600400382975,-9500.0,0.0,-4.770418784406081e-06,-2.542241333851464e-05,1.0
15:55:02.277,-50.0,-32.81399599617025,-17.18600400382975,-9500.0,0.0,-4.197968530277351e-06,-2.237172373789288e-05,1.0
15:55:02.297,-50.0,-32.81399599617025,-17.18600400382975,-9500.0,0.0,-3.694212306644069e-06,-1.9687116889345737e-05,1.0
15:55:02.317,-50.0,-32.81399599617025,-17.18600400382975,-9500.0,0.0,-3.2509068298467807e-06,-1.732466286262425e-05,1.0
15:55:02.337,-50.0,-32.81399599617025,-17.18600400382975,-9500.0,0.0,-2.860798010265167e-06,-1.5245703319109338e-05,1.0
15:55:02.357,-50.0,-32.81399599617025,-17.18600400382975,-9500.0,0.0,-2.517502249033347e-06,-1.3416218920816217e-05,1.0
15:55:02.377,-50.0,-32.81399599617025,-17.18600400382975,-9500.0,0.0,-2.215401979149345e-06,-1.180627265031827e-05,1.0
15:55:02.397,-50.0,-32.81399599617025,-17.18600400382975,-9500.0,0.0,-1.9495537416514236e-06,-1.0389519932280077e-05,1.0
15:55:02.417,-50.0,-32.81399599617025,-17.18600400382975,-9500.0,0.0,-1.7156072926532527e-06,-9.142777540406467e-06,1.0
15:55:02.437,-50.0,-32.81399599617025,-17.18600400382975,-9500.0,0.0,-1.5097344175348623e-06,-8.045644235557691e-06,1.0
15:55:02.457,-50.0,-32.81399599617025,-17.18600400382975,-9500.0,0.0,-1.3285662874306788e-06,-7.080166927290768e-06,1.0
15:55:02.477,-50.0,-32.81399599617025,-17.18600400382975,-9500.0,0.0,-1.1691383329389973e-06,-6.230546896015876e-06,1.0
15:55:02.497,-50.0,-32.81399599617025,-17.18600400382975,-9500.0,0.0,-1.0288417329863175e-06,-5.48288126849397e-06,1.0
15:55:02.517,-50.0,-32.81399599617025,-17.18600400382975,-9500.0,0.0,-9.053807250279594e-07,-4.8249355162746935e-06,1.0
15:55:02.537,-50.0,-32.81399599617025,-17.18600400382975,-9500.0,0.0,-7.967350380246043e-07,-4.24594325432173e-06,1.0
15:55:02.557,-50.0,-32.81399599617025,-17.18600400382975,-9500.0,0.0,-7.011268334616518e-07,-3.7364300638031226e-06,1.0
15:55:02.577,-50.0,-32.81399599617025,-17.18600400382975,-9500.0,0.0,-6.169916134462535e-07,-3.2880584561467476e-06,1.0
15:55:02.597,-50.0,-32.81399599617025,-17.18600400382975,-9500.0,0.0,-5.429526198327032e-07,-2.893491441409138e-06,1.0
15:55:02.617,-50.0,-32.81399599617025,-17.18600400382975,-9500.0,0.0,-4.777983054527788e-07,-2.546272468440042e-06,1.0
15:55:02.637,-50.0,-32.81399599617025,-17.18600400382975,-9500.0,0.0,-4.204625087984454e-07,-2.240719772227237e-06,1.0
15:55:02.657,-50.0,-32.81399599617025,-17.18600400382975,-9500.0,0.0,-3.700070077426319e-07,-1.9718333995599684e-06,1.0
15:55:02.677,-50.0,-32.81399599617025,-17.18600400382975,-9500.0,0.0,-3.256061668135161e-07,-1.7352133916127723e-06,1.0
15:55:02.697,-50.0,-32.81399599617025,-17.18600400382975,-9500.0,0.0,-2.865334267958942e-07,-1.5269877846192396e-06,1.0
15:55:02.717,-50.0,-32.81399599617025,-17.18600400382975,-9500.0,0.0,-2.5214941558038686e-07,-1.3437492504649308e-06,1.0
15:55:02.737,-50.0,-32.81399599617025,-17.18600400382975,-9500.0,0.0,-2.2189148571074045e-07,-1.1824993404091392e-06,1.0
15:55:02.757,-50.0,-32.81399599617025,-17.18600400382975,-9500.0,0.0,-1.952645074254516e-07,-1.0405994195600427e-06,1.0
15:55:02.777,-50.0,-32.81399599617025,-17.18600400382975,-9500.0,0.0,-1.7183276653439743e-07,-9.157274892128375e-07,1.0
15:55:02.797,-50.0,-32.81399599617025,-17.18600400382975,-9500.0,0.0,-1.5121283455026974e-07,-8.05840190507297e-07,1.0
15:55:02.817,-50.0,-32.81399599617025,-17.18600400382975,-9500.0,0.0,-1.3306729440423736e-07,-7.091393676464213e-07,1.0
15:55:02.837,-50.0,-32.81399599617025,-17.18600400382975,-9500.0,0.0,-1.1709921907572887e-07,-6.240426435288507e-07,1.0
15:55:02.857,-50.0,-32.81399599617025,-17.18600400382975,-9500.0,0.0,-1.0304731278664141e-07,-5.491575263053887e-07,1.0
15:55:02.877,-50.0,-32.81399599617025,-17.18600400382975,-9500.0,0.0,-9.068163525224444e-08,-4.832586231487421e-07,1.0
15:55:02.897,-50.0,-32.81399599617025,-17.18600400382975,-9500.0,0.0,-7.979983902197512e-08,-4.2526758837089305e-07,1.0
15:55:02.917,-50.0,-32.81399599617025,-17.18600400382975,-9500.0,0.0,-7.022385833933811e-08,-3.7423547776638593e-07,1.0
15:55:02.937,-50.0,-32.81399599617025,-17.18600400382975,-9500.0,0.0,-6.179699533861754e-08,-3.293272204344196e-07,1.0
15:55:02.958,-50.0,-32.81399599617025,-17.18600400382975,-9500.0,0.0,-5.438135589798344e-08,-2.898079539822893e-07,1.0
15:55:02.977,-50.0,-32.81399599617025,-17.18600400382975,-9500.0,0.0,-4.785559319022543e-08,-2.550309995044146e-07,1.0
15:55:02.997,-50.0,-32.81399599617025,-17.18600400382975,-9500.0,0.0,-4.211292200739838e-08,-2.2442727956388485e-07,1.0
15:55:03.017,-50.0,-32.81399599617025,-17.18600400382975,-9500.0,0.0,-3.705937136651057e-08,-1.9749600601621865e-07,1.0
15:55:03.037,-50.0,-32.81399599617025,-17.18600400382975,-9500.0,0.0,-3.26122468025293e-08,-1.737964852942724e-07,1.0
15:55:03.057,-50.0,-32.81399599617025,-17.18600400382975,-9500.0,0.0,-2.8698777186225785e-08,-1.529409070589597e-07,1.0
15:55:03.077,-50.0,-32.81399599617025,-17.18600400382975,-9500.0,0.0,-2.525492392387869e-08,-1.3458799821188456e-07,1.0
15:55:03.097,-50.0,-32.81399599617025,-17.18600400382975,-9500.0,0.0,-2.2224333053013246e-08,-1.184374384264584e-07,1.0
15:55:03.117,-50.0,-32.81399599617025,-17.18600400382975,-9500.0,0.0,-1.9557413086651656e-08,-1.0422494581528338e-07,1.0
15:55:03.137,-50.0,-32.81399599617025,-17.18600400382975,-9500.0,0.0,-1.7210523516253457e-08,-9.171795231744938e-08,1.0
15:55:03.157,-50.0,-32.81399599617025,-17.18600400382975,-9500.0,0.0,-1.514526069430304e-08,-8.071179803935545e-08,1.0
15:55:03.177,-50.0,-32.81399599617025,-17.18600400382975,-9500.0,0.0,-1.3327829410986676e-08,-7.102638227463279e-08,1.0
15:55:03.197,-50.0,-32.81399599617025,-17.18600400382975,-9500.0,0.0,-1.1728489881668275e-08,-6.250321640167686e-08,1.0
15:55:03.217,-50.0,-32.81399599617025,-17.18600400382975,-9500.0,0.0,-1.0321071095868082e-08,-5.5002830433475634e-08,1.0
15:55:03.237,-50.0,-32.81399599617025,-17.18600400382975,-9500.0,0.0,-9.082542564363912e-09,-4.840249078145856e-08,1.0
15:55:03.257,-50.0,-32.81399599617025,-17.18600400382975,-9500.0,0.0,-7.992637456640242e-09,-4.259419188768353e-08,1.0
15:55:03.277,-50.0,-32.81399599617025,-17.18600400382975,-9500.0,0.0,-7.033520961843413e-09,-3.7482888861161506e-08,1.0
15:55:03.297,-50.0,-32.81399599617025,-17.18600400382975,-9500.0,0.0,-6.189498446422203e-09,-3.2984942197822125e-08,1.0
15:55:03.317,-50.0,-32.81399599617025,-17.18600400382975,-9500.0,0.0,-5.446758632851539e-09,-2.9026749134083468e-08,1.0
15:55:03.336,-50.0,-32.81399599617025,-17.18600400382975,-9500.0,0.0,-4.793147596909355e-09,-2.5543539237993457e-08,1.0
15:55:03.356,-50.0,-32.81399599617025,-17.18600400382975,-9500.0,0.0,-4.217969885280232e-09,-2.247831452943424e-08,1.0
15:55:03.376,-50.0,-32.81399599617025,-17.18600400382975,-9500.0,0.0,-3.711813499046604e-09,-1.978091678590213e-08,1.0
15:55:03.396,-50.0,-32.81399599617025,-17.18600400382975,-9500.0,0.0,-3.266395879161012e-09,-1.7407206771593875e-08,1.0
15:55:03.417,-50.0,-32.81399599617025,-17.18600400382975,-9500.0,0.0,-2.8744283736616903e-09,-1.531834195900261e-08,1.0
15:55:03.437,-50.0,-32.81399599617025,-17.18600400382975,-9500.0,0.0,-2.5294969688222875e-09,-1.3480140923922297e-08,1.0
15:55:03.457,-50.0,-32.81399599617025,-17.18600400382975,-9500.0,0.0,-2.225957332563613e-09,-1.1862524013051622e-08,1.0
15:55:03.477,-50.0,-32.81399599617025,-17.18600400382975,-9500.0,0.0,-1.9588424526559795e-09,-1.0439021131485427e-08,1.0
15:55:03.497,-50.0,-32.81399599617025,-17.18600400382975,-9500.0,0.0,-1.723781358337262e-09,-9.186338595707177e-09,1.0
15:55:03.517,-50.0,-32.81399599617025,-17.18600400382975,-9500.0,0.0,-1.5169275953367905e-09,-8.083977964222315e-09,1.0
15:55:03.537,-50.0,-32.81399599617025,-17.18600400382975,-9500.0,0.0,-1.3348962838963757e-09,-7.113900608515637e-09,1.0
15:55:03.557,-50.0,-32.81399599617025,-17.18600400382975,-9500.0,0.0,-1.1747087298288107e-09,-6.260232535493762e-09,1.0
15:55:03.577,-50.0,-32.81399599617025,-17.18600400382975,-9500.0,0.0,-1.0337436822493535e-09,-5.509004631234511e-09,1.0
15:55:03.597,-50.0,-32.81399599617025,-17.18600400382975,-9500.0,0.0,-9.096944403794311e-10,-4.847924075486369e-09,1.0
15:55:03.617,-50.0,-32.81399599617025,-17.18600400382975,-9500.0,0.0,-8.005311075338994e-10,-4.266173186428005e-09,1.0
15:55:03.637,-50.0,-32.81399599617025,-17.18600400382975,-9500.0,0.0,-7.044673746298314e-10,-3.754232404056644e-09,1.0
15:55:03.657,-50.0,-32.81399599617025,-17.18600400382975,-9500.0,0.0,-6.199312896742516e-10,-3.3037245155698466e-09,1.0
15:55:03.677,-50.0,-32.81399599617025,-17.18600400382975,-9500.0,0.0,-5.455395349133414e-10,-2.907277573701465e-09,1.0
15:55:03.697,-50.0,-32.81399599617025,-17.18600400382975,-9500.0,0.0,-4.800747907237405e-10,-2.5584042648572895e-09,1.0
15:55:03.717,-50.0,-32.81399599617025,-17.18600400382975,-9500.0,0.0,-4.224658158368916e-10,-2.2513957530744146e-09,1.0
15:55:03.738,-50.0,-32.81399599617025,-17.18600400382975,-9500.0,0.0,-3.7176991793646464e-10,-1.981228262705485e-09,1.0
15:55:03.757,-50.0,-32.81399599617025,-17.18600400382975,-9500.0,0.0,-3.2715752778408886e-10,-1.7434808711808266e-09,1.0
15:55:03.777,-50.0,-32.81399599617025,-17.18600400382975,-9500.0,0.0,-2.878986244499982e-10,-1.5342631666391274e-09,1.0
15:55:03.797,-50.0,-32.81399599617025,-17.18600400382975,-9500.0,0.0,-2.533507895159984e-10,-1.3501515866424321e-09,1.0
15:55:03.817,-50.0,-32.81399599617025,-17.18600400382975,-9500.0,0.0,-2.229486947740786e-10,-1.1881333962453403e-09,1.0
15:55:03.837,-50.0,-32.81399599617025,-17.18600400382975,-9500.0,0.0,-1.9619485140118915e-10,-1.0455573886958993e-09,1.0
15:55:03.857,-50.0,-32.81399599617025,-17.18600400382975,-9500.0,0.0,-1.7265146923304646e-10,-9.200905020523915e-10,1.0
15:55:03.877,-50.0,-32.81399599617025,-17.18600400382975,-9500.0,0.0,-1.5193329292508088e-10,-8.096796418061045e-10,1.0
15:55:03.897,-50.0,-32.81399599617025,-17.18600400382975,-9500.0,0.0,-1.3370129777407118e-10,-7.12518084789372e-10,1.0
15:55:03.917,-50.0,-32.81399599617025,-17.18600400382975,-9500.0,0.0,-1.1765714204118264e-10,-6.270159146146473e-10,1.0
15:55:03.937,-50.0,-32.81399599617025,-17.18600400382975,-9500.0,0.0,-1.0353828499624072e-10,-5.517740048608896e-10,1.0
15:55:03.957,-50.0,-32.81399599617025,-17.18600400382975,-9500.0,0.0,-9.111369079669184e-11,-4.855611242775829e-10,1.0
15:55:03.977,-50.0,-32.81399599617025,-17.18600400382975,-9500.0,0.0,-8.018004790108882e-11,-4.27293789364273e-10,1.0
15:55:03.997,-50.0,-32.81399599617025,-17.18600400382975,-9500.0,0.0,-7.055844215295816e-11,-3.760185346405602e-10,1.0
15:55:04.017,-50.0,-32.81399599617025,-17.18600400382975,-9500.0,0.0,-6.209142909460318e-11,-3.30896310483693e-10,1.0
15:55:04.037,-50.0,-32.81399599617025,-17.18600400382975,-9500.0,0.0,-5.46404576032508e-11,-2.911887532256498e-10,1.0
15:55:04.057,-50.0,-32.81399599617025,-17.18600400382975,-9500.0,0.0,-4.80836026908607e-11,-2.562461028385718e-10,1.0
15:55:04.077,-50.0,-32.81399599617025,-17.18600400382975,-9500.0,0.0,-4.2313570367957414e-11,-2.254965704979432e-10,1.0
15:55:04.097,-50.0,-32.81399599617025,-17.18600400382975,-9500.0,0.0,-3.723594192380252e-11,-1.9843698203819e-10,1.0
15:55:04.117,-50.0,-32.81399599617025,-17.18600400382975,-9500.0,0.0,-3.276762889294622e-11,-1.746245441936072e-10,1.0
15:55:04.137,-50.0,-32.72695621899208,-17.273043781007924,-9500.0,0.0,-2.8835513425792676e-11,-1.5366959889037435e-10,1.0
15:55:04.157,-50.0,-32.72695621899208,-17.273043781007924,-9500.0,0.0,-2.5375251814697555e-11,-1.3522924702352943e-10,1.0
15:55:04.177,-50.0,-32.81399599617025,-17.18600400382975,-9500.0,0.0,-2.233022159693385e-11,-1.190017373807059e-10,1.0
15:55:04.197,-50.0,-32.81399599617025,-17.18600400382975,-9500.0,0.0,-1.9650595005301787e-11,-1.047215288950212e-10,1.0
15:55:04.217,-50.0,-32.81399599617025,-17.18600400382975,-9500.0,0.0,-1.7292523604665572e-11,-9.215494542761865e-11,1.0
15:55:04.237,-50.0,-32.81399599617025,-17.18600400382975,-9500.0,0.0,-1.5217420772105703e-11,-8.109635197630441e-11,1.0
15:55:04.257,-50.0,-32.81399599617025,-17.18600400382975,-9500.0,0.0,-1.3391330279453018e-11,-7.136478973914788e-11,1.0
15:55:04.277,-50.0,-32.81399599617025,-17.18600400382975,-9500.0,0.0,-1.1784370645918657e-11,-6.280101497045014e-11,1.0
15:55:04.297,-50.0,-32.81399599617025,-17.18600400382975,-9500.0,0.0,-1.0370246168408419e-11,-5.526489317399612e-11,1.0
15:55:04.317,-50.0,-32.81399599617025,-17.18600400382975,-9500.0,0.0,-9.125816628199408e-12,-4.8633105993116585e-11,1.0
15:55:04.337,-50.0,-32.81399599617025,-17.18600400382975,-9500.0,0.0,-8.03071863281548e-12,-4.2797133273942595e-11,1.0
15:55:04.357,-50.0,-32.81399599617025,-17.18600400382975,-9500.0,0.0,-7.0670323968776216e-12,-3.7661477281069486e-11,1.0
15:55:04.377,-50.0,-32.81399599617025,-17.18600400382975,-9500.0,0.0,-6.218988509252307e-12,-3.314210000734114e-11,1.0
15:55:04.397,-50.0,-32.81399599617025,-17.18600400382975,-9500.0,0.0,-5.47270988814203e-12,-2.916504800646021e-11,1.0
15:55:04.417,-50.0,-32.81399599617025,-17.18600400382975,-9500.0,0.0,-4.815984701564987e-12,-2.5665242245684985e-11,1.0
15:55:04.437,-50.0,-32.81399599617025,-17.18600400382975,-9500.0,0.0,-4.238066537377188e-12,-2.2585413176202787e-11,1.0
15:55:04.457,-50.0,-32.81399599617025,-17.18600400382975,-9500.0,0.0,-3.729498552891925e-12,-1.9875163595058452e-11,1.0
15:55:04.477,-50.0,-32.81399599617025,-17.18600400382975,-9500.0,0.0,-3.2819587265448942e-12,-1.7490143963651437e-11,1.0
15:55:04.497,-50.0,-32.81399599617025,-17.18600400382975,-9500.0,0.0,-2.888123679359507e-12,-1.5391326688013262e-11,1.0
15:55:04.517,-50.0,-32.81399599617025,-17.18600400382975,-9500.0,0.0,-2.541548837836366e-12,-1.3544367485451672e-11,1.0
15:55:04.537,-50.0,-32.81399599617025,-17.18600400382975,-9500.0,0.0,-2.236562977296002e-12,-1.1919043387197472e-11,1.0
15:55:04.557,-50.0,-32.81399599617025,-17.18600400382975,-9500.0,0.0,-1.9681754200204817e-12,-1.0488758180733774e-11,1.0
15:55:04.577,-50.0,-32.81399599617025,-17.18600400382975,-9500.0,0.0,-1.731994369618024e-12,-9.230107199045722e-12,1.0
15:55:04.597,-50.0,-32.81399599617025,-17.18600400382975,-9500.0,0.0,-1.524155045263861e-12,-8.122494335160235e-12,1.0
15:55:04.617,-50.0,-32.81399599617025,-17.18600400382975,-9500.0,0.0,-1.3412564398321978e-12,-7.147795014941007e-12,1.0
15:55:04.638,-50.0,-32.81399599617025,-17.18600400382975,-9500.0,0.0,-1.1803056670523341e-12,-6.2900596131480865e-12,1.0
15:55:04.657,-50.0,-32.81399599617025,-17.18600400382975,-9500.0,0.0,-1.0386689870060541e-12,-5.535252459570316e-12,1.0
15:55:04.677,-50.0,-32.81399599617025,-17.18600400382975,-9500.0,0.0,-9.140287085653276e-13,-4.871022164421878e-12,1.0
15:55:04.697,-50.0,-32.81399599617025,-17.18600400382975,-9500.0,0.0,-8.043452635374882e-13,-4.286499504691252e-12,1.0
15:55:04.717,-50.0,-32.81399599617025,-17.18600400382975,-9500.0,0.0,-7.078238319129897e-13,-3.772119564128302e-12,1.0
15:55:04.737,-50.0,-32.81399599617025,-17.18600400382975,-9500.0,0.0,-6.228849720834309e-13,-3.3194652164329064e-12,1.0
15:55:04.757,-50.0,-32.81399599617025,-17.18600400382975,-9500.0,0.0,-5.481387754334192e-13,-2.9211293904609578e-12,1.0
15:55:04.777,-50.0,-32.81399599617025,-17.18600400382975,-9500.0,0.0,-4.823621223814089e-13,-2.5705938636056425e-12,1.0
15:55:04.797,-50.0,-32.81399599617025,-17.18600400382975,-9500.0,0.0,-4.2447866769563983e-13,-2.2621225999729655e-12,1.0
15:55:04.817,-50.0,-32.81399599617025,-17.18600400382975,-9500.0,0.0,-3.7354122757216304e-13,-1.9906678879762097e-12,1.0
15:55:04.837,-50.0,-32.81399599617025,-17.18600400382975,-9500.0,0.0,-3.2871628026350347e-13,-1.7517877414190643e-12,1.0
15:55:04.857,-50.0,-32.81399599617025,-17.18600400382975,-9500.0,0.0,-2.892703266318831e-13,-1.5415732124487767e-12,1.0
15:55:04.877,-50.0,-32.81399599617025,-17.18600400382975,-9500.0,0.0,-2.545578874360571e-13,-1.3565844269549234e-12,1.0
15:55:04.897,-50.0,-32.81399599617025,-17.18600400382975,-9500.0,0.0,-2.2401094094373026e-13,-1.1937942957203327e-12,1.0
15:55:04.917,-50.0,-32.81399599617025,-17.18600400382975,-9500.0,0.0,-1.9712962803048263e-13,-1.0505389802338927e-12,1.0
15:55:04.937,-50.0,-32.81399599617025,-17.18600400382975,-9500.0,0.0,-1.7347407266682472e-13,-9.244743026058258e-13,1.0
15:55:04.957,-50.0,-32.81399599617025,-17.18600400382975,-9500.0,0.0,-1.5265718394680576e-13,-8.135373862931267e-13,1.0
15:55:04.977,-50.0,-32.81399599617025,-17.18600400382975,-9500.0,0.0,-1.3433832187318908e-13,-7.159128999379515e-13,1.0
15:55:04.997,-50.0,-32.81399599617025,-17.18600400382975,-9500.0,0.0,-1.1821772324840638e-13,-6.300033519453973e-13,1.0
15:55:05.017,-50.0,-32.81399599617025,-17.18600400382975,-9500.0,0.0,-1.0403159645859761e-13,-5.544029497119496e-13,1.0
15:55:05.037,-50.0,-32.81399599617025,-17.18600400382975,-9500.0,0.0,-9.15478048835659e-14,-4.878745957465156e-13,1.0
15:55:05.057,-50.0,-32.81399599617025,-17.18600400382975,-9500.0,0.0,-8.056206829753799e-14,-4.293296442569338e-13,1.0
15:55:05.077,-50.0,-32.81399599617025,-17.18600400382975,-9500.0,0.0,-7.089462010183344e-14,-3.7781008694610174e-13,1.0
15:55:05.097,-50.0,-32.81399599617025,-17.18600400382975,-9500.0,0.0,-6.238726568961342e-14,-3.324728765125695e-13,1.0
15:55:05.117,-50.0,-32.81399599617025,-17.18600400382975,-9500.0,0.0,-5.4900793806859815e-14,-2.925761313310612e-13,1.0
15:55:05.137,-50.0,-32.81399599617025,-17.18600400382975,-9500.0,0.0,-4.8312698550036634e-14,-2.574669955713338e-13,1.0
