Timestamp,Target_Deg,Real_Deg,Error_Deg,Voltage_mV,Raw_Vel,Filtered_Vel,V_EMF,Control_Mode
16:10:38.749,0.0,19.06171120201932,-19.06171120201932,-9500.0,0.0,0.0,0.0,1.0
16:10:38.769,0.0,19.06171120201932,-19.06171120201932,-9500.0,0.0,0.0,0.0,1.0
16:10:38.789,0.0,19.06171120201932,-19.06171120201932,-9500.0,0.0,0.0,0.0,1.0
16:10:38.809,0.0,19.06171120201932,-19.06171120201932,-9500.0,0.0,0.0,0.0,1.0
16:10:38.829,0.0,18.017233875881278,-18.017233875881278,-9500.0,-18.0,-2.16,-11.511025612823266,1.0
16:10:38.849,0.0,16.102358777961527,-16.102358777961527,-9500.0,-16.0,-3.8208,-20.361725306238487,1.0
16:10:38.869,0.0,15.493080337714334,-15.493080337714334,-9500.0,0.0,-3.3623040000000004,-17.91831826948987,1.0
16:10:38.889,0.0,15.493080337714334,-15.493080337714334,-9500.0,1.0,-2.83882752,-15.128618654216458,1.0
16:10:38.909,0.0,15.493080337714334,-15.493080337714334,-9500.0,0.0,-2.4981682176,-13.313184415710483,1.0
16:10:38.929,0.0,15.493080337714334,-15.493080337714334,-9500.0,0.0,-2.1983880314879998,-11.715602285825224,1.0
16:10:38.949,0.0,15.493080337714334,-15.493080337714334,-9500.0,0.0,-1.9345814677094397,-10.309730011526197,1.0
16:10:38.969,0.0,15.493080337714334,-15.493080337714334,-9500.0,0.0,-1.702431691584307,-9.072562410143053,1.0
16:10:38.989,0.0,15.493080337714334,-15.493080337714334,-9500.0,0.0,-1.4981398885941901,-7.983854920925887,1.0
16:10:39.009,0.0,15.493080337714334,-15.493080337714334,-9500.0,0.0,-1.3183631019628874,-7.025792330414781,1.0
16:10:39.029,0.0,15.493080337714334,-15.493080337714334,-9500.0,0.0,-1.160159529727341,-6.182697250765007,1.0
16:10:39.050,0.0,15.493080337714334,-15.493080337714334,-9500.0,0.0,-1.02094038616006,-5.4407735806732065,1.0
16:10:39.069,0.0,15.493080337714334,-15.493080337714334,-9500.0,0.0,-0.8984275398208529,-4.7878807509924215,1.0
16:10:39.089,0.0,15.493080337714334,-15.493080337714334,-9500.0,0.0,-0.7906162350423506,-4.213335060873331,1.0
16:10:39.110,0.0,15.493080337714334,-15.493080337714334,-9500.0,0.0,-0.6957422868372685,-3.7077348535685313,1.0
16:10:39.129,0.0,15.493080337714334,-15.493080337714334,-9500.0,0.0,-0.6122532124167962,-3.262806671140307,1.0
16:10:39.149,0.0,15.493080337714334,-15.493080337714334,-9500.0,0.0,-0.5387828269267807,-2.8712698706034705,1.0
16:10:39.169,0.0,15.493080337714334,-15.493080337714334,-9500.0,0.0,-0.474128887695567,-2.526717486131054,1.0
16:10:39.189,0.0,15.493080337714334,-15.493080337714334,-9500.0,0.0,-0.41723342117209894,-2.2235113877953276,1.0
16:10:39.209,0.0,15.493080337714334,-15.493080337714334,-9500.0,0.0,-0.3671654106314471,-1.9566900212598883,1.0
16:10:39.229,0.0,15.493080337714334,-15.493080337714334,-9500.0,0.0,-0.3231055613556734,-1.7218872187087015,1.0
16:10:39.249,0.0,15.493080337714334,-15.493080337714334,-9500.0,0.0,-0.2843328939929926,-1.5152607524636574,1.0
16:10:39.269,0.0,15.493080337714334,-15.493080337714334,-9500.0,0.0,-0.2502129467138335,-1.3334294621680185,1.0
16:10:39.289,0.0,15.493080337714334,-15.493080337714334,-9500.0,0.0,-0.22018739310817348,-1.1734179267078564,1.0
16:10:39.309,0.0,15.493080337714334,-15.493080337714334,-9500.0,0.0,-0.19376490593519266,-1.0326077755029135,1.0
16:10:39.329,0.0,15.493080337714334,-15.493080337714334,-9500.0,0.0,-0.17051311722296955,-0.9086948424425639,1.0
16:10:39.350,0.0,15.493080337714334,-15.493080337714334,-9500.0,0.0,-0.15005154315621322,-0.7996514613494564,1.0
16:10:39.369,0.0,15.493080337714334,-15.493080337714334,-9500.0,0.0,-0.13204535797746764,-0.7036932859875217,1.0
16:10:39.389,0.0,15.493080337714334,-15.493080337714334,-9500.0,0.0,-0.11619991502017152,-0.619250091669019,1.0
16:10:39.409,0.0,15.493080337714334,-15.493080337714334,-9500.0,0.0,-0.10225592521775094,-0.5449400806687368,1.0
16:10:39.429,0.0,15.493080337714334,-15.493080337714334,-9500.0,0.0,-0.08998521419162082,-0.4795472709884883,1.0
16:10:39.449,0.0,15.493080337714334,-15.493080337714334,-9500.0,0.0,-0.07918698848862632,-0.42200159846986973,1.0
16:10:39.469,0.0,15.493080337714334,-15.493080337714334,-9500.0,0.0,-0.06968454986999116,-0.3713614066534853,1.0
16:10:39.489,0.0,15.493080337714334,-15.493080337714334,-9500.0,0.0,-0.06132240388559222,-0.3267980378550671,1.0
16:10:39.509,0.0,15.493080337714334,-15.493080337714334,-9500.0,0.0,-0.05396371541932116,-0.28758227331245906,1.0
16:10:39.529,0.0,15.493080337714334,-15.493080337714334,-9500.0,0.0,-0.04748806956900262,-0.25307240051496394,1.0
16:10:39.549,0.0,15.493080337714334,-15.493080337714334,-9500.0,0.0,-0.0417895012207223,-0.22270371245316828,1.0
16:10:39.569,0.0,15.493080337714334,-15.493080337714334,-9500.0,0.0,-0.03677476107423563,-0.1959792669587881,1.0
16:10:39.589,0.0,15.493080337714334,-15.493080337714334,-9500.0,0.0,-0.03236178974532735,-0.17246175492373353,1.0
16:10:39.609,0.0,15.493080337714334,-15.493080337714334,-9500.0,0.0,-0.02847837497588807,-0.1517663443328855,1.0
16:10:39.629,0.0,15.493080337714334,-15.493080337714334,-9500.0,0.0,-0.0250609699787815,-0.13355438301293923,1.0
16:10:39.649,0.0,15.493080337714334,-15.493080337714334,-9500.0,0.0,-0.022053653581327718,-0.11752785705138652,1.0
16:10:39.669,0.0,15.493080337714334,-15.493080337714334,-9500.0,0.0,-0.019407215151568392,-0.10342451420522013,1.0
16:10:39.689,0.0,15.493080337714334,-15.493080337714334,-9500.0,0.0,-0.017078349333380184,-0.09101357250059372,1.0
16:10:39.709,0.0,15.493080337714334,-15.493080337714334,-9500.0,0.0,-0.015028947413374563,-0.08009194380052247,1.0
16:10:39.729,0.0,15.493080337714334,-15.493080337714334,-9500.0,0.0,-0.013225473723769615,-0.07048091054445978,1.0
16:10:39.750,0.0,15.493080337714334,-15.493080337714334,-9500.0,0.0,-0.011638416876917261,-0.062023201279124605,1.0
16:10:39.769,0.0,15.493080337714334,-15.493080337714334,-9500.0,0.0,-0.01024180685168719,-0.05458041712562965,1.0
16:10:39.789,0.0,15.493080337714334,-15.493080337714334,-9500.0,0.0,-0.009012790029484727,-0.04803076707055409,1.0
16:10:39.809,0.0,15.493080337714334,-15.493080337714334,-9500.0,0.0,-0.00793125522594656,-0.042267075022087604,1.0
16:10:39.829,0.0,15.493080337714334,-15.493080337714334,-9500.0,0.0,-0.006979504598832973,-0.03719502601943709,1.0
16:10:39.849,0.0,15.493080337714334,-15.493080337714334,-9500.0,0.0,-0.006141964046973016,-0.03273162289710464,1.0
16:10:39.869,0.0,15.493080337714334,-15.493080337714334,-9500.0,0.0,-0.005404928361336254,-0.028803828149452083,1.0
16:10:39.889,0.0,15.493080337714334,-15.493080337714334,-9500.0,0.0,-0.004756336957975903,-0.02534736877151783,1.0
16:10:39.909,0.0,15.493080337714334,-15.493080337714334,-9500.0,0.0,-0.004185576523018795,-0.02230568451893569,1.0
16:10:39.929,0.0,15.493080337714334,-15.493080337714334,-9500.0,0.0,-0.0036833073402565393,-0.01962900237666341,1.0
16:10:39.949,0.0,15.493080337714334,-15.493080337714334,-9500.0,0.0,-0.0032413104594257547,-0.017273522091463798,1.0
16:10:39.969,0.0,15.493080337714334,-15.493080337714334,-9500.0,0.0,-0.0028523532042946643,-0.015200699440488144,1.0
16:10:39.989,0.0,15.493080337714334,-15.493080337714334,-9500.0,0.0,-0.0025100708197793044,-0.013376615507629565,1.0
16:10:40.009,0.0,15.493080337714334,-15.493080337714334,-9500.0,0.0,-0.002208862321405788,-0.011771421646714018,1.0
16:10:40.029,0.0,15.493080337714334,-15.493080337714334,-9500.0,0.0,-0.0019437988428370936,-0.010358851049108336,1.0
16:10:40.049,0.0,15.493080337714334,-15.493080337714334,-9500.0,0.0,-0.0017105429816966424,-0.009115788923215337,1.0
16:10:40.069,0.0,15.493080337714334,-15.493080337714334,-9500.0,0.0,-0.0015052778238930453,-0.008021894252429496,1.0
16:10:40.089,0.0,15.493080337714334,-15.493080337714334,-9500.0,0.0,-0.00132464448502588,-0.007059266942137957,1.0
16:10:40.110,0.0,15.493080337714334,-15.493080337714334,-9500.0,0.0,-0.0011656871468227743,-0.006212154909081402,1.0
16:10:40.129,0.0,15.493080337714334,-15.493080337714334,-9500.0,0.0,-0.0010258046892040414,-0.005466696319991634,1.0
16:10:40.149,0.0,15.493080337714334,-15.493080337714334,-9500.0,0.0,-0.0009027081264995565,-0.004810692761592638,1.0
16:10:40.169,0.0,15.493080337714334,-15.493080337714334,-9500.0,0.0,-0.0007943831513196097,-0.004233409630201522,1.0
16:10:40.189,0.0,15.493080337714334,-15.493080337714334,-9500.0,0.0,-0.0006990571731612565,-0.0037254004745773386,1.0
16:10:40.209,0.0,15.493080337714334,-15.493080337714334,-9500.0,0.0,-0.0006151703123819057,-0.0032783524176280576,1.0
16:10:40.229,0.0,15.493080337714334,-15.493080337714334,-9500.0,0.0,-0.000541349874896077,-0.002884950127512691,1.0
16:10:40.249,0.0,15.493080337714334,-15.493080337714334,-9500.0,0.0,-0.0004763878899085478,-0.002538756112211168,1.0
16:10:40.269,0.0,15.493080337714334,-15.493080337714334,-9500.0,0.0,-0.00041922134311952206,-0.002234105378745828,1.0
16:10:40.289,0.0,15.493080337714334,-15.493080337714334,-9500.0,0.0,-0.0003689147819451794,-0.0019660127332963287,1.0
16:10:40.309,0.0,15.493080337714334,-15.493080337714334,-9500.0,0.0,-0.0003246450081117579,-0.0017300912053007692,1.0
16:10:40.329,0.0,15.493080337714334,-15.493080337714334,-9500.0,0.0,-0.00028568760713834694,-0.0015224802606646768,1.0
16:10:40.350,0.0,15.493080337714334,-15.493080337714334,-9500.0,0.0,-0.0002514050942817453,-0.0013397826293849156,1.0
16:10:40.369,0.0,15.493080337714334,-15.493080337714334,-9500.0,0.0,-0.00022123648296793586,-0.0011790087138587257,1.0
16:10:40.389,0.0,15.493080337714334,-15.493080337714334,-9500.0,0.0,-0.00019468810501178355,-0.0010375276681956786,1.0
16:10:40.409,0.0,15.493080337714334,-15.493080337714334,-9500.0,0.0,-0.0001713255324103695,-0.0009130243480121971,1.0
16:10:40.429,0.0,15.493080337714334,-15.493080337714334,-9500.0,0.0,-0.00015076646852112518,-0.0008034614262507335,1.0
16:10:40.449,0.0,15.493080337714334,-15.493080337714334,-9500.0,0.0,-0.00013267449229859016,-0.0007070460551006454,1.0
16:10:40.470,0.0,15.493080337714334,-15.493080337714334,-9500.0,0.0,-0.00011675355322275934,-0.000622200528488568,1.0
16:10:40.490,0.0,15.493080337714334,-15.493080337714334,-9500.0,0.0,-0.00010274312683602821,-0.0005475364650699399,1.0
16:10:40.509,0.0,15.493080337714334,-15.493080337714334,-9500.0,0.0,-9.041395161570483e-05,-0.00048183208926154706,1.0
16:10:40.529,0.0,15.493080337714334,-15.493080337714334,-9500.0,0.0,-7.956427742182026e-05,-0.00042401223855016143,1.0
16:10:40.549,0.0,15.493080337714334,-15.493080337714334,-9500.0,0.0,-7.001656413120182e-05,-0.0003731307699241421,1.0
16:10:40.569,0.0,15.493080337714334,-15.493080337714334,-9500.0,0.0,-6.16145764354576e-05,-0.000328355077533245,1.0
16:10:40.589,0.0,15.493080337714334,-15.493080337714334,-9500.0,0.0,-5.422082726320269e-05,-0.0002889524682292556,1.0
16:10:40.609,0.0,15.493080337714334,-15.493080337714334,-9500.0,0.0,-4.7714327991618367e-05,-0.0002542781720417449,1.0
16:10:40.629,0.0,15.493080337714334,-15.493080337714334,-9500.0,0.0,-4.198860863262416e-05,-0.00022376479139673555,1.0
16:10:40.649,0.0,15.493080337714334,-15.493080337714334,-9500.0,0.0,-3.694997559670926e-05,-0.00019691301642912727,1.0
16:10:40.669,0.0,15.493080337714334,-15.493080337714334,-9500.0,0.0,-3.251597852510415e-05,-0.000173283454457632,1.0
16:10:40.689,0.0,15.493080337714334,-15.493080337714334,-9500.0,0.0,-2.8614061102091652e-05,-0.00015248943992271616,1.0
16:10:40.709,0.0,15.493080337714334,-15.493080337714334,-9500.0,0.0,-2.5180373769840653e-05,-0.0001341907071319902,1.0
16:10:40.729,0.0,15.493080337714334,-15.493080337714334,-9500.0,0.0,-2.2158728917459774e-05,-0.00011808782227615138,1.0
16:10:40.749,0.0,15.493080337714334,-15.493080337714334,-9500.0,0.0,-1.9499681447364602e-05,-0.00010391728360301323,1.0
16:10:40.769,0.0,15.493080337714334,-15.493080337714334,-9500.0,0.0,-1.715971967368085e-05,-9.144720957065164e-05,1.0
16:10:40.790,0.0,15.493080337714334,-15.493080337714334,-9500.0,0.0,-1.510055331283915e-05,-8.047354442217345e-05,1.0
16:10:40.809,0.0,15.493080337714334,-15.493080337714334,-9500.0,0.0,-1.3288486915298451e-05,-7.081671909151263e-05,1.0
16:10:40.829,0.0,15.493080337714334,-15.493080337714334,-9500.0,0.0,-1.1693868485462637e-05,-6.231871280053112e-05,1.0
16:10:40.849,0.0,15.493080337714334,-15.493080337714334,-9500.0,0.0,-1.029060426720712e-05,-5.484046726446738e-05,1.0
16:10:40.869,0.0,15.493080337714334,-15.493080337714334,-9500.0,0.0,-9.055731755142265e-06,-4.8259611192731286e-05,1.0
16:10:40.889,0.0,15.493080337714334,-15.493080337714334,-9500.0,0.0,-7.969043944525193e-06,-4.2468457849603534e-05,1.0
16:10:40.909,0.0,15.493080337714334,-15.493080337714334,-9500.0,0.0,-7.01275867118217e-06,-3.7372242907651114e-05,1.0
16:10:40.929,0.0,15.493080337714334,-15.493080337714334,-9500.0,0.0,-6.1712276306403094e-06,-3.2887573758732974e-05,1.0
16:10:40.949,0.0,15.493080337714334,-15.493080337714334,-9500.0,0.0,-5.430680314963472e-06,-2.8941064907685017e-05,1.0
16:10:40.970,0.0,15.493080337714334,-15.493080337714334,-9500.0,0.0,-4.778998677167855e-06,-2.5468137118762817e-05,1.0
16:10:40.989,0.0,15.493080337714334,-15.493080337714334,-9500.0,0.0,-4.205518835907712e-06,-2.2411960664511275e-05,1.0
16:10:41.009,0.0,15.493080337714334,-15.493080337714334,-9500.0,0.0,-3.7008565755987868e-06,-1.9722525384769922e-05,1.0
16:10:41.029,0.0,15.493080337714334,-15.493080337714334,-9500.0,0.0,-3.2567537865269326e-06,-1.7355822338597532e-05,1.0
16:10:41.049,0.0,15.493080337714334,-15.493080337714334,-9500.0,0.0,-2.865943332143701e-06,-1.527312365796583e-05,1.0
16:10:41.069,0.0,15.493080337714334,-15.493080337714334,-9500.0,0.0,-2.5220301322864566e-06,-1.344034881900993e-05,1.0
16:10:41.089,0.0,15.493080337714334,-15.493080337714334,-9500.0,0.0,-2.2193865164120816e-06,-1.1827506960728738e-05,1.0
16:10:41.109,0.0,15.493080337714334,-15.493080337714334,-9500.0,0.0,-1.953060134442632e-06,-1.040820612544129e-05,1.0
16:10:41.130,0.0,15.493080337714334,-15.493080337714334,-9500.0,0.0,-1.718692918309516e-06,-9.159221390388335e-06,1.0
16:10:41.150,0.0,15.493080337714334,-15.493080337714334,-9500.0,0.0,-1.5124497681123742e-06,-8.060114823541735e-06,1.0
16:10:41.169,0.0,15.493080337714334,-15.493080337714334,-9500.0,0.0,-1.3309557959388893e-06,-7.0929010447167265e-06,1.0
16:10:41.189,0.0,15.493080337714334,-15.493080337714334,-9500.0,0.0,-1.1712411004262227e-06,-6.241752919350719e-06,1.0
16:10:41.209,0.0,15.493080337714334,-15.493080337714334,-9500.0,0.0,-1.030692168375076e-06,-5.492742569028634e-06,1.0
16:10:41.229,0.0,15.493080337714334,-15.493080337714334,-9500.0,0.0,-9.070091081700669e-07,-4.8336134607451975e-06,1.0
16:10:41.250,0.0,15.493080337714334,-15.493080337714334,-9500.0,0.0,-7.981680151896589e-07,-4.253579845455774e-06,1.0
16:10:41.269,0.0,15.493080337714334,-15.493080337714334,-9500.0,0.0,-7.023878533668999e-07,-3.7431502640010812e-06,1.0
16:10:41.289,0.0,15.493080337714334,-15.493080337714334,-9500.0,0.0,-6.181013109628718e-07,-3.2939722323209516e-06,1.0
16:10:41.309,0.0,15.493080337714334,-15.493080337714334,-9500.0,0.0,-5.439291536473272e-07,-2.8986955644424374e-06,1.0
16:10:41.329,0.0,15.493080337714334,-15.493080337714334,-9500.0,0.0,-4.78657655209648e-07,-2.5508520967093447e-06,1.0
16:10:41.350,0.0,15.493080337714334,-15.493080337714334,-9500.0,0.0,-4.212187365844902e-07,-2.2447498451042233e-06,1.0
16:10:41.369,0.0,15.493080337714334,-15.493080337714334,-9500.0,0.0,-3.706724881943514e-07,-1.975379863691717e-06,1.0
16:10:41.390,0.0,15.493080337714334,-15.493080337714334,-9500.0,0.0,-3.261917896110292e-07,-1.7383342800487105e-06,1.0
16:10:41.409,0.0,15.493080337714334,-15.493080337714334,-9500.0,0.0,-2.870487748577057e-07,-1.5297341664428652e-06,1.0
16:10:41.429,0.0,15.493080337714334,-15.493080337714334,-9500.0,0.0,-2.52602921874781e-07,-1.3461660664697213e-06,1.0
16:10:41.449,0.0,15.493080337714334,-15.493080337714334,-9500.0,0.0,-2.2229057124980727e-07,-1.1846261384933548e-06,1.0
16:10:41.470,0.0,15.493080337714334,-15.493080337714334,-9500.0,0.0,-1.956157026998304e-07,-1.042471001874152e-06,1.0
16:10:41.490,0.0,15.493080337714334,-15.493080337714334,-9500.0,0.0,-1.7214181837585076e-07,-9.17374481649254e-07,1.0
16:10:41.510,0.0,15.493080337714334,-15.493080337714334,-9500.0,0.0,-1.5148480017074866e-07,-8.072895438513435e-07,1.0
16:10:41.529,0.0,15.493080337714334,-15.493080337714334,-9500.0,0.0,-1.3330662415025883e-07,-7.104147985891823e-07,1.0
16:10:41.549,0.0,15.493080337714334,-15.493080337714334,-9500.0,0.0,-1.1730982925222777e-07,-6.251650227584804e-07,1.0
16:10:41.569,0.0,15.493080337714334,-15.493080337714334,-9500.0,0.0,-1.0323264974196045e-07,-5.501452200274628e-07,1.0
16:10:41.589,0.0,15.493080337714334,-15.493080337714334,-9500.0,0.0,-9.08447317729252e-08,-4.841277936241673e-07,1.0
16:10:41.609,0.0,15.493080337714334,-15.493080337714334,-9500.0,0.0,-7.994336396017418e-08,-4.2603245838926726e-07,1.0
16:10:41.629,0.0,15.493080337714334,-15.493080337714334,-9500.0,0.0,-7.035016028495328e-08,-3.749085633825552e-07,1.0
16:10:41.649,0.0,15.493080337714334,-15.493080337714334,-9500.0,0.0,-6.190814105075888e-08,-3.299195357766485e-07,1.0
16:10:41.669,0.0,15.493080337714334,-15.493080337714334,-9500.0,0.0,-5.447916412466782e-08,-2.9032919148345073e-07,1.0
16:10:41.690,0.0,15.493080337714334,-15.493080337714334,-9500.0,0.0,-4.794166442970768e-08,-2.5548968850543663e-07,1.0
16:10:41.710,0.0,15.493080337714334,-15.493080337714334,-9500.0,0.0,-4.218866469814276e-08,-2.2483092588478426e-07,1.0
16:10:41.729,0.0,15.493080337714334,-15.493080337714334,-9500.0,0.0,-3.712602493436563e-08,-1.9785121477861015e-07,1.0
16:10:41.749,0.0,15.493080337714334,-15.493080337714334,-9500.0,0.0,-3.2670901942241753e-08,-1.7410906900517693e-07,1.0
16:10:41.769,0.0,15.493080337714334,-15.493080337714334,-9500.0,0.0,-2.8750393709172742e-08,-1.5321598072455568e-07,1.0
16:10:41.789,0.0,15.493080337714334,-15.493080337714334,-9500.0,0.0,-2.5300346464072013e-08,-1.3483006303760902e-07,1.0
16:10:41.809,0.0,15.493080337714334,-15.493080337714334,-9500.0,0.0,-2.2264304888383373e-08,-1.1865045547309594e-07,1.0
16:10:41.829,0.0,15.493080337714334,-15.493080337714334,-9500.0,0.0,-1.9592588301777368e-08,-1.0441240081632442e-07,1.0
16:10:41.849,0.0,15.493080337714334,-15.493080337714334,-9500.0,0.0,-1.7241477705564084e-08,-9.18829127183655e-08,1.0
16:10:41.869,0.0,15.493080337714334,-15.493080337714334,-9500.0,0.0,-1.5172500380896395e-08,-8.085696319216165e-08,1.0
16:10:41.890,0.0,15.493080337714334,-15.493080337714334,-9500.0,0.0,-1.3351800335188828e-08,-7.115412760910224e-08,1.0
16:10:41.909,0.0,15.493080337714334,-15.493080337714334,-9500.0,0.0,-1.1749584294966168e-08,-6.261563229600997e-08,1.0
16:10:41.929,0.0,15.493080337714334,-15.493080337714334,-9500.0,0.0,-1.0339634179570228e-08,-5.5101756420488775e-08,1.0
16:10:41.949,0.0,15.493080337714334,-15.493080337714334,-9500.0,0.0,-9.098878078021801e-09,-4.848954565003013e-08,1.0
16:10:41.969,0.0,15.493080337714334,-15.493080337714334,-9500.0,0.0,-8.007012708659186e-09,-4.2670800172026516e-08,1.0
16:10:41.989,0.0,15.493080337714334,-15.493080337714334,-9500.0,0.0,-7.046171183620083e-09,-3.755030415138333e-08,1.0
16:10:42.010,0.0,15.493080337714334,-15.493080337714334,-9500.0,0.0,-6.200630641585673e-09,-3.3044267653217334e-08,1.0
16:10:42.029,0.0,15.493080337714334,-15.493080337714334,-9500.0,0.0,-5.456554964595393e-09,-2.907895553483125e-08,1.0
16:10:42.049,0.0,15.493080337714334,-15.493080337714334,-9500.0,0.0,-4.801768368843946e-09,-2.5589480870651504e-08,1.0
16:10:42.070,0.0,15.493080337714334,-15.493080337714334,-9500.0,0.0,-4.225556164582672e-09,-2.2518743166173325e-08,1.0
16:10:42.089,0.0,15.493080337714334,-15.493080337714334,-9500.0,0.0,-3.718489424832752e-09,-1.9816493986232524e-08,1.0
16:10:42.110,0.0,15.493080337714334,-15.493080337714334,-9500.0,0.0,-3.2722706938528215e-09,-1.743851470788462e-08,1.0
16:10:42.129,0.0,15.493080337714334,-15.493080337714334,-9500.0,0.0,-2.879598210590483e-09,-1.5345892942938467e-08,1.0
16:10:42.149,0.0,15.493080337714334,-15.493080337714334,-9500.0,0.0,-2.5340464253196247e-09,-1.350438578978585e-08,1.0
16:10:42.170,0.0,15.493080337714334,-15.493080337714334,-9500.0,0.0,-2.2299608542812696e-09,-1.1883859495011547e-08,1.0
16:10:42.190,0.0,15.493080337714334,-15.493080337714334,-9500.0,0.0,-1.9623655517675174e-09,-1.0457796355610163e-08,1.0
16:10:42.210,0.0,15.493080337714334,-15.493080337714334,-9500.0,0.0,-1.7268816855554153e-09,-9.202860792936943e-09,1.0
16:10:42.229,0.0,15.493080337714334,-15.493080337714334,-9500.0,0.0,-1.5196558832887654e-09,-8.09851749778451e-09,1.0
16:10:42.249,0.0,15.493080337714334,-15.493080337714334,-9500.0,0.0,-1.3372971772941135e-09,-7.126695398050368e-09,1.0
16:10:42.269,0.0,15.493080337714334,-15.493080337714334,-9500.0,0.0,-1.1768215160188199e-09,-6.2714919502843235e-09,1.0
16:10:42.289,0.0,15.493080337714334,-15.493080337714334,-9500.0,0.0,-1.0356029340965616e-09,-5.5189129162502055e-09,1.0
16:10:42.309,0.0,15.493080337714334,-15.493080337714334,-9500.0,0.0,-9.113305820049742e-10,-4.856643366300181e-09,1.0
16:10:42.329,0.0,15.493080337714334,-15.493080337714334,-9500.0,0.0,-8.019709121643773e-10,-4.273846162344159e-09,1.0
16:10:42.349,0.0,15.493080337714334,-15.493080337714334,-9500.0,0.0,-7.05734402704652e-10,-3.76098462286286e-09,1.0
16:10:42.369,0.0,15.493080337714334,-15.493080337714334,-9500.0,0.0,-6.210462743800938e-10,-3.3096664681193168e-09,1.0
16:10:42.389,0.0,15.493080337714334,-15.493080337714334,-9500.0,0.0,-5.465207214544825e-10,-2.9125064919449988e-09,1.0
16:10:42.409,0.0,15.493080337714334,-15.493080337714334,-9500.0,0.0,-4.809382348799447e-10,-2.563005712911599e-09,1.0
16:10:42.429,0.0,15.493080337714334,-15.493080337714334,-9500.0,0.0,-4.232256466943513e-10,-2.255445027362207e-09,1.0
16:10:42.449,0.0,15.493080337714334,-15.493080337714334,-9500.0,0.0,-3.7243856909102916e-10,-1.9847916240787423e-09,1.0
16:10:42.470,0.0,15.493080337714334,-15.493080337714334,-9500.0,0.0,-3.277459408001057e-10,-1.7466166291892935e-09,1.0
16:10:42.489,0.0,15.493080337714334,-15.493080337714334,-9500.0,0.0,-2.88416427904093e-10,-1.5370226336865782e-09,1.0
16:10:42.509,0.0,15.493080337714334,-15.493080337714334,-9500.0,0.0,-2.5380645655560186e-10,-1.352579917644189e-09,1.0
16:10:42.529,0.0,15.493080337714334,-15.493080337714334,-9500.0,0.0,-2.2334968176892965e-10,-1.1902703275268864e-09,1.0
16:10:42.549,0.0,15.493080337714334,-15.493080337714334,-9500.0,0.0,-1.965477199566581e-10,-1.04743788822366e-09,1.0
16:10:42.569,0.0,15.493080337714334,-15.493080337714334,-9500.0,0.0,-1.7296199356185912e-10,-9.217453416368207e-10,1.0
16:10:42.589,0.0,15.493080337714334,-15.493080337714334,-9500.0,0.0,-1.5220655433443602e-10,-8.111359006404023e-10,1.0
16:10:42.609,0.0,15.493080337714334,-15.493080337714334,-9500.0,0.0,-1.339417678143037e-10,-7.137995925635541e-10,1.0
16:10:42.629,0.0,15.493080337714334,-15.493080337714334,-9500.0,0.0,-1.1786875567658725e-10,-6.281436414559275e-10,1.0
16:10:42.649,0.0,15.493080337714334,-15.493080337714334,-9500.0,0.0,-1.0372450499539678e-10,-5.527664044812162e-10,1.0
16:10:42.669,0.0,15.493080337714334,-15.493080337714334,-9500.0,0.0,-9.127756439594916e-11,-4.864344359434703e-10,1.0
16:10:42.689,0.0,15.493080337714334,-15.493080337714334,-9500.0,0.0,-8.032425666843527e-11,-4.2806230363025384e-10,1.0
16:10:42.709,0.0,15.493080337714334,-15.493080337714334,-9500.0,0.0,-7.068534586822304e-11,-3.766948271946234e-10,1.0
16:10:42.729,0.0,15.493080337714334,-15.493080337714334,-9500.0,0.0,-6.220310436403628e-11,-3.314914479312686e-10,1.0
16:10:42.750,0.0,15.493080337714334,-15.493080337714334,-9500.0,0.0,-5.4738731840351926e-11,-2.917124741795164e-10,1.0
16:10:42.769,0.0,15.493080337714334,-15.493080337714334,-9500.0,0.0,-4.81700840195097e-11,-2.5670697727797445e-10,1.0
16:10:42.789,0.0,15.493080337714334,-15.493080337714334,-9500.0,0.0,-4.238967393716853e-11,-2.259021400046175e-10,1.0
16:10:42.809,0.0,15.493080337714334,-15.493080337714334,-9500.0,0.0,-3.730291306470831e-11,-1.9879388320406338e-10,1.0
16:10:42.829,0.0,15.493080337714334,-15.493080337714334,-9500.0,0.0,-3.282656349694331e-11,-1.7493861721957578e-10,1.0
16:10:42.849,0.0,15.493080337714334,-15.493080337714334,-9500.0,0.0,-2.8887375877310113e-11,-1.539459831532267e-10,1.0
16:10:42.869,0.0,15.493080337714334,-15.493080337714334,-9500.0,0.0,-2.54208907720329e-11,-1.3547246517483948e-10,1.0
16:10:42.889,0.0,15.493080337714334,-15.493080337714334,-9500.0,0.0,-2.237038387938895e-11,-1.1921576935385875e-10,1.0
16:10:42.909,0.0,15.493080337714334,-15.493080337714334,-9500.0,0.0,-1.9685937813862277e-11,-1.049098770313957e-10,1.0
16:10:42.929,0.0,15.493080337714334,-15.493080337714334,-9500.0,0.0,-1.7323625276198802e-11,-9.23206917876282e-11,1.0
16:10:42.950,0.0,15.493080337714334,-15.493080337714334,-9500.0,0.0,-1.5244790243054945e-11,-8.124220877311281e-11,1.0
16:10:42.969,0.0,15.493080337714334,-15.493080337714334,-9500.0,0.0,-1.3415415413888352e-11,-7.149314372033928e-11,1.0
16:10:42.989,0.0,15.493080337714334,-15.493080337714334,-9500.0,0.0,-1.180556556422175e-11,-6.291396647389857e-11,1.0
16:10:43.010,0.0,15.493080337714334,-15.493080337714334,-9500.0,0.0,-1.038889769651514e-11,-5.536429049703074e-11,1.0
16:10:43.029,0.0,15.493080337714334,-15.493080337714334,-9500.0,0.0,-9.142229972933324e-12,-4.872057563738705e-11,1.0
16:10:43.049,0.0,15.493080337714334,-15.493080337714334,-9500.0,0.0,-8.045162376181324e-12,-4.28741065609006e-11,1.0
16:10:43.069,0.0,15.493080337714334,-15.493080337714334,-9500.0,0.0,-7.079742891039565e-12,-3.772921377359253e-11,1.0
16:10:43.089,0.0,15.493080337714334,-15.493080337714334,-9500.0,0.0,-6.2301737441148176e-12,-3.3201708120761425e-11,1.0
16:10:43.109,0.0,15.493080337714334,-15.493080337714334,-9500.0,0.0,-5.4825528948210395e-12,-2.9217503146270054e-11,1.0
16:10:43.129,0.0,15.493080337714334,-15.493080337714334,-9500.0,0.0,-4.824646547442515e-12,-2.5711402768717648e-11,1.0
16:10:43.149,0.0,15.493080337714334,-15.493080337714334,-9500.0,0.0,-4.245688961749413e-12,-2.2626034436471533e-11,1.0
16:10:43.169,0.0,15.493080337714334,-15.493080337714334,-9500.0,0.0,-3.7362062863394835e-12,-1.991091030409495e-11,1.0
16:10:43.189,0.0,15.493080337714334,-15.493080337714334,-9500.0,0.0,-3.2878615319787457e-12,-1.7521601067603554e-11,1.0
16:10:43.209,0.0,15.493080337714334,-15.493080337714334,-9500.0,0.0,-2.8933181481412963e-12,-1.5419008939491127e-11,1.0
16:10:43.229,0.0,15.493080337714334,-15.493080337714334,-9500.0,0.0,-2.5461199703643405e-12,-1.3568727866752191e-11,1.0
16:10:43.250,0.0,15.493080337714334,-15.493080337714334,-9500.0,0.0,-2.24058557392062e-12,-1.1940480522741931e-11,1.0
16:10:43.269,0.0,15.493080337714334,-15.493080337714334,-9500.0,0.0,-1.9717153050501454e-12,-1.0507622860012897e-11,1.0
16:10:43.289,0.0,15.493080337714334,-15.493080337714334,-9500.0,0.0,-1.735109468444128e-12,-9.24670811681135e-12,1.0
16:10:43.309,0.0,15.493080337714334,-15.493080337714334,-9500.0,0.0,-1.5268963322308326e-12,-8.137103142793989e-12,1.0
16:10:43.329,0.0,15.493080337714334,-15.493080337714334,-9500.0,0.0,-1.3436687723631328e-12,-7.16065076565871e-12,1.0
16:10:43.349,0.0,15.493080337714334,-15.493080337714334,-9500.0,0.0,-1.182428519679557e-12,-6.301372673779666e-12,1.0
16:10:43.369,0.0,15.493080337714334,-15.493080337714334,-9500.0,0.0,-1.0405370973180101e-12,-5.545207952926105e-12,1.0
16:10:43.389,0.0,15.493080337714334,-15.493080337714334,-9500.0,0.0,-9.15672645639849e-13,-4.879782998574973e-12,1.0
16:10:43.409,0.0,15.493080337714334,-15.493080337714334,-9500.0,0.0,-8.057919281630671e-13,-4.294209038745976e-12,1.0
16:10:43.429,0.0,15.493080337714334,-15.493080337714334,-9500.0,0.0,-7.090968967834991e-13,-3.7789039540964596e-12,1.0
16:10:43.449,0.0,15.493080337714334,-15.493080337714334,-9500.0,0.0,-6.240052691694792e-13,-3.3254354796048844e-12,1.0
16:10:43.469,0.0,15.493080337714334,-15.493080337714334,-9500.0,0.0,-5.491246368691417e-13,-2.9263832220522984e-12,1.0
16:10:43.490,0.0,15.493080337714334,-15.493080337714334,-9500.0,0.0,-4.832296804448448e-13,-2.575217235406023e-12,1.0
16:10:43.509,0.0,15.493080337714334,-15.493080337714334,-9500.0,0.0,-4.252421187914634e-13,-2.2661911671573002e-12,1.0
16:10:43.529,0.0,15.493080337714334,-15.493080337714334,-9500.0,0.0,-3.742130645364878e-13,-1.994248227098424e-12,1.0
16:10:43.549,0.0,15.493080337714334,-15.493080337714334,-9500.0,0.0,-3.293074967921093e-13,-1.7549384398466134e-12,1.0
16:10:43.569,0.0,15.493080337714334,-15.493080337714334,-9500.0,0.0,-2.897905971770562e-13,-1.5443458270650198e-12,1.0
16:10:43.589,0.0,15.493080337714334,-15.493080337714334,-9500.0,0.0,-2.5501572551580943e-13,-1.3590243278172175e-12,1.0
16:10:43.609,0.0,15.493080337714334,-15.493080337714334,-9500.0,0.0,-2.2441383845391228e-13,-1.1959414084791512e-12,1.0
16:10:43.629,0.0,15.493080337714334,-15.493080337714334,-9500.0,0.0,-1.974841778394428e-13,-1.052428439461653e-12,1.0
16:10:43.649,0.0,15.493080337714334,-15.493080337714334,-9500.0,0.0,-1.7378607649870967e-13,-9.261370267262547e-13,1.0
16:10:43.669,0.0,15.493080337714334,-15.493080337714334,-9500.0,0.0,-1.529317473188645e-13,-8.150005835191041e-13,1.0
16:10:43.689,0.0,15.493080337714334,-15.493080337714334,-9500.0,0.0,-1.3457993764060077e-13,-7.172005134968116e-13,1.0
16:10:43.709,0.0,15.493080337714334,-15.493080337714334,-9500.0,0.0,-1.1843034512372867e-13,-6.311364518771943e-13,1.0
16:10:43.729,0.0,15.493080337714334,-15.493080337714334,-9500.0,0.0,-1.0421870370888122e-13,-5.554000776519309e-13,1.0
16:10:43.749,0.0,15.493080337714334,-15.493080337714334,-9500.0,0.0,-9.171245926381547e-14,-4.887520683336991e-13,1.0
16:10:43.769,0.0,15.493080337714334,-15.493080337714334,-9500.0,0.0,-8.070696415215762e-14,-4.3010182013365526e-13,1.0
16:10:43.789,0.0,15.493080337714334,-15.493080337714334,-9500.0,0.0,-7.10221284538987e-14,-3.784896017176166e-13,1.0
16:10:43.809,0.0,15.493080337714334,-15.493080337714334,-9500.0,0.0,-6.249947303943086e-14,-3.3307084951150264e-13,1.0
16:10:43.829,0.0,15.493080337714334,-15.493080337714334,-9500.0,0.0,-5.499953627469916e-14,-2.9310234757012234e-13,1.0
16:10:43.850,0.0,15.493080337714334,-15.493080337714334,-9500.0,0.0,-4.839959192173526e-14,-2.5793006586170763e-13,1.0
16:10:43.869,0.0,15.493080337714334,-15.493080337714334,-9500.0,0.0,-4.259164089112703e-14,-2.2697845795830273e-13,1.0
16:10:43.890,0.0,15.493080337714334,-15.493080337714334,-9500.0,0.0,-3.748064398419178e-14,-1.9974104300330639e-13,1.0
16:10:43.910,0.0,15.493080337714334,-15.493080337714334,-9500.0,0.0,-3.298296670608877e-14,-1.7577211784290962e-13,1.0
16:10:43.929,0.0,15.493080337714334,-15.493080337714334,-9500.0,0.0,-2.902501070135812e-14,-1.5467946370176047e-13,1.0
16:10:43.950,0.0,15.493080337714334,-15.493080337714334,-9500.0,0.0,-2.5542009417195144e-14,-1.3611792805754923e-13,1.0
16:10:43.969,0.0,15.493080337714334,-15.493080337714334,-9500.0,0.0,-2.2476968287131728e-14,-1.1978377669064333e-13,1.0
16:10:43.989,0.0,15.493080337714334,-15.493080337714334,-9500.0,0.0,-1.977973209267592e-14,-1.0540972348776614e-13,1.0
16:10:44.010,0.0,15.493080337714334,-15.493080337714334,-9500.0,0.0,-1.740616424155481e-14,-9.27605566692342e-14,1.0
16:10:44.030,0.0,15.493080337714334,-15.493080337714334,-9500.0,0.0,-1.5317424532568234e-14,-8.16292898689261e-14,1.0
16:10:44.049,0.0,15.493080337714334,-15.493080337714334,-9500.0,0.0,-1.3479333588660045e-14,-7.183377508465496e-14,1.0
16:10:44.069,0.0,15.493080337714334,-15.493080337714334,-9500.0,0.0,-1.186181355802084e-14,-6.321372207449637e-14,1.0
16:10:44.089,0.0,15.493080337714334,-15.493080337714334,-9500.0,0.0,-1.043839593105834e-14,-5.56280754255568e-14,1.0
16:10:44.110,0.0,15.493080337714334,-15.493080337714334,-9500.0,0.0,-9.185788419331339e-15,-4.895270637448999e-14,1.0
16:10:44.130,0.0,15.493080337714334,-15.493080337714334,-9500.0,0.0,-8.083493809011579e-15,-4.307838160955119e-14,1.0
16:10:44.150,0.0,15.493080337714334,-15.493080337714334,-9500.0,0.0,-7.11347455193019e-15,-3.790897581640505e-14,1.0
16:10:44.169,0.0,15.493080337714334,-15.493080337714334,-9500.0,0.0,-6.259857605698567e-15,-3.335989871843644e-14,1.0
16:10:44.189,0.0,15.493080337714334,-15.493080337714334,-9500.0,0.0,-5.508674693014739e-15,-2.935671087222407e-14,1.0
16:10:44.210,0.0,15.493080337714334,-15.493080337714334,-9500.0,0.0,-4.84763372985297e-15,-2.5833905567557183e-14,1.0
16:10:44.230,0.0,15.493080337714334,-15.493080337714334,-9500.0,0.0,-4.265917682270614e-15,-2.273383689945032e-14,1.0
16:10:44.250,0.0,15.493080337714334,-15.493080337714334,-9500.0,0.0,-3.7540075603981405e-15,-2.0005776471516285e-14,1.0
16:10:44.270,0.0,15.493080337714334,-15.493080337714334,-9500.0,0.0,-3.303526653150364e-15,-1.760508329493433e-14,1.0
16:10:44.289,0.0,15.493080337714334,-15.493080337714334,-9500.0,0.0,-2.90710345477232e-15,-1.549247329954221e-14,1.0
16:10:44.310,0.0,15.493080337714334,-15.493080337714334,-9500.0,0.0,-2.5582510401996417e-15,-1.3633376503597145e-14,1.0
16:10:44.330,0.0,15.493080337714334,-15.493080337714334,-9500.0,0.0,-2.251260915375685e-15,-1.1997371323165488e-14,1.0
16:10:44.350,0.0,15.493080337714334,-15.493080337714334,-9500.0,0.0,-1.9811096055306025e-15,-1.0557686764385629e-14,1.0
16:10:44.369,0.0,15.493080337714334,-15.493080337714334,-9500.0,0.0,-1.7433764528669302e-15,-9.290764352659353e-15,1.0
16:10:44.389,0.0,15.493080337714334,-15.493080337714334,-9500.0,0.0,-1.5341712785228986e-15,-8.175872630340232e-15,1.0
16:10:44.409,0.0,15.493080337714334,-15.493080337714334,-9500.0,0.0,-1.3500707251001508e-15,-7.194767914699404e-15,1.0
16:10:44.430,0.0,15.493080337714334,-15.493080337714334,-9500.0,0.0,-1.1880622380881327e-15,-6.331395764935475e-15,1.0
16:10:44.450,0.0,15.493080337714334,-15.493080337714334,-9500.0,0.0,-1.0454947695175568e-15,-5.571628273143218e-15,1.0
16:10:44.469,0.0,15.493080337714334,-15.493080337714334,-9500.0,0.0,-9.2003539717545e-16,-4.903032880366033e-15,1.0
16:10:44.489,0.0,15.493080337714334,-15.493080337714334,-9500.0,0.0,-8.096311495143961e-16,-4.3146689347221085e-15,1.0
16:10:44.509,0.0,15.493080337714334,-15.493080337714334,-9500.0,0.0,-7.124754115726685e-16,-3.7969086625554556e-15,1.0
16:10:44.529,0.0,15.493080337714334,-15.493080337714334,-9500.0,0.0,-6.269783621839483e-16,-3.341279623048801e-15,1.0
16:10:44.550,0.0,15.493080337714334,-15.493080337714334,-9500.0,0.0,-5.517409587218745e-16,-2.940326068282945e-15,1.0
16:10:44.569,0.0,15.493080337714334,-15.493080337714334,-9500.0,0.0,-4.855320436752496e-16,-2.5874869400889913e-15,1.0
16:10:44.589,0.0,15.493080337714334,-15.493080337714334,-9500.0,0.0,-4.2726819843421964e-16,-2.2769885072783126e-15,1.0
16:10:44.609,0.0,15.493080337714334,-15.493080337714334,-9500.0,0.0,-3.7599601462211327e-16,-2.003749886404915e-15,1.0
16:10:44.629,0.0,15.493080337714334,-15.493080337714334,-9500.0,0.0,-3.308764928674597e-16,-1.7632999000363254e-15,1.0
16:10:44.649,0.0,15.493080337714334,-15.493080337714334,-9500.0,0.0,-2.911713137233645e-16,-1.5517039120319663e-15,1.0
16:10:44.669,0.0,15.493080337714334,-15.493080337714334,-9500.0,0.0,-2.562307560765608e-16,-1.3654994425881303e-15,1.0
16:10:44.689,0.0,15.493080337714334,-15.493080337714334,-9500.0,0.0,-2.254830653473735e-16,-1.2016395094775546e-15,1.0
16:10:44.709,0.0,15.493080337714334,-15.493080337714334,-9500.0,0.0,-1.9842509750568867e-16,-1.057442768340248e-15,1.0
16:10:44.729,0.0,15.493080337714334,-15.493080337714334,-9500.0,0.0,-1.7461408580500602e-16,-9.305496361394182e-16,1.0
16:10:44.749,0.0,15.493080337714334,-15.493080337714334,-9500.0,0.0,-1.536603955084053e-16,-8.188836798026881e-16,1.0
16:10:44.769,0.0,15.493080337714334,-15.493080337714334,-9500.0,0.0,-1.3522114804739667e-16,-7.206176382263656e-16,1.0
16:10:44.789,0.0,15.493080337714334,-15.493080337714334,-9500.0,0.0,-1.1899461028170908e-16,-6.341435216392017e-16,1.0
16:10:44.809,0.0,15.493080337714334,-15.493080337714334,-9500.0,0.0,-1.04715257047904e-16,-5.580462990424975e-16,1.0
16:10:44.829,0.0,15.493080337714334,-15.493080337714334,-9500.0,0.0,-9.214942620215552e-17,-4.910807431573979e-16,1.0
16:10:44.849,0.0,15.493080337714334,-15.493080337714334,-9500.0,0.0,-8.109149505789686e-17,-4.3215105397851017e-16,1.0
16:10:44.870,0.0,15.493080337714334,-15.493080337714334,-9500.0,0.0,-7.136051565094924e-17,-3.8029292750108895e-16,1.0
16:10:44.889,0.0,15.493080337714334,-15.493080337714334,-9500.0,0.0,-6.279725377283534e-17,-3.346577762009583e-16,1.0
16:10:44.909,0.0,15.493080337714334,-15.493080337714334,-9500.0,0.0,-5.5261583320095097e-17,-2.944988430568433e-16,1.0
16:10:44.929,0.0,15.493080337714334,-15.493080337714334,-9500.0,0.0,-4.8630193321683685e-17,-2.591589818900221e-16,1.0
16:10:44.949,0.0,15.493080337714334,-15.493080337714334,-9500.0,0.0,-4.2794570123081645e-17,-2.2805990406321946e-16,1.0
16:10:44.969,0.0,15.493080337714334,-15.493080337714334,-9500.0,0.0,-3.7659221708311845e-17,-2.0069271557563313e-16,1.0
16:10:44.989,0.0,15.493080337714334,-15.493080337714334,-9500.0,0.0,-3.3140115103314424e-17,-1.7660958970655715e-16,1.0
16:10:45.010,0.0,15.493080337714334,-15.493080337714334,-9500.0,0.0,-2.916330129091669e-17,-1.5541643894177028e-16,1.0
16:10:45.029,0.0,15.493080337714334,-15.493080337714334,-9500.0,0.0,-2.5663705136006688e-17,-1.3676646626875785e-16,1.0
16:10:45.050,0.0,15.493080337714334,-15.493080337714334,-9500.0,0.0,-2.2584060519685887e-17,-1.203544903165069e-16,1.0
16:10:45.070,0.0,15.493080337714334,-15.493080337714334,-9500.0,0.0,-1.987397325732358e-17,-1.0591195147852608e-16,1.0
16:10:45.089,0.0,15.493080337714334,-15.493080337714334,-9500.0,0.0,-1.748909646644475e-17,-9.320251730110295e-17,1.0
16:10:45.109,0.0,15.493080337714334,-15.493080337714334,-9500.0,0.0,-1.539040489047138e-17,-8.20182152249706e-17,1.0
16:10:45.129,0.0,15.493080337714334,-15.493080337714334,-9500.0,0.0,-1.3543556303614815e-17,-7.217602939797413e-17,1.0
16:10:45.149,0.0,15.493080337714334,-15.493080337714334,-9500.0,0.0,-1.1918329547181038e-17,-6.351490587021724e-17,1.0
16:10:45.170,0.0,15.493080337714334,-15.493080337714334,-9500.0,0.0,-1.0488130001519313e-17,-5.589311716579116e-17,1.0
16:10:45.189,0.0,15.493080337714334,-15.493080337714334,-9500.0,0.0,-9.229554401336996e-18,-4.918594310589623e-17,1.0
16:10:45.209,0.0,15.493080337714334,-15.493080337714334,-9500.0,0.0,-8.122007873176556e-18,-4.328362993318868e-17,1.0
16:10:45.229,0.0,15.493080337714334,-15.493080337714334,-9500.0,0.0,-7.14736692839537e-18,-3.808959434120604e-17,1.0
16:10:45.250,0.0,15.493080337714334,-15.493080337714334,-9500.0,0.0,-6.2896828969879256e-18,-3.3518843020261316e-17,1.0
16:10:45.270,0.0,15.493080337714334,-15.493080337714334,-9500.0,0.0,-5.534920949349375e-18,-2.949658185782996e-17,1.0
16:10:45.289,0.0,15.493080337714334,-15.493080337714334,-9500.0,0.0,-4.87073043542745e-18,-2.5956992034890362e-17,1.0
16:10:45.310,0.0,15.493080337714334,-15.493080337714334,-9500.0,0.0,-4.2862427831761554e-18,-2.2842152990703518e-17,1.0
16:10:45.330,0.0,15.493080337714334,-15.493080337714334,-9500.0,0.0,-3.771893649195017e-18,-2.0101094631819094e-17,1.0
16:10:45.350,0.0,15.493080337714334,-15.493080337714334,-9500.0,0.0,-3.3192664112916147e-18,-1.7688963276000805e-17,1.0
16:10:45.369,0.0,15.493080337714334,-15.493080337714334,-9500.0,0.0,-2.920954441936621e-18,-1.5566287682880708e-17,1.0
16:10:45.389,0.0,15.493080337714334,-15.493080337714334,-9500.0,0.0,-2.5704399089042265e-18,-1.3698333160935023e-17,1.0
16:10:45.409,0.0,15.493080337714334,-15.493080337714334,-9500.0,0.0,-2.2619871198357193e-18,-1.205453318162282e-17,1.0
16:10:45.429,0.0,15.493080337714334,-15.493080337714334,-9500.0,0.0,-1.990548665455433e-18,-1.0607989199828082e-17,1.0
16:10:45.449,0.0,15.493080337714334,-15.493080337714334,-9500.0,0.0,-1.751682825600781e-18,-9.335030495848712e-18,1.0
16:10:45.469,0.0,15.493080337714334,-15.493080337714334,-9500.0,0.0,-1.5414808865286875e-18,-8.214826836346867e-18,1.0
16:10:45.489,0.0,15.493080337714334,-15.493080337714334,-9500.0,0.0,-1.356503180145245e-18,-7.229047615985243e-18,1.0
16:10:45.509,0.0,15.493080337714334,-15.493080337714334,-9500.0,0.0,-1.1937227985278156e-18,-6.361561902067014e-18,1.0
16:10:45.529,0.0,15.493080337714334,-15.493080337714334,-9500.0,0.0,-1.0504760627044777e-18,-5.5981744738189724e-18,1.0
16:10:45.550,0.0,15.493080337714334,-15.493080337714334,-9500.0,0.0,-9.244189351799404e-19,-4.926393536960696e-18,1.0
16:10:45.569,0.0,15.493080337714334,-15.493080337714334,-9500.0,0.0,-8.134886629583475e-19,-4.3352263125254125e-18,1.0
16:10:45.589,0.0,15.493080337714334,-15.493080337714334,-9500.0,0.0,-7.158700234033458e-19,-3.814999155022363e-18,1.0
16:10:45.609,0.0,15.493080337714334,-15.493080337714334,-9500.0,0.0,-6.299656205949443e-19,-3.3571992564196793e-18,1.0
16:10:45.629,0.0,15.493080337714334,-15.493080337714334,-9500.0,0.0,-5.54369746123551e-19,-2.954335345649318e-18,1.0
16:10:45.649,0.0,15.493080337714334,-15.493080337714334,-9500.0,0.0,-4.8784537658872495e-19,-2.5998151041714e-18,1.0
16:10:45.669,0.0,15.493080337714334,-15.493080337714334,-9500.0,0.0,-4.2930393139807794e-19,-2.2878372916708318e-18,1.0
16:10:45.689,0.0,15.493080337714334,-15.493080337714334,-9500.0,0.0,-3.777874596303086e-19,-2.013296816670332e-18,1.0
16:10:45.709,0.0,15.493080337714334,-15.493080337714334,-9500.0,0.0,-3.3245296447467155e-19,-1.7717011986698922e-18,1.0
16:10:45.729,0.0,15.493080337714334,-15.493080337714334,-9500.0,0.0,-2.92558608737711e-19,-1.5590970548295052e-18,1.0
16:10:45.749,0.0,15.493080337714334,-15.493080337714334,-9500.0,0.0,-2.574515756891857e-19,-1.3720054082499646e-18,1.0
16:10:45.769,0.0,15.493080337714334,-15.493080337714334,-9500.0,0.0,-2.265573866064834e-19,-1.207364759259969e-18,1.0
16:10:45.789,0.0,15.493080337714334,-15.493080337714334,-9500.0,0.0,-1.993705002137054e-19,-1.0624809881487727e-18,1.0
16:10:45.809,0.0,15.493080337714334,-15.493080337714334,-9500.0,0.0,-1.7544604018806076e-19,-9.3498326957092e-19,1.0
16:10:45.829,0.0,15.493080337714334,-15.493080337714334,-9500.0,0.0,-1.5439251536549348e-19,-8.227852772224097e-19,1.0
16:10:45.849,0.0,15.493080337714334,-15.493080337714334,-9500.0,0.0,-1.3586541352163426e-19,-7.240510439557205e-19,1.0
16:10:45.869,0.0,15.493080337714334,-15.493080337714334,-9500.0,0.0,-1.1956156389903816e-19,-6.3716491868103405e-19,1.0
16:10:45.889,0.0,15.493080337714334,-15.493080337714334,-9500.0,0.0,-1.0521417623115357e-19,-5.607051284393099e-19,1.0
16:10:45.909,0.0,15.493080337714334,-15.493080337714334,-9500.0,0.0,-9.258847508341515e-20,-4.934205130265927e-19,1.0
16:10:45.929,0.0,15.493080337714334,-15.493080337714334,-9500.0,0.0,-8.147785807340533e-20,-4.342100514634017e-19,1.0
16:10:45.949,0.0,15.493080337714334,-15.493080337714334,-9500.0,0.0,-7.17005151045967e-20,-3.8210484528779345e-19,1.0
16:10:45.970,0.0,15.493080337714334,-15.493080337714334,-9500.0,0.0,-6.309645329204509e-20,-3.3625226385325824e-19,1.0
16:10:45.989,0.0,15.493080337714334,-15.493080337714334,-9500.0,0.0,-5.552487889699968e-20,-2.9590199219086728e-19,1.0
16:10:46.009,0.0,15.493080337714334,-15.493080337714334,-9500.0,0.0,-4.886189342935972e-20,-2.603937531279632e-19,1.0
16:10:46.029,0.0,15.493080337714334,-15.493080337714334,-9500.0,0.0,-4.2998466217836555e-20,-2.291465027526076e-19,1.0
16:10:46.050,0.0,15.493080337714334,-15.493080337714334,-9500.0,0.0,-3.783865027169617e-20,-2.0164892242229471e-19,1.0
16:10:46.070,0.0,15.493080337714334,-15.493080337714334,-9500.0,0.0,-3.329801223909263e-20,-1.7745105173161936e-19,1.0
16:10:46.089,0.0,15.493080337714334,-15.493080337714334,-9500.0,0.0,-2.930225077040152e-20,-1.5615692552382505e-19,1.0
16:10:46.109,0.0,15.493080337714334,-15.493080337714334,-9500.0,0.0,-2.5785980677953337e-20,-1.3741809446096606e-19,1.0
16:10:46.130,0.0,15.493080337714334,-15.493080337714334,-9500.0,0.0,-2.2691662996598938e-20,-1.2092792312565012e-19,1.0
16:10:46.150,0.0,15.493080337714334,-15.493080337714334,-9500.0,0.0,-1.9968663437007066e-20,-1.0641657235057212e-19,1.0
16:10:46.170,0.0,15.493080337714334,-15.493080337714334,-9500.0,0.0,-1.7572423824566218e-20,-9.364658366850347e-20,1.0
16:10:46.189,0.0,15.493080337714334,-15.493080337714334,-9500.0,0.0,-1.546373296561827e-20,-8.240899362828305e-20,1.0
16:10:46.209,0.0,15.493080337714334,-15.493080337714334,-9500.0,0.0,-1.360808500974408e-20,-7.251991439288908e-20,1.0
16:10:46.228,0.0,15.493080337714334,-15.493080337714334,-9500.0,0.0,-1.197511480857479e-20,-6.38175246657424e-20,1.0
16:10:46.248,0.0,15.493080337714334,-15.493080337714334,-9500.0,0.0,-1.0538101031545815e-20,-5.615942170585331e-20,1.0
16:10:46.269,0.0,15.493080337714334,-15.493080337714334,-9500.0,0.0,-9.273528907760317e-21,-4.942029110115091e-20,1.0
16:10:46.289,0.0,15.493080337714334,-15.493080337714334,-9500.0,0.0,-8.160705438829078e-21,-4.3489856169012794e-20,1.0
16:10:46.309,0.0,15.493080337714334,-15.493080337714334,-9500.0,0.0,-7.181420786169589e-21,-3.827107342873126e-20,1.0
16:10:46.329,0.0,15.493080337714334,-15.493080337714334,-9500.0,0.0,-6.319650291829238e-21,-3.367854461728351e-20,1.0
16:10:46.349,0.0,15.493080337714334,-15.493080337714334,-9500.0,0.0,-5.56129225680973e-21,-2.963711926320949e-20,1.0
16:10:46.370,0.0,15.493080337714334,-15.493080337714334,-9500.0,0.0,-4.8939371859925626e-21,-2.608066495162435e-20,1.0
16:10:46.389,0.0,15.493080337714334,-15.493080337714334,-9500.0,0.0,-4.306664723673455e-21,-2.295098515742943e-20,1.0
16:10:46.409,0.0,15.493080337714334,-15.493080337714334,-9500.0,0.0,-3.78986495683264e-21,-2.0196866938537895e-20,1.0
16:10:46.429,0.0,15.493080337714334,-15.493080337714334,-9500.0,0.0,-3.3350811620127233e-21,-1.777324290591335e-20,1.0
16:10:46.449,0.0,15.493080337714334,-15.493080337714334,-9500.0,0.0,-2.9348714225711966e-21,-1.5640453757203746e-20,1.0
16:10:46.469,0.0,15.493080337714334,-15.493080337714334,-9500.0,0.0,-2.582686851862653e-21,-1.3763599306339295e-20,1.0
16:10:46.489,0.0,15.493080337714334,-15.493080337714334,-9500.0,0.0,-2.2727644296391347e-21,-1.2111967389578582e-20,1.0
16:10:46.510,0.0,15.493080337714334,-15.493080337714334,-9500.0,0.0,-2.0000326980824385e-21,-1.0658531302829152e-20,1.0
16:10:46.529,0.0,15.493080337714334,-15.493080337714334,-9500.0,0.0,-1.760028774312546e-21,-9.379507546489654e-21,1.0
16:10:46.549,0.0,15.493080337714334,-15.493080337714334,-9500.0,0.0,-1.5488253213950404e-21,-8.253966640910895e-21,1.0
16:10:46.569,0.0,15.493080337714334,-15.493080337714334,-9500.0,0.0,-1.3629662828276355e-21,-7.263490644001587e-21,1.0
16:10:46.589,0.0,15.493080337714334,-15.493080337714334,-9500.0,0.0,-1.1994103288883193e-21,-6.391871766721398e-21,1.0
16:10:46.609,0.0,15.493080337714334,-15.493080337714334,-9500.0,0.0,-1.055481089421721e-21,-5.62484715471483e-21,1.0
16:10:46.628,0.0,15.493080337714334,-15.493080337714334,-9500.0,0.0,-9.288233586911144e-22,-4.94986549614905e-21,1.0
16:10:46.649,0.0,15.493080337714334,-15.493080337714334,-9500.0,0.0,-8.173645556481806e-22,-4.355881636611164e-21,1.0
16:10:46.669,0.0,15.493080337714334,-15.493080337714334,-9500.0,0.0,-7.19280808970399e-22,-3.833175840217824e-21,1.0
16:10:46.689,0.0,15.493080337714334,-15.493080337714334,-9500.0,0.0,-6.329671118939511e-22,-3.3731947393916853e-21,1.0
16:10:46.709,0.0,15.493080337714334,-15.493080337714334,-9500.0,0.0,-5.57011058466677e-22,-2.968411370664683e-21,1.0
16:10:46.729,0.0,15.493080337714334,-15.493080337714334,-9500.0,0.0,-4.901697314506757e-22,-2.612202006184921e-21,1.0
16:10:46.749,0.0,15.493080337714334,-15.493080337714334,-9500.0,0.0,-4.313493636765946e-22,-2.2987377654427303e-21,1.0
16:10:46.770,0.0,15.493080337714334,-15.493080337714334,-9500.0,0.0,-3.7958744003540325e-22,-2.0228892335896026e-21,1.0
16:10:46.790,0.0,15.493080337714334,-15.493080337714334,-9500.0,0.0,-3.3403694723115487e-22,-1.7801425255588503e-21,1.0
16:10:46.809,0.0,15.493080337714334,-15.493080337714334,-9500.0,0.0,-2.939525135634163e-22,-1.5665254224917884e-21,1.0
16:10:46.829,0.0,15.493080337714334,-15.493080337714334,-9500.0,0.0,-2.5867821193580634e-22,-1.3785423717927738e-21,1.0
16:10:46.849,0.0,15.493080337714334,-15.493080337714334,-9500.0,0.0,-2.276368265035096e-22,-1.213117287177641e-21,1.0
16:10:46.869,0.0,15.493080337714334,-15.493080337714334,-9500.0,0.0,-2.0032040732308845e-22,-1.0675432127163242e-21,1.0
16:10:46.889,0.0,15.493080337714334,-15.493080337714334,-9500.0,0.0,-1.7628195844431785e-22,-9.394380271903652e-22,1.0
16:10:46.910,0.0,15.493080337714334,-15.493080337714334,-9500.0,0.0,-1.551281234309997e-22,-8.267054639275214e-22,1.0
16:10:46.929,0.0,15.493080337714334,-15.493080337714334,-9500.0,0.0,-1.3651274861927974e-22,-7.275008082562189e-22,1.0
16:10:46.949,0.0,15.493080337714334,-15.493080337714334,-9500.0,0.0,-1.2013121878496617e-22,-6.402007112654726e-22,1.0
16:10:46.969,0.0,15.493080337714334,-15.493080337714334,-9500.0,0.0,-1.0571547253077022e-22,-5.633766259136158e-22,1.0
16:10:46.989,0.0,15.493080337714334,-15.493080337714334,-9500.0,0.0,-9.30296158270778e-23,-4.95771430803982e-22,1.0
16:10:47.009,0.0,15.493080337714334,-15.493080337714334,-9500.0,0.0,-8.186606192782846e-23,-4.362788591075041e-22,1.0
16:10:47.029,0.0,15.493080337714334,-15.493080337714334,-9500.0,0.0,-7.204213449648905e-23,-3.8392539601460366e-22,1.0
16:10:47.049,0.0,15.493080337714334,-15.493080337714334,-9500.0,0.0,-6.339707835691037e-23,-3.3785434849285126e-22,1.0
16:10:47.069,0.0,15.493080337714334,-15.493080337714334,-9500.0,0.0,-5.578942895408112e-23,-2.973118266737091e-22,1.0
16:10:47.089,0.0,15.493080337714334,-15.493080337714334,-9500.0,0.0,-4.9094697479591384e-23,-2.61634407472864e-22,1.0
16:10:47.109,0.0,15.493080337714334,-15.493080337714334,-9500.0,0.0,-4.320333378204042e-23,-2.302382785761203e-22,1.0
16:10:47.129,0.0,15.493080337714334,-15.493080337714334,-9500.0,0.0,-3.801893372819557e-23,-2.0260968514698588e-22,1.0
16:10:47.149,0.0,15.493080337714334,-15.493080337714334,-9500.0,0.0,-3.3456661680812104e-23,-1.7829652292934757e-22,1.0
16:10:47.169,0.0,15.493080337714334,-15.493080337714334,-9500.0,0.0,-2.9441862279114653e-23,-1.5690094017782587e-22,1.0
16:10:47.189,0.0,15.493080337714334,-15.493080337714334,-9500.0,0.0,-2.5908838805620894e-23,-1.3807282735648678e-22,1.0
16:10:47.210,0.0,15.493080337714334,-15.493080337714334,-9500.0,0.0,-2.2799778148946385e-23,-1.2150408807370835e-22,1.0
16:10:47.229,0.0,15.493080337714334,-15.493080337714334,-9500.0,0.0,-2.006380477107282e-23,-1.0692359750486334e-22,1.0
16:10:47.249,0.0,15.493080337714334,-15.493080337714334,-9500.0,0.0,-1.7656148198544082e-23,-9.409276580427976e-23,1.0
16:10:47.270,0.0,15.493080337714334,-15.493080337714334,-9500.0,0.0,-1.5537410414718793e-23,-8.280163390776618e-23,1.0
16:10:47.290,0.0,15.493080337714334,-15.493080337714334,-9500.0,0.0,-1.3672921164952538e-23,-7.286543783883425e-23,1.0
16:10:47.310,0.0,15.493080337714334,-15.493080337714334,-9500.0,0.0,-1.2032170625158233e-23,-6.412158529817413e-23,1.0
16:10:47.329,0.0,15.493080337714334,-15.493080337714334,-9500.0,0.0,-1.0588310150139245e-23,-5.642699506239324e-23,1.0
16:10:47.349,0.0,15.493080337714334,-15.493080337714334,-9500.0,0.0,-9.317712932122535e-24,-4.9655755654906046e-23,1.0
16:10:47.369,0.0,15.493080337714334,-15.493080337714334,-9500.0,0.0,-8.19958738026783e-24,-4.369706497631732e-23,1.0
16:10:47.389,0.0,15.493080337714334,-15.493080337714334,-9500.0,0.0,-7.21563689463569e-24,-3.8453417179159237e-23,1.0
16:10:47.409,0.0,15.493080337714334,-15.493080337714334,-9500.0,0.0,-6.3497604672794075e-24,-3.383900711766013e-23,1.0
16:10:47.429,0.0,15.493080337714334,-15.493080337714334,-9500.0,0.0,-5.587789211205878e-24,-2.9778326263540915e-23,1.0
16:10:47.449,0.0,15.493080337714334,-15.493080337714334,-9500.0,0.0,-4.9172545058611726e-24,-2.6204927111916e-23,1.0
16:10:47.469,0.0,15.493080337714334,-15.493080337714334,-9500.0,0.0,-4.327183965157832e-24,-2.306033585848608e-23,1.0
16:10:47.489,0.0,15.493080337714334,-15.493080337714334,-9500.0,0.0,-3.807921889338892e-24,-2.029309555546775e-23,1.0
16:10:47.509,0.0,15.493080337714334,-15.493080337714334,-9500.0,0.0,-3.350971262618225e-24,-1.7857924088811622e-23,1.0
16:10:47.529,0.0,15.493080337714334,-15.493080337714334,-9500.0,0.0,-2.948854711104038e-24,-1.5714973198154226e-23,1.0
16:10:47.549,0.0,15.493080337714334,-15.493080337714334,-9500.0,0.0,-2.5949921457715533e-24,-1.3829176414375717e-23,1.0
16:10:47.569,0.0,15.493080337714334,-15.493080337714334,-9500.0,0.0,-2.2835930882789667e-24,-1.2169675244650631e-23,1.0
16:10:47.590,0.0,15.493080337714334,-15.493080337714334,-9500.0,0.0,-2.0095619176854907e-24,-1.0709314215292555e-23,1.0
16:10:47.609,0.0,15.493080337714334,-15.493080337714334,-9500.0,0.0,-1.7684144875632318e-24,-9.424196509457448e-24,1.0
16:10:47.629,0.0,15.493080337714334,-15.493080337714334,-9500.0,0.0,-1.556204749055644e-24,-8.293292928322555e-24,1.0
16:10:47.649,0.0,15.493080337714334,-15.493080337714334,-9500.0,0.0,-1.3694601791689668e-24,-7.298097776923849e-24,1.0
16:10:47.670,0.0,15.493080337714334,-15.493080337714334,-9500.0,0.0,-1.2051249576686908e-24,-6.422326043692987e-24,1.0
16:10:47.689,0.0,15.493080337714334,-15.493080337714334,-9500.0,0.0,-1.0605099627484479e-24,-5.6516469184498286e-24,1.0
16:10:47.709,0.0,15.493080337714334,-15.493080337714334,-9500.0,0.0,-9.332487672186341e-25,-4.973449288235849e-24,1.0
16:10:47.729,0.0,15.493080337714334,-15.493080337714334,-9500.0,0.0,-8.212589151523981e-25,-4.376635373647547e-24,1.0
16:10:47.749,0.0,15.493080337714334,-15.493080337714334,-9500.0,0.0,-7.227078453341103e-25,-3.851439128809841e-24,1.0
16:10:47.769,0.0,15.493080337714334,-15.493080337714334,-9500.0,0.0,-6.35982903894017e-25,-3.389266433352661e-24,1.0
16:10:47.789,0.0,15.493080337714334,-15.493080337714334,-9500.0,0.0,-5.59664955426735e-25,-2.982554461350341e-24,1.0
16:10:47.809,0.0,15.493080337714334,-15.493080337714334,-9500.0,0.0,-4.925051607755268e-25,-2.6246479259883e-24,1.0
16:10:47.829,0.0,15.493080337714334,-15.493080337714334,-9500.0,0.0,-4.334045414824635e-25,-2.309690174869704e-24,1.0
16:10:47.849,0.0,15.493080337714334,-15.493080337714334,-9500.0,0.0,-3.813959965045679e-25,-2.0325273538853395e-24,1.0
16:10:47.869,0.0,15.493080337714334,-15.493080337714334,-9500.0,0.0,-3.3562847692401975e-25,-1.7886240714190988e-24,1.0
16:10:47.889,0.0,15.493080337714334,-15.493080337714334,-9500.0,0.0,-2.953530596931374e-25,-1.5739891828488069e-24,1.0
16:10:47.909,0.0,15.493080337714334,-15.493080337714334,-9500.0,0.0,-2.599106925299609e-25,-1.38511048090695e-24,1.0
16:10:47.929,0.0,15.493080337714334,-15.493080337714334,-9500.0,0.0,-2.287214094263656e-25,-1.2188972231981161e-24,1.0
16:10:47.949,0.0,15.493080337714334,-15.493080337714334,-9500.0,0.0,-2.0127484029520173e-25,-1.0726295564143423e-24,1.0
16:10:47.969,0.0,15.493080337714334,-15.493080337714334,-9500.0,0.0,-1.7712185945977753e-25,-9.439140096446212e-25,1.0
16:10:47.989,0.0,15.493080337714334,-15.493080337714334,-9500.0,0.0,-1.5586723632460422e-25,-8.306443284872667e-25,1.0
16:10:48.009,0.0,15.493080337714334,-15.493080337714334,-9500.0,0.0,-1.3716316796565172e-25,-7.309670090687946e-25,1.0
16:10:48.029,0.0,15.493080337714334,-15.493080337714334,-9500.0,0.0,-1.207035878097735e-25,-6.432509679805392e-25,1.0
16:10:48.050,0.0,15.493080337714334,-15.493080337714334,-9500.0,0.0,-1.0621915727260069e-25,-5.6606085182287455e-25,1.0
16:10:48.069,0.0,15.493080337714334,-15.493080337714334,-9500.0,0.0,-9.347285839988861e-26,-4.981335496041296e-25,1.0
16:10:48.089,0.0,15.493080337714334,-15.493080337714334,-9500.0,0.0,-8.225611539190198e-26,-4.383575236516341e-25,1.0
16:10:48.109,0.0,15.493080337714334,-15.493080337714334,-9500.0,0.0,-7.238538154487373e-26,-3.8575462081343796e-25,1.0
16:10:48.129,0.0,15.493080337714334,-15.493080337714334,-9500.0,0.0,-6.369913575948889e-26,-3.3946406631582544e-25,1.0
16:10:48.149,0.0,15.493080337714334,-15.493080337714334,-9500.0,0.0,-5.605523946835022e-26,-2.987283783579264e-25,1.0
16:10:48.169,0.0,15.493080337714334,-15.493080337714334,-9500.0,0.0,-4.93286107321482e-26,-2.628809729549752e-25,1.0
16:10:48.189,0.0,15.493080337714334,-15.493080337714334,-9500.0,0.0,-4.3409177444290413e-26,-2.3133525620037817e-25,1.0
16:10:48.209,0.0,15.493080337714334,-15.493080337714334,-9500.0,0.0,-3.820007615097556e-26,-2.035750254563328e-25,1.0
16:10:48.229,0.0,15.493080337714334,-15.493080337714334,-9500.0,0.0,-3.361606701285849e-26,-1.7914602240157284e-25,1.0
16:10:48.249,0.0,15.493080337714334,-15.493080337714334,-9500.0,0.0,-2.9582138971315474e-26,-1.576484997133841e-25,1.0
16:10:48.269,0.0,15.493080337714334,-15.493080337714334,-9500.0,0.0,-2.603228229475762e-26,-1.3873067974777803e-25,1.0
16:10:48.289,0.0,15.493080337714334,-15.493080337714334,-9500.0,0.0,-2.2908408419386706e-26,-1.2208299817804466e-25,1.0
16:10:48.309,0.0,15.493080337714334,-15.493080337714334,-9500.0,0.0,-2.01593994090603e-26,-1.0743303839667932e-25,1.0
16:10:48.329,0.0,15.493080337714334,-15.493080337714334,-9500.0,0.0,-1.7740271479973066e-26,-9.45410737890778e-26,1.0
16:10:48.349,0.0,15.493080337714334,-15.493080337714334,-9500.0,0.0,-1.56114389023763e-26,-8.319614493438847e-26,1.0
16:10:48.369,0.0,15.493080337714334,-15.493080337714334,-9500.0,0.0,-1.3738066234091142e-26,-7.321260754226185e-26,1.0
16:10:48.389,0.0,15.493080337714334,-15.493080337714334,-9500.0,0.0,-1.2089498286000205e-26,-6.442709463719042e-26,1.0
16:10:48.409,0.0,15.493080337714334,-15.493080337714334,-9500.0,0.0,-1.063875849168018e-26,-5.669584328072757e-26,1.0
16:10:48.429,0.0,15.493080337714334,-15.493080337714334,-9500.0,0.0,-9.362107472678559e-27,-4.989234208704026e-26,1.0
16:10:48.449,0.0,15.493080337714334,-15.493080337714334,-9500.0,0.0,-8.238654575957132e-27,-4.390526103659543e-26,1.0
16:10:48.470,0.0,15.493080337714334,-15.493080337714334,-9500.0,0.0,-7.250016026842276e-27,-3.8636629712203983e-26,1.0
16:10:48.489,0.0,15.493080337714334,-15.493080337714334,-9500.0,0.0,-6.380014103621203e-27,-3.4000234146739503e-26,1.0
16:10:48.509,0.0,15.493080337714334,-15.493080337714334,-9500.0,0.0,-5.6144124111866586e-27,-2.992020604913076e-26,1.0
16:10:48.529,0.0,15.493080337714334,-15.493080337714334,-9500.0,0.0,-4.94068292184426e-27,-2.6329781323235075e-26,1.0
16:10:48.549,0.0,15.493080337714334,-15.493080337714334,-9500.0,0.0,-4.347800971222948e-27,-2.3170207564446862e-26,1.0
16:10:48.569,0.0,15.493080337714334,-15.493080337714334,-9500.0,0.0,-3.8260648546761945e-27,-2.038978265671324e-26,1.0
16:10:48.589,0.0,15.493080337714334,-15.493080337714334,-9500.0,0.0,-3.366937072115051e-27,-1.794300873790765e-26,1.0
16:10:48.609,0.0,15.493080337714334,-15.493080337714334,-9500.0,0.0,-2.962904623461245e-27,-1.5789847689358732e-26,1.0
16:10:48.629,0.0,15.493080337714334,-15.493080337714334,-9500.0,0.0,-2.6073560686458957e-27,-1.3895065966635684e-26,1.0
16:10:48.649,0.0,15.493080337714334,-15.493080337714334,-9500.0,0.0,-2.294473340408388e-27,-1.2227658050639401e-26,1.0
16:10:48.669,0.0,15.493080337714334,-15.493080337714334,-9500.0,0.0,-2.0191365395593816e-27,-1.0760339084562674e-26,1.0
16:10:48.689,0.0,15.493080337714334,-15.493080337714334,-9500.0,0.0,-1.776840154812256e-27,-9.469098394415154e-27,1.0
16:10:48.709,0.0,15.493080337714334,-15.493080337714334,-9500.0,0.0,-1.5636193362347851e-27,-8.332806587085334e-27,1.0
16:10:48.729,0.0,15.493080337714334,-15.493080337714334,-9500.0,0.0,-1.3759850158866108e-27,-7.332869796635095e-27,1.0
16:10:48.750,0.0,15.493080337714334,-15.493080337714334,-9500.0,0.0,-1.2108668139802175e-27,-6.4529254210388824e-27,1.0
16:10:48.769,0.0,15.493080337714334,-15.493080337714334,-9500.0,0.0,-1.0655627963025914e-27,-5.678574370514217e-27,1.0
16:10:48.789,0.0,15.493080337714334,-15.493080337714334,-9500.0,0.0,-9.376952607462805e-28,-4.997145446052511e-27,1.0
16:10:48.809,0.0,15.493080337714334,-15.493080337714334,-9500.0,0.0,-8.251718294567269e-28,-4.39748799252621e-27,1.0
16:10:48.829,0.0,15.493080337714334,-15.493080337714334,-9500.0,0.0,-7.261512099219196e-28,-3.869789433423065e-27,1.0
16:10:48.849,0.0,15.493080337714334,-15.493080337714334,-9500.0,0.0,-6.390130647312893e-28,-3.405414701412297e-27,1.0
16:10:48.869,0.0,15.493080337714334,-15.493080337714334,-9500.0,0.0,-5.623314969635346e-28,-2.9967649372428215e-27,1.0
16:10:48.890,0.0,15.493080337714334,-15.493080337714334,-9500.0,0.0,-4.948517173279104e-28,-2.6371531447736828e-27,1.0
16:10:48.909,0.0,15.493080337714334,-15.493080337714334,-9500.0,0.0,-4.354695112485612e-28,-2.320694767400841e-27,1.0
16:10:48.929,0.0,15.493080337714334,-15.493080337714334,-9500.0,0.0,-3.8321316989873386e-28,-2.04221139531274e-27,1.0
16:10:48.949,0.0,15.493080337714334,-15.493080337714334,-9500.0,0.0,-3.372275895108858e-28,-1.797146027875211e-27,1.0
16:10:48.969,0.0,15.493080337714334,-15.493080337714334,-9500.0,0.0,-2.967602787695795e-28,-1.581488504530186e-27,1.0
16:10:48.989,0.0,15.493080337714334,-15.493080337714334,-9500.0,0.0,-2.6114904531722995e-28,-1.3917098839865636e-27,1.0
16:10:49.009,0.0,15.493080337714334,-15.493080337714334,-9500.0,0.0,-2.2981115987916234e-28,-1.224704697908176e-27,1.0
16:10:49.029,0.0,15.493080337714334,-15.493080337714334,-9500.0,0.0,-2.0223382069366286e-28,-1.0777401341591948e-27,1.0
16:10:49.049,0.0,15.493080337714334,-15.493080337714334,-9500.0,0.0,-1.7796576221042332e-28,-9.484113180600914e-28,1.0
16:10:49.069,0.0,15.493080337714334,-15.493080337714334,-9500.0,0.0,-1.5660987074517252e-28,-8.346019598928804e-28,1.0
16:10:49.089,0.0,15.493080337714334,-15.493080337714334,-9500.0,0.0,-1.378166862557518e-28,-7.344497247057347e-28,1.0
16:10:49.109,0.0,15.493080337714334,-15.493080337714334,-9500.0,0.0,-1.212786839050616e-28,-6.463157577410466e-28,1.0
16:10:49.129,0.0,15.493080337714334,-15.493080337714334,-9500.0,0.0,-1.067252418364542e-28,-5.6875786681212095e-28,1.0
16:10:49.149,0.0,15.493080337714334,-15.493080337714334,-9500.0,0.0,-9.39182128160797e-29,-5.005069227946665e-28,1.0
16:10:49.170,0.0,15.493080337714334,-15.493080337714334,-9500.0,0.0,-8.264802727815013e-29,-4.404460920593065e-28,1.0
16:10:49.189,0.0,15.493080337714334,-15.493080337714334,-9500.0,0.0,-7.273026400477211e-29,-3.8759256101218965e-28,1.0
16:10:49.209,0.0,15.493080337714334,-15.493080337714334,-9500.0,0.0,-6.400263232419946e-29,-3.4108145369072694e-28,1.0
16:10:49.229,0.0,15.493080337714334,-15.493080337714334,-9500.0,0.0,-5.632231644529552e-29,-3.001516792478397e-28,1.0
16:10:49.249,0.0,15.493080337714334,-15.493080337714334,-9500.0,0.0,-4.956363847186006e-29,-2.6413347773809893e-28,1.0
16:10:49.269,0.0,15.493080337714334,-15.493080337714334,-9500.0,0.0,-4.3616001855236853e-29,-2.3243746040952704e-28,1.0
16:10:49.289,0.0,15.493080337714334,-15.493080337714334,-9500.0,0.0,-3.838208163260843e-29,-2.045449651603838e-28,1.0
16:10:49.309,0.0,15.493080337714334,-15.493080337714334,-9500.0,0.0,-3.377623183669542e-29,-1.7999956934113774e-28,1.0
16:10:49.329,0.0,15.493080337714334,-15.493080337714334,-9500.0,0.0,-2.9723084016291966e-29,-1.583996210202012e-28,1.0
16:10:49.349,0.0,15.493080337714334,-15.493080337714334,-9500.0,0.0,-2.615631393433693e-29,-1.3939166649777705e-28,1.0
16:10:49.369,0.0,15.493080337714334,-15.493080337714334,-9500.0,0.0,-2.3017556262216496e-29,-1.226646665180438e-28,1.0
16:10:49.389,0.0,15.493080337714334,-15.493080337714334,-9500.0,0.0,-2.0255449510750517e-29,-1.0794490653587855e-28,1.0
16:10:49.409,0.0,15.493080337714334,-15.493080337714334,-9500.0,0.0,-1.7824795569460456e-29,-9.499151775157312e-29,1.0
16:10:49.429,0.0,15.493080337714334,-15.493080337714334,-9500.0,0.0,-1.56858201011252e-29,-8.359253562138434e-29,1.0
16:10:49.449,0.0,15.493080337714334,-15.493080337714334,-9500.0,0.0,-1.3803521688990177e-29,-7.356143134681823e-29,1.0
16:10:49.469,0.0,15.493080337714334,-15.493080337714334,-9500.0,0.0,-1.2147099086311356e-29,-6.473405958520004e-29,1.0
16:10:49.489,0.0,15.493080337714334,-15.493080337714334,-9500.0,0.0,-1.0689447195953994e-29,-5.696597243497604e-29,1.0
16:10:49.509,0.0,15.493080337714334,-15.493080337714334,-9500.0,0.0,-9.406713532439514e-30,-5.0130055742778915e-29,1.0
16:10:49.529,0.0,15.493080337714334,-15.493080337714334,-9500.0,0.0,-8.277907908546772e-30,-4.411444905364544e-29,1.0
16:10:49.549,0.0,15.493080337714334,-15.493080337714334,-9500.0,0.0,-7.284558959521159e-30,-3.882071516720799e-29,1.0
16:10:49.569,0.0,15.493080337714334,-15.493080337714334,-9500.0,0.0,-6.41041188437862e-30,-3.416222934714303e-29,1.0
16:10:49.590,0.0,15.493080337714334,-15.493080337714334,-9500.0,0.0,-5.641162458253186e-30,-3.0062761825485865e-29,1.0
16:10:49.610,0.0,15.493080337714334,-15.493080337714334,-9500.0,0.0,-4.964222963262803e-30,-2.645523040642756e-29,1.0
16:10:49.629,0.0,15.493080337714334,-15.493080337714334,-9500.0,0.0,-4.368516207671267e-30,-2.3280602757656254e-29,1.0
16:10:49.650,0.0,15.493080337714334,-15.493080337714334,-9500.0,0.0,-3.844294262750715e-30,-2.0486930426737504e-29,1.0
16:10:49.670,0.0,15.493080337714334,-15.493080337714334,-9500.0,0.0,-3.382978951220629e-30,-1.8028498775529003e-29,1.0
16:10:49.690,0.0,15.493080337714334,-15.493080337714334,-9500.0,0.0,-2.9770214770741537e-30,-1.5865078922465522e-29,1.0
16:10:49.709,0.0,15.493080337714334,-15.493080337714334,-9500.0,0.0,-2.6197788998252552e-30,-1.396126945176966e-29,1.0
16:10:49.730,0.0,15.493080337714334,-15.493080337714334,-9500.0,0.0,-2.3054054318462245e-30,-1.22859171175573e-29,1.0
16:10:49.749,0.0,15.493080337714334,-15.493080337714334,-9500.0,0.0,-2.0287567800246775e-30,-1.0811607063450424e-29,1.0
16:10:49.769,0.0,15.493080337714334,-15.493080337714334,-9500.0,0.0,-1.7853059664217163e-30,-9.514214215836374e-30,1.0
16:10:49.789,0.0,15.493080337714334,-15.493080337714334,-9500.0,0.0,-1.5710692504511103e-30,-8.372508509936008e-30,1.0
16:10:49.809,0.0,15.493080337714334,-15.493080337714334,-9500.0,0.0,-1.382540940396977e-30,-7.367807488743687e-30,1.0
16:10:49.830,0.0,15.493080337714334,-15.493080337714334,-9500.0,0.0,-1.2166360275493399e-30,-6.483670590094445e-30,1.0
16:10:49.849,0.0,15.493080337714334,-15.493080337714334,-9500.0,0.0,-1.0706397042434191e-30,-5.7056301192831125e-30,1.0
16:10:49.870,0.0,15.493080337714334,-15.493080337714334,-9500.0,0.0,-9.421629397342089e-31,-5.020954504969139e-30,1.0
16:10:49.890,0.0,15.493080337714334,-15.493080337714334,-9500.0,0.0,-8.291033869661038e-31,-4.4184399643728425e-30,1.0
16:10:49.909,0.0,15.493080337714334,-15.493080337714334,-9500.0,0.0,-7.296109805301714e-31,-3.8882271686481015e-30,1.0
16:10:49.929,0.0,15.493080337714334,-15.493080337714334,-9500.0,0.0,-6.4205766286655085e-31,-3.421639908410329e-30,1.0
16:10:49.950,0.0,15.493080337714334,-15.493080337714334,-9500.0,0.0,-5.6501074332256475e-31,-3.0110431194010898e-30,1.0
16:10:49.969,0.0,15.493080337714334,-15.493080337714334,-9500.0,0.0,-4.97209454123857e-31,-2.6497179450729593e-30,1.0
16:10:49.989,0.0,15.493080337714334,-15.493080337714334,-9500.0,0.0,-4.375443196289942e-31,-2.3317517916642042e-30,1.0
16:10:50.009,0.0,15.493080337714334,-15.493080337714334,-9500.0,0.0,-3.850390012735149e-31,-2.0519415766645e-30,1.0
16:10:50.029,0.0,15.493080337714334,-15.493080337714334,-9500.0,0.0,-3.3883432112069313e-31,-1.80570858746476e-30,1.0
16:10:50.049,0.0,15.493080337714334,-15.493080337714334,-9500.0,0.0,-2.9817420258620996e-31,-1.5890235569689887e-30,1.0
16:10:50.070,0.0,15.493080337714334,-15.493080337714334,-9500.0,0.0,-2.6239329827586475e-31,-1.39834073013271e-30,1.0
16:10:50.090,0.0,15.493080337714334,-15.493080337714334,-9500.0,0.0,-2.3090610248276096e-31,-1.2305398425167847e-30,1.0
16:10:50.109,0.0,15.493080337714334,-15.493080337714334,-9500.0,0.0,-2.0319737018482966e-31,-1.0828750614147706e-30,1.0
16:10:50.129,0.0,15.493080337714334,-15.493080337714334,-9500.0,0.0,-1.788136857626501e-31,-9.529300540449981e-31,1.0
16:10:50.150,0.0,15.493080337714334,-15.493080337714334,-9500.0,0.0,-1.573560434711321e-31,-8.385784475595983e-31,1.0
16:10:50.169,0.0,15.493080337714334,-15.493080337714334,-9500.0,0.0,-1.3847331825459624e-31,-7.3794903385244655e-31,1.0
16:10:50.189,0.0,15.493080337714334,-15.493080337714334,-9500.0,0.0,-1.2185652006404468e-31,-6.4939514979015295e-31,1.0
16:10:50.209,0.0,15.493080337714334,-15.493080337714334,-9500.0,0.0,-1.0723373765635933e-31,-5.714677318153346e-31,1.0
16:10:50.229,0.0,15.493080337714334,-15.493080337714334,-9500.0,0.0,-9.436568913759622e-32,-5.0289160399749456e-31,1.0
16:10:50.249,0.0,15.493080337714334,-15.493080337714334,-9500.0,0.0,-8.304180644108467e-32,-4.425446115177952e-31,1.0
16:10:50.269,0.0,15.493080337714334,-15.493080337714334,-9500.0,0.0,-7.307678966815451e-32,-3.8943925813565973e-31,1.0
16:10:50.289,0.0,15.493080337714334,-15.493080337714334,-9500.0,0.0,-6.430757490797596e-32,-3.4270654715938055e-31,1.0
16:10:50.309,0.0,15.493080337714334,-15.493080337714334,-9500.0,0.0,-5.659066591901885e-32,-3.015817615002549e-31,1.0
16:10:50.329,0.0,15.493080337714334,-15.493080337714334,-9500.0,0.0,-4.979978600873659e-32,-2.6539195012022434e-31,1.0
16:10:50.349,0.0,15.493080337714334,-15.493080337714334,-9500.0,0.0,-4.38238116876882e-32,-2.335449161057974e-31,1.0
16:10:50.369,0.0,15.493080337714334,-15.493080337714334,-9500.0,0.0,-3.8564954285165616e-32,-2.055195261731017e-31,1.0
16:10:50.389,0.0,15.493080337714334,-15.493080337714334,-9500.0,0.0,-3.3937159770945745e-32,-1.8085718303232952e-31,1.0
16:10:50.409,0.0,15.493080337714334,-15.493080337714334,-9500.0,0.0,-2.9864700598432254e-32,-1.5915432106844999e-31,1.0
16:10:50.429,0.0,15.493080337714334,-15.493080337714334,-9500.0,0.0,-2.6280936526620384e-32,-1.4005580254023598e-31,1.0
16:10:50.449,0.0,15.493080337714334,-15.493080337714334,-9500.0,0.0,-2.3127224143425937e-32,-1.2324910623540766e-31,1.0
16:10:50.469,0.0,15.493080337714334,-15.493080337714334,-9500.0,0.0,-2.0351957246214824e-32,-1.0845921348715874e-31,1.0
16:10:50.489,0.0,15.493080337714334,-15.493080337714334,-9500.0,0.0,-1.7909722376669045e-32,-9.54441078686997e-32,1.0
16:10:50.509,0.0,15.493080337714334,-15.493080337714334,-9500.0,0.0,-1.576055569146876e-32,-8.399081492445573e-32,1.0
16:10:50.529,0.0,15.493080337714334,-15.493080337714334,-9500.0,0.0,-1.3869289008492508e-32,-7.391191713352103e-32,1.0
16:10:50.549,0.0,15.493080337714334,-15.493080337714334,-9500.0,0.0,-1.2204974327473407e-32,-6.504248707749852e-32,1.0
16:10:50.569,0.0,15.493080337714334,-15.493080337714334,-9500.0,0.0,-1.0740377408176598e-32,-5.723738862819869e-32,1.0
16:10:50.589,0.0,15.493080337714334,-15.493080337714334,-9500.0,0.0,-9.451532119195407e-33,-5.036890199281485e-32,1.0
16:10:50.609,0.0,15.493080337714334,-15.493080337714334,-9500.0,0.0,-8.317348264891959e-33,-4.4324633753677073e-32,1.0
16:10:50.630,0.0,15.493080337714334,-15.493080337714334,-9500.0,0.0,-7.319266473104924e-33,-3.900567770323583e-32,1.0
16:10:50.649,0.0,15.493080337714334,-15.493080337714334,-9500.0,0.0,-6.440954496332333e-33,-3.432499637884753e-32,1.0
16:10:50.669,0.0,15.493080337714334,-15.493080337714334,-9500.0,0.0,-5.6680399567724535e-33,-3.0205996813385823e-32,1.0
16:10:50.689,0.0,15.493080337714334,-15.493080337714334,-9500.0,0.0,-4.9878751619597594e-33,-2.6581277195779525e-32,1.0
16:10:50.709,0.0,15.493080337714334,-15.493080337714334,-9500.0,0.0,-4.389330142524588e-33,-2.3391523932285982e-32,1.0
16:10:50.729,0.0,15.493080337714334,-15.493080337714334,-9500.0,0.0,-3.862610525421638e-33,-2.0584541060411667e-32,1.0
16:10:50.749,0.0,15.493080337714334,-15.493080337714334,-9500.0,0.0,-3.3990972623710416e-33,-1.8114396133162269e-32,1.0
16:10:50.769,0.0,15.493080337714334,-15.493080337714334,-9500.0,0.0,-2.9912055908865166e-33,-1.5940668597182796e-32,1.0
16:10:50.789,0.0,15.493080337714334,-15.493080337714334,-9500.0,0.0,-2.6322609199801346e-33,-1.402778836552086e-32,1.0
16:10:50.809,0.0,15.493080337714334,-15.493080337714334,-9500.0,0.0,-2.3163896095825183e-33,-1.2344453761658357e-32,1.0
16:10:50.829,0.0,15.493080337714334,-15.493080337714334,-9500.0,0.0,-2.038422856432616e-33,-1.0863119310259354e-32,1.0
16:10:50.849,0.0,15.493080337714334,-15.493080337714334,-9500.0,0.0,-1.7938121136607022e-33,-9.559544993028232e-33,1.0
16:10:50.869,0.0,15.493080337714334,-15.493080337714334,-9500.0,0.0,-1.578554660021418e-33,-8.412399593864844e-33,1.0
16:10:50.889,0.0,15.493080337714334,-15.493080337714334,-9500.0,0.0,-1.3891281008188477e-33,-7.402911642601062e-33,1.0
16:10:50.909,0.0,15.493080337714334,-15.493080337714334,-9500.0,0.0,-1.222432728720586e-33,-6.514562245488935e-33,1.0
16:10:50.930,0.0,15.493080337714334,-15.493080337714334,-9500.0,0.0,-1.0757408012741157e-33,-5.7328147760302624e-33,1.0
16:10:50.950,0.0,15.493080337714334,-15.493080337714334,-9500.0,0.0,-9.466519051212218e-34,-5.0448770029066314e-33,1.0
16:10:50.969,0.0,15.493080337714334,-15.493080337714334,-9500.0,0.0,-8.330536765066753e-34,-4.439491762557836e-33,1.0
16:10:50.989,0.0,15.493080337714334,-15.493080337714334,-9500.0,0.0,-7.330872353258742e-34,-3.9067527510508954e-33,1.0
16:10:51.009,0.0,15.493080337714334,-15.493080337714334,-9500.0,0.0,-6.451167670867693e-34,-3.437942420924788e-33,1.0
16:10:51.029,0.0,15.493080337714334,-15.493080337714334,-9500.0,0.0,-5.67702755036357e-34,-3.0253893304138135e-33,1.0
16:10:51.049,0.0,15.493080337714334,-15.493080337714334,-9500.0,0.0,-4.995784244319942e-34,-2.6623426107641558e-33,1.0
16:10:51.069,0.0,15.493080337714334,-15.493080337714334,-9500.0,0.0,-4.396290135001549e-34,-2.3428614974724574e-33,1.0
16:10:51.089,0.0,15.493080337714334,-15.493080337714334,-9500.0,0.0,-3.868735318801363e-34,-2.0617181177757623e-33,1.0
16:10:51.109,0.0,15.493080337714334,-15.493080337714334,-9500.0,0.0,-3.4044870805451998e-34,-1.814311943642671e-33,1.0
16:10:51.129,0.0,15.493080337714334,-15.493080337714334,-9500.0,0.0,-2.995948630879776e-34,-1.5965945104055506e-33,1.0
16:10:51.149,0.0,15.493080337714334,-15.493080337714334,-9500.0,0.0,-2.636434795174203e-34,-1.4050031691568845e-33,1.0
16:10:51.169,0.0,15.493080337714334,-15.493080337714334,-9500.0,0.0,-2.3200626197532986e-34,-1.2364027888580584e-33,1.0
16:10:51.189,0.0,15.493080337714334,-15.493080337714334,-9500.0,0.0,-2.0416551053829027e-34,-1.0880344541950913e-33,1.0
16:10:51.209,0.0,15.493080337714334,-15.493080337714334,-9500.0,0.0,-1.7966564927369543e-34,-9.574703196916804e-34,1.0
16:10:51.229,0.0,15.493080337714334,-15.493080337714334,-9500.0,0.0,-1.58105771360852e-34,-8.425738813286788e-34,1.0
16:10:51.249,0.0,15.493080337714334,-15.493080337714334,-9500.0,0.0,-1.3913307879754975e-34,-7.414650155692374e-34,1.0
16:10:51.269,0.0,15.493080337714334,-15.493080337714334,-9500.0,0.0,-1.2243710934184378e-34,-6.524892137009288e-34,1.0
16:10:51.289,0.0,15.493080337714334,-15.493080337714334,-9500.0,0.0,-1.0774465622082253e-34,-5.741905080568174e-34,1.0
16:10:51.309,0.0,15.493080337714334,-15.493080337714334,-9500.0,0.0,-9.481529747432382e-35,-5.052876470899993e-34,1.0
16:10:51.329,0.0,15.493080337714334,-15.493080337714334,-9500.0,0.0,-8.343746177740496e-35,-4.446531294391994e-34,1.0
16:10:51.349,0.0,15.493080337714334,-15.493080337714334,-9500.0,0.0,-7.342496636411637e-35,-3.912947539064955e-34,1.0
16:10:51.369,0.0,15.493080337714334,-15.493080337714334,-9500.0,0.0,-6.461397040042241e-35,-3.4433938343771602e-34,1.0
16:10:51.389,0.0,15.493080337714334,-15.493080337714334,-9500.0,0.0,-5.686029395237172e-35,-3.030186574251901e-34,1.0
16:10:51.409,0.0,15.493080337714334,-15.493080337714334,-9500.0,0.0,-5.003705867808711e-35,-2.6665641853416728e-34,1.0
16:10:51.429,0.0,15.493080337714334,-15.493080337714334,-9500.0,0.0,-4.403261163671666e-35,-2.3465764831006723e-34,1.0
16:10:51.450,0.0,15.493080337714334,-15.493080337714334,-9500.0,0.0,-3.8748698240310657e-35,-2.0649873051285913e-34,1.0
16:10:51.470,0.0,15.493080337714334,-15.493080337714334,-9500.0,0.0,-3.409885445147338e-35,-1.8171888285131605e-34,1.0
16:10:51.490,0.0,15.493080337714334,-15.493080337714334,-9500.0,0.0,-3.0006991917296577e-35,-1.5991261690915815e-34,1.0
16:10:51.510,0.0,15.493080337714334,-15.493080337714334,-9500.0,0.0,-2.640615288722099e-35,-1.4072310288005916e-34,1.0
16:10:51.529,0.0,15.493080337714334,-15.493080337714334,-9500.0,0.0,-2.323741454075447e-35,-1.2383633053445207e-34,1.0
16:10:51.550,0.0,15.493080337714334,-15.493080337714334,-9500.0,0.0,-2.0448924795863935e-35,-1.0897597087031782e-34,1.0
16:10:51.569,0.0,15.493080337714334,-15.493080337714334,-9500.0,0.0,-1.7995053820360262e-35,-9.589885436587968e-35,1.0
16:10:51.589,0.0,15.493080337714334,-15.493080337714334,-9500.0,0.0,-1.5835647361917032e-35,-8.439099184197412e-35,1.0
16:10:51.609,0.0,15.493080337714334,-15.493080337714334,-9500.0,0.0,-1.393536967848699e-35,-7.426407282093723e-35,1.0
16:10:51.629,0.0,15.493080337714334,-15.493080337714334,-9500.0,0.0,-1.226312531706855e-35,-6.535238408242476e-35,1.0
16:10:51.649,0.0,15.493080337714334,-15.493080337714334,-9500.0,0.0,-1.0791550279020325e-35,-5.751009799253379e-35,1.0
16:10:51.669,0.0,15.493080337714334,-15.493080337714334,-9500.0,0.0,-9.496564245537886e-36,-5.060888623342974e-35,1.0
16:10:51.689,0.0,15.493080337714334,-15.493080337714334,-9500.0,0.0,-8.35697653607334e-36,-4.453581988541817e-35,1.0
16:10:51.710,0.0,15.493080337714334,-15.493080337714334,-9500.0,0.0,-7.354139351744538e-36,-3.919152149916799e-35,1.0
16:10:51.729,0.0,15.493080337714334,-15.493080337714334,-9500.0,0.0,-6.471642629535194e-36,-3.4488538919267834e-35,1.0
16:10:51.749,0.0,15.493080337714334,-15.493080337714334,-9500.0,0.0,-5.695045513990971e-36,-3.0349914248955696e-35,1.0
16:10:51.769,0.0,15.493080337714334,-15.493080337714334,-9500.0,0.0,-5.011640052312054e-36,-2.670792453908101e-35,1.0
16:10:51.789,0.0,15.493080337714334,-15.493080337714334,-9500.0,0.0,-4.410243246034608e-36,-2.350297359439129e-35,1.0
16:10:51.809,0.0,15.493080337714334,-15.493080337714334,-9500.0,0.0,-3.881014056510455e-36,-2.0682616763064335e-35,1.0
16:10:51.829,0.0,15.493080337714334,-15.493080337714334,-9500.0,0.0,-3.4152923697292004e-36,-1.8200702751496614e-35,1.0
16:10:51.849,0.0,15.493080337714334,-15.493080337714334,-9500.0,0.0,-3.0054572853616964e-36,-1.6016618421317022e-35,1.0
16:10:51.869,0.0,15.493080337714334,-15.493080337714334,-9500.0,0.0,-2.644802411118293e-36,-1.409462421075898e-35,1.0
16:10:51.889,0.0,15.493080337714334,-15.493080337714334,-9500.0,0.0,-2.3274261217840978e-36,-1.24032693054679e-35,1.0
16:10:51.909,0.0,15.493080337714334,-15.493080337714334,-9500.0,0.0,-2.0481349871700062e-36,-1.0914876988811754e-35,1.0
16:10:51.929,0.0,15.493080337714334,-15.493080337714334,-9500.0,0.0,-1.8023587887096053e-36,-9.605091750154344e-36,1.0
16:10:51.949,0.0,15.493080337714334,-15.493080337714334,-9500.0,0.0,-1.5860757340644526e-36,-8.452480740135822e-36,1.0
16:10:51.969,0.0,15.493080337714334,-15.493080337714334,-9500.0,0.0,-1.3957466459767183e-36,-7.438183051319522e-36,1.0
16:10:51.989,0.0,15.493080337714334,-15.493080337714334,-9500.0,0.0,-1.228257048459512e-36,-6.54560108516118e-36,1.0
16:10:52.009,0.0,15.493080337714334,-15.493080337714334,-9500.0,0.0,-1.0808662026443707e-36,-5.760128954941839e-36,1.0
16:10:52.029,0.0,15.493080337714334,-15.493080337714334,-9500.0,0.0,-9.511622583270463e-37,-5.068913480348819e-36,1.0
16:10:52.049,0.0,15.493080337714334,-15.493080337714334,-9500.0,0.0,-8.370227873278007e-37,-4.46064386270696e-36,1.0
16:10:52.069,0.0,15.493080337714334,-15.493080337714334,-9500.0,0.0,-7.3658005284846465e-37,-3.925366599182125e-36,1.0
16:10:52.089,0.0,15.493080337714334,-15.493080337714334,-9500.0,0.0,-6.481904465066489e-37,-3.45432260728027e-36,1.0
16:10:52.109,0.0,15.493080337714334,-15.493080337714334,-9500.0,0.0,-5.7040759292585106e-37,-3.039803894406638e-36,1.0
16:10:52.129,0.0,15.493080337714334,-15.493080337714334,-9500.0,0.0,-5.019586817747489e-37,-2.6750274270778412e-36,1.0
16:10:52.149,0.0,15.493080337714334,-15.493080337714334,-9500.0,0.0,-4.417236399617791e-37,-2.3540241358285006e-36,1.0
16:10:52.169,0.0,15.493080337714334,-15.493080337714334,-9500.0,0.0,-3.887168031663656e-37,-2.0715412395290805e-36,1.0
16:10:52.189,0.0,15.493080337714334,-15.493080337714334,-9500.0,0.0,-3.420707867864017e-37,-1.8229562907855908e-36,1.0
16:10:52.209,0.0,15.493080337714334,-15.493080337714334,-9500.0,0.0,-3.010222923720335e-37,-1.6042015358913198e-36,1.0
16:10:52.229,0.0,15.493080337714334,-15.493080337714334,-9500.0,0.0,-2.648996172873895e-37,-1.4116973515843615e-36,1.0
16:10:52.250,0.0,15.493080337714334,-15.493080337714334,-9500.0,0.0,-2.3311166321290277e-37,-1.2422936693942383e-36,1.0
16:10:52.269,0.0,15.493080337714334,-15.493080337714334,-9500.0,0.0,-2.0513826362735444e-37,-1.0932184290669297e-36,1.0
16:10:52.289,0.0,15.493080337714334,-15.493080337714334,-9500.0,0.0,-1.8052167199207192e-37,-9.620322175788982e-37,1.0
16:10:52.309,0.0,15.493080337714334,-15.493080337714334,-9500.0,0.0,-1.5885907135302329e-37,-8.465883514694303e-37,1.0
16:10:52.329,0.0,15.493080337714334,-15.493080337714334,-9500.0,0.0,-1.397959827906605e-37,-7.449977492930987e-37,1.0
16:10:52.350,0.0,15.493080337714334,-15.493080337714334,-9500.0,0.0,-1.2302046485578124e-37,-6.555980193779269e-37,1.0
16:10:52.369,0.0,15.493080337714334,-15.493080337714334,-9500.0,0.0,-1.0825800907308748e-37,-5.7692625705257565e-37,1.0
16:10:52.389,0.0,15.493080337714334,-15.493080337714334,-9500.0,0.0,-9.526704798431698e-38,-5.0769510620626655e-37,1.0
16:10:52.409,0.0,15.493080337714334,-15.493080337714334,-9500.0,0.0,-8.383500222619894e-38,-4.4677169346151454e-37,1.0
16:10:52.429,0.0,15.493080337714334,-15.493080337714334,-9500.0,0.0,-7.377480195905507e-38,-3.931590902461328e-37,1.0
16:10:52.449,0.0,15.493080337714334,-15.493080337714334,-9500.0,0.0,-6.492182572396847e-38,-3.459799994165969e-37,1.0
16:10:52.469,0.0,15.493080337714334,-15.493080337714334,-9500.0,0.0,-5.713120663709225e-38,-3.044623994866053e-37,1.0
16:10:52.489,0.0,15.493080337714334,-15.493080337714334,-9500.0,0.0,-5.027546184064118e-38,-2.679269115482126e-37,1.0
16:10:52.509,0.0,15.493080337714334,-15.493080337714334,-9500.0,0.0,-4.424240641976424e-38,-2.3577568216242713e-37,1.0
16:10:52.529,0.0,15.493080337714334,-15.493080337714334,-9500.0,0.0,-3.893331764939253e-38,-2.0748260030293587e-37,1.0
16:10:52.549,0.0,15.493080337714334,-15.493080337714334,-9500.0,0.0,-3.426131953146543e-38,-1.8258468826658356e-37,1.0
16:10:52.570,0.0,15.493080337714334,-15.493080337714334,-9500.0,0.0,-3.014996118768958e-38,-1.6067452567459355e-37,1.0
16:10:52.589,0.0,15.493080337714334,-15.493080337714334,-9500.0,0.0,-2.653196584516683e-38,-1.4139358259364233e-37,1.0
16:10:52.609,0.0,15.493080337714334,-15.493080337714334,-9500.0,0.0,-2.334812994374681e-38,-1.2442635268240525e-37,1.0
16:10:52.629,0.0,15.493080337714334,-15.493080337714334,-9500.0,0.0,-2.0546354350497193e-38,-1.0949519036051662e-37,1.0
16:10:52.649,0.0,15.493080337714334,-15.493080337714334,-9500.0,0.0,-1.808079182843753e-38,-9.635576751725463e-38,1.0
16:10:52.669,0.0,15.493080337714334,-15.493080337714334,-9500.0,0.0,-1.5911096809025028e-38,-8.479307541518408e-38,1.0
16:10:52.689,0.0,15.493080337714334,-15.493080337714334,-9500.0,0.0,-1.4001765191942024e-38,-7.461790636536198e-38,1.0
16:10:52.709,0.0,15.493080337714334,-15.493080337714334,-9500.0,0.0,-1.232155336890898e-38,-6.566375760151855e-38,1.0
16:10:52.729,0.0,15.493080337714334,-15.493080337714334,-9500.0,0.0,-1.0842966964639903e-38,-5.778410668933632e-38,1.0
16:10:52.749,0.0,15.493080337714334,-15.493080337714334,-9500.0,0.0,-9.541810928883115e-39,-5.085001388661596e-38,1.0
16:10:52.769,0.0,15.493080337714334,-15.493080337714334,-9500.0,0.0,-8.39679361741714e-39,-4.4748012220222043e-38,1.0
16:10:52.789,0.0,15.493080337714334,-15.493080337714334,-9500.0,0.0,-7.389178383327084e-39,-3.93782507537954e-38,1.0
16:10:52.809,0.0,15.493080337714334,-15.493080337714334,-9500.0,0.0,-6.502476977327835e-39,-3.4652860663339955e-38,1.0
16:10:52.829,0.0,15.493080337714334,-15.493080337714334,-9500.0,0.0,-5.7221797400484946e-39,-3.0494517383739164e-38,1.0
16:10:52.849,0.0,15.493080337714334,-15.493080337714334,-9500.0,0.0,-5.035518171242675e-39,-2.6835175297690464e-38,1.0
16:10:52.869,0.0,15.493080337714334,-15.493080337714334,-9500.0,0.0,-4.431255990693554e-39,-2.3614954261967605e-38,1.0
16:10:52.889,0.0,15.493080337714334,-15.493080337714334,-9500.0,0.0,-3.8995052718103276e-39,-2.0781159750531493e-38,1.0
16:10:52.909,0.0,15.493080337714334,-15.493080337714334,-9500.0,0.0,-3.4315646391930886e-39,-1.8287420580467716e-38,1.0
16:10:52.929,0.0,15.493080337714334,-15.493080337714334,-9500.0,0.0,-3.019776882489918e-39,-1.6092930110811592e-38,1.0
16:10:52.950,0.0,15.493080337714334,-15.493080337714334,-9500.0,0.0,-2.657403656591128e-39,-1.41617784975142e-38,1.0
16:10:52.969,0.0,15.493080337714334,-15.493080337714334,-9500.0,0.0,-2.3385152178001926e-39,-1.2462365077812497e-38,1.0
16:10:52.989,0.0,15.493080337714334,-15.493080337714334,-9500.0,0.0,-2.0578933916641696e-39,-1.0966881268474997e-38,1.0
16:10:53.009,0.0,15.493080337714334,-15.493080337714334,-9500.0,0.0,-1.810946184664469e-39,-9.650855516257997e-39,1.0
16:10:53.029,0.0,15.493080337714334,-15.493080337714334,-9500.0,0.0,-1.593632642504733e-39,-8.492752854307038e-39,1.0
16:10:53.048,0.0,15.493080337714334,-15.493080337714334,-9500.0,0.0,-1.402396725404165e-39,-7.473622511790194e-39,1.0
16:10:53.069,0.0,15.493080337714334,-15.493080337714334,-9500.0,0.0,-1.2341091183556653e-39,-6.57678781037537e-39,1.0
16:10:53.089,0.0,15.493080337714334,-15.493080337714334,-9500.0,0.0,-1.0860160241529855e-39,-5.787573273130326e-39,1.0
16:10:53.109,0.0,15.493080337714334,-15.493080337714334,-9500.0,0.0,-9.556941012546272e-40,-5.093064480354687e-39,1.0
16:10:53.129,0.0,15.493080337714334,-15.493080337714334,-9500.0,0.0,-8.410108091040719e-40,-4.4818967427121247e-39,1.0
16:10:53.149,0.0,15.493080337714334,-15.493080337714334,-9500.0,0.0,-7.400895120115832e-40,-3.944069133586669e-39,1.0
16:10:53.169,0.0,15.493080337714334,-15.493080337714334,-9500.0,0.0,-6.512787705701933e-40,-3.470780837556269e-39,1.0
16:10:53.189,0.0,15.493080337714334,-15.493080337714334,-9500.0,0.0,-5.731253181017701e-40,-3.054287137049517e-39,1.0
16:10:53.209,0.0,15.493080337714334,-15.493080337714334,-9500.0,0.0,-5.043502799295577e-40,-2.687772680603575e-39,1.0
16:10:53.229,0.0,15.493080337714334,-15.493080337714334,-9500.0,0.0,-4.4382824633801076e-40,-2.3652399589311458e-39,1.0
16:10:53.249,0.0,15.493080337714334,-15.493080337714334,-9500.0,0.0,-3.905688567774494e-40,-2.0814111638594082e-39,1.0
16:10:53.269,0.0,15.493080337714334,-15.493080337714334,-9500.0,0.0,-3.437005939641555e-40,-1.831641824196279e-39,1.0
16:10:53.289,0.0,15.493080337714334,-15.493080337714334,-9500.0,0.0,-3.0245652268845686e-40,-1.6118448052927257e-39,1.0
16:10:53.309,0.0,15.493080337714334,-15.493080337714334,-9500.0,0.0,-2.6616173996584206e-40,-1.4184234286575989e-39,1.0
16:10:53.329,0.0,15.493080337714334,-15.493080337714334,-9500.0,0.0,-2.34222331169941e-40,-1.2482126172186869e-39,1.0
16:10:53.349,0.0,15.493080337714334,-15.493080337714334,-9500.0,0.0,-2.061156514295481e-40,-1.0984271031524445e-39,1.0
16:10:53.369,0.0,15.493080337714334,-15.493080337714334,-9500.0,0.0,-1.8138177325800232e-40,-9.666158507741513e-40,1.0
16:10:53.390,0.0,15.493080337714334,-15.493080337714334,-9500.0,0.0,-1.5961596046704205e-40,-8.50621948681253e-40,1.0
16:10:53.409,0.0,15.493080337714334,-15.493080337714334,-9500.0,0.0,-1.40462045210997e-40,-7.485473148395027e-40,1.0
16:10:53.429,0.0,15.493080337714334,-15.493080337714334,-9500.0,0.0,-1.2360659978567736e-40,-6.5872163705876235e-40,1.0
16:10:53.449,0.0,15.493080337714334,-15.493080337714334,-9500.0,0.0,-1.0877380781139608e-40,-5.796750406117109e-40,1.0
16:10:53.469,0.0,15.493080337714334,-15.493080337714334,-9500.0,0.0,-9.572095087402855e-41,-5.101140357383056e-40,1.0
16:10:53.489,0.0,15.493080337714334,-15.493080337714334,-9500.0,0.0,-8.423443676914513e-41,-4.489003514497089e-40,1.0
16:10:53.509,0.0,15.493080337714334,-15.493080337714334,-9500.0,0.0,-7.412630435684771e-41,-3.950323092757438e-40,1.0
16:10:53.529,0.0,15.493080337714334,-15.493080337714334,-9500.0,0.0,-6.523114783402598e-41,-3.476284321626546e-40,1.0
16:10:53.550,0.0,15.493080337714334,-15.493080337714334,-9500.0,0.0,-5.740341009394286e-41,-3.05913020303136e-40,1.0
16:10:53.569,0.0,15.493080337714334,-15.493080337714334,-9500.0,0.0,-5.051500088266972e-41,-2.692034578667597e-40,1.0
16:10:53.589,0.0,15.493080337714334,-15.493080337714334,-9500.0,0.0,-4.445320077674935e-41,-2.3689904292274854e-40,1.0
16:10:53.609,0.0,15.493080337714334,-15.493080337714334,-9500.0,0.0,-3.911881668353943e-41,-2.0847115777201868e-40,1.0
16:10:53.630,0.0,15.493080337714334,-15.493080337714334,-9500.0,0.0,-3.44245586815147e-41,-1.8345461883937646e-40,1.0
16:10:53.649,0.0,15.493080337714334,-15.493080337714334,-9500.0,0.0,-3.0293611639732935e-41,-1.614400645786513e-40,1.0
16:10:53.669,0.0,15.493080337714334,-15.493080337714334,-9500.0,0.0,-2.665837824296498e-41,-1.4206725682921313e-40,1.0
16:10:53.689,0.0,15.493080337714334,-15.493080337714334,-9500.0,0.0,-2.345937285380918e-41,-1.2501918600970753e-40,1.0
16:10:53.709,0.0,15.493080337714334,-15.493080337714334,-9500.0,0.0,-2.064424811135208e-41,-1.1001688368854263e-40,1.0
16:10:53.729,0.0,15.493080337714334,-15.493080337714334,-9500.0,0.0,-1.816693833798983e-41,-9.681485764591752e-41,1.0
16:10:53.749,0.0,15.493080337714334,-15.493080337714334,-9500.0,0.0,-1.598690573743105e-41,-8.519707472840741e-41,1.0
16:10:53.769,0.0,15.493080337714334,-15.493080337714334,-9500.0,0.0,-1.4068477048939324e-41,-7.497342576099853e-41,1.0
16:10:53.789,0.0,15.493080337714334,-15.493080337714334,-9500.0,0.0,-1.2380259803066606e-41,-6.597661466967871e-41,1.0
16:10:53.809,0.0,15.493080337714334,-15.493080337714334,-9500.0,0.0,-1.0894628626698614e-41,-5.805942090931726e-41,1.0
16:10:53.829,0.0,15.493080337714334,-15.493080337714334,-9500.0,0.0,-9.58727319149478e-42,-5.10922904001992e-41,1.0
16:10:53.849,0.0,15.493080337714334,-15.493080337714334,-9500.0,0.0,-8.436800408515407e-42,-4.496121555217529e-41,1.0
16:10:53.869,0.0,15.493080337714334,-15.493080337714334,-9500.0,0.0,-7.424384359493558e-42,-3.9565869685914257e-41,1.0
16:10:53.889,0.0,15.493080337714334,-15.493080337714334,-9500.0,0.0,-6.533458236354331e-42,-3.4817965323604544e-41,1.0
16:10:53.909,0.0,15.493080337714334,-15.493080337714334,-9500.0,0.0,-5.749443247991811e-42,-3.0639809484771997e-41,1.0
16:10:53.929,0.0,15.493080337714334,-15.493080337714334,-9500.0,0.0,-5.059510058232794e-42,-2.696303234659936e-41,1.0
16:10:53.949,0.0,15.493080337714334,-15.493080337714334,-9500.0,0.0,-4.4523688512448586e-42,-2.3727468465007435e-41,1.0
16:10:53.969,0.0,15.493080337714334,-15.493080337714334,-9500.0,0.0,-3.9180845890954756e-42,-2.0880172249206545e-41,1.0
16:10:53.989,0.0,15.493080337714334,-15.493080337714334,-9500.0,0.0,-3.447914438404018e-42,-1.8374551579301757e-41,1.0
16:10:54.010,0.0,15.493080337714334,-15.493080337714334,-9500.0,0.0,-3.034164705795536e-42,-1.6169605389785545e-41,1.0
16:10:54.029,0.0,15.493080337714334,-15.493080337714334,-9500.0,0.0,-2.6700649411000714e-42,-1.422925274301128e-41,1.0
16:10:54.049,0.0,15.493080337714334,-15.493080337714334,-9500.0,0.0,-2.3496571481680628e-42,-1.2521742413849925e-41,1.0
16:10:54.070,0.0,15.493080337714334,-15.493080337714334,-9500.0,0.0,-2.0676982903878952e-42,-1.1019133324187934e-41,1.0
16:10:54.089,0.0,15.493080337714334,-15.493080337714334,-9500.0,0.0,-1.8195744955413477e-42,-9.696837325285381e-42,1.0
16:10:54.109,0.0,15.493080337714334,-15.493080337714334,-9500.0,0.0,-1.601225556076386e-42,-8.533216846251136e-42,1.0
16:10:54.129,0.0,15.493080337714334,-15.493080337714334,-9500.0,0.0,-1.4090784893472198e-42,-7.509230824701001e-42,1.0
16:10:54.149,0.0,15.493080337714334,-15.493080337714334,-9500.0,0.0,-1.2399890706255534e-42,-6.608123125736881e-42,1.0
16:10:54.169,0.0,15.493080337714334,-15.493080337714334,-9500.0,0.0,-1.0911903821504871e-42,-5.815148350648454e-42,1.0
16:10:54.189,0.0,15.493080337714334,-15.493080337714334,-9500.0,0.0,-9.602475362924287e-43,-5.117330548570641e-42,1.0
16:10:54.210,0.0,15.493080337714334,-15.493080337714334,-9500.0,0.0,-8.450178319373372e-43,-4.5032508827421634e-42,1.0
16:10:54.229,0.0,15.493080337714334,-15.493080337714334,-9500.0,0.0,-7.436156921048568e-43,-3.962860776813104e-42,1.0
16:10:54.250,0.0,15.493080337714334,-15.493080337714334,-9500.0,0.0,-6.54381809052274e-43,-3.4873174835955316e-42,1.0
16:10:54.270,0.0,15.493080337714334,-15.493080337714334,-9500.0,0.0,-5.758559919660011e-43,-3.0688393855640676e-42,1.0
16:10:54.290,0.0,15.493080337714334,-15.493080337714334,-9500.0,0.0,-5.06753272930081e-43,-2.7005786592963796e-42,1.0
16:10:54.309,0.0,15.493080337714334,-15.493080337714334,-9500.0,0.0,-4.4594288017847125e-43,-2.3765092201808142e-42,1.0
16:10:54.329,0.0,15.493080337714334,-15.493080337714334,-9500.0,0.0,-3.924297345570547e-43,-2.0913281137591165e-42,1.0
16:10:54.349,0.0,15.493080337714334,-15.493080337714334,-9500.0,0.0,-3.4533816641020812e-43,-1.8403687401080223e-42,1.0
16:10:54.369,0.0,15.493080337714334,-15.493080337714334,-9500.0,0.0,-3.0389758644098316e-43,-1.61952449129506e-42,1.0
16:10:54.390,0.0,15.493080337714334,-15.493080337714334,-9500.0,0.0,-2.674298760680652e-43,-1.4251815523396526e-42,1.0
16:10:54.410,0.0,15.493080337714334,-15.493080337714334,-9500.0,0.0,-2.3533829093989735e-43,-1.2541597660588943e-42,1.0
16:10:54.429,0.0,15.493080337714334,-15.493080337714334,-9500.0,0.0,-2.070976960271097e-43,-1.1036605941318271e-42,1.0
16:10:54.449,0.0,15.493080337714334,-15.493080337714334,-9500.0,0.0,-1.822459725038565e-43,-9.712213228360078e-43,1.0
16:10:54.470,0.0,15.493080337714334,-15.493080337714334,-9500.0,0.0,-1.6037645580339374e-43,-8.546747640956869e-43,1.0
16:10:54.489,0.0,15.493080337714334,-15.493080337714334,-9500.0,0.0,-1.411312811069865e-43,-7.521137924042044e-43,1.0
16:10:54.510,0.0,15.493080337714334,-15.493080337714334,-9500.0,0.0,-1.2419552737414811e-43,-6.618601373156999e-43,1.0
16:10:54.529,0.0,15.493080337714334,-15.493080337714334,-9500.0,0.0,-1.0929206408925034e-43,-5.824369208378159e-43,1.0
16:10:54.549,0.0,15.493080337714334,-15.493080337714334,-9500.0,0.0,-9.617701639854029e-44,-5.12544490337278e-43,1.0
16:10:54.570,0.0,15.493080337714334,-15.493080337714334,-9500.0,0.0,-8.463577443071545e-44,-4.510391514968046e-43,1.0
16:10:54.589,0.0,15.493080337714334,-15.493080337714334,-9500.0,0.0,-7.44794814990296e-44,-3.96914453317188e-43,1.0
16:10:54.610,0.0,15.493080337714334,-15.493080337714334,-9500.0,0.0,-6.554194371914605e-44,-3.4928471891912547e-43,1.0
16:10:54.630,0.0,15.493080337714334,-15.493080337714334,-9500.0,0.0,-5.767691047284852e-44,-3.073705526488304e-43,1.0
16:10:54.649,0.0,15.493080337714334,-15.493080337714334,-9500.0,0.0,-5.07556812161067e-44,-2.7048608633097074e-43,1.0
16:10:54.670,0.0,15.493080337714334,-15.493080337714334,-9500.0,0.0,-4.4664999470173893e-44,-2.3802775597125426e-43,1.0
16:10:54.689,0.0,15.493080337714334,-15.493080337714334,-9500.0,0.0,-3.9305199533753026e-44,-2.0946442525470378e-43,1.0
16:10:54.709,0.0,15.493080337714334,-15.493080337714334,-9500.0,0.0,-3.4588575589702663e-44,-1.843286942241393e-43,1.0
16:10:54.729,0.0,15.493080337714334,-15.493080337714334,-9500.0,0.0,-3.043794651893834e-44,-1.6220925091724259e-43,1.0
16:10:54.749,0.0,15.493080337714334,-15.493080337714334,-9500.0,0.0,-2.678539293666574e-44,-1.4274414080717346e-43,1.0
16:10:54.770,0.0,15.493080337714334,-15.493080337714334,-9500.0,0.0,-2.357114578426585e-44,-1.2561484391031266e-43,1.0
16:10:54.789,0.0,15.493080337714334,-15.493080337714334,-9500.0,0.0,-2.074260829015395e-44,-1.1054106264107513e-43,1.0
16:10:54.810,0.0,15.493080337714334,-15.493080337714334,-9500.0,0.0,-1.8253495295335477e-44,-9.727613512414612e-44,1.0
16:10:54.830,0.0,15.493080337714334,-15.493080337714334,-9500.0,0.0,-1.606307585989522e-44,-8.56029989092486e-44,1.0
16:10:54.849,0.0,15.493080337714334,-15.493080337714334,-9500.0,0.0,-1.4135506756707793e-44,-7.533063904013876e-44,1.0
16:10:54.869,0.0,15.493080337714334,-15.493080337714334,-9500.0,0.0,-1.2439245945902858e-44,-6.62909623553221e-44,1.0
16:10:54.889,0.0,15.493080337714334,-15.493080337714334,-9500.0,0.0,-1.0946536432394515e-44,-5.833604687268345e-44,1.0
16:10:54.910,0.0,15.493080337714334,-15.493080337714334,-9500.0,0.0,-9.632952060507172e-45,-5.133572124796144e-44,1.0
16:10:54.929,0.0,15.493080337714334,-15.493080337714334,-9500.0,0.0,-8.476997813246312e-45,-4.517543469820606e-44,1.0
16:10:54.949,0.0,15.493080337714334,-15.493080337714334,-9500.0,0.0,-7.459758075656755e-45,-3.9754382534421337e-44,1.0
16:10:54.969,0.0,15.493080337714334,-15.493080337714334,-9500.0,0.0,-6.564587106577945e-45,-3.498385663029078e-44,1.0
16:10:54.989,0.0,15.493080337714334,-15.493080337714334,-9500.0,0.0,-5.776836653788591e-45,-3.0785793834655885e-44,1.0
16:10:55.009,0.0,15.493080337714334,-15.493080337714334,-9500.0,0.0,-5.08361625533396e-45,-2.709149857449718e-44,1.0
16:10:55.029,0.0,15.493080337714334,-15.493080337714334,-9500.0,0.0,-4.4735823046938844e-45,-2.3840518745557517e-44,1.0
16:10:55.049,0.0,15.493080337714334,-15.493080337714334,-9500.0,0.0,-3.9367524281306183e-45,-2.0979656496090614e-44,1.0
16:10:55.069,0.0,15.493080337714334,-15.493080337714334,-9500.0,0.0,-3.464342136754944e-45,-1.8462097716559738e-44,1.0
16:10:55.089,0.0,15.493080337714334,-15.493080337714334,-9500.0,0.0,-3.048621080344351e-45,-1.624664599057257e-44,1.0
16:10:55.109,0.0,15.493080337714334,-15.493080337714334,-9500.0,0.0,-2.6827865507030288e-45,-1.4297048471703863e-44,1.0
16:10:55.129,0.0,15.493080337714334,-15.493080337714334,-9500.0,0.0,-2.3608521646186654e-45,-1.25814026550994e-44,1.0
16:10:55.149,0.0,15.493080337714334,-15.493080337714334,-9500.0,0.0,-2.0775499048644257e-45,-1.1071634336487472e-44,1.0
16:10:55.169,0.0,15.493080337714334,-15.493080337714334,-9500.0,0.0,-1.8282439162806946e-45,-9.743038216108975e-45,1.0
16:10:55.189,0.0,15.493080337714334,-15.493080337714334,-9500.0,0.0,-1.6088546463270113e-45,-8.573873630175899e-45,1.0
16:10:55.209,0.0,15.493080337714334,-15.493080337714334,-9500.0,0.0,-1.41579208876777e-45,-7.545008794554791e-45,1.0
16:10:55.229,0.0,15.493080337714334,-15.493080337714334,-9500.0,0.0,-1.2458970381156375e-45,-6.639607739208216e-45,1.0
16:10:55.249,0.0,15.493080337714334,-15.493080337714334,-9500.0,0.0,-1.0963893935417611e-45,-5.84285481050323e-45,1.0
16:10:55.269,0.0,15.493080337714334,-15.493080337714334,-9500.0,0.0,-9.648226663167498e-46,-5.141712233242843e-45,1.0
16:10:55.289,0.0,15.493080337714334,-15.493080337714334,-9500.0,0.0,-8.490439463587399e-46,-4.524706765253702e-45,1.0
16:10:55.309,0.0,15.493080337714334,-15.493080337714334,-9500.0,0.0,-7.471586727956911e-46,-3.981741953423258e-45,1.0
16:10:55.329,0.0,15.493080337714334,-15.493080337714334,-9500.0,0.0,-6.574996320602082e-46,-3.503932919012467e-45,1.0
16:10:55.349,0.0,15.493080337714334,-15.493080337714334,-9500.0,0.0,-5.785996762129832e-46,-3.083460968730971e-45,1.0
16:10:55.370,0.0,15.493080337714334,-15.493080337714334,-9500.0,0.0,-5.091677150674252e-46,-2.7134456524832546e-45,1.0
16:10:55.389,0.0,15.493080337714334,-15.493080337714334,-9500.0,0.0,-4.4806758925933424e-46,-2.3878321741852642e-45,1.0
16:10:55.410,0.0,15.493080337714334,-15.493080337714334,-9500.0,0.0,-3.942994785482141e-46,-2.1012923132830324e-45,1.0
16:10:55.429,0.0,15.493080337714334,-15.493080337714334,-9500.0,0.0,-3.4698354112242843e-46,-1.8491372356890686e-45,1.0
16:10:55.449,0.0,15.493080337714334,-15.493080337714334,-9500.0,0.0,-3.0534551618773703e-46,-1.6272407674063805e-45,1.0
16:10:55.469,0.0,15.493080337714334,-15.493080337714334,-9500.0,0.0,-2.687040542452086e-46,-1.4319718753176147e-45,1.0
16:10:55.489,0.0,15.493080337714334,-15.493080337714334,-9500.0,0.0,-2.3645956773578355e-46,-1.260135250279501e-45,1.0
16:10:55.509,0.0,15.493080337714334,-15.493080337714334,-9500.0,0.0,-2.0808441960748953e-46,-1.1089190202459609e-45,1.0
16:10:55.529,0.0,15.493080337714334,-15.493080337714334,-9500.0,0.0,-1.831142892545908e-46,-9.758487378164456e-46,1.0
16:10:55.549,0.0,15.493080337714334,-15.493080337714334,-9500.0,0.0,-1.6114057454403991e-46,-8.587468892784722e-46,1.0
16:10:55.570,0.0,15.493080337714334,-15.493080337714334,-9500.0,0.0,-1.4180370559875512e-46,-7.556972625650555e-46,1.0
16:10:55.589,0.0,15.493080337714334,-15.493080337714334,-9500.0,0.0,-1.2478726092690451e-46,-6.650135910572489e-46,1.0
16:10:55.609,0.0,15.493080337714334,-15.493080337714334,-9500.0,0.0,-1.0981278961567598e-46,-5.8521196013037905e-46,1.0
16:10:55.629,0.0,15.493080337714334,-15.493080337714334,-9500.0,0.0,-9.663525486179486e-47,-5.149865249147336e-46,1.0
16:10:55.649,0.0,15.493080337714334,-15.493080337714334,-9500.0,0.0,-8.503902427837948e-47,-4.5318814192496556e-46,1.0
16:10:55.669,0.0,15.493080337714334,-15.493080337714334,-9500.0,0.0,-7.483434136497394e-47,-3.988055648939697e-46,1.0
16:10:55.689,0.0,15.493080337714334,-15.493080337714334,-9500.0,0.0,-6.585422040117706e-47,-3.509488971066933e-46,1.0
16:10:55.709,0.0,15.493080337714334,-15.493080337714334,-9500.0,0.0,-5.795171395303582e-47,-3.088350294538901e-46,1.0
16:10:55.729,0.0,15.493080337714334,-15.493080337714334,-9500.0,0.0,-5.099750827867152e-47,-2.717748259194233e-46,1.0
16:10:55.749,0.0,15.493080337714334,-15.493080337714334,-9500.0,0.0,-4.487780728523094e-47,-2.3916184680909252e-46,1.0
16:10:55.769,0.0,15.493080337714334,-15.493080337714334,-9500.0,0.0,-3.949247041100323e-47,-2.1046242519200142e-46,1.0
16:10:55.789,0.0,15.493080337714334,-15.493080337714334,-9500.0,0.0,-3.4753373961682843e-47,-1.8520693416896127e-46,1.0
16:10:55.810,0.0,15.493080337714334,-15.493080337714334,-9500.0,0.0,-3.05829690862809e-47,-1.6298210206868592e-46,1.0
16:10:55.830,0.0,15.493080337714334,-15.493080337714334,-9500.0,0.0,-2.691301279592719e-47,-1.434242498204436e-46,1.0
16:10:55.850,0.0,15.493080337714334,-15.493080337714334,-9500.0,0.0,-2.368345126041593e-47,-1.2621333984199036e-46,1.0
16:10:55.869,0.0,15.493080337714334,-15.493080337714334,-9500.0,0.0,-2.0841437109166018e-47,-1.1106773906095151e-46,1.0
16:10:55.889,0.0,15.493080337714334,-15.493080337714334,-9500.0,0.0,-1.8340464656066097e-47,-9.773961037363734e-47,1.0
16:10:55.909,0.0,15.493080337714334,-15.493080337714334,-9500.0,0.0,-1.6139608897338165e-47,-8.601085712880086e-47,1.0
16:10:55.930,0.0,15.493080337714334,-15.493080337714334,-9500.0,0.0,-1.4202855829657586e-47,-7.568955427334476e-47,1.0
16:10:55.950,0.0,15.493080337714334,-15.493080337714334,-9500.0,0.0,-1.2498513130098677e-47,-6.66068077605434e-47,1.0
16:10:55.969,0.0,15.493080337714334,-15.493080337714334,-9500.0,0.0,-1.0998691554486836e-47,-5.861399082927819e-47,1.0
16:10:55.989,0.0,15.493080337714334,-15.493080337714334,-9500.0,0.0,-9.678848567948415e-48,-5.158031192976481e-47,1.0
16:10:56.009,0.0,15.493080337714334,-15.493080337714334,-9500.0,0.0,-8.517386739794605e-48,-4.539067449819303e-47,1.0
16:10:56.029,0.0,15.493080337714334,-15.493080337714334,-9500.0,0.0,-7.495300331019252e-48,-3.9943793558409864e-47,1.0
16:10:56.049,0.0,15.493080337714334,-15.493080337714334,-9500.0,0.0,-6.595864291296943e-48,-3.5150538331400685e-47,1.0
16:10:56.069,0.0,15.493080337714334,-15.493080337714334,-9500.0,0.0,-5.804360576341309e-48,-3.09324737316326e-47,1.0
16:10:56.089,0.0,15.493080337714334,-15.493080337714334,-9500.0,0.0,-5.107837307180352e-48,-2.722057688383669e-47,1.0
16:10:56.109,0.0,15.493080337714334,-15.493080337714334,-9500.0,0.0,-4.49489683031871e-48,-2.3954107657776286e-47,1.0
16:10:56.129,0.0,15.493080337714334,-15.493080337714334,-9500.0,0.0,-3.9555092106804646e-48,-2.107961473884313e-47,1.0
16:10:56.149,0.0,15.493080337714334,-15.493080337714334,-9500.0,0.0,-3.480848105398809e-48,-1.8550060970181955e-47,1.0
16:10:56.169,0.0,15.493080337714334,-15.493080337714334,-9500.0,0.0,-3.063146332750952e-48,-1.632405365376012e-47,1.0
16:10:56.189,0.0,15.493080337714334,-15.493080337714334,-9500.0,0.0,-2.695568772820838e-48,-1.4365167215308909e-47,1.0
16:10:56.209,0.0,15.493080337714334,-15.493080337714334,-9500.0,0.0,-2.3721005200823373e-48,-1.264134714947184e-47,1.0
16:10:56.229,0.0,15.493080337714334,-15.493080337714334,-9500.0,0.0,-2.087448457672457e-48,-1.112438549153522e-47,1.0
16:10:56.249,0.0,15.493080337714334,-15.493080337714334,-9500.0,0.0,-1.836954642751762e-48,-9.789459232550992e-48,1.0
16:10:56.269,0.0,15.493080337714334,-15.493080337714334,-9500.0,0.0,-1.6165200856215508e-48,-8.614724124644874e-48,1.0
16:10:56.289,0.0,15.493080337714334,-15.493080337714334,-9500.0,0.0,-1.4225376753469646e-48,-7.580957229687489e-48,1.0
16:10:56.309,0.0,15.493080337714334,-15.493080337714334,-9500.0,0.0,-1.2518331543053289e-48,-6.67124236212499e-48,1.0
16:10:56.329,0.0,15.493080337714334,-15.493080337714334,-9500.0,0.0,-1.1016131757886894e-48,-5.870693278669991e-48,1.0
16:10:56.349,0.0,15.493080337714334,-15.493080337714334,-9500.0,0.0,-9.694195946940467e-49,-5.166210085229592e-48,1.0
16:10:56.370,0.0,15.493080337714334,-15.493080337714334,-9500.0,0.0,-8.530892433307611e-49,-4.546264875002042e-48,1.0
16:10:56.389,0.0,15.493080337714334,-15.493080337714334,-9500.0,0.0,-7.507185341310698e-49,-4.000713090001797e-48,1.0
16:10:56.410,0.0,15.493080337714334,-15.493080337714334,-9500.0,0.0,-6.606323100353414e-49,-3.520627519201581e-48,1.0
16:10:56.429,0.0,15.493080337714334,-15.493080337714334,-9500.0,0.0,-5.813564328311004e-49,-3.098152216897391e-48,1.0
16:10:56.449,0.0,15.493080337714334,-15.493080337714334,-9500.0,0.0,-5.115936608913684e-49,-2.7263739508697044e-48,1.0
16:10:56.469,0.0,15.493080337714334,-15.493080337714334,-9500.0,0.0,-4.502024215844042e-49,-2.39920907676534e-48,1.0
16:10:56.489,0.0,15.493080337714334,-15.493080337714334,-9500.0,0.0,-3.961781309942757e-49,-2.111303987553499e-48,1.0
16:10:56.508,0.0,15.493080337714334,-15.493080337714334,-9500.0,0.0,-3.486367552749626e-49,-1.8579475090470792e-48,1.0
16:10:56.529,0.0,15.493080337714334,-15.493080337714334,-9500.0,0.0,-3.068003446419671e-49,-1.6349938079614295e-48,1.0
16:10:56.550,0.0,15.493080337714334,-15.493080337714334,-9500.0,0.0,-2.6998430328493104e-49,-1.438794551006058e-48,1.0
16:10:56.569,0.0,15.493080337714334,-15.493080337714334,-9500.0,0.0,-2.375861868907393e-49,-1.266139204885331e-48,1.0
16:10:56.589,0.0,15.493080337714334,-15.493080337714334,-9500.0,0.0,-2.090758444638506e-49,-1.1142025002990913e-48,1.0
16:10:56.609,0.0,15.493080337714334,-15.493080337714334,-9500.0,0.0,-1.8398674312818853e-49,-9.804982002632004e-49,1.0
16:10:56.629,0.0,15.493080337714334,-15.493080337714334,-9500.0,0.0,-1.619083339528059e-49,-8.628384162316164e-49,1.0
16:10:56.649,0.0,15.493080337714334,-15.493080337714334,-9500.0,0.0,-1.424793338784692e-49,-7.592978062838224e-49,1.0
16:10:56.669,0.0,15.493080337714334,-15.493080337714334,-9500.0,0.0,-1.253818138130529e-49,-6.681820695297638e-49,1.0
16:10:56.689,0.0,15.493080337714334,-15.493080337714334,-9500.0,0.0,-1.1033599615548655e-49,-5.880002211861921e-49,1.0
16:10:56.709,0.0,15.493080337714334,-15.493080337714334,-9500.0,0.0,-9.709567661682817e-50,-5.17440194643849e-49,1.0
16:10:56.729,0.0,15.493080337714334,-15.493080337714334,-9500.0,0.0,-8.544419542280879e-50,-4.553473712865872e-49,1.0
16:10:56.749,0.0,15.493080337714334,-15.493080337714334,-9500.0,0.0,-7.519089197207173e-50,-4.0070568673219666e-49,1.0
16:10:56.769,0.0,15.493080337714334,-15.493080337714334,-9500.0,0.0,-6.616798493542312e-50,-3.5262100432433306e-49,1.0
16:10:56.789,0.0,15.493080337714334,-15.493080337714334,-9500.0,0.0,-5.822782674317235e-50,-3.1030648380541312e-49,1.0
16:10:56.809,0.0,15.493080337714334,-15.493080337714334,-9500.0,0.0,-5.124048753399167e-50,-2.7306970574876357e-49,1.0
16:10:56.829,0.0,15.493080337714334,-15.493080337714334,-9500.0,0.0,-4.509162902991267e-50,-2.403013410589119e-49,1.0
16:10:56.849,0.0,15.493080337714334,-15.493080337714334,-9500.0,0.0,-3.9680633546323147e-50,-2.114651801318425e-49,1.0
16:10:56.869,0.0,15.493080337714334,-15.493080337714334,-9500.0,0.0,-3.491895752076437e-50,-1.860893585160214e-49,1.0
16:10:56.889,0.0,15.493080337714334,-15.493080337714334,-9500.0,0.0,-3.0728682618272647e-50,-1.6375863549409884e-49,1.0
16:10:56.910,0.0,15.493080337714334,-15.493080337714334,-9500.0,0.0,-2.7041240704079927e-50,-1.4410759923480697e-49,1.0
16:10:56.929,0.0,15.493080337714334,-15.493080337714334,-9500.0,0.0,-2.3796291819590337e-50,-1.2681468732663014e-49,1.0
16:10:56.949,0.0,15.493080337714334,-15.493080337714334,-9500.0,0.0,-2.0940736801239498e-50,-1.1159692484743453e-49,1.0
16:10:56.969,0.0,15.493080337714334,-15.493080337714334,-9500.0,0.0,-1.8427848385090759e-50,-9.820529386574239e-50,1.0
16:10:56.989,0.0,15.493080337714334,-15.493080337714334,-9500.0,0.0,-1.6216506578879867e-50,-8.64206586018533e-50,1.0
16:10:57.009,0.0,15.493080337714334,-15.493080337714334,-9500.0,0.0,-1.4270525789414283e-50,-7.60501795696309e-50,1.0
16:10:57.029,0.0,15.493080337714334,-15.493080337714334,-9500.0,0.0,-1.2558062694684569e-50,-6.692415802127519e-50,1.0
16:10:57.049,0.0,15.493080337714334,-15.493080337714334,-9500.0,0.0,-1.105109517132242e-50,-5.889325905872217e-50,1.0
16:10:57.069,0.0,15.493080337714334,-15.493080337714334,-9500.0,0.0,-9.724963750763731e-51,-5.182606797167551e-50,1.0
16:10:57.089,0.0,15.493080337714334,-15.493080337714334,-9500.0,0.0,-8.557968100672083e-51,-4.560693981507445e-50,1.0
16:10:57.109,0.0,15.493080337714334,-15.493080337714334,-9500.0,0.0,-7.531011928591433e-51,-4.0134107037265515e-50,1.0
16:10:57.128,0.0,15.493080337714334,-15.493080337714334,-9500.0,0.0,-6.627290497160461e-51,-3.531801419279366e-50,1.0
16:10:57.149,0.0,15.493080337714334,-15.493080337714334,-9500.0,0.0,-5.832015637501206e-51,-3.1079852489658418e-50,1.0
16:10:57.169,0.0,15.493080337714334,-15.493080337714334,-9500.0,0.0,-5.1321737610010613e-51,-2.7350270190899406e-50,1.0
16:10:57.189,0.0,15.493080337714334,-15.493080337714334,-9500.0,0.0,-4.516312909680934e-51,-2.406823776799148e-50,1.0
16:10:57.209,0.0,15.493080337714334,-15.493080337714334,-9500.0,0.0,-3.974355360519222e-51,-2.1180049235832502e-50,1.0
16:10:57.229,0.0,15.493080337714334,-15.493080337714334,-9500.0,0.0,-3.497432717256915e-51,-1.86384433275326e-50,1.0
16:10:57.249,0.0,15.493080337714334,-15.493080337714334,-9500.0,0.0,-3.0777407911860855e-51,-1.640183012822869e-50,1.0
16:10:57.269,0.0,15.493080337714334,-15.493080337714334,-9500.0,0.0,-2.708411896243755e-51,-1.4433610512841245e-50,1.0
16:10:57.289,0.0,15.493080337714334,-15.493080337714334,-9500.0,0.0,-2.3834024686945046e-51,-1.2701577251300297e-50,1.0
16:10:57.309,0.0,15.493080337714334,-15.493080337714334,-9500.0,0.0,-2.097394172451164e-51,-1.117738798114426e-50,1.0
16:10:57.329,0.0,15.493080337714334,-15.493080337714334,-9500.0,0.0,-1.8457068717570244e-51,-9.83610142340695e-51,1.0
16:10:57.349,0.0,15.493080337714334,-15.493080337714334,-9500.0,0.0,-1.6242220471461816e-51,-8.655769252598117e-51,1.0
16:10:57.370,0.0,15.493080337714334,-15.493080337714334,-9500.0,0.0,-1.42931540148864e-51,-7.617076942286343e-51,1.0
16:10:57.389,0.0,15.493080337714334,-15.493080337714334,-9500.0,0.0,-1.2577975533100031e-51,-6.703027709211982e-51,1.0
16:10:57.409,0.0,15.493080337714334,-15.493080337714334,-9500.0,0.0,-1.1068618469128028e-51,-5.898664384106544e-51,1.0
16:10:57.429,0.0,15.493080337714334,-15.493080337714334,-9500.0,0.0,-9.740384252832664e-52,-5.1908246580137586e-51,1.0
16:10:57.449,0.0,15.493080337714334,-15.493080337714334,-9500.0,0.0,-8.571538142492744e-52,-4.567925699052108e-51,1.0
16:10:57.469,0.0,15.493080337714334,-15.493080337714334,-9500.0,0.0,-7.542953565393616e-52,-4.019774615165855e-51,1.0
16:10:57.488,0.0,15.493080337714334,-15.493080337714334,-9500.0,0.0,-6.6377991375463815e-52,-3.5374016613459523e-51,1.0
16:10:57.509,0.0,15.493080337714334,-15.493080337714334,-9500.0,0.0,-5.8412632410408156e-52,-3.112913461984438e-51,1.0
16:10:57.529,0.0,15.493080337714334,-15.493080337714334,-9500.0,0.0,-5.140311652115918e-52,-2.7393638465463054e-51,1.0
16:10:57.549,0.0,15.493080337714334,-15.493080337714334,-9500.0,0.0,-4.523474253862008e-52,-2.410640184960749e-51,1.0
16:10:57.569,0.0,15.493080337714334,-15.493080337714334,-9500.0,0.0,-3.9806573433985664e-52,-2.1213633627654588e-51,1.0
16:10:57.589,0.0,15.493080337714334,-15.493080337714334,-9500.0,0.0,-3.502978462190739e-52,-1.866799759233604e-51,1.0
16:10:57.609,0.0,15.493080337714334,-15.493080337714334,-9500.0,0.0,-3.08262104672785e-52,-1.6427837881255715e-51,1.0
16:10:57.629,0.0,15.493080337714334,-15.493080337714334,-9500.0,0.0,-2.712706521120508e-52,-1.4456497335505028e-51,1.0
16:10:57.649,0.0,15.493080337714334,-15.493080337714334,-9500.0,0.0,-2.387181738586047e-52,-1.2721717655244425e-51,1.0
16:10:57.669,0.0,15.493080337714334,-15.493080337714334,-9500.0,0.0,-2.1007199299557215e-52,-1.1195111536615095e-51,1.0
16:10:57.689,0.0,15.493080337714334,-15.493080337714334,-9500.0,0.0,-1.848633538361035e-52,-9.851698152221284e-52,1.0
16:10:57.709,0.0,15.493080337714334,-15.493080337714334,-9500.0,0.0,-1.6267975137577109e-52,-8.66949437395473e-52,1.0
16:10:57.729,0.0,15.493080337714334,-15.493080337714334,-9500.0,0.0,-1.4315818121067857e-52,-7.629155049080162e-52,1.0
16:10:57.749,0.0,15.493080337714334,-15.493080337714334,-9500.0,0.0,-1.2597919946539715e-52,-6.713656443190544e-52,1.0
16:10:57.769,0.0,15.493080337714334,-15.493080337714334,-9500.0,0.0,-1.108616955295495e-52,-5.908017670007679e-52,1.0
16:10:57.788,0.0,15.493080337714334,-15.493080337714334,-9500.0,0.0,-9.755829206600356e-53,-5.1990555496067575e-52,1.0
16:10:57.809,0.0,15.493080337714334,-15.493080337714334,-9500.0,0.0,-8.585129701808313e-53,-4.575168883653947e-52,1.0
16:10:57.829,0.0,15.493080337714334,-15.493080337714334,-9500.0,0.0,-7.554914137591316e-53,-4.0261486176154735e-52,1.0
16:10:57.849,0.0,15.493080337714334,-15.493080337714334,-9500.0,0.0,-6.648324441080358e-53,-3.5430107835016164e-52,1.0
16:10:57.869,0.0,15.493080337714334,-15.493080337714334,-9500.0,0.0,-5.850525508150715e-53,-3.1178494894814225e-52,1.0
16:10:57.889,0.0,15.493080337714334,-15.493080337714334,-9500.0,0.0,-5.148462447172629e-53,-2.7437075507436518e-52,1.0
16:10:57.909,0.0,15.493080337714334,-15.493080337714334,-9500.0,0.0,-4.530646953511914e-53,-2.4144626446544137e-52,1.0
16:10:57.929,0.0,15.493080337714334,-15.493080337714334,-9500.0,0.0,-3.9869693190904845e-53,-2.124727127295884e-52,1.0
16:10:57.949,0.0,15.493080337714334,-15.493080337714334,-9500.0,0.0,-3.5085330007996266e-53,-1.869759872020378e-52,1.0
16:10:57.969,0.0,15.493080337714334,-15.493080337714334,-9500.0,0.0,-3.0875090407036713e-53,-1.6453886873779328e-52,1.0
16:10:57.989,0.0,15.493080337714334,-15.493080337714334,-9500.0,0.0,-2.7170079558192306e-53,-1.4479420448925808e-52,1.0
16:10:58.009,0.0,15.493080337714334,-15.493080337714334,-9500.0,0.0,-2.390967001120923e-53,-1.2741889995054711e-52,1.0
16:10:58.029,0.0,15.493080337714334,-15.493080337714334,-9500.0,0.0,-2.104050960986412e-53,-1.1212863195648146e-52,1.0
16:10:58.049,0.0,15.493080337714334,-15.493080337714334,-9500.0,0.0,-1.8515648456680427e-53,-9.867319612170368e-53,1.0
16:10:58.069,0.0,15.493080337714334,-15.493080337714334,-9500.0,0.0,-1.6293770641878775e-53,-8.683241258709922e-53,1.0
16:10:58.089,0.0,15.493080337714334,-15.493080337714334,-9500.0,0.0,-1.4338518164853323e-53,-7.641252307664733e-53,1.0
16:10:58.109,0.0,15.493080337714334,-15.493080337714334,-9500.0,0.0,-1.2617895985070925e-53,-6.724302030744965e-53,1.0
16:10:58.129,0.0,15.493080337714334,-15.493080337714334,-9500.0,0.0,-1.1103748466862414e-53,-5.91738578705557e-53,1.0
16:10:58.150,0.0,15.493080337714334,-15.493080337714334,-9500.0,0.0,-9.771298650838925e-54,-5.207299492608902e-53,1.0
16:10:58.169,0.0,15.493080337714334,-15.493080337714334,-9500.0,0.0,-8.598742812738253e-54,-4.582423553495833e-53,1.0
16:10:58.189,0.0,15.493080337714334,-15.493080337714334,-9500.0,0.0,-7.566893675209663e-54,-4.032532727076333e-53,1.0
16:10:58.209,0.0,15.493080337714334,-15.493080337714334,-9500.0,0.0,-6.658866434184503e-54,-3.548628799827173e-53,1.0
16:10:58.229,0.0,15.493080337714334,-15.493080337714334,-9500.0,0.0,-5.859802462082362e-54,-3.122793343847912e-53,1.0
16:10:58.249,0.0,15.493080337714334,-15.493080337714334,-9500.0,0.0,-5.156626166632479e-54,-2.7480581425861624e-53,1.0
16:10:58.269,0.0,15.493080337714334,-15.493080337714334,-9500.0,0.0,-4.5378310266365815e-54,-2.418291165475823e-53,1.0
16:10:58.289,0.0,15.493080337714334,-15.493080337714334,-9500.0,0.0,-3.993291303440192e-54,-2.1280962256187245e-53,1.0
16:10:58.309,0.0,15.493080337714334,-15.493080337714334,-9500.0,0.0,-3.514096347027369e-54,-1.8727246785444774e-53,1.0
16:10:58.329,0.0,15.493080337714334,-15.493080337714334,-9500.0,0.0,-3.0924047853840847e-54,-1.6479977171191401e-53,1.0
16:10:58.349,0.0,15.493080337714334,-15.493080337714334,-9500.0,0.0,-2.7213162111379945e-54,-1.4502379910648433e-53,1.0
16:10:58.370,0.0,15.493080337714334,-15.493080337714334,-9500.0,0.0,-2.3947582658014353e-54,-1.2762094321370622e-53,1.0
16:10:58.389,0.0,15.493080337714334,-15.493080337714334,-9500.0,0.0,-2.107387273905263e-54,-1.1230643002806148e-53,1.0
16:10:58.409,0.0,15.493080337714334,-15.493080337714334,-9500.0,0.0,-1.8545008010366316e-54,-9.88296584246941e-54,1.0
16:10:58.429,0.0,15.493080337714334,-15.493080337714334,-9500.0,0.0,-1.6319607049122357e-54,-8.69700994137308e-54,1.0
16:10:58.449,0.0,15.493080337714334,-15.493080337714334,-9500.0,0.0,-1.4361254203227673e-54,-7.653368748408311e-54,1.0
16:10:58.469,0.0,15.493080337714334,-15.493080337714334,-9500.0,0.0,-1.2637903698840352e-54,-6.734964498599313e-54,1.0
16:10:58.489,0.0,15.493080337714334,-15.493080337714334,-9500.0,0.0,-1.112135525497951e-54,-5.926768758767396e-54,1.0
16:10:58.510,0.0,15.493080337714334,-15.493080337714334,-9500.0,0.0,-9.786792624381969e-55,-5.2155565077153083e-54,1.0
16:10:58.529,0.0,15.493080337714334,-15.493080337714334,-9500.0,0.0,-8.612377509456133e-55,-4.5896897267894715e-54,1.0
16:10:58.549,0.0,15.493080337714334,-15.493080337714334,-9500.0,0.0,-7.578892208321397e-55,-4.0389269595747347e-54,1.0
16:10:58.570,0.0,15.493080337714334,-15.493080337714334,-9500.0,0.0,-6.66942514332283e-55,-3.5542557244257667e-54,1.0
16:10:58.589,0.0,15.493080337714334,-15.493080337714334,-9500.0,0.0,-5.86909412612409e-55,-3.127745037494675e-54,1.0
16:10:58.609,0.0,15.493080337714334,-15.493080337714334,-9500.0,0.0,-5.1648028309891996e-55,-2.752415632995314e-54,1.0
16:10:58.629,0.0,15.493080337714334,-15.493080337714334,-9500.0,0.0,-4.545026491270496e-55,-2.4221257570358766e-54,1.0
16:10:58.649,0.0,15.493080337714334,-15.493080337714334,-9500.0,0.0,-3.999623312318037e-55,-2.1314706661915715e-54,1.0
16:10:58.669,0.0,15.493080337714334,-15.493080337714334,-9500.0,0.0,-3.5196685148398726e-55,-1.875694186248583e-54,1.0
16:10:58.689,0.0,15.493080337714334,-15.493080337714334,-9500.0,0.0,-3.097308293059088e-55,-1.650610883898753e-54,1.0
16:10:58.709,0.0,15.493080337714334,-15.493080337714334,-9500.0,0.0,-2.7256312978919976e-55,-1.452537577830903e-54,1.0
16:10:58.729,0.0,15.493080337714334,-15.493080337714334,-9500.0,0.0,-2.3985555421449578e-55,-1.2782330684911945e-54,1.0
16:10:58.749,0.0,15.493080337714334,-15.493080337714334,-9500.0,0.0,-2.1107288770875627e-55,-1.124845100272251e-54,1.0
16:10:58.769,0.0,15.493080337714334,-15.493080337714334,-9500.0,0.0,-1.857441411837055e-55,-9.898636882395809e-55,1.0
16:10:58.789,0.0,15.493080337714334,-15.493080337714334,-9500.0,0.0,-1.6345484424166087e-55,-8.710800456508312e-55,1.0
16:10:58.809,0.0,15.493080337714334,-15.493080337714334,-9500.0,0.0,-1.4384026293266157e-55,-7.665504401727315e-55,1.0
16:10:58.829,0.0,15.493080337714334,-15.493080337714334,-9500.0,0.0,-1.2657943138074219e-55,-6.745643873520038e-55,1.0
16:10:58.849,0.0,15.493080337714334,-15.493080337714334,-9500.0,0.0,-1.1138989961505312e-55,-5.936166608697633e-55,1.0
16:10:58.868,0.0,15.493080337714334,-15.493080337714334,-9500.0,0.0,-9.802311166124675e-56,-5.2238266156539175e-55,1.0
16:10:58.889,0.0,15.493080337714334,-15.493080337714334,-9500.0,0.0,-8.626033826189714e-56,-4.596967421775447e-55,1.0
16:10:58.909,0.0,15.493080337714334,-15.493080337714334,-9500.0,0.0,-7.590909767046949e-56,-4.045331331162394e-55,1.0
16:10:58.929,0.0,15.493080337714334,-15.493080337714334,-9500.0,0.0,-6.680000595001315e-56,-3.5598915714229066e-55,1.0
16:10:58.949,0.0,15.493080337714334,-15.493080337714334,-9500.0,0.0,-5.878400523601157e-56,-3.132704582852158e-55,1.0
16:10:58.969,0.0,15.493080337714334,-15.493080337714334,-9500.0,0.0,-5.172992460769018e-56,-2.756780032909899e-55,1.0
16:10:58.988,0.0,15.493080337714334,-15.493080337714334,-9500.0,0.0,-4.552233365476736e-56,-2.4259664289607107e-55,1.0
16:10:59.009,0.0,15.493080337714334,-15.493080337714334,-9500.0,0.0,-4.005965361619528e-56,-2.1348504574854256e-55,1.0
16:10:59.029,0.0,15.493080337714334,-15.493080337714334,-9500.0,0.0,-3.5252495182251846e-56,-1.8786684025871748e-55,1.0
16:10:59.049,0.0,15.493080337714334,-15.493080337714334,-9500.0,0.0,-3.1022195760381625e-56,-1.6532281942767138e-55,1.0
16:10:59.069,0.0,15.493080337714334,-15.493080337714334,-9500.0,0.0,-2.729953226913583e-56,-1.454840810963508e-55,1.0
16:10:59.089,0.0,15.493080337714334,-15.493080337714334,-9500.0,0.0,-2.402358839683953e-56,-1.2802599136478871e-55,1.0
16:10:59.109,0.0,15.493080337714334,-15.493080337714334,-9500.0,0.0,-2.1140757789218785e-56,-1.1266287240101406e-55,1.0
16:10:59.129,0.0,15.493080337714334,-15.493080337714334,-9500.0,0.0,-1.8603866854512532e-56,-9.914332771289238e-56,1.0
16:10:59.150,0.0,15.493080337714334,-15.493080337714334,-9500.0,0.0,-1.6371402831971028e-56,-8.72461283873453e-56,1.0
16:10:59.169,0.0,15.493080337714334,-15.493080337714334,-9500.0,0.0,-1.4406834492134505e-56,-7.677659298086386e-56,1.0
16:10:59.189,0.0,15.493080337714334,-15.493080337714334,-9500.0,0.0,-1.2678014353078365e-56,-6.75634018231602e-56,1.0
16:10:59.209,0.0,15.493080337714334,-15.493080337714334,-9500.0,0.0,-1.1156652630708961e-56,-5.945579360438098e-56,1.0
16:10:59.229,0.0,15.493080337714334,-15.493080337714334,-9500.0,0.0,-9.817854315023886e-57,-5.232109837185526e-56,1.0
16:10:59.249,0.0,15.493080337714334,-15.493080337714334,-9500.0,0.0,-8.63971179722102e-57,-4.604256656723263e-56,1.0
16:10:59.269,0.0,15.493080337714334,-15.493080337714334,-9500.0,0.0,-7.602946381554498e-57,-4.051745857916471e-56,1.0
16:10:59.289,0.0,15.493080337714334,-15.493080337714334,-9500.0,0.0,-6.690592815767958e-57,-3.565536354966495e-56,1.0
16:10:59.309,0.0,15.493080337714334,-15.493080337714334,-9500.0,0.0,-5.887721677875803e-57,-3.1376719923705155e-56,1.0
16:10:59.329,0.0,15.493080337714334,-15.493080337714334,-9500.0,0.0,-5.181195076530706e-57,-2.761151353286053e-56,1.0
16:10:59.349,0.0,15.493080337714334,-15.493080337714334,-9500.0,0.0,-4.5594516673470213e-57,-2.429813190891727e-56,1.0
16:10:59.369,0.0,15.493080337714334,-15.493080337714334,-9500.0,0.0,-4.012317467265379e-57,-2.13823560798472e-56,1.0
16:10:59.389,0.0,15.493080337714334,-15.493080337714334,-9500.0,0.0,-3.5308393711935336e-57,-1.8816473350265535e-56,1.0
16:10:59.410,0.0,15.493080337714334,-15.493080337714334,-9500.0,0.0,-3.1071386466503096e-57,-1.655849654823367e-56,1.0
16:10:59.429,0.0,15.493080337714334,-15.493080337714334,-9500.0,0.0,-2.7342820090522723e-57,-1.457147696244563e-56,1.0
16:10:59.449,0.0,15.493080337714334,-15.493080337714334,-9500.0,0.0,-2.4061681679659997e-57,-1.2822899726952154e-56,1.0
16:10:59.469,0.0,15.493080337714334,-15.493080337714334,-9500.0,0.0,-2.1174279878100798e-57,-1.1284151759717895e-56,1.0
16:10:59.489,0.0,15.493080337714334,-15.493080337714334,-9500.0,0.0,-1.86333662927287e-57,-9.930053548551748e-57,1.0
16:10:59.509,0.0,15.493080337714334,-15.493080337714334,-9500.0,0.0,-1.6397362337601256e-57,-8.738447122725538e-57,1.0
16:10:59.528,0.0,15.493080337714334,-15.493080337714334,-9500.0,0.0,-1.4429678857089104e-57,-7.689833467998472e-57,1.0
16:10:59.549,0.0,15.493080337714334,-15.493080337714334,-9500.0,0.0,-1.2698117394238411e-57,-6.767053451838655e-57,1.0
16:10:59.570,0.0,15.493080337714334,-15.493080337714334,-9500.0,0.0,-1.1174343306929802e-57,-5.955007037618016e-57,1.0
16:10:59.588,0.0,15.493080337714334,-15.493080337714334,-9500.0,0.0,-9.833422110098226e-58,-5.240406193103855e-57,1.0
16:10:59.609,0.0,15.493080337714334,-15.493080337714334,-9500.0,0.0,-8.653411456886439e-58,-4.6115574499313926e-57,1.0
16:10:59.629,0.0,15.493080337714334,-15.493080337714334,-9500.0,0.0,-7.615002082060067e-58,-4.058170555939626e-57,1.0
16:10:59.649,0.0,15.493080337714334,-15.493080337714334,-9500.0,0.0,-6.70120183221286e-58,-3.5711900892268713e-57,1.0
16:10:59.669,0.0,15.493080337714334,-15.493080337714334,-9500.0,0.0,-5.8970576123473166e-58,-3.1426472785196465e-57,1.0
16:10:59.689,0.0,15.493080337714334,-15.493080337714334,-9500.0,0.0,-5.1894106988656385e-58,-2.765529605097289e-57,1.0
16:10:59.709,0.0,15.493080337714334,-15.493080337714334,-9500.0,0.0,-4.5666814150017616e-58,-2.433666052485614e-57,1.0
16:10:59.729,0.0,15.493080337714334,-15.493080337714334,-9500.0,0.0,-4.01867964520155e-58,-2.1416261261873403e-57,1.0
16:10:59.749,0.0,15.493080337714334,-15.493080337714334,-9500.0,0.0,-3.536438087777364e-58,-1.8846309910448595e-57,1.0
16:10:59.769,0.0,15.493080337714334,-15.493080337714334,-9500.0,0.0,-3.1120655172440802e-58,-1.6584752721194763e-57,1.0
16:10:59.789,0.0,15.493080337714334,-15.493080337714334,-9500.0,0.0,-2.7386176551747905e-58,-1.4594582394651392e-57,1.0
16:10:59.809,0.0,15.493080337714334,-15.493080337714334,-9500.0,0.0,-2.4099835365538157e-58,-1.2843232507293226e-57,1.0
16:10:59.829,0.0,15.493080337714334,-15.493080337714334,-9500.0,0.0,-2.120785512167358e-58,-1.1302044606418038e-57,1.0
16:10:59.849,0.0,15.493080337714334,-15.493080337714334,-9500.0,0.0,-1.866291250707275e-58,-9.945799253647874e-58,1.0
16:10:59.869,0.0,15.493080337714334,-15.493080337714334,-9500.0,0.0,-1.642336300622402e-58,-8.75230334321013e-58,1.0
16:10:59.889,0.0,15.493080337714334,-15.493080337714334,-9500.0,0.0,-1.4452559445477137e-58,-7.702026942024913e-58,1.0
16:10:59.909,0.0,15.493080337714334,-15.493080337714334,-9500.0,0.0,-1.2718252312019882e-58,-6.777783708981923e-58,1.0
16:10:59.929,0.0,15.493080337714334,-15.493080337714334,-9500.0,0.0,-1.1192062034577496e-58,-5.964449663904093e-58,1.0
16:10:59.950,0.0,15.493080337714334,-15.493080337714334,-9500.0,0.0,-9.849014590428197e-59,-5.248715704235602e-58,1.0
16:10:59.970,0.0,15.493080337714334,-15.493080337714334,-9500.0,0.0,-8.667132839576812e-59,-4.6188698197273296e-58,1.0
16:10:59.989,0.0,15.493080337714334,-15.493080337714334,-9500.0,0.0,-7.627076898827595e-59,-4.06460544136005e-58,1.0
16:11:00.010,0.0,15.493080337714334,-15.493080337714334,-9500.0,0.0,-6.711827670968284e-59,-3.576852788396844e-58,1.0
16:11:00.030,0.0,15.493080337714334,-15.493080337714334,-9500.0,0.0,-5.90640835045209e-59,-3.147630453789223e-58,1.0
16:11:00.049,0.0,15.493080337714334,-15.493080337714334,-9500.0,0.0,-5.197639348397839e-59,-2.7699147993345163e-58,1.0
16:11:00.069,0.0,15.493080337714334,-15.493080337714334,-9500.0,0.0,-4.573922626590098e-59,-2.437525023414374e-58,1.0
16:11:00.089,0.0,15.493080337714334,-15.493080337714334,-9500.0,0.0,-4.025051911399286e-59,-2.1450220206046494e-58,1.0
16:11:00.109,0.0,15.493080337714334,-15.493080337714334,-9500.0,0.0,-3.5420456820313722e-59,-1.8876193781320915e-58,1.0
16:11:00.129,0.0,15.493080337714334,-15.493080337714334,-9500.0,0.0,-3.1170002001876077e-59,-1.6611050527562406e-58,1.0
16:11:00.149,0.0,15.493080337714334,-15.493080337714334,-9500.0,0.0,-2.7429601761650948e-59,-1.4617724464254916e-58,1.0
16:11:00.170,0.0,15.493080337714334,-15.493080337714334,-9500.0,0.0,-2.4138049550252835e-59,-1.2863597528544326e-58,1.0
16:11:00.190,0.0,15.493080337714334,-15.493080337714334,-9500.0,0.0,-2.1241483604222497e-59,-1.131996582511901e-58,1.0
16:11:00.209,0.0,15.493080337714334,-15.493080337714334,-9500.0,0.0,-1.8692505571715798e-59,-9.961569926104728e-59,1.0
16:11:00.229,0.0,15.493080337714334,-15.493080337714334,-9500.0,0.0,-1.6449404903109902e-59,-8.766181534972161e-59,1.0
16:11:00.249,0.0,15.493080337714334,-15.493080337714334,-9500.0,0.0,-1.4475476314736713e-59,-7.714239750775501e-59,1.0
16:11:00.269,0.0,15.493080337714334,-15.493080337714334,-9500.0,0.0,-1.2738419156968308e-59,-6.7885309806824405e-59,1.0
16:11:00.289,0.0,15.493080337714334,-15.493080337714334,-9500.0,0.0,-1.1209808858132111e-59,-5.973907263000548e-59,1.0
16:11:00.309,0.0,15.493080337714334,-15.493080337714334,-9500.0,0.0,-9.864631795156258e-60,-5.257038391440482e-59,1.0
16:11:00.329,0.0,15.493080337714334,-15.493080337714334,-9500.0,0.0,-8.680875979737508e-60,-4.626193784467625e-59,1.0
16:11:00.350,0.0,15.493080337714334,-15.493080337714334,-9500.0,0.0,-7.639170862169007e-60,-4.07105053033151e-59,1.0
16:11:00.370,0.0,15.493080337714334,-15.493080337714334,-9500.0,0.0,-6.722470358708726e-60,-3.582524466691729e-59,1.0
16:11:00.390,0.0,15.493080337714334,-15.493080337714334,-9500.0,0.0,-5.915773915663679e-60,-3.1526215306887215e-59,1.0
16:11:00.409,0.0,15.493080337714334,-15.493080337714334,-9500.0,0.0,-5.205881045784038e-60,-2.774306947006075e-59,1.0
16:11:00.429,0.0,15.493080337714334,-15.493080337714334,-9500.0,0.0,-4.581175320289953e-60,-2.4413901133653458e-59,1.0
16:11:00.449,0.0,15.493080337714334,-15.493080337714334,-9500.0,0.0,-4.031434281855159e-60,-2.1484232997615047e-59,1.0
16:11:00.469,0.0,15.493080337714334,-15.493080337714334,-9500.0,0.0,-3.54766216803254e-60,-1.890612503790124e-59,1.0
16:11:00.489,0.0,15.493080337714334,-15.493080337714334,-9500.0,0.0,-3.121942707868635e-60,-1.663739003335309e-59,1.0
16:11:00.509,0.0,15.493080337714334,-15.493080337714334,-9500.0,0.0,-2.7473095829243986e-60,-1.464090322935072e-59,1.0
16:11:00.529,0.0,15.493080337714334,-15.493080337714334,-9500.0,0.0,-2.4176324329734707e-60,-1.2883994841828632e-59,1.0
16:11:00.549,0.0,15.493080337714334,-15.493080337714334,-9500.0,0.0,-2.1275165410166543e-60,-1.1337915460809196e-59,1.0
16:11:00.569,0.0,15.493080337714334,-15.493080337714334,-9500.0,0.0,-1.872214556094656e-60,-9.977365605512095e-60,1.0
16:11:00.589,0.0,15.493080337714334,-15.493080337714334,-9500.0,0.0,-1.6475488093632972e-60,-8.780081732850643e-60,1.0
16:11:00.609,0.0,15.493080337714334,-15.493080337714334,-9500.0,0.0,-1.4498429522397014e-60,-7.726471924908565e-60,1.0
16:11:00.629,0.0,15.493080337714334,-15.493080337714334,-9500.0,0.0,-1.2758617979709374e-60,-6.799295293919538e-60,1.0
16:11:00.649,0.0,15.493080337714334,-15.493080337714334,-9500.0,0.0,-1.1227583822144249e-60,-5.983379858649193e-60,1.0
16:11:00.669,0.0,15.493080337714334,-15.493080337714334,-9500.0,0.0,-9.880273763486939e-61,-5.26537427561129e-60,1.0
16:11:00.689,0.0,15.493080337714334,-15.493080337714334,-9500.0,0.0,-8.694640911868507e-61,-4.6335293625379354e-60,1.0
16:11:00.709,0.0,15.493080337714334,-15.493080337714334,-9500.0,0.0,-7.651284002444286e-61,-4.077505839033383e-60,1.0
16:11:00.729,0.0,15.493080337714334,-15.493080337714334,-9500.0,0.0,-6.733129922150971e-61,-3.588205138349377e-60,1.0
16:11:00.749,0.0,15.493080337714334,-15.493080337714334,-9500.0,0.0,-5.9251543314928545e-61,-3.157620521747452e-60,1.0
16:11:00.769,0.0,15.493080337714334,-15.493080337714334,-9500.0,0.0,-5.214135811713712e-61,-2.778706059137757e-60,1.0
16:11:00.789,0.0,15.493080337714334,-15.493080337714334,-9500.0,0.0,-4.588439514308067e-61,-2.4452613320412266e-60,1.0
16:11:00.809,0.0,15.493080337714334,-15.493080337714334,-9500.0,0.0,-4.037826772591099e-61,-2.1518299721962796e-60,1.0
16:11:00.829,0.0,15.493080337714334,-15.493080337714334,-9500.0,0.0,-3.553287559880167e-61,-1.893610375532726e-60,1.0
16:11:00.849,0.0,15.493080337714334,-15.493080337714334,-9500.0,0.0,-3.126893052694547e-61,-1.6663771304687988e-60,1.0
16:11:00.869,0.0,15.493080337714334,-15.493080337714334,-9500.0,0.0,-2.7516658863712014e-61,-1.4664118748125432e-60,1.0
16:11:00.889,0.0,15.493080337714334,-15.493080337714334,-9500.0,0.0,-2.421465980006657e-61,-1.2904424498350377e-60,1.0
16:11:00.909,0.0,15.493080337714334,-15.493080337714334,-9500.0,0.0,-2.1308900624058585e-61,-1.1355893558548334e-60,1.0
16:11:00.929,0.0,15.493080337714334,-15.493080337714334,-9500.0,0.0,-1.8751832549171556e-61,-9.993186331522534e-61,1.0
16:11:00.949,0.0,15.493080337714334,-15.493080337714334,-9500.0,0.0,-1.650161264327097e-61,-8.79400397173983e-61,1.0
16:11:00.969,0.0,15.493080337714334,-15.493080337714334,-9500.0,0.0,-1.4521419126078453e-61,-7.73872349513105e-61,1.0
16:11:00.989,0.0,15.493080337714334,-15.493080337714334,-9500.0,0.0,-1.2778848830949038e-61,-6.810076675715325e-61,1.0
16:11:01.009,0.0,15.493080337714334,-15.493080337714334,-9500.0,0.0,-1.1245386971235154e-61,-5.9928674746294854e-61,1.0
16:11:01.029,0.0,15.493080337714334,-15.493080337714334,-9500.0,0.0,-9.895940534686936e-62,-5.2737233776739476e-61,1.0
16:11:01.049,0.0,15.493080337714334,-15.493080337714334,-9500.0,0.0,-8.708427670524504e-62,-4.640876572353074e-61,1.0
16:11:01.069,0.0,15.493080337714334,-15.493080337714334,-9500.0,0.0,-7.663416350061564e-62,-4.083971383670705e-61,1.0
16:11:01.089,0.0,15.493080337714334,-15.493080337714334,-9500.0,0.0,-6.743806388054176e-62,-3.5938948176302206e-61,1.0
16:11:01.109,0.0,15.493080337714334,-15.493080337714334,-9500.0,0.0,-5.934549621487675e-62,-3.162627439514594e-61,1.0
16:11:01.129,0.0,15.493080337714334,-15.493080337714334,-9500.0,0.0,-5.222403666909154e-62,-2.783112146772843e-61,1.0
16:11:01.149,0.0,15.493080337714334,-15.493080337714334,-9500.0,0.0,-4.595715226880056e-62,-2.449138689160102e-61,1.0
16:11:01.169,0.0,15.493080337714334,-15.493080337714334,-9500.0,0.0,-4.044229399654449e-62,-2.1552420464608897e-61,1.0
16:11:01.189,0.0,15.493080337714334,-15.493080337714334,-9500.0,0.0,-3.5589218716959153e-62,-1.896613000885583e-61,1.0
16:11:01.209,0.0,15.493080337714334,-15.493080337714334,-9500.0,0.0,-3.1318512470924057e-62,-1.669019440779313e-61,1.0
16:11:01.229,0.0,15.493080337714334,-15.493080337714334,-9500.0,0.0,-2.756029097441317e-62,-1.4687371078857957e-61,1.0
16:11:01.249,0.0,15.493080337714334,-15.493080337714334,-9500.0,0.0,-2.425305605748359e-62,-1.2924886549395001e-61,1.0
16:11:01.269,0.0,15.493080337714334,-15.493080337714334,-9500.0,0.0,-2.134268933058556e-62,-1.1373900163467602e-61,1.0
16:11:01.289,0.0,15.493080337714334,-15.493080337714334,-9500.0,0.0,-1.8781566610915294e-62,-1.000903214385149e-61,1.0
16:11:01.309,0.0,15.493080337714334,-15.493080337714334,-9500.0,0.0,-1.6527778617605458e-62,-8.807948286589311e-62,1.0
16:11:01.329,0.0,15.493080337714334,-15.493080337714334,-9500.0,0.0,-1.4544445183492804e-62,-7.750994492198594e-62,1.0
16:11:01.349,0.0,15.493080337714334,-15.493080337714334,-9500.0,0.0,-1.2799111761473668e-62,-6.820875153134763e-62,1.0
16:11:01.370,0.0,15.493080337714334,-15.493080337714334,-9500.0,0.0,-1.1263218350096828e-62,-6.002370134758592e-62,1.0
16:11:01.389,0.0,15.493080337714334,-15.493080337714334,-9500.0,0.0,-9.911632148085209e-63,-5.282085718587561e-62,1.0
16:11:01.409,0.0,15.493080337714334,-15.493080337714334,-9500.0,0.0,-8.722236290314984e-63,-4.648235432357054e-62,1.0
16:11:01.429,0.0,15.493080337714334,-15.493080337714334,-9500.0,0.0,-7.675567935477186e-63,-4.090447180474207e-62,1.0
16:11:01.449,0.0,15.493080337714334,-15.493080337714334,-9500.0,0.0,-6.754499783219923e-63,-3.599593518817302e-62,1.0
16:11:01.469,0.0,15.493080337714334,-15.493080337714334,-9500.0,0.0,-5.943959809233532e-63,-3.167642296559226e-62,1.0
16:11:01.489,0.0,15.493080337714334,-15.493080337714334,-9500.0,0.0,-5.230684632125509e-63,-2.787525220972119e-62,1.0
16:11:01.509,0.0,15.493080337714334,-15.493080337714334,-9500.0,0.0,-4.603002476270448e-63,-2.4530221944554645e-62,1.0
16:11:01.530,0.0,15.493080337714334,-15.493080337714334,-9500.0,0.0,-4.050642179117994e-63,-2.158659531120809e-62,1.0
16:11:01.549,0.0,15.493080337714334,-15.493080337714334,-9500.0,0.0,-3.5645651176238347e-63,-1.8996203873863118e-62,1.0
16:11:01.570,0.0,15.493080337714334,-15.493080337714334,-9500.0,0.0,-3.1368173035089746e-63,-1.6716659408999543e-62,1.0
16:11:01.589,0.0,15.493080337714334,-15.493080337714334,-9500.0,0.0,-2.7603992270878977e-63,-1.4710660279919599e-62,1.0
16:11:01.609,0.0,15.493080337714334,-15.493080337714334,-9500.0,0.0,-2.42915131983735e-63,-1.2945381046329246e-62,1.0
16:11:01.629,0.0,15.493080337714334,-15.493080337714334,-9500.0,0.0,-2.137653161456868e-63,-1.1391935320769738e-62,1.0
16:11:01.649,0.0,15.493080337714334,-15.493080337714334,-9500.0,0.0,-1.8811347820820438e-63,-1.0024903082277369e-62,1.0
16:11:01.670,0.0,15.493080337714334,-15.493080337714334,-9500.0,0.0,-1.6553986082321987e-63,-8.821914712404085e-63,1.0
16:11:01.689,0.0,15.493080337714334,-15.493080337714334,-9500.0,0.0,-1.4567507752443348e-63,-7.763284946915594e-63,1.0
16:11:01.709,0.0,15.493080337714334,-15.493080337714334,-9500.0,0.0,-1.2819406822150146e-63,-6.831690753285723e-63,1.0
16:11:01.729,0.0,15.493080337714334,-15.493080337714334,-9500.0,0.0,-1.1281078003492128e-63,-6.011887862891437e-63,1.0
16:11:01.749,0.0,15.493080337714334,-15.493080337714334,-9500.0,0.0,-9.927348643073072e-64,-5.290461319344464e-63,1.0
16:11:01.769,0.0,15.493080337714334,-15.493080337714334,-9500.0,0.0,-8.736066805904304e-64,-4.6556059610231284e-63,1.0
16:11:01.789,0.0,15.493080337714334,-15.493080337714334,-9500.0,0.0,-7.687738789195787e-64,-4.096933245700353e-63,1.0
16:11:01.809,0.0,15.493080337714334,-15.493080337714334,-9500.0,0.0,-6.765210134492293e-64,-3.6053012562163103e-63,1.0
16:11:01.829,0.0,15.493080337714334,-15.493080337714334,-9500.0,0.0,-5.953384918353218e-64,-3.172665105470353e-63,1.0
16:11:01.848,0.0,15.493080337714334,-15.493080337714334,-9500.0,0.0,-5.238978728150832e-64,-2.791945292813911e-63,1.0
16:11:01.869,0.0,15.493080337714334,-15.493080337714334,-9500.0,0.0,-4.610301280772732e-64,-2.456911857676241e-63,1.0
16:11:01.889,0.0,15.493080337714334,-15.493080337714334,-9500.0,0.0,-4.057065127080004e-64,-2.1620824347550927e-63,1.0
16:11:01.909,0.0,15.493080337714334,-15.493080337714334,-9500.0,0.0,-3.570217311830404e-64,-1.9026325425844815e-63,1.0
16:11:01.929,0.0,15.493080337714334,-15.493080337714334,-9500.0,0.0,-3.141791234410755e-64,-1.6743166374743438e-63,1.0
16:11:01.949,0.0,15.493080337714334,-15.493080337714334,-9500.0,0.0,-2.7647762862814647e-64,-1.4733986409774226e-63,1.0
16:11:01.968,0.0,15.493080337714334,-15.493080337714334,-9500.0,0.0,-2.433003131927689e-64,-1.2965908040601318e-63,1.0
16:11:01.990,0.0,15.493080337714334,-15.493080337714334,-9500.0,0.0,-2.141042756096366e-64,-1.1409999075729159e-63,1.0
16:11:02.009,0.0,15.493080337714334,-15.493080337714334,-9500.0,0.0,-1.884117625364802e-64,-1.004079918664166e-63,1.0
16:11:02.030,0.0,15.493080337714334,-15.493080337714334,-9500.0,0.0,-1.6580235103210258e-64,-8.83590328424466e-64,1.0
16:11:02.049,0.0,15.493080337714334,-15.493080337714334,-9500.0,0.0,-1.4590606890825027e-64,-7.775594890135301e-64,1.0
16:11:02.070,0.0,15.493080337714334,-15.493080337714334,-9500.0,0.0,-1.2839734063926024e-64,-6.842523503319064e-64,1.0
16:11:02.089,0.0,15.493080337714334,-15.493080337714334,-9500.0,0.0,-1.1298965976254901e-64,-6.021420682920777e-64,1.0
16:11:02.110,0.0,15.493080337714334,-15.493080337714334,-9500.0,0.0,-9.943090059104313e-65,-5.298850200970284e-64,1.0
16:11:02.130,0.0,15.493080337714334,-15.493080337714334,-9500.0,0.0,-8.749919252011795e-65,-4.66298817685385e-64,1.0
16:11:02.150,0.0,15.493080337714334,-15.493080337714334,-9500.0,0.0,-7.69992894177038e-65,-4.103429595631388e-64,1.0
16:11:02.169,0.0,15.493080337714334,-15.493080337714334,-9500.0,0.0,-6.7759374687579344e-65,-3.6110180441556215e-64,1.0
16:11:02.189,0.0,15.493080337714334,-15.493080337714334,-9500.0,0.0,-5.962824972506982e-65,-3.1776958788569465e-64,1.0
16:11:02.209,0.0,15.493080337714334,-15.493080337714334,-9500.0,0.0,-5.247285975806145e-65,-2.796372373394113e-64,1.0
16:11:02.229,0.0,15.493080337714334,-15.493080337714334,-9500.0,0.0,-4.6176116587094075e-65,-2.4608076885868197e-64,1.0
16:11:02.250,0.0,15.493080337714334,-15.493080337714334,-9500.0,0.0,-4.0634982596642785e-65,-2.1655107659564014e-64,1.0
16:11:02.269,0.0,15.493080337714334,-15.493080337714334,-9500.0,0.0,-3.575878468504565e-65,-1.9056494740416333e-64,1.0
16:11:02.289,0.0,15.493080337714334,-15.493080337714334,-9500.0,0.0,-3.1467730522840172e-65,-1.6769715371566374e-64,1.0
16:11:02.309,0.0,15.493080337714334,-15.493080337714334,-9500.0,0.0,-2.769160286009935e-65,-1.4757349526978407e-64,1.0
16:11:02.329,0.0,15.493080337714334,-15.493080337714334,-9500.0,0.0,-2.436861051688743e-65,-1.2986467583740999e-64,1.0
16:11:02.350,0.0,15.493080337714334,-15.493080337714334,-9500.0,0.0,-2.1444377254860936e-65,-1.1428091473692078e-64,1.0
16:11:02.370,0.0,15.493080337714334,-15.493080337714334,-9500.0,0.0,-1.8871051984277625e-65,-1.0056720496849029e-64,1.0
16:11:02.390,0.0,15.493080337714334,-15.493080337714334,-9500.0,0.0,-1.660652574616431e-65,-8.849914037227145e-65,1.0
16:11:02.409,0.0,15.493080337714334,-15.493080337714334,-9500.0,0.0,-1.4613742656624593e-65,-7.787924352759889e-65,1.0
16:11:02.429,0.0,15.493080337714334,-15.493080337714334,-9500.0,0.0,-1.2860093537829642e-65,-6.853373430428702e-65,1.0
16:11:02.450,0.0,15.493080337714334,-15.493080337714334,-9500.0,0.0,-1.1316882313290086e-65,-6.030968618777258e-65,1.0
16:11:02.469,0.0,15.493080337714334,-15.493080337714334,-9500.0,0.0,-9.958856435695275e-66,-5.307252384523987e-65,1.0
16:11:02.489,0.0,15.493080337714334,-15.493080337714334,-9500.0,0.0,-8.763793663411842e-66,-4.6703820983811084e-65,1.0
16:11:02.509,0.0,15.493080337714334,-15.493080337714334,-9500.0,0.0,-7.712138423802421e-66,-4.109936246575375e-65,1.0
16:11:02.528,0.0,15.493080337714334,-15.493080337714334,-9500.0,0.0,-6.78668181294613e-66,-3.6167438969863305e-65,1.0
16:11:02.549,0.0,15.493080337714334,-15.493080337714334,-9500.0,0.0,-5.972279995392595e-66,-3.1827346293479705e-65,1.0
16:11:02.569,0.0,15.493080337714334,-15.493080337714334,-9500.0,0.0,-5.255606395945483e-66,-2.800806473826214e-65,1.0
16:11:02.590,0.0,15.493080337714334,-15.493080337714334,-9500.0,0.0,-4.6249336284320254e-66,-2.4647096969670685e-65,1.0
16:11:02.609,0.0,15.493080337714334,-15.493080337714334,-9500.0,0.0,-4.069941593020182e-66,-2.1689445333310203e-65,1.0
16:11:02.629,0.0,15.493080337714334,-15.493080337714334,-9500.0,0.0,-3.58154860185776e-66,-1.9086711893312976e-65,1.0
16:11:02.649,0.0,15.493080337714334,-15.493080337714334,-9500.0,0.0,-3.151762769634829e-66,-1.679630646611542e-65,1.0
16:11:02.669,0.0,15.493080337714334,-15.493080337714334,-9500.0,0.0,-2.77355123727865e-66,-1.4780749690181571e-65,1.0
16:11:02.689,0.0,15.493080337714334,-15.493080337714334,-9500.0,0.0,-2.440725088805212e-66,-1.3007059727359783e-65,1.0
16:11:02.709,0.0,15.493080337714334,-15.493080337714334,-9500.0,0.0,-2.1478380781485864e-66,-1.144621256007661e-65,1.0
16:11:02.729,0.0,15.493080337714334,-15.493080337714334,-9500.0,0.0,-1.890097508770756e-66,-1.0072667052867415e-65,1.0
16:11:02.749,0.0,15.493080337714334,-15.493080337714334,-9500.0,0.0,-1.6632858077182652e-66,-8.863947006523326e-66,1.0
16:11:02.769,0.0,15.493080337714334,-15.493080337714334,-9500.0,0.0,-1.4636915107920735e-66,-7.800273365740527e-66,1.0
16:11:02.790,0.0,15.493080337714334,-15.493080337714334,-9500.0,0.0,-1.2880485294970248e-66,-6.864240561851664e-66,1.0
16:11:02.809,0.0,15.493080337714334,-15.493080337714334,-9500.0,0.0,-1.1334827059573818e-66,-6.040531694429464e-66,1.0
16:11:02.829,0.0,15.493080337714334,-15.493080337714334,-9500.0,0.0,-9.974647812424959e-67,-5.315667891097929e-66,1.0
16:11:02.848,0.0,15.493080337714334,-15.493080337714334,-9500.0,0.0,-8.777690074933964e-67,-4.677787744166177e-66,1.0
16:11:02.869,0.0,15.493080337714334,-15.493080337714334,-9500.0,0.0,-7.724367265941889e-67,-4.116453214866236e-66,1.0
16:11:02.889,0.0,15.493080337714334,-15.493080337714334,-9500.0,0.0,-6.797443194028862e-67,-3.622478829082287e-66,1.0
16:11:02.910,0.0,15.493080337714334,-15.493080337714334,-9500.0,0.0,-5.981750010745399e-67,-3.187781369592413e-66,1.0
16:11:02.930,0.0,15.493080337714334,-15.493080337714334,-9500.0,0.0,-5.263940009455951e-67,-2.8052476052413237e-66,1.0
16:11:02.949,0.0,15.493080337714334,-15.493080337714334,-9500.0,0.0,-4.632267208321237e-67,-2.4686178926123645e-66,1.0
16:11:02.969,0.0,15.493080337714334,-15.493080337714334,-9500.0,0.0,-4.0763951433226884e-67,-2.172383745498881e-66,1.0
16:11:02.989,0.0,15.493080337714334,-15.493080337714334,-9500.0,0.0,-3.587227726123966e-67,-1.9116976960390155e-66,1.0
16:11:03.010,0.0,15.493080337714334,-15.493080337714334,-9500.0,0.0,-3.15676039898909e-67,-1.6822939725143336e-66,1.0
16:11:03.029,0.0,15.493080337714334,-15.493080337714334,-9500.0,0.0,-2.7779491511103993e-67,-1.4804186958126135e-66,1.0
16:11:03.049,0.0,15.493080337714334,-15.493080337714334,-9500.0,0.0,-2.4445952529771513e-67,-1.3027684523150997e-66,1.0
16:11:03.069,0.0,15.493080337714334,-15.493080337714334,-9500.0,0.0,-2.1512438226198932e-67,-1.1464362380372879e-66,1.0
16:11:03.089,0.0,15.493080337714334,-15.493080337714334,-9500.0,0.0,-1.893094563905506e-67,-1.0088638894728132e-66,1.0
16:11:03.109,0.0,15.493080337714334,-15.493080337714334,-9500.0,0.0,-1.6659232162368452e-67,-8.878002227360757e-67,1.0
16:11:03.129,0.0,15.493080337714334,-15.493080337714334,-9500.0,0.0,-1.4660124302884239e-67,-7.812641960077466e-67,1.0
16:11:03.149,0.0,15.493080337714334,-15.493080337714334,-9500.0,0.0,-1.2900909386538131e-67,-6.875124924868171e-67,1.0
16:11:03.169,0.0,15.493080337714334,-15.493080337714334,-9500.0,0.0,-1.1352800260153556e-67,-6.05010993388399e-67,1.0
16:11:03.189,0.0,15.493080337714334,-15.493080337714334,-9500.0,0.0,-9.990464228935129e-68,-5.324096741817912e-67,1.0
16:11:03.209,0.0,15.493080337714334,-15.493080337714334,-9500.0,0.0,-8.791608521462913e-68,-4.685205132799762e-67,1.0
16:11:03.229,0.0,15.493080337714334,-15.493080337714334,-9500.0,0.0,-7.736615498887363e-68,-4.1229805168637904e-67,1.0
16:11:03.249,0.0,15.493080337714334,-15.493080337714334,-9500.0,0.0,-6.8082216390208796e-68,-3.6282228548401356e-67,1.0
16:11:03.269,0.0,15.493080337714334,-15.493080337714334,-9500.0,0.0,-5.991235042338374e-68,-3.192836112259319e-67,1.0
16:11:03.289,0.0,15.493080337714334,-15.493080337714334,-9500.0,0.0,-5.272286837257769e-68,-2.809695778788201e-67,1.0
16:11:03.309,0.0,15.493080337714334,-15.493080337714334,-9500.0,0.0,-4.639612416786837e-68,-2.472532285333617e-67,1.0
16:11:03.328,0.0,15.493080337714334,-15.493080337714334,-9500.0,0.0,-4.082858926772416e-68,-2.175828411093583e-67,1.0
16:11:03.349,0.0,15.493080337714334,-15.493080337714334,-9500.0,0.0,-3.5929158555597264e-68,-1.9147290017623528e-67,1.0
16:11:03.370,0.0,15.493080337714334,-15.493080337714334,-9500.0,0.0,-3.161765952892559e-68,-1.6849615215508706e-67,1.0
16:11:03.389,0.0,15.493080337714334,-15.493080337714334,-9500.0,0.0,-2.782354038545452e-68,-1.482766138964766e-67,1.0
16:11:03.409,0.0,15.493080337714334,-15.493080337714334,-9500.0,0.0,-2.448471553919998e-68,-1.3048342022889942e-67,1.0
16:11:03.429,0.0,15.493080337714334,-15.493080337714334,-9500.0,0.0,-2.154654967449598e-68,-1.1482540980143149e-67,1.0
16:11:03.449,0.0,15.493080337714334,-15.493080337714334,-9500.0,0.0,-1.8960963713556465e-68,-1.0104636062525971e-67,1.0
16:11:03.469,0.0,15.493080337714334,-15.493080337714334,-9500.0,0.0,-1.668564806792969e-68,-8.892079735022856e-68,1.0
16:11:03.489,0.0,15.493080337714334,-15.493080337714334,-9500.0,0.0,-1.4683370299778128e-68,-7.825030166820113e-68,1.0
16:11:03.509,0.0,15.493080337714334,-15.493080337714334,-9500.0,0.0,-1.2921365863804754e-68,-6.886026546801701e-68,1.0
16:11:03.529,0.0,15.493080337714334,-15.493080337714334,-9500.0,0.0,-1.1370801960148183e-68,-6.059703361185496e-68,1.0
16:11:03.549,0.0,15.493080337714334,-15.493080337714334,-9500.0,0.0,-1.00063057249304e-68,-5.3325389578432365e-68,1.0
16:11:03.569,0.0,15.493080337714334,-15.493080337714334,-9500.0,0.0,-8.805549037938752e-69,-4.692634282902048e-68,1.0
16:11:03.589,0.0,15.493080337714334,-15.493080337714334,-9500.0,0.0,-7.748883153386101e-69,-4.129518168953801e-68,1.0
16:11:03.609,0.0,15.493080337714334,-15.493080337714334,-9500.0,0.0,-6.81901717497977e-69,-3.6339759886793458e-68,1.0
16:11:03.630,0.0,15.493080337714334,-15.493080337714334,-9500.0,0.0,-6.000735113982198e-69,-3.1978988700378245e-68,1.0
16:11:03.649,0.0,15.493080337714334,-15.493080337714334,-9500.0,0.0,-5.280646900304334e-69,-2.8141510056332854e-68,1.0
16:11:03.669,0.0,15.493080337714334,-15.493080337714334,-9500.0,0.0,-4.646969272267814e-69,-2.4764528849572913e-68,1.0
16:11:03.689,0.0,15.493080337714334,-15.493080337714334,-9500.0,0.0,-4.089332959595676e-69,-2.1792785387624163e-68,1.0
16:11:03.709,0.0,15.493080337714334,-15.493080337714334,-9500.0,0.0,-3.598613004444195e-69,-1.9177651141109265e-68,1.0
16:11:03.729,0.0,15.493080337714334,-15.493080337714334,-9500.0,0.0,-3.1667794439108915e-69,-1.6876333004176152e-68,1.0
16:11:03.749,0.0,15.493080337714334,-15.493080337714334,-9500.0,0.0,-2.7867659106415845e-69,-1.4851173043675014e-68,1.0
16:11:03.769,0.0,15.493080337714334,-15.493080337714334,-9500.0,0.0,-2.4523540013645946e-69,-1.3069032278434013e-68,1.0
16:11:03.789,0.0,15.493080337714334,-15.493080337714334,-9500.0,0.0,-2.1580715212008432e-69,-1.1500748405021931e-68,1.0
16:11:03.809,0.0,15.493080337714334,-15.493080337714334,-9500.0,0.0,-1.899102938656742e-69,-1.0120658596419298e-68,1.0
16:11:03.830,0.0,15.493080337714334,-15.493080337714334,-9500.0,0.0,-1.6712105860179328e-69,-8.906179564848982e-69,1.0
16:11:03.849,0.0,15.493080337714334,-15.493080337714334,-9500.0,0.0,-1.4706653156957807e-69,-7.837438017067104e-69,1.0
16:11:03.869,0.0,15.493080337714334,-15.493080337714334,-9500.0,0.0,-1.294185477812287e-69,-6.896945455019052e-69,1.0
16:11:03.889,0.0,15.493080337714334,-15.493080337714334,-9500.0,0.0,-1.1388832204748126e-69,-6.069312000416766e-69,1.0
16:11:03.909,0.0,15.493080337714334,-15.493080337714334,-9500.0,0.0,-1.0022172340178351e-69,-5.340994560366754e-69,1.0
16:11:03.929,0.0,15.493080337714334,-15.493080337714334,-9500.0,0.0,-8.819511659356949e-70,-4.700075213122743e-69,1.0
16:11:03.949,0.0,15.493080337714334,-15.493080337714334,-9500.0,0.0,-7.761170260234115e-70,-4.136066187548014e-69,1.0
16:11:03.970,0.0,15.493080337714334,-15.493080337714334,-9500.0,0.0,-6.829829829006021e-70,-3.639738245042252e-69,1.0
16:11:03.989,0.0,15.493080337714334,-15.493080337714334,-9500.0,0.0,-6.010250249525298e-70,-3.2029696556371813e-69,1.0
16:11:04.009,0.0,15.493080337714334,-15.493080337714334,-9500.0,0.0,-5.2890202195822625e-70,-2.81861329696072e-69,1.0
16:11:04.029,0.0,15.493080337714334,-15.493080337714334,-9500.0,0.0,-4.654337793232391e-70,-2.4803797013254337e-69,1.0
16:11:04.049,0.0,15.493080337714334,-15.493080337714334,-9500.0,0.0,-4.095817258044504e-70,-2.1827341371663815e-69,1.0
16:11:04.070,0.0,15.493080337714334,-15.493080337714334,-9500.0,0.0,-3.6043191870791634e-70,-1.9208060407064156e-69,1.0
16:11:04.090,0.0,15.493080337714334,-15.493080337714334,-9500.0,0.0,-3.171800884629664e-70,-1.6903093158216457e-69,1.0
16:11:04.110,0.0,15.493080337714334,-15.493080337714334,-9500.0,0.0,-2.7911847784741042e-70,-1.4874721979230482e-69,1.0
16:11:04.130,0.0,15.493080337714334,-15.493080337714334,-9500.0,0.0,-2.4562426050572117e-70,-1.3089755341722825e-69,1.0
16:11:04.149,0.0,15.493080337714334,-15.493080337714334,-9500.0,0.0,-2.1614934924503465e-70,-1.1518984700716087e-69,1.0
16:11:04.169,0.0,15.493080337714334,-15.493080337714334,-9500.0,0.0,-1.902114273356305e-70,-1.0136706536630156e-69,1.0
16:11:04.189,0.0,15.493080337714334,-15.493080337714334,-9500.0,0.0,-1.6738605605535485e-70,-8.920301752234539e-70,1.0
16:11:04.210,0.0,15.493080337714334,-15.493080337714334,-9500.0,0.0,-1.4729972932871226e-70,-7.849865541966394e-70,1.0
16:11:04.229,0.0,15.493080337714334,-15.493080337714334,-9500.0,0.0,-1.296237618092668e-70,-6.907881676930427e-70,1.0
16:11:04.249,0.0,15.493080337714334,-15.493080337714334,-9500.0,0.0,-1.1406891039215478e-70,-6.078935875698776e-70,1.0
16:11:04.270,0.0,15.493080337714334,-15.493080337714334,-9500.0,0.0,-1.0038064114509621e-70,-5.3494635706149227e-70,1.0
16:11:04.289,0.0,15.493080337714334,-15.493080337714334,-9500.0,0.0,-8.833496420768466e-71,-4.707527942141132e-70,1.0
16:11:04.309,0.0,15.493080337714334,-15.493080337714334,-9500.0,0.0,-7.77347685027625e-71,-4.142624589084196e-70,1.0
16:11:04.329,0.0,15.493080337714334,-15.493080337714334,-9500.0,0.0,-6.8406596282431e-71,-3.6455096383940926e-70,1.0
16:11:04.349,0.0,15.493080337714334,-15.493080337714334,-9500.0,0.0,-6.019780472853928e-71,-3.2080484817868014e-70,1.0
16:11:04.369,0.0,15.493080337714334,-15.493080337714334,-9500.0,0.0,-5.297406816111457e-71,-2.8230826639723852e-70,1.0
16:11:04.389,0.0,15.493080337714334,-15.493080337714334,-9500.0,0.0,-4.661717998178082e-71,-2.484312744295699e-70,1.0
16:11:04.409,0.0,15.493080337714334,-15.493080337714334,-9500.0,0.0,-4.102311838396712e-71,-2.186195214980215e-70,1.0
16:11:04.429,0.0,15.493080337714334,-15.493080337714334,-9500.0,0.0,-3.6100344177891063e-71,-1.923851789182589e-70,1.0
16:11:04.449,0.0,15.493080337714334,-15.493080337714334,-9500.0,0.0,-3.1768302876544135e-71,-1.6929895744806785e-70,1.0
16:11:04.469,0.0,15.493080337714334,-15.493080337714334,-9500.0,0.0,-2.795610653135884e-71,-1.489830825542997e-70,1.0
16:11:04.489,0.0,15.493080337714334,-15.493080337714334,-9500.0,0.0,-2.460137374759578e-71,-1.3110511264778373e-70,1.0
16:11:04.509,0.0,15.493080337714334,-15.493080337714334,-9500.0,0.0,-2.1649208897884283e-71,-1.1537249913004968e-70,1.0
16:11:04.530,0.0,15.493080337714334,-15.493080337714334,-9500.0,0.0,-1.905130383013817e-71,-1.0152779923444372e-70,1.0
16:11:04.549,0.0,15.493080337714334,-15.493080337714334,-9500.0,0.0,-1.6765147370521589e-71,-8.934446332631047e-71,1.0
16:11:04.569,0.0,15.493080337714334,-15.493080337714334,-9500.0,0.0,-1.4753329686059e-71,-7.862312772715322e-71,1.0
16:11:04.589,0.0,15.493080337714334,-15.493080337714334,-9500.0,0.0,-1.298293012373192e-71,-6.9188352399894835e-71,1.0
16:11:04.609,0.0,15.493080337714334,-15.493080337714334,-9500.0,0.0,-1.142497850888409e-71,-6.088575011190746e-71,1.0
16:11:04.629,0.0,15.493080337714334,-15.493080337714334,-9500.0,0.0,-1.0053981087818e-71,-5.357946009847857e-71,1.0
16:11:04.649,0.0,15.493080337714334,-15.493080337714334,-9500.0,0.0,-8.84750335727984e-72,-4.714992488666114e-71,1.0
16:11:04.669,0.0,15.493080337714334,-15.493080337714334,-9500.0,0.0,-7.78580295440626e-72,-4.14919339002618e-71,1.0
16:11:04.689,0.0,15.493080337714334,-15.493080337714334,-9500.0,0.0,-6.851506599877508e-72,-3.6512901832230386e-71,1.0
16:11:04.709,0.0,15.493080337714334,-15.493080337714334,-9500.0,0.0,-6.029325807892207e-72,-3.213135361236274e-71,1.0
16:11:04.729,0.0,15.493080337714334,-15.493080337714334,-9500.0,0.0,-5.305806710945142e-72,-2.827559117887921e-71,1.0
16:11:04.749,0.0,15.493080337714334,-15.493080337714334,-9500.0,0.0,-4.669109905631725e-72,-2.4882520237413704e-71,1.0
16:11:04.769,0.0,15.493080337714334,-15.493080337714334,-9500.0,0.0,-4.108816716955918e-72,-2.1896617808924063e-71,1.0
16:11:04.789,0.0,15.493080337714334,-15.493080337714334,-9500.0,0.0,-3.615758710921208e-72,-1.926902367185317e-71,1.0
16:11:04.809,0.0,15.493080337714334,-15.493080337714334,-9500.0,0.0,-3.181867665610663e-72,-1.6956740831230794e-71,1.0
16:11:04.829,0.0,15.493080337714334,-15.493080337714334,-9500.0,0.0,-2.8000435457373835e-72,-1.4921931931483098e-71,1.0
16:11:04.850,0.0,15.493080337714334,-15.493080337714334,-9500.0,0.0,-2.4640383202488975e-72,-1.3131300099705125e-71,1.0
16:11:04.869,0.0,15.493080337714334,-15.493080337714334,-9500.0,0.0,-2.1683537218190299e-72,-1.1555544087740512e-71,1.0
16:11:04.889,0.0,15.493080337714334,-15.493080337714334,-9500.0,0.0,-1.9081512752007463e-72,-1.016887879721165e-71,1.0
16:11:04.910,0.0,15.493080337714334,-15.493080337714334,-9500.0,0.0,-1.6791731221766567e-72,-8.948613341546252e-72,1.0
16:11:04.929,0.0,15.493080337714334,-15.493080337714334,-9500.0,0.0,-1.477672347515458e-72,-7.874779740560702e-72,1.0
16:11:04.950,0.0,15.493080337714334,-15.493080337714334,-9500.0,0.0,-1.300351665813603e-72,-6.929806171693418e-72,1.0
16:11:04.969,0.0,15.493080337714334,-15.493080337714334,-9500.0,0.0,-1.1443094659159707e-72,-6.098229431090208e-72,1.0
16:11:04.989,0.0,15.493080337714334,-15.493080337714334,-9500.0,0.0,-1.0069923300060543e-72,-5.366441899359383e-72,1.0
16:11:05.009,0.0,15.493080337714334,-15.493080337714334,-9500.0,0.0,-8.861532504053278e-73,-4.722468871436257e-72,1.0
16:11:05.030,0.0,15.493080337714334,-15.493080337714334,-9500.0,0.0,-7.798148603566884e-73,-4.1557726068639067e-72,1.0
16:11:05.049,0.0,15.493080337714334,-15.493080337714334,-9500.0,0.0,-6.862370771138859e-73,-3.657079894040238e-72,1.0
16:11:05.069,0.0,15.493080337714334,-15.493080337714334,-9500.0,0.0,-6.038886278602197e-73,-3.2182303067554096e-72,1.0
16:11:05.090,0.0,15.493080337714334,-15.493080337714334,-9500.0,0.0,-5.314219925169933e-73,-2.8320426699447605e-72,1.0
16:11:05.109,0.0,15.493080337714334,-15.493080337714334,-9500.0,0.0,-4.676513534149541e-73,-2.492197549551389e-72,1.0
16:11:05.129,0.0,15.493080337714334,-15.493080337714334,-9500.0,0.0,-4.115331910051596e-73,-2.1931338436052228e-72,1.0
16:11:05.150,0.0,15.493080337714334,-15.493080337714334,-9500.0,0.0,-3.621492080845405e-73,-1.929957782372596e-72,1.0
16:11:05.169,0.0,15.493080337714334,-15.493080337714334,-9500.0,0.0,-3.186913031143956e-73,-1.6983628484878843e-72,1.0
16:11:05.190,0.0,15.493080337714334,-15.493080337714334,-9500.0,0.0,-2.8044834674066812e-73,-1.4945593066693383e-72,1.0
16:11:05.209,0.0,15.493080337714334,-15.493080337714334,-9500.0,0.0,-2.4679454513178795e-73,-1.3152121898690176e-72,1.0
16:11:05.229,0.0,15.493080337714334,-15.493080337714334,-9500.0,0.0,-2.171791997159734e-73,-1.1573867270847358e-72,1.0
16:11:05.250,0.0,15.493080337714334,-15.493080337714334,-9500.0,0.0,-1.911176957500566e-73,-1.0185003198345674e-72,1.0
16:11:05.269,0.0,15.493080337714334,-15.493080337714334,-9500.0,0.0,-1.681835722600498e-73,-8.962802814544192e-73,1.0
16:11:05.289,0.0,15.493080337714334,-15.493080337714334,-9500.0,0.0,-1.4800154358884383e-73,-7.887266476798889e-73,1.0
16:11:05.309,0.0,15.493080337714334,-15.493080337714334,-9500.0,0.0,-1.3024135835818257e-73,-6.940794499583023e-73,1.0
16:11:05.329,0.0,15.493080337714334,-15.493080337714334,-9500.0,0.0,-1.1461239535520066e-73,-6.10789915963306e-73,1.0
16:11:05.349,0.0,15.493080337714334,-15.493080337714334,-9500.0,0.0,-1.0085890791257659e-73,-5.374951260477093e-73,1.0
16:11:05.369,0.0,15.493080337714334,-15.493080337714334,-9500.0,0.0,-8.87558389630674e-74,-4.729957109219842e-73,1.0
16:11:05.389,0.0,15.493080337714334,-15.493080337714334,-9500.0,0.0,-7.810513828749932e-74,-4.162362256113461e-73,1.0
16:11:05.409,0.0,15.493080337714334,-15.493080337714334,-9500.0,0.0,-6.87325216929994e-74,-3.6628787853798456e-73,1.0
16:11:05.429,0.0,15.493080337714334,-15.493080337714334,-9500.0,0.0,-6.048461908983947e-74,-3.2233333311342645e-73,1.0
16:11:05.449,0.0,15.493080337714334,-15.493080337714334,-9500.0,0.0,-5.322646479905873e-74,-2.8365333313981526e-73,1.0
16:11:05.469,0.0,15.493080337714334,-15.493080337714334,-9500.0,0.0,-4.6839289023171686e-74,-2.4961493316303744e-73,1.0
16:11:05.490,0.0,15.493080337714334,-15.493080337714334,-9500.0,0.0,-4.121857434039108e-74,-2.1966114118347293e-73,1.0
16:11:05.509,0.0,15.493080337714334,-15.493080337714334,-9500.0,0.0,-3.627234541954415e-74,-1.933018042414562e-73,1.0
16:11:05.529,0.0,15.493080337714334,-15.493080337714334,-9500.0,0.0,-3.1919663969198854e-74,-1.7010558773248143e-73,1.0
16:11:05.549,0.0,15.493080337714334,-15.493080337714334,-9500.0,0.0,-2.808930429289499e-74,-1.4969291720458367e-73,1.0
16:11:05.569,0.0,15.493080337714334,-15.493080337714334,-9500.0,0.0,-2.471858777774759e-74,-1.3172976714003362e-73,1.0
16:11:05.589,0.0,15.493080337714334,-15.493080337714334,-9500.0,0.0,-2.1752357244417882e-74,-1.159221950832296e-73,1.0
16:11:05.609,0.0,15.493080337714334,-15.493080337714334,-9500.0,0.0,-1.9142074375087735e-74,-1.0201153167324204e-73,1.0
16:11:05.629,0.0,15.493080337714334,-15.493080337714334,-9500.0,0.0,-1.6845025450077206e-74,-8.9770147872453e-74,1.0
16:11:05.649,0.0,15.493080337714334,-15.493080337714334,-9500.0,0.0,-1.482362239606794e-74,-7.899773012775863e-74,1.0
16:11:05.669,0.0,15.493080337714334,-15.493080337714334,-9500.0,0.0,-1.3044787708539789e-74,-6.95180025124276e-74,1.0
16:11:05.689,0.0,15.493080337714334,-15.493080337714334,-9500.0,0.0,-1.1479413183515013e-74,-6.117584221093628e-74,1.0
16:11:05.709,0.0,15.493080337714334,-15.493080337714334,-9500.0,0.0,-1.0101883601493212e-74,-5.383474114562393e-74,1.0
16:11:05.729,0.0,15.493080337714334,-15.493080337714334,-9500.0,0.0,-8.889657569314026e-75,-4.7374572208149055e-74,1.0
16:11:05.750,0.0,15.493080337714334,-15.493080337714334,-9500.0,0.0,-7.822898660996343e-75,-4.168962354317117e-74,1.0
16:11:05.769,0.0,15.493080337714334,-15.493080337714334,-9500.0,0.0,-6.884150821676782e-75,-3.668686871799063e-74,1.0
16:11:05.789,0.0,15.493080337714334,-15.493080337714334,-9500.0,0.0,-6.058052723075568e-75,-3.2284444471831753e-74,1.0
16:11:05.809,0.0,15.493080337714334,-15.493080337714334,-9500.0,0.0,-5.3310863963065e-75,-2.8410311135211944e-74,1.0
16:11:05.829,0.0,15.493080337714334,-15.493080337714334,-9500.0,0.0,-4.69135602874972e-75,-2.5001073798986514e-74,1.0
16:11:05.849,0.0,15.493080337714334,-15.493080337714334,-9500.0,0.0,-4.128393305299754e-75,-2.200094494310813e-74,1.0
16:11:05.869,0.0,15.493080337714334,-15.493080337714334,-9500.0,0.0,-3.632986108663783e-75,-1.9360831549935155e-74,1.0
16:11:05.889,0.0,15.493080337714334,-15.493080337714334,-9500.0,0.0,-3.197027775624129e-75,-1.7037531763942933e-74,1.0
16:11:05.909,0.0,15.493080337714334,-15.493080337714334,-9500.0,0.0,-2.8133844425492336e-75,-1.4993027952269782e-74,1.0
16:11:05.929,0.0,15.493080337714334,-15.493080337714334,-9500.0,0.0,-2.4757783094433255e-75,-1.319386459799741e-74,1.0
16:11:05.949,0.0,15.493080337714334,-15.493080337714334,-9500.0,0.0,-2.1786849123101264e-75,-1.1610600846237718e-74,1.0
16:11:05.969,0.0,15.493080337714334,-15.493080337714334,-9500.0,0.0,-1.9172427228329113e-75,-1.0217328744689193e-74,1.0
16:11:05.989,0.0,15.493080337714334,-15.493080337714334,-9500.0,0.0,-1.687173596092962e-75,-8.99124929532649e-75,1.0
16:11:06.009,0.0,15.493080337714334,-15.493080337714334,-9500.0,0.0,-1.4847127645618065e-75,-7.912299379887311e-75,1.0
16:11:06.030,0.0,15.493080337714334,-15.493080337714334,-9500.0,0.0,-1.3065472328143897e-75,-6.962823454300834e-75,1.0
16:11:06.049,0.0,15.493080337714334,-15.493080337714334,-9500.0,0.0,-1.1497615648766629e-75,-6.127284639784733e-75,1.0
16:11:06.069,0.0,15.493080337714334,-15.493080337714334,-9500.0,0.0,-1.0117901770914633e-75,-5.392010483010565e-75,1.0
16:11:06.089,0.0,15.493080337714334,-15.493080337714334,-9500.0,0.0,-8.903753558404877e-76,-4.744969225049297e-75,1.0
16:11:06.109,0.0,15.493080337714334,-15.493080337714334,-9500.0,0.0,-7.835303131396291e-76,-4.175572918043381e-75,1.0
16:11:06.130,0.0,15.493080337714334,-15.493080337714334,-9500.0,0.0,-6.895066755628736e-76,-3.6745041678781757e-75,1.0
16:11:06.150,0.0,15.493080337714334,-15.493080337714334,-9500.0,0.0,-6.067658744953287e-76,-3.233563667732794e-75,1.0
16:11:06.169,0.0,15.493080337714334,-15.493080337714334,-9500.0,0.0,-5.339539695558893e-76,-2.845536027604859e-75,1.0
16:11:06.189,0.0,15.493080337714334,-15.493080337714334,-9500.0,0.0,-4.698794932091826e-76,-2.504071704292276e-75,1.0
16:11:06.209,0.0,15.493080337714334,-15.493080337714334,-9500.0,0.0,-4.1349395402408066e-76,-2.2035830997772028e-75,1.0
16:11:06.229,0.0,15.493080337714334,-15.493080337714334,-9500.0,0.0,-3.63874679541191e-76,-1.9391531278039383e-75,1.0
16:11:06.249,0.0,15.493080337714334,-15.493080337714334,-9500.0,0.0,-3.2020971799624806e-76,-1.7064547524674658e-75,1.0
16:11:06.269,0.0,15.493080337714334,-15.493080337714334,-9500.0,0.0,-2.817845518366983e-76,-1.50168018217137e-75,1.0
16:11:06.289,0.0,15.493080337714334,-15.493080337714334,-9500.0,0.0,-2.4797040561629453e-76,-1.3214785603108056e-75,1.0
16:11:06.309,0.0,15.493080337714334,-15.493080337714334,-9500.0,0.0,-2.182139569423392e-76,-1.162901133073509e-75,1.0
16:11:06.329,0.0,15.493080337714334,-15.493080337714334,-9500.0,0.0,-1.920282821092585e-76,-1.0233529971046879e-75,1.0
16:11:06.349,0.0,15.493080337714334,-15.493080337714334,-9500.0,0.0,-1.6898488825614746e-76,-9.005506374521254e-76,1.0
16:11:06.369,0.0,15.493080337714334,-15.493080337714334,-9500.0,0.0,-1.4870670166540976e-76,-7.924845609578702e-76,1.0
16:11:06.389,0.0,15.493080337714334,-15.493080337714334,-9500.0,0.0,-1.3086189746556059e-76,-6.973864136429259e-76,1.0
16:11:06.410,0.0,15.493080337714334,-15.493080337714334,-9500.0,0.0,-1.1515846976969332e-76,-6.137000440057747e-76,1.0
16:11:06.430,0.0,15.493080337714334,-15.493080337714334,-9500.0,0.0,-1.0133945339733011e-76,-5.400560387250817e-76,1.0
16:11:06.449,0.0,15.493080337714334,-15.493080337714334,-9500.0,0.0,-8.91787189896505e-77,-4.752493140780719e-76,1.0
16:11:06.469,0.0,15.493080337714334,-15.493080337714334,-9500.0,0.0,-7.847727271089244e-77,-4.182193963887033e-76,1.0
16:11:06.489,0.0,15.493080337714334,-15.493080337714334,-9500.0,0.0,-6.9059999985585345e-77,-3.680330688220589e-76,1.0
16:11:06.509,0.0,15.493080337714334,-15.493080337714334,-9500.0,0.0,-6.07727999873151e-77,-3.238691005634118e-76,1.0
16:11:06.529,0.0,15.493080337714334,-15.493080337714334,-9500.0,0.0,-5.348006398883729e-77,-2.8500480849580236e-76,1.0
16:11:06.549,0.0,15.493080337714334,-15.493080337714334,-9500.0,0.0,-4.7062456310176816e-77,-2.508042314763061e-76,1.0
16:11:06.569,0.0,15.493080337714334,-15.493080337714334,-9500.0,0.0,-4.14149615529556e-77,-2.2070772369914938e-76,1.0
16:11:06.589,0.0,15.493080337714334,-15.493080337714334,-9500.0,0.0,-3.644516616660093e-77,-1.9422279685525145e-76,1.0
16:11:06.609,0.0,15.493080337714334,-15.493080337714334,-9500.0,0.0,-3.2071746226608817e-77,-1.7091606123262128e-76,1.0
16:11:06.629,0.0,15.493080337714334,-15.493080337714334,-9500.0,0.0,-2.822313667941576e-77,-1.5040613388470673e-76,1.0
16:11:06.649,0.0,15.493080337714334,-15.493080337714334,-9500.0,0.0,-2.483636027788587e-77,-1.3235739781854193e-76,1.0
16:11:06.669,0.0,15.493080337714334,-15.493080337714334,-9500.0,0.0,-2.1855997044539566e-77,-1.164745100803169e-76,1.0
16:11:06.689,0.0,15.493080337714334,-15.493080337714334,-9500.0,0.0,-1.9233277399194817e-77,-1.0249756887067887e-76,1.0
16:11:06.709,0.0,15.493080337714334,-15.493080337714334,-9500.0,0.0,-1.6925284111291439e-77,-9.019786060619741e-77,1.0
16:11:06.730,0.0,15.493080337714334,-15.493080337714334,-9500.0,0.0,-1.4894250017936467e-77,-7.937411733345373e-77,1.0
16:11:06.749,0.0,15.493080337714334,-15.493080337714334,-9500.0,0.0,-1.310694001578409e-77,-6.984922325343927e-77,1.0
16:11:06.769,0.0,15.493080337714334,-15.493080337714334,-9500.0,0.0,-1.153410721389e-77,-6.146731646302656e-77,1.0
16:11:06.789,0.0,15.493080337714334,-15.493080337714334,-9500.0,0.0,-1.01500143482232e-77,-5.409123848746337e-77,1.0
16:11:06.809,0.0,15.493080337714334,-15.493080337714334,-9500.0,0.0,-8.932012626436415e-78,-4.7600289868967764e-77,1.0
16:11:06.829,0.0,15.493080337714334,-15.493080337714334,-9500.0,0.0,-7.860171111264045e-78,-4.1888255084691636e-77,1.0
16:11:06.850,0.0,15.493080337714334,-15.493080337714334,-9500.0,0.0,-6.91695057791236e-78,-3.686166447452864e-77,1.0
16:11:06.869,0.0,15.493080337714334,-15.493080337714334,-9500.0,0.0,-6.086916508562877e-78,-3.24382647375852e-77,1.0
16:11:06.888,0.0,15.493080337714334,-15.493080337714334,-9500.0,0.0,-5.3564865275353315e-78,-2.8545672969074977e-77,1.0
16:11:06.909,0.0,15.493080337714334,-15.493080337714334,-9500.0,0.0,-4.713708144231091e-78,-2.5120192212785977e-77,1.0
16:11:06.929,0.0,15.493080337714334,-15.493080337714334,-9500.0,0.0,-4.1480631669233603e-78,-2.210576914725166e-77,1.0
16:11:06.949,0.0,15.493080337714334,-15.493080337714334,-9500.0,0.0,-3.650295586892557e-78,-1.9453076849581458e-77,1.0
16:11:06.969,0.0,15.493080337714334,-15.493080337714334,-9500.0,0.0,-3.21226011646545e-78,-1.7118707627631685e-77,1.0
16:11:06.990,0.0,15.493080337714334,-15.493080337714334,-9500.0,0.0,-2.826788902489596e-78,-1.5064462712315882e-77,1.0
16:11:07.009,0.0,15.493080337714334,-15.493080337714334,-9500.0,0.0,-2.4875742341908448e-78,-1.3256727186837978e-77,1.0
16:11:07.029,0.0,15.493080337714334,-15.493080337714334,-9500.0,0.0,-2.1890653260879436e-78,-1.1665919924417422e-77,1.0
16:11:07.049,0.0,15.493080337714334,-15.493080337714334,-9500.0,0.0,-1.9263774869573904e-78,-1.0266009533487331e-77,1.0
16:11:07.070,0.0,15.493080337714334,-15.493080337714334,-9500.0,0.0,-1.6952121885225036e-78,-9.034088389468851e-78,1.0
16:11:07.090,0.0,15.493080337714334,-15.493080337714334,-9500.0,0.0,-1.4917867258998031e-78,-7.949997782732589e-78,1.0
16:11:07.110,0.0,15.493080337714334,-15.493080337714334,-9500.0,0.0,-1.3127723187918268e-78,-6.995998048804679e-78,1.0
16:11:07.130,0.0,15.493080337714334,-15.493080337714334,-9500.0,0.0,-1.1552396405368077e-78,-6.156478282948118e-78,1.0
16:11:07.150,0.0,15.493080337714334,-15.493080337714334,-9500.0,0.0,-1.0166108836723908e-78,-5.417700888994344e-78,1.0
16:11:07.170,0.0,15.493080337714334,-15.493080337714334,-9500.0,0.0,-8.94617577631704e-79,-4.767576782315023e-78,1.0
16:11:07.190,0.0,15.493080337714334,-15.493080337714334,-9500.0,0.0,-7.872634683158995e-79,-4.19546756843722e-78,1.0
16:11:07.210,0.0,15.493080337714334,-15.493080337714334,-9500.0,0.0,-6.927918521179915e-79,-3.692011460224754e-78,1.0
16:11:07.230,0.0,15.493080337714334,-15.493080337714334,-9500.0,0.0,-6.096568298638326e-79,-3.2489700849977834e-78,1.0
16:11:07.249,0.0,15.493080337714334,-15.493080337714334,-9500.0,0.0,-5.364980102801727e-79,-2.8590936747980493e-78,1.0
16:11:07.269,0.0,15.493080337714334,-15.493080337714334,-9500.0,0.0,-4.7211824904655193e-79,-2.5160024338222833e-78,1.0
16:11:07.289,0.0,15.493080337714334,-15.493080337714334,-9500.0,0.0,-4.154640591609657e-79,-2.214082141763609e-78,1.0
16:11:07.310,0.0,15.493080337714334,-15.493080337714334,-9500.0,0.0,-3.6560837206164983e-79,-1.9483922847519764e-78,1.0
16:11:07.330,0.0,15.493080337714334,-15.493080337714334,-9500.0,0.0,-3.2173536741425186e-79,-1.7145852105817392e-78,1.0
16:11:07.349,0.0,15.493080337714334,-15.493080337714334,-9500.0,0.0,-2.8312712332454164e-79,-1.5088349853119306e-78,1.0
16:11:07.370,0.0,15.493080337714334,-15.493080337714334,-9500.0,0.0,-2.4915186852559665e-79,-1.327774787074499e-78,1.0
16:11:07.389,0.0,15.493080337714334,-15.493080337714334,-9500.0,0.0,-2.1925364430252504e-79,-1.168441812625559e-78,1.0
16:11:07.410,0.0,15.493080337714334,-15.493080337714334,-9500.0,0.0,-1.9294320698622204e-79,-1.0282287951104919e-78,1.0
16:11:07.429,0.0,15.493080337714334,-15.493080337714334,-9500.0,0.0,-1.697900221478754e-79,-9.048413396972329e-79,1.0
16:11:07.449,0.0,15.493080337714334,-15.493080337714334,-9500.0,0.0,-1.4941521949013035e-79,-7.96260378933565e-79,1.0
16:11:07.469,0.0,15.493080337714334,-15.493080337714334,-9500.0,0.0,-1.314853931513147e-79,-7.007091334615371e-79,1.0
16:11:07.489,0.0,15.493080337714334,-15.493080337714334,-9500.0,0.0,-1.1570714597315694e-79,-6.166240374461527e-79,1.0
16:11:07.510,0.0,15.493080337714334,-15.493080337714334,-9500.0,0.0,-1.0182228845637811e-79,-5.426291529526144e-79,1.0
16:11:07.529,0.0,15.493080337714334,-15.493080337714334,-9500.0,0.0,-8.960361384161274e-80,-4.775136545983006e-79,1.0
16:11:07.549,0.0,15.493080337714334,-15.493080337714334,-9500.0,0.0,-7.88511801806192e-80,-4.2021201604650457e-79,1.0
16:11:07.570,0.0,15.493080337714334,-15.493080337714334,-9500.0,0.0,-6.93890385589449e-80,-3.69786574120924e-79,1.0
16:11:07.590,0.0,15.493080337714334,-15.493080337714334,-9500.0,0.0,-6.106235393187152e-80,-3.254121852264132e-79,1.0
16:11:07.610,0.0,15.493080337714334,-15.493080337714334,-9500.0,0.0,-5.373487146004694e-80,-2.863627229992436e-79,1.0
16:11:07.629,0.0,15.493080337714334,-15.493080337714334,-9500.0,0.0,-4.7286686884841305e-80,-2.5199919623933435e-79,1.0
16:11:07.649,0.0,15.493080337714334,-15.493080337714334,-9500.0,0.0,-4.1612284458660346e-80,-2.217592926906142e-79,1.0
16:11:07.670,0.0,15.493080337714334,-15.493080337714334,-9500.0,0.0,-3.661881032362111e-80,-1.9514817756774052e-79,1.0
16:11:07.689,0.0,15.493080337714334,-15.493080337714334,-9500.0,0.0,-3.2224553084786575e-80,-1.7173039625961167e-79,1.0
16:11:07.710,0.0,15.493080337714334,-15.493080337714334,-9500.0,0.0,-2.8357606714612188e-80,-1.5112274870845827e-79,1.0
16:11:07.730,0.0,15.493080337714334,-15.493080337714334,-9500.0,0.0,-2.4954693908858724e-80,-1.3298801886344328e-79,1.0
16:11:07.749,0.0,15.493080337714334,-15.493080337714334,-9500.0,0.0,-2.1960130639795678e-80,-1.1702945659983009e-79,1.0
16:11:07.769,0.0,15.493080337714334,-15.493080337714334,-9500.0,0.0,-1.9324914963020196e-80,-1.0298592180785048e-79,1.0
16:11:07.789,0.0,15.493080337714334,-15.493080337714334,-9500.0,0.0,-1.7005925167457773e-80,-9.062761119090842e-80,1.0
16:11:07.809,0.0,15.493080337714334,-15.493080337714334,-9500.0,0.0,-1.496521414736284e-80,-7.975229784799942e-80,1.0
16:11:07.830,0.0,15.493080337714334,-15.493080337714334,-9500.0,0.0,-1.31693884496793e-80,-7.018202210623947e-80,1.0
16:11:07.849,0.0,15.493080337714334,-15.493080337714334,-9500.0,0.0,-1.1589061835717783e-80,-6.176017945349074e-80,1.0
16:11:07.869,0.0,15.493080337714334,-15.493080337714334,-9500.0,0.0,-1.0198374415431649e-80,-5.434895791907185e-80,1.0
16:11:07.889,0.0,15.493080337714334,-15.493080337714334,-9500.0,0.0,-8.97456948557985e-81,-4.7827082968783224e-80,1.0
16:11:07.909,0.0,15.493080337714334,-15.493080337714334,-9500.0,0.0,-7.897621147310269e-81,-4.208783301252924e-80,1.0
16:11:07.929,0.0,15.493080337714334,-15.493080337714334,-9500.0,0.0,-6.949906609633037e-81,-3.703729305102573e-80,1.0
16:11:07.949,0.0,15.493080337714334,-15.493080337714334,-9500.0,0.0,-6.115917816477072e-81,-3.2592817884902644e-80,1.0
16:11:07.969,0.0,15.493080337714334,-15.493080337714334,-9500.0,0.0,-5.382007678499823e-81,-2.8681679738714324e-80,1.0
16:11:07.989,0.0,15.493080337714334,-15.493080337714334,-9500.0,0.0,-4.7361667570798445e-81,-2.5239878170068607e-80,1.0
16:11:08.009,0.0,15.493080337714334,-15.493080337714334,-9500.0,0.0,-4.167826746230263e-81,-2.2211092789660374e-80,1.0
16:11:08.029,0.0,15.493080337714334,-15.493080337714334,-9500.0,0.0,-3.667687536682632e-81,-1.954576165490113e-80,1.0
16:11:08.049,0.0,15.493080337714334,-15.493080337714334,-9500.0,0.0,-3.227565032280716e-81,-1.7200270256312994e-80,1.0
16:11:08.069,0.0,15.493080337714334,-15.493080337714334,-9500.0,0.0,-2.84025722840703e-81,-1.5136237825555434e-80,1.0
16:11:08.089,0.0,15.493080337714334,-15.493080337714334,-9500.0,0.0,-2.4994263609981865e-81,-1.3319889286488782e-80,1.0
16:11:08.109,0.0,15.493080337714334,-15.493080337714334,-9500.0,0.0,-2.1994951976784043e-81,-1.172150257211013e-80,1.0
16:11:08.129,0.0,15.493080337714334,-15.493080337714334,-9500.0,0.0,-1.9355557739569958e-81,-1.0314922263456915e-80,1.0
16:11:08.149,0.0,15.493080337714334,-15.493080337714334,-9500.0,0.0,-1.7032890810821562e-81,-9.077131591842083e-81,1.0
16:11:08.170,0.0,15.493080337714334,-15.493080337714334,-9500.0,0.0,-1.4988943913522975e-81,-7.987875800821034e-81,1.0
16:11:08.189,0.0,15.493080337714334,-15.493080337714334,-9500.0,0.0,-1.3190270643900218e-81,-7.02933070472251e-81,1.0
16:11:08.209,0.0,15.493080337714334,-15.493080337714334,-9500.0,0.0,-1.1607438166632193e-81,-6.185811020155809e-81,1.0
16:11:08.230,0.0,15.493080337714334,-15.493080337714334,-9500.0,0.0,-1.021454558663633e-81,-5.443513697737113e-81,1.0
16:11:08.249,0.0,15.493080337714334,-15.493080337714334,-9500.0,0.0,-8.98880011623997e-82,-4.790292054008659e-81,1.0
16:11:08.269,0.0,15.493080337714334,-15.493080337714334,-9500.0,0.0,-7.910144102291174e-82,-4.2154570075276197e-81,1.0
16:11:08.289,0.0,15.493080337714334,-15.493080337714334,-9500.0,0.0,-6.960926810016233e-82,-3.709602166624306e-81,1.0
16:11:08.309,0.0,15.493080337714334,-15.493080337714334,-9500.0,0.0,-6.125615592814285e-82,-3.264449906629389e-81,1.0
16:11:08.329,0.0,15.493080337714334,-15.493080337714334,-9500.0,0.0,-5.390541721676571e-82,-2.872715917833862e-81,1.0
16:11:08.349,0.0,15.493080337714334,-15.493080337714334,-9500.0,0.0,-4.743676715075382e-82,-2.527990007693799e-81,1.0
16:11:08.370,0.0,15.493080337714334,-15.493080337714334,-9500.0,0.0,-4.174435509266336e-82,-2.224631206770543e-81,1.0
16:11:08.389,0.0,15.493080337714334,-15.493080337714334,-9500.0,0.0,-3.673503248154376e-82,-1.9576754619580778e-81,1.0
16:11:08.409,0.0,15.493080337714334,-15.493080337714334,-9500.0,0.0,-3.232682858375851e-82,-1.7227544065231085e-81,1.0
16:11:08.429,0.0,15.493080337714334,-15.493080337714334,-9500.0,0.0,-2.8447609153707485e-82,-1.5160238777403353e-81,1.0
16:11:08.449,0.0,15.493080337714334,-15.493080337714334,-9500.0,0.0,-2.5033896055262586e-82,-1.334101012411495e-81,1.0
16:11:08.469,0.0,15.493080337714334,-15.493080337714334,-9500.0,0.0,-2.2029828528631075e-82,-1.1740088909221155e-81,1.0
16:11:08.489,0.0,15.493080337714334,-15.493080337714334,-9500.0,0.0,-1.9386249105195345e-82,-1.0331278240114616e-81,1.0
16:11:08.509,0.0,15.493080337714334,-15.493080337714334,-9500.0,0.0,-1.7059899212571905e-82,-9.091524851300863e-82,1.0
16:11:08.529,0.0,15.493080337714334,-15.493080337714334,-9500.0,0.0,-1.5012711307063276e-82,-8.00054186914476e-82,1.0
16:11:08.549,0.0,15.493080337714334,-15.493080337714334,-9500.0,0.0,-1.3211185950215683e-82,-7.040476844847388e-82,1.0
16:11:08.569,0.0,15.493080337714334,-15.493080337714334,-9500.0,0.0,-1.1625843636189801e-82,-6.195619623465701e-82,1.0
16:11:08.589,0.0,15.493080337714334,-15.493080337714334,-9500.0,0.0,-1.0230742399847025e-82,-5.452145268649817e-82,1.0
16:11:08.609,0.0,15.493080337714334,-15.493080337714334,-9500.0,0.0,-9.003053311865381e-83,-4.797887836411839e-82,1.0
16:11:08.629,0.0,15.493080337714334,-15.493080337714334,-9500.0,0.0,-7.922686914441535e-83,-4.2221412960424184e-82,1.0
16:11:08.649,0.0,15.493080337714334,-15.493080337714334,-9500.0,0.0,-6.971964484708552e-83,-3.7154843405173287e-82,1.0
16:11:08.669,0.0,15.493080337714334,-15.493080337714334,-9500.0,0.0,-6.1353287465435256e-83,-3.269626219655249e-82,1.0
16:11:08.689,0.0,15.493080337714334,-15.493080337714334,-9500.0,0.0,-5.3990892969583026e-83,-2.877271073296619e-82,1.0
16:11:08.709,0.0,15.493080337714334,-15.493080337714334,-9500.0,0.0,-4.751198581323306e-83,-2.5319985445010248e-82,1.0
16:11:08.729,0.0,15.493080337714334,-15.493080337714334,-9500.0,0.0,-4.18105475156451e-83,-2.2281587191609018e-82,1.0
16:11:08.749,0.0,15.493080337714334,-15.493080337714334,-9500.0,0.0,-3.679328181376768e-83,-1.9607796728615935e-82,1.0
16:11:08.769,0.0,15.493080337714334,-15.493080337714334,-9500.0,0.0,-3.237808799611556e-83,-1.7254861121182022e-82,1.0
16:11:08.789,0.0,15.493080337714334,-15.493080337714334,-9500.0,0.0,-2.8492717436581694e-83,-1.518427778664018e-82,1.0
16:11:08.809,0.0,15.493080337714334,-15.493080337714334,-9500.0,0.0,-2.507359134419189e-83,-1.336216445224336e-82,1.0
16:11:08.829,0.0,15.493080337714334,-15.493080337714334,-9500.0,0.0,-2.2064760382888866e-83,-1.1758704717974157e-82,1.0
16:11:08.849,0.0,15.493080337714334,-15.493080337714334,-9500.0,0.0,-1.9416989136942204e-83,-1.034766015181726e-82,1.0
16:11:08.869,0.0,15.493080337714334,-15.493080337714334,-9500.0,0.0,-1.7086950440509138e-83,-9.105940933599187e-83,1.0
16:11:08.889,0.0,15.493080337714334,-15.493080337714334,-9500.0,0.0,-1.5036516387648042e-83,-8.013228021567285e-83,1.0
16:11:08.909,0.0,15.493080337714334,-15.493080337714334,-9500.0,0.0,-1.3232134421130278e-83,-7.051640658979211e-83,1.0
16:11:08.929,0.0,15.493080337714334,-15.493080337714334,-9500.0,0.0,-1.1644278290594645e-83,-6.205443779901706e-83,1.0
16:11:08.949,0.0,15.493080337714334,-15.493080337714334,-9500.0,0.0,-1.0246964895723287e-83,-5.4607905263135015e-83,1.0
16:11:08.970,0.0,15.493080337714334,-15.493080337714334,-9500.0,0.0,-9.017329108236493e-84,-4.805495663155881e-83,1.0
16:11:08.989,0.0,15.493080337714334,-15.493080337714334,-9500.0,0.0,-7.935249615248114e-84,-4.2288361835771755e-83,1.0
16:11:09.010,0.0,15.493080337714334,-15.493080337714334,-9500.0,0.0,-6.983019661418341e-84,-3.7213758415479146e-83,1.0
16:11:09.029,0.0,15.493080337714334,-15.493080337714334,-9500.0,0.0,-6.14505730204814e-84,-3.2748107405621653e-83,1.0
16:11:09.049,0.0,15.493080337714334,-15.493080337714334,-9500.0,0.0,-5.407650425802363e-84,-2.881833451694705e-83,1.0
16:11:09.069,0.0,15.493080337714334,-15.493080337714334,-9500.0,0.0,-4.75873237470608e-84,-2.5360134374913405e-83,1.0
16:11:09.089,0.0,15.493080337714334,-15.493080337714334,-9500.0,0.0,-4.18768448974135e-84,-2.23169182499238e-83,1.0
16:11:09.109,0.0,15.493080337714334,-15.493080337714334,-9500.0,0.0,-3.6851623509723885e-84,-1.9638888059932946e-83,1.0
16:11:09.129,0.0,15.493080337714334,-15.493080337714334,-9500.0,0.0,-3.242942868855702e-84,-1.728222149274099e-83,1.0
16:11:09.149,0.0,15.493080337714334,-15.493080337714334,-9500.0,0.0,-2.8537897245930177e-84,-1.5208354913612073e-83,1.0
16:11:09.169,0.0,15.493080337714334,-15.493080337714334,-9500.0,0.0,-2.5113349576418555e-84,-1.3383352323978624e-83,1.0
16:11:09.189,0.0,15.493080337714334,-15.493080337714334,-9500.0,0.0,-2.2099747627248326e-84,-1.1777350045101188e-83,1.0
16:11:09.210,0.0,15.493080337714334,-15.493080337714334,-9500.0,0.0,-1.9447777911978528e-84,-1.0364068039689044e-83,1.0
16:11:09.229,0.0,15.493080337714334,-15.493080337714334,-9500.0,0.0,-1.7114044562541104e-84,-9.12037987492636e-84,1.0
16:11:09.249,0.0,15.493080337714334,-15.493080337714334,-9500.0,0.0,-1.5060359215036172e-84,-8.025934289935197e-84,1.0
16:11:09.269,0.0,15.493080337714334,-15.493080337714334,-9500.0,0.0,-1.3253116109231832e-84,-7.062822175142974e-84,1.0
16:11:09.289,0.0,15.493080337714334,-15.493080337714334,-9500.0,0.0,-1.166274217612401e-84,-6.215283514125816e-84,1.0
16:11:09.310,0.0,15.493080337714334,-15.493080337714334,-9500.0,0.0,-1.026321311498913e-84,-5.469449492430718e-84,1.0
16:11:09.329,0.0,15.493080337714334,-15.493080337714334,-9500.0,0.0,-9.031627541190435e-85,-4.813115553339032e-84,1.0
16:11:09.349,0.0,15.493080337714334,-15.493080337714334,-9500.0,0.0,-7.947832236247583e-85,-4.235541686938349e-84,1.0
16:11:09.369,0.0,15.493080337714334,-15.493080337714334,-9500.0,0.0,-6.994092367897873e-85,-3.7272766845057466e-84,1.0
16:11:09.389,0.0,15.493080337714334,-15.493080337714334,-9500.0,0.0,-6.154801283750128e-85,-3.280003482365057e-84,1.0
16:11:09.409,0.0,15.493080337714334,-15.493080337714334,-9500.0,0.0,-5.416225129700113e-85,-2.8864030644812506e-84,1.0
16:11:09.429,0.0,15.493080337714334,-15.493080337714334,-9500.0,0.0,-4.7662781141360997e-85,-2.5400346967435003e-84,1.0
16:11:09.449,0.0,15.493080337714334,-15.493080337714334,-9500.0,0.0,-4.1943247404397676e-85,-2.2352305331342804e-84,1.0
16:11:09.469,0.0,15.493080337714334,-15.493080337714334,-9500.0,0.0,-3.6910057715869956e-85,-1.9670028691581667e-84,1.0
16:11:09.489,0.0,15.493080337714334,-15.493080337714334,-9500.0,0.0,-3.248085078996556e-85,-1.7309625248591867e-84,1.0
16:11:09.509,0.0,15.493080337714334,-15.493080337714334,-9500.0,0.0,-2.8583148695169693e-85,-1.5232470218760844e-84,1.0
16:11:09.529,0.0,15.493080337714334,-15.493080337714334,-9500.0,0.0,-2.515317085174933e-85,-1.340457379250954e-84,1.0
16:11:09.549,0.0,15.493080337714334,-15.493080337714334,-9500.0,0.0,-2.213479034953941e-85,-1.1796024937408397e-84,1.0
16:11:09.569,0.0,15.493080337714334,-15.493080337714334,-9500.0,0.0,-1.947861550759468e-85,-1.038050194491939e-84,1.0
16:11:09.589,0.0,15.493080337714334,-15.493080337714334,-9500.0,0.0,-1.7141181646683318e-85,-9.134841711529062e-85,1.0
16:11:09.609,0.0,15.493080337714334,-15.493080337714334,-9500.0,0.0,-1.508423984908132e-85,-8.038660706145574e-85,1.0
16:11:09.629,0.0,15.493080337714334,-15.493080337714334,-9500.0,0.0,-1.327413106719156e-85,-7.074021421408105e-85,1.0
16:11:09.649,0.0,15.493080337714334,-15.493080337714334,-9500.0,0.0,-1.1681235339128574e-85,-6.225138850839133e-85,1.0
16:11:09.669,0.0,15.493080337714334,-15.493080337714334,-9500.0,0.0,-1.0279487098433146e-85,-5.478122188738438e-85,1.0
16:11:09.689,0.0,15.493080337714334,-15.493080337714334,-9500.0,0.0,-9.045948646621168e-86,-4.820747526089825e-85,1.0
16:11:09.710,0.0,15.493080337714334,-15.493080337714334,-9500.0,0.0,-7.960434809026628e-86,-4.2422578229590457e-85,1.0
16:11:09.729,0.0,15.493080337714334,-15.493080337714334,-9500.0,0.0,-7.005182631943433e-86,-3.7331868842039603e-85,1.0
16:11:09.749,0.0,15.493080337714334,-15.493080337714334,-9500.0,0.0,-6.164560716110221e-86,-3.2852044580994853e-85,1.0
16:11:09.769,0.0,15.493080337714334,-15.493080337714334,-9500.0,0.0,-5.4248134301769946e-86,-2.890979923127547e-85,1.0
16:11:09.789,0.0,15.493080337714334,-15.493080337714334,-9500.0,0.0,-4.773835818555755e-86,-2.5440623323522412e-85,1.0
16:11:09.809,0.0,15.493080337714334,-15.493080337714334,-9500.0,0.0,-4.200975520329065e-86,-2.2387748524699723e-85,1.0
16:11:09.829,0.0,15.493080337714334,-15.493080337714334,-9500.0,0.0,-3.696858457889577e-86,-1.9701218701735756e-85,1.0
16:11:09.850,0.0,15.493080337714334,-15.493080337714334,-9500.0,0.0,-3.253235442942828e-86,-1.7337072457527466e-85,1.0
16:11:09.869,0.0,15.493080337714334,-15.493080337714334,-9500.0,0.0,-2.8628471897896883e-86,-1.525662376262417e-85,1.0
16:11:09.889,0.0,15.493080337714334,-15.493080337714334,-9500.0,0.0,-2.519305527014926e-86,-1.342582891110927e-85,1.0
16:11:09.909,0.0,15.493080337714334,-15.493080337714334,-9500.0,0.0,-2.216988863773135e-86,-1.1814729441776159e-85,1.0
16:11:09.929,0.0,15.493080337714334,-15.493080337714334,-9500.0,0.0,-1.950950200120359e-86,-1.0396961908763021e-85,1.0
16:11:09.949,0.0,15.493080337714334,-15.493080337714334,-9500.0,0.0,-1.716836176105916e-86,-9.149326479711458e-86,1.0
16:11:09.969,0.0,15.493080337714334,-15.493080337714334,-9500.0,0.0,-1.510815834973206e-86,-8.051407302146084e-86,1.0
16:11:09.989,0.0,15.493080337714334,-15.493080337714334,-9500.0,0.0,-1.3295179347764213e-86,-7.085238425888553e-86,1.0
16:11:10.009,0.0,15.493080337714334,-15.493080337714334,-9500.0,0.0,-1.1699757826032507e-86,-6.235009814781927e-86,1.0
16:11:10.029,0.0,15.493080337714334,-15.493080337714334,-9500.0,0.0,-1.0295786886908605e-86,-5.4868086370080956e-86,1.0
16:11:10.049,0.0,15.493080337714334,-15.493080337714334,-9500.0,0.0,-9.060292460479573e-87,-4.828391600567124e-86,1.0
16:11:10.069,0.0,15.493080337714334,-15.493080337714334,-9500.0,0.0,-7.973057365222024e-87,-4.248984608499069e-86,1.0
16:11:10.089,0.0,15.493080337714334,-15.493080337714334,-9500.0,0.0,-7.016290481395381e-87,-3.7391064554791806e-86,1.0
16:11:10.109,0.0,15.493080337714334,-15.493080337714334,-9500.0,0.0,-6.174335623627935e-87,-3.2904136808216794e-86,1.0
16:11:10.129,0.0,15.493080337714334,-15.493080337714334,-9500.0,0.0,-5.433415348792583e-87,-2.8955640391230774e-86,1.0
16:11:10.149,0.0,15.493080337714334,-15.493080337714334,-9500.0,0.0,-4.781405506937473e-87,-2.5480963544283084e-86,1.0
16:11:10.169,0.0,15.493080337714334,-15.493080337714334,-9500.0,0.0,-4.207636846104977e-87,-2.2423247918969114e-86,1.0
16:11:10.189,0.0,15.493080337714334,-15.493080337714334,-9500.0,0.0,-3.7027204245723796e-87,-1.973245816869282e-86,1.0
16:11:10.209,0.0,15.493080337714334,-15.493080337714334,-9500.0,0.0,-3.2583939736236942e-87,-1.7364563188449683e-86,1.0
16:11:10.230,0.0,15.493080337714334,-15.493080337714334,-9500.0,0.0,-2.867386696788851e-87,-1.5280815605835722e-86,1.0
16:11:10.250,0.0,15.493080337714334,-15.493080337714334,-9500.0,0.0,-2.523300293174189e-87,-1.3447117733135437e-86,1.0
16:11:10.269,0.0,15.493080337714334,-15.493080337714334,-9500.0,0.0,-2.2205042579932865e-87,-1.1833463605159185e-86,1.0
16:11:10.289,0.0,15.493080337714334,-15.493080337714334,-9500.0,0.0,-1.954043747034092e-87,-1.0413447972540082e-86,1.0
16:11:10.310,0.0,15.493080337714334,-15.493080337714334,-9500.0,0.0,-1.7195584973900011e-87,-9.163834215835272e-87,1.0
16:11:10.329,0.0,15.493080337714334,-15.493080337714334,-9500.0,0.0,-1.513211477703201e-87,-8.06417410993504e-87,1.0
16:11:10.349,0.0,15.493080337714334,-15.493080337714334,-9500.0,0.0,-1.3316261003788169e-87,-7.096473216742835e-87,1.0
16:11:10.369,0.0,15.493080337714334,-15.493080337714334,-9500.0,0.0,-1.1718309683333589e-87,-6.244896430733695e-87,1.0
16:11:10.389,0.0,15.493080337714334,-15.493080337714334,-9500.0,0.0,-1.0312112521333557e-87,-5.495508859045652e-87,1.0
16:11:10.409,0.0,15.493080337714334,-15.493080337714334,-9500.0,0.0,-9.074659018773531e-88,-4.836047795960173e-87,1.0
16:11:10.430,0.0,15.493080337714334,-15.493080337714334,-9500.0,0.0,-7.985699936520707e-88,-4.255722060444953e-87,1.0
16:11:10.449,0.0,15.493080337714334,-15.493080337714334,-9500.0,0.0,-7.027415944138222e-88,-3.745035413191558e-87,1.0
16:11:10.469,0.0,15.493080337714334,-15.493080337714334,-9500.0,0.0,-6.184126030841636e-88,-3.2956311636085716e-87,1.0
16:11:10.489,0.0,15.493080337714334,-15.493080337714334,-9500.0,0.0,-5.44203090714064e-88,-2.900155423975543e-87,1.0
16:11:10.509,0.0,15.493080337714334,-15.493080337714334,-9500.0,0.0,-4.7889871982837634e-88,-2.552136773098478e-87,1.0
16:11:10.529,0.0,15.493080337714334,-15.493080337714334,-9500.0,0.0,-4.2143087344897116e-88,-2.2458803603266604e-87,1.0
16:11:10.549,0.0,15.493080337714334,-15.493080337714334,-9500.0,0.0,-3.7085916863509465e-88,-1.9763747170874614e-87,1.0
16:11:10.569,0.0,15.493080337714334,-15.493080337714334,-9500.0,0.0,-3.263560683988833e-88,-1.7392097510369662e-87,1.0
16:11:10.589,0.0,15.493080337714334,-15.493080337714334,-9500.0,0.0,-2.871933401910173e-88,-1.5305045809125303e-87,1.0
16:11:10.609,0.0,15.493080337714334,-15.493080337714334,-9500.0,0.0,-2.5273013936809524e-88,-1.3468440312030267e-87,1.0
16:11:10.629,0.0,15.493080337714334,-15.493080337714334,-9500.0,0.0,-2.224025226439238e-88,-1.1852227474586635e-87,1.0
16:11:10.649,0.0,15.493080337714334,-15.493080337714334,-9500.0,0.0,-1.9571421992665295e-88,-1.0429960177636238e-87,1.0
16:11:10.669,0.0,15.493080337714334,-15.493080337714334,-9500.0,0.0,-1.7222851353545458e-88,-9.178364956319889e-88,1.0
16:11:10.689,0.0,15.493080337714334,-15.493080337714334,-9500.0,0.0,-1.5156109191120003e-88,-8.076961161561501e-88,1.0
16:11:10.709,0.0,15.493080337714334,-15.493080337714334,-9500.0,0.0,-1.3337376088185603e-88,-7.107725822174122e-88,1.0
16:11:10.729,0.0,15.493080337714334,-15.493080337714334,-9500.0,0.0,-1.1736890957603331e-88,-6.254798723513227e-88,1.0
16:11:10.749,0.0,15.493080337714334,-15.493080337714334,-9500.0,0.0,-1.0328464042690932e-88,-5.50422287669164e-88,1.0
16:11:10.769,0.0,15.493080337714334,-15.493080337714334,-9500.0,0.0,-9.089048357568019e-89,-4.843716131488643e-88,1.0
16:11:10.789,0.0,15.493080337714334,-15.493080337714334,-9500.0,0.0,-7.998362554659857e-89,-4.2624701957100056e-88,1.0
16:11:10.809,0.0,15.493080337714334,-15.493080337714334,-9500.0,0.0,-7.038559048100673e-89,-3.750973772224805e-88,1.0
16:11:10.830,0.0,15.493080337714334,-15.493080337714334,-9500.0,0.0,-6.1939319623285924e-89,-3.300856919557828e-88,1.0
16:11:10.849,0.0,15.493080337714334,-15.493080337714334,-9500.0,0.0,-5.4506601268491614e-89,-2.904754089210889e-88,1.0
16:11:10.869,0.0,15.493080337714334,-15.493080337714334,-9500.0,0.0,-4.796580911627262e-89,-2.5561835985055824e-88,1.0
16:11:10.889,0.0,15.493080337714334,-15.493080337714334,-9500.0,0.0,-4.220991202231991e-89,-2.2494415666849126e-88,1.0
16:11:10.909,0.0,15.493080337714334,-15.493080337714334,-9500.0,0.0,-3.714472257964152e-89,-1.9795085786827232e-88,1.0
16:11:10.930,0.0,15.493080337714334,-15.493080337714334,-9500.0,0.0,-3.268735587008454e-89,-1.7419675492407966e-88,1.0
16:11:10.950,0.0,15.493080337714334,-15.493080337714334,-9500.0,0.0,-2.8764873165674397e-89,-1.5329314433319008e-88,1.0
16:11:10.969,0.0,15.493080337714334,-15.493080337714334,-9500.0,0.0,-2.5313088385793468e-89,-1.3489796701320728e-88,1.0
16:11:10.989,0.0,15.493080337714334,-15.493080337714334,-9500.0,0.0,-2.2275517779498252e-89,-1.187102109716224e-88,1.0
16:11:11.010,0.0,15.493080337714334,-15.493080337714334,-9500.0,0.0,-1.9602455645958462e-89,-1.0446498565502771e-88,1.0
16:11:11.029,0.0,15.493080337714334,-15.493080337714334,-9500.0,0.0,-1.7250160968443448e-89,-9.19291873764244e-89,1.0
16:11:11.049,0.0,15.493080337714334,-15.493080337714334,-9500.0,0.0,-1.5180141652230234e-89,-8.089768489125347e-89,1.0
16:11:11.069,0.0,15.493080337714334,-15.493080337714334,-9500.0,0.0,-1.3358524653962607e-89,-7.118996270430306e-89,1.0
16:11:11.088,0.0,15.493080337714334,-15.493080337714334,-9500.0,0.0,-1.1755501695487093e-89,-6.2647167179786684e-89,1.0
16:11:11.109,0.0,15.493080337714334,-15.493080337714334,-9500.0,0.0,-1.0344841492028642e-89,-5.512950711821228e-89,1.0
16:11:11.129,0.0,15.493080337714334,-15.493080337714334,-9500.0,0.0,-9.103460512985204e-90,-4.8513966264026804e-89,1.0
16:11:11.149,0.0,15.493080337714334,-15.493080337714334,-9500.0,0.0,-8.01104525142698e-90,-4.2692290312343586e-89,1.0
16:11:11.169,0.0,15.493080337714334,-15.493080337714334,-9500.0,0.0,-7.049719821255742e-90,-3.756921547486235e-89,1.0
16:11:11.189,0.0,15.493080337714334,-15.493080337714334,-9500.0,0.0,-6.203753442705053e-90,-3.306090961787888e-89,1.0
16:11:11.209,0.0,15.493080337714334,-15.493080337714334,-9500.0,0.0,-5.459303029580446e-90,-2.9093600463733407e-89,1.0
16:11:11.229,0.0,15.493080337714334,-15.493080337714334,-9500.0,0.0,-4.804186666030793e-90,-2.5602368408085402e-89,1.0
16:11:11.249,0.0,15.493080337714334,-15.493080337714334,-9500.0,0.0,-4.227684266107098e-90,-2.253008419911515e-89,1.0
16:11:11.269,0.0,15.493080337714334,-15.493080337714334,-9500.0,0.0,-3.720362154174246e-90,-1.9826474095221335e-89,1.0
16:11:11.289,0.0,15.493080337714334,-15.493080337714334,-9500.0,0.0,-3.2739186956733363e-90,-1.744729720379477e-89,1.0
16:11:11.309,0.0,15.493080337714334,-15.493080337714334,-9500.0,0.0,-2.881048452192536e-90,-1.53536215393394e-89,1.0
16:11:11.329,0.0,15.493080337714334,-15.493080337714334,-9500.0,0.0,-2.535322637929432e-90,-1.3511186954618673e-89,1.0
16:11:11.349,0.0,15.493080337714334,-15.493080337714334,-9500.0,0.0,-2.2310839213779e-90,-1.1889844520064433e-89,1.0
16:11:11.369,0.0,15.493080337714334,-15.493080337714334,-9500.0,0.0,-1.9633538508125518e-90,-1.04630631776567e-89,1.0
16:11:11.389,0.0,15.493080337714334,-15.493080337714334,-9500.0,0.0,-1.7277513887150455e-90,-9.207495596337895e-90,1.0
16:11:11.409,0.0,15.493080337714334,-15.493080337714334,-9500.0,0.0,-1.5204212220692402e-90,-8.102596124777348e-90,1.0
16:11:11.429,0.0,15.493080337714334,-15.493080337714334,-9500.0,0.0,-1.3379706754209315e-90,-7.130284589804067e-90,1.0
16:11:11.449,0.0,15.493080337714334,-15.493080337714334,-9500.0,0.0,-1.1774141943704196e-90,-6.2746504390275786e-90,1.0
16:11:11.469,0.0,15.493080337714334,-15.493080337714334,-9500.0,0.0,-1.0361244910459694e-90,-5.52169238634427e-90,1.0
16:11:11.489,0.0,15.493080337714334,-15.493080337714334,-9500.0,0.0,-9.11789552120453e-91,-4.859089299982957e-90,1.0
16:11:11.509,0.0,15.493080337714334,-15.493080337714334,-9500.0,0.0,-8.023748058659987e-91,-4.275998583985002e-90,1.0
16:11:11.529,0.0,15.493080337714334,-15.493080337714334,-9500.0,0.0,-7.060898291620788e-91,-3.762878753906802e-90,1.0
16:11:11.549,0.0,15.493080337714334,-15.493080337714334,-9500.0,0.0,-6.213590496626293e-91,-3.311333303437986e-90,1.0
16:11:11.569,0.0,15.493080337714334,-15.493080337714334,-9500.0,0.0,-5.467959637031139e-91,-2.9139733070254276e-90,1.0
16:11:11.589,0.0,15.493080337714334,-15.493080337714334,-9500.0,0.0,-4.811804480587402e-91,-2.564296510182376e-90,1.0
16:11:11.609,0.0,15.493080337714334,-15.493080337714334,-9500.0,0.0,-4.2343879429169137e-91,-2.256580928960491e-90,1.0
16:11:11.629,0.0,15.493080337714334,-15.493080337714334,-9500.0,0.0,-3.726261389766884e-91,-1.985791217485232e-90,1.0
16:11:11.649,0.0,15.493080337714334,-15.493080337714334,-9500.0,0.0,-3.279110022994858e-91,-1.7474962713870044e-90,1.0
16:11:11.669,0.0,15.493080337714334,-15.493080337714334,-9500.0,0.0,-2.8856168202354754e-91,-1.537796718820564e-90,1.0
16:11:11.689,0.0,15.493080337714334,-15.493080337714334,-9500.0,0.0,-2.5393428018072186e-91,-1.3532611125620964e-90,1.0
16:11:11.709,0.0,15.493080337714334,-15.493080337714334,-9500.0,0.0,-2.2346216655903522e-91,-1.1908697790546448e-90,1.0
16:11:11.729,0.0,15.493080337714334,-15.493080337714334,-9500.0,0.0,-1.96646706571951e-91,-1.0479654055680874e-90,1.0
16:11:11.749,0.0,15.493080337714334,-15.493080337714334,-9500.0,0.0,-1.7304910178331687e-91,-9.222095568999169e-91,1.0
16:11:11.769,0.0,15.493080337714334,-15.493080337714334,-9500.0,0.0,-1.5228320956931886e-91,-8.115444100719269e-91,1.0
16:11:11.789,0.0,15.493080337714334,-15.493080337714334,-9500.0,0.0,-1.340092244210006e-91,-7.141590808632957e-91,1.0
16:11:11.809,0.0,15.493080337714334,-15.493080337714334,-9500.0,0.0,-1.1792811749048052e-91,-6.284599911597002e-91,1.0
16:11:11.829,0.0,15.493080337714334,-15.493080337714334,-9500.0,0.0,-1.0377674339162287e-91,-5.530447922205362e-91,1.0
16:11:11.849,0.0,15.493080337714334,-15.493080337714334,-9500.0,0.0,-9.132353418462813e-92,-4.866794171540719e-91,1.0
16:11:11.869,0.0,15.493080337714334,-15.493080337714334,-9500.0,0.0,-8.036471008247275e-92,-4.282778870955833e-91,1.0
16:11:11.889,0.0,15.493080337714334,-15.493080337714334,-9500.0,0.0,-7.072094487257602e-92,-3.7688454064411326e-91,1.0
16:11:11.909,0.0,15.493080337714334,-15.493080337714334,-9500.0,0.0,-6.22344314878669e-92,-3.316583957668197e-91,1.0
16:11:11.929,0.0,15.493080337714334,-15.493080337714334,-9500.0,0.0,-5.476629970932287e-92,-2.9185938827480133e-91,1.0
16:11:11.950,0.0,15.493080337714334,-15.493080337714334,-9500.0,0.0,-4.8194343744204125e-92,-2.568362616818252e-91,1.0
16:11:11.970,0.0,15.493080337714334,-15.493080337714334,-9500.0,0.0,-4.241102249489963e-92,-2.2601591028000614e-91,1.0
16:11:11.989,0.0,15.493080337714334,-15.493080337714334,-9500.0,0.0,-3.732169979551168e-92,-1.9889400104640543e-91,1.0
16:11:12.009,0.0,15.493080337714334,-15.493080337714334,-9500.0,0.0,-3.2843095820050275e-92,-1.7502672092083677e-91,1.0
16:11:12.029,0.0,15.493080337714334,-15.493080337714334,-9500.0,0.0,-2.8901924321644244e-92,-1.5402351441033635e-91,1.0
16:11:12.049,0.0,15.493080337714334,-15.493080337714334,-9500.0,0.0,-2.5433693403046933e-92,-1.3554069268109598e-91,1.0
16:11:12.069,0.0,15.493080337714334,-15.493080337714334,-9500.0,0.0,-2.23816501946813e-92,-1.1927580955936447e-91,1.0
16:11:12.089,0.0,15.493080337714334,-15.493080337714334,-9500.0,0.0,-1.9695852171319545e-92,-1.0496271241224074e-91,1.0
16:11:12.109,0.0,15.493080337714334,-15.493080337714334,-9500.0,0.0,-1.73323499107612e-92,-9.236718692277185e-92,1.0
16:11:12.129,0.0,15.493080337714334,-15.493080337714334,-9500.0,0.0,-1.5252467921469856e-92,-8.128312449203923e-92,1.0
16:11:12.149,0.0,15.493080337714334,-15.493080337714334,-9500.0,0.0,-1.3422171770893473e-92,-7.152914955299452e-92,1.0
16:11:12.169,0.0,15.493080337714334,-15.493080337714334,-9500.0,0.0,-1.1811511158386256e-92,-6.294565160663518e-92,1.0
16:11:12.189,0.0,15.493080337714334,-15.493080337714334,-9500.0,0.0,-1.0394129819379906e-92,-5.539217341383895e-92,1.0
16:11:12.209,0.0,15.493080337714334,-15.493080337714334,-9500.0,0.0,-9.146834241054317e-93,-4.874511260417828e-92,1.0
16:11:12.229,0.0,15.493080337714334,-15.493080337714334,-9500.0,0.0,-8.0492141321278e-93,-4.289569909167689e-92,1.0
16:11:12.249,0.0,15.493080337714334,-15.493080337714334,-9500.0,0.0,-7.083308436272463e-93,-3.774821520067566e-92,1.0
16:11:12.269,0.0,15.493080337714334,-15.493080337714334,-9500.0,0.0,-6.233311423919767e-93,-3.321842937659458e-92,1.0
16:11:12.289,0.0,15.493080337714334,-15.493080337714334,-9500.0,0.0,-5.485314053049395e-93,-2.923221785140323e-92,1.0
16:11:12.309,0.0,15.493080337714334,-15.493080337714334,-9500.0,0.0,-4.827076366683468e-93,-2.5724351709234844e-92,1.0
16:11:12.329,0.0,15.493080337714334,-15.493080337714334,-9500.0,0.0,-4.247827202681452e-93,-2.2637429504126663e-92,1.0
16:11:12.349,0.0,15.493080337714334,-15.493080337714334,-9500.0,0.0,-3.7380879383596777e-93,-1.9920937963631464e-92,1.0
16:11:12.369,0.0,15.493080337714334,-15.493080337714334,-9500.0,0.0,-3.2895173857565164e-93,-1.753042540799569e-92,1.0
16:11:12.389,0.0,15.493080337714334,-15.493080337714334,-9500.0,0.0,-2.8947752994657347e-93,-1.5426774359036207e-92,1.0
16:11:12.409,0.0,15.493080337714334,-15.493080337714334,-9500.0,0.0,-2.5474022635298466e-93,-1.3575561435951863e-92,1.0
16:11:12.429,0.0,15.493080337714334,-15.493080337714334,-9500.0,0.0,-2.2417139919062652e-93,-1.1946494063637641e-92,1.0
16:11:12.449,0.0,15.493080337714334,-15.493080337714334,-9500.0,0.0,-1.9727083128775132e-93,-1.0512914776001123e-92,1.0
16:11:12.469,0.0,15.493080337714334,-15.493080337714334,-9500.0,0.0,-1.7359833153322116e-93,-9.251365002880987e-93,1.0
16:11:12.489,0.0,15.493080337714334,-15.493080337714334,-9500.0,0.0,-1.5276653174923461e-93,-8.141201202535268e-93,1.0
16:11:12.509,0.0,15.493080337714334,-15.493080337714334,-9500.0,0.0,-1.3443454793932645e-93,-7.164257058231036e-93,1.0
16:11:12.529,0.0,15.493080337714334,-15.493080337714334,-9500.0,0.0,-1.1830240218660729e-93,-6.3045462112433125e-93,1.0
16:11:12.549,0.0,15.493080337714334,-15.493080337714334,-9500.0,0.0,-1.0410611392421442e-93,-5.548000665894115e-93,1.0
16:11:12.569,0.0,15.493080337714334,-15.493080337714334,-9500.0,0.0,-9.161338025330869e-94,-4.882240585986821e-93,1.0
16:11:12.589,0.0,15.493080337714334,-15.493080337714334,-9500.0,0.0,-8.061977462291164e-94,-4.296371715668403e-93,1.0
16:11:12.610,0.0,15.493080337714334,-15.493080337714334,-9500.0,0.0,-7.094540166816224e-94,-3.780807109788194e-93,1.0
16:11:12.629,0.0,15.493080337714334,-15.493080337714334,-9500.0,0.0,-6.243195346798278e-94,-3.327110256613611e-93,1.0
16:11:12.649,0.0,15.493080337714334,-15.493080337714334,-9500.0,0.0,-5.494011905182484e-94,-2.9278570258199776e-93,1.0
16:11:12.669,0.0,15.493080337714334,-15.493080337714334,-9500.0,0.0,-4.834730476560586e-94,-2.57651418272158e-93,1.0
16:11:12.689,0.0,15.493080337714334,-15.493080337714334,-9500.0,0.0,-4.254562819373316e-94,-2.2673324807949907e-93,1.0
16:11:12.709,0.0,15.493080337714334,-15.493080337714334,-9500.0,0.0,-3.744015281048518e-94,-1.9952525830995915e-93,1.0
16:11:12.729,0.0,15.493080337714334,-15.493080337714334,-9500.0,0.0,-3.2947334473226956e-94,-1.7558222731276406e-93,1.0
16:11:12.749,0.0,15.493080337714334,-15.493080337714334,-9500.0,0.0,-2.899365433643972e-94,-1.5451236003523237e-93,1.0
16:11:12.769,0.0,15.493080337714334,-15.493080337714334,-9500.0,0.0,-2.5514415816066954e-94,-1.359708768310045e-93,1.0
16:11:12.789,0.0,15.493080337714334,-15.493080337714334,-9500.0,0.0,-2.245268591813892e-94,-1.1965437161128396e-93,1.0
16:11:12.809,0.0,15.493080337714334,-15.493080337714334,-9500.0,0.0,-1.975836360796225e-94,-1.0529584701792987e-93,1.0
16:11:12.829,0.0,15.493080337714334,-15.493080337714334,-9500.0,0.0,-1.738735997500678e-94,-9.26603453757783e-94,1.0
16:11:12.849,0.0,15.493080337714334,-15.493080337714334,-9500.0,0.0,-1.5300876778005966e-94,-8.15411039306849e-94,1.0
16:11:12.869,0.0,15.493080337714334,-15.493080337714334,-9500.0,0.0,-1.346477156464525e-94,-7.175617145900271e-94,1.0
16:11:12.889,0.0,15.493080337714334,-15.493080337714334,-9500.0,0.0,-1.1848998976887821e-94,-6.314543088392239e-94,1.0
16:11:12.909,0.0,15.493080337714334,-15.493080337714334,-9500.0,0.0,-1.0427119099661283e-94,-5.55679791778517e-94,1.0
16:11:12.930,0.0,15.493080337714334,-15.493080337714334,-9500.0,0.0,-9.175864807701928e-95,-4.88998216765095e-94,1.0
16:11:12.950,0.0,15.493080337714334,-15.493080337714334,-9500.0,0.0,-8.074761030777697e-95,-4.303184307532836e-94,1.0
16:11:12.969,0.0,15.493080337714334,-15.493080337714334,-9500.0,0.0,-7.105789707084374e-95,-3.786802190628896e-94,1.0
16:11:12.989,0.0,15.493080337714334,-15.493080337714334,-9500.0,0.0,-6.25309494223425e-95,-3.3323859277534287e-94,1.0
16:11:13.009,0.0,15.493080337714334,-15.493080337714334,-9500.0,0.0,-5.50272354916614e-95,-2.9324996164230175e-94,1.0
16:11:13.030,0.0,15.493080337714334,-15.493080337714334,-9500.0,0.0,-4.8423967232662034e-95,-2.5805996624522556e-94,1.0
16:11:13.050,0.0,15.493080337714334,-15.493080337714334,-9500.0,0.0,-4.261309116474259e-95,-2.2709277029579847e-94,1.0
16:11:13.070,0.0,15.493080337714334,-15.493080337714334,-9500.0,0.0,-3.749952022497348e-95,-1.9984163786030265e-94,1.0
16:11:13.089,0.0,15.493080337714334,-15.493080337714334,-9500.0,0.0,-3.299957779797666e-95,-1.7586064131706635e-94,1.0
16:11:13.109,0.0,15.493080337714334,-15.493080337714334,-9500.0,0.0,-2.9039628462219462e-95,-1.5475736435901838e-94,1.0
16:11:13.129,0.0,15.493080337714334,-15.493080337714334,-9500.0,0.0,-2.5554873046753128e-95,-1.3618648063593618e-94,1.0
16:11:13.149,0.0,15.493080337714334,-15.493080337714334,-9500.0,0.0,-2.248828828114275e-95,-1.1984410295962382e-94,1.0
16:11:13.169,0.0,15.493080337714334,-15.493080337714334,-9500.0,0.0,-1.978969368740562e-95,-1.0546281060446897e-94,1.0
16:11:13.189,0.0,15.493080337714334,-15.493080337714334,-9500.0,0.0,-1.7414930444916947e-95,-9.28072733319327e-95,1.0
16:11:13.209,0.0,15.493080337714334,-15.493080337714334,-9500.0,0.0,-1.5325138791526913e-95,-8.167040053210078e-95,1.0
16:11:13.230,0.0,15.493080337714334,-15.493080337714334,-9500.0,0.0,-1.3486122136543683e-95,-7.186995246824868e-95,1.0
16:11:13.249,0.0,15.493080337714334,-15.493080337714334,-9500.0,0.0,-1.1867787480158442e-95,-6.324555817205884e-95,1.0
16:11:13.269,0.0,15.493080337714334,-15.493080337714334,-9500.0,0.0,-1.0443652982539429e-95,-5.565609119141178e-95,1.0
16:11:13.289,0.0,15.493080337714334,-15.493080337714334,-9500.0,0.0,-9.190414624634697e-96,-4.897736024844236e-95,1.0
16:11:13.309,0.0,15.493080337714334,-15.493080337714334,-9500.0,0.0,-8.087564869678533e-96,-4.3100077018629276e-95,1.0
16:11:13.329,0.0,15.493080337714334,-15.493080337714334,-9500.0,0.0,-7.117057085317109e-96,-3.7928067776393766e-95,1.0
16:11:13.349,0.0,15.493080337714334,-15.493080337714334,-9500.0,0.0,-6.263010235079056e-96,-3.337669964322651e-95,1.0
16:11:13.369,0.0,15.493080337714334,-15.493080337714334,-9500.0,0.0,-5.511449006869569e-96,-2.937149568603933e-95,1.0
16:11:13.389,0.0,15.493080337714334,-15.493080337714334,-9500.0,0.0,-4.850075126045221e-96,-2.584691620371461e-95,1.0
16:11:13.409,0.0,15.493080337714334,-15.493080337714334,-9500.0,0.0,-4.268066110919794e-96,-2.2745286259268857e-95,1.0
16:11:13.429,0.0,15.493080337714334,-15.493080337714334,-9500.0,0.0,-3.755898177609419e-96,-2.0015851908156592e-95,1.0
16:11:13.449,0.0,15.493080337714334,-15.493080337714334,-9500.0,0.0,-3.3051903962962882e-96,-1.76139496791778e-95,1.0
16:11:13.469,0.0,15.493080337714334,-15.493080337714334,-9500.0,0.0,-2.9085675487407337e-96,-1.5500275717676464e-95,1.0
16:11:13.489,0.0,15.493080337714334,-15.493080337714334,-9500.0,0.0,-2.559539442891846e-96,-1.364024263155529e-95,1.0
16:11:13.509,0.0,15.493080337714334,-15.493080337714334,-9500.0,0.0,-2.2523947097448245e-96,-1.2003413515768656e-95,1.0
16:11:13.529,0.0,15.493080337714334,-15.493080337714334,-9500.0,0.0,-1.9821073445754456e-96,-1.0563003893876417e-95,1.0
16:11:13.549,0.0,15.493080337714334,-15.493080337714334,-9500.0,0.0,-1.7442544632263921e-96,-9.295443426611247e-96,1.0
16:11:13.569,0.0,15.493080337714334,-15.493080337714334,-9500.0,0.0,-1.534943927639225e-96,-8.179990215417898e-96,1.0
16:11:13.589,0.0,15.493080337714334,-15.493080337714334,-9500.0,0.0,-1.350750656322518e-96,-7.19839138956775e-96,1.0
16:11:13.609,0.0,15.493080337714334,-15.493080337714334,-9500.0,0.0,-1.1886605775638157e-96,-6.334584422819619e-96,1.0
16:11:13.629,0.0,15.493080337714334,-15.493080337714334,-9500.0,0.0,-1.0460213082561578e-96,-5.574434292081265e-96,1.0
16:11:13.649,0.0,15.493080337714334,-15.493080337714334,-9500.0,0.0,-9.204987512654189e-97,-4.9055021770315125e-96,1.0
16:11:13.669,0.0,15.493080337714334,-15.493080337714334,-9500.0,0.0,-8.100389011135686e-97,-4.316841915787731e-96,1.0
16:11:13.689,0.0,15.493080337714334,-15.493080337714334,-9500.0,0.0,-7.128342329799403e-97,-3.798820885893203e-96,1.0
16:11:13.709,0.0,15.493080337714334,-15.493080337714334,-9500.0,0.0,-6.272941250223475e-97,-3.342962379586019e-96,1.0
16:11:13.729,0.0,15.493080337714334,-15.493080337714334,-9500.0,0.0,-5.520188300196658e-97,-2.941806894035697e-96,1.0
16:11:13.749,0.0,15.493080337714334,-15.493080337714334,-9500.0,0.0,-4.857765704173059e-97,-2.5887900667514133e-96,1.0
16:11:13.769,0.0,15.493080337714334,-15.493080337714334,-9500.0,0.0,-4.274833819672292e-97,-2.2781352587412435e-96,1.0
16:11:13.789,0.0,15.493080337714334,-15.493080337714334,-9500.0,0.0,-3.761853761311617e-97,-2.0047590276922946e-96,1.0
16:11:13.809,0.0,15.493080337714334,-15.493080337714334,-9500.0,0.0,-3.310431309954223e-97,-1.764187944369219e-96,1.0
16:11:13.829,0.0,15.493080337714334,-15.493080337714334,-9500.0,0.0,-2.913179552759716e-97,-1.5524853910449127e-96,1.0
16:11:13.849,0.0,15.493080337714334,-15.493080337714334,-9500.0,0.0,-2.5635980064285504e-97,-1.3661871441195234e-96,1.0
16:11:13.869,0.0,15.493080337714334,-15.493080337714334,-9500.0,0.0,-2.2559662456571243e-97,-1.2022446868251806e-96,1.0
16:11:13.889,0.0,15.493080337714334,-15.493080337714334,-9500.0,0.0,-1.9852502961782694e-97,-1.0579753244061588e-96,1.0
16:11:13.909,0.0,15.493080337714334,-15.493080337714334,-9500.0,0.0,-1.747020260636877e-97,-9.310182854774197e-97,1.0
16:11:13.929,0.0,15.493080337714334,-15.493080337714334,-9500.0,0.0,-1.5373778293604517e-97,-8.192960912201294e-97,1.0
16:11:13.949,0.0,15.493080337714334,-15.493080337714334,-9500.0,0.0,-1.3528924898371975e-97,-7.209805602737138e-97,1.0
16:11:13.970,0.0,15.493080337714334,-15.493080337714334,-9500.0,0.0,-1.190545391056734e-97,-6.344628930408682e-97,1.0
16:11:13.989,0.0,15.493080337714334,-15.493080337714334,-9500.0,0.0,-1.0476799441299259e-97,-5.58327345875964e-97,1.0
16:11:14.010,0.0,15.493080337714334,-15.493080337714334,-9500.0,0.0,-9.219583508343348e-98,-4.913280643708484e-97,1.0
16:11:14.029,0.0,15.493080337714334,-15.493080337714334,-9500.0,0.0,-8.113233487342146e-98,-4.3236869664634654e-97,1.0
16:11:14.050,0.0,15.493080337714334,-15.493080337714334,-9500.0,0.0,-7.139645468861088e-98,-3.8048445304878494e-97,1.0
16:11:14.070,0.0,15.493080337714334,-15.493080337714334,-9500.0,0.0,-6.282888012597758e-98,-3.348263186829308e-97,1.0
16:11:14.089,0.0,15.493080337714334,-15.493080337714334,-9500.0,0.0,-5.5289414510860273e-98,-2.946471604409791e-97,1.0
16:11:14.109,0.0,15.493080337714334,-15.493080337714334,-9500.0,0.0,-4.865468476955704e-98,-2.592895011880616e-97,1.0
16:11:14.130,0.0,15.493080337714334,-15.493080337714334,-9500.0,0.0,-4.281612259721019e-98,-2.281747610454942e-97,1.0
16:11:14.149,0.0,15.493080337714334,-15.493080337714334,-9500.0,0.0,-3.767818788554497e-98,-2.007937897200349e-97,1.0
16:11:14.170,0.0,15.493080337714334,-15.493080337714334,-9500.0,0.0,-3.3156805339279576e-98,-1.7669853495363073e-97,1.0
16:11:14.189,0.0,15.493080337714334,-15.493080337714334,-9500.0,0.0,-2.9177988698566026e-98,-1.5549471075919504e-97,1.0
16:11:14.209,0.0,15.493080337714334,-15.493080337714334,-9500.0,0.0,-2.5676630054738102e-98,-1.3683534546809163e-97,1.0
16:11:14.229,0.0,15.493080337714334,-15.493080337714334,-9500.0,0.0,-2.259543444816953e-98,-1.2041510401192064e-97,1.0
16:11:14.250,0.0,15.493080337714334,-15.493080337714334,-9500.0,0.0,-1.9883982314389188e-98,-1.0596529153049016e-97,1.0
16:11:14.269,0.0,15.493080337714334,-15.493080337714334,-9500.0,0.0,-1.7497904436662485e-98,-9.324945654683134e-98,1.0
16:11:14.289,0.0,15.493080337714334,-15.493080337714334,-9500.0,0.0,-1.5398155904262987e-98,-8.205952176121158e-98,1.0
16:11:14.310,0.0,15.493080337714334,-15.493080337714334,-9500.0,0.0,-1.3550377195751427e-98,-7.221237914986618e-98,1.0
16:11:14.329,0.0,15.493080337714334,-15.493080337714334,-9500.0,0.0,-1.1924331932261257e-98,-6.354689365188225e-98,1.0
16:11:14.349,0.0,15.493080337714334,-15.493080337714334,-9500.0,0.0,-1.0493412100389907e-98,-5.592126641365638e-98,1.0
16:11:14.369,0.0,15.493080337714334,-15.493080337714334,-9500.0,0.0,-9.234202648343118e-99,-4.921071444401762e-98,1.0
16:11:14.389,0.0,15.493080337714334,-15.493080337714334,-9500.0,0.0,-8.126098330541945e-99,-4.3305428710735505e-98,1.0
16:11:14.409,0.0,15.493080337714334,-15.493080337714334,-9500.0,0.0,-7.1509665308769115e-99,-3.810877726544725e-98,1.0
16:11:14.429,0.0,15.493080337714334,-15.493080337714334,-9500.0,0.0,-6.292850547171682e-99,-3.353572399359358e-98,1.0
16:11:14.449,0.0,15.493080337714334,-15.493080337714334,-9500.0,0.0,-5.5377084815110805e-99,-2.951143711436235e-98,1.0
16:11:14.469,0.0,15.493080337714334,-15.493080337714334,-9500.0,0.0,-4.873183463729751e-99,-2.597006466063887e-98,1.0
16:11:14.489,0.0,15.493080337714334,-15.493080337714334,-9500.0,0.0,-4.288401448082181e-99,-2.2853656901362205e-98,1.0
16:11:14.509,0.0,15.493080337714334,-15.493080337714334,-9500.0,0.0,-3.7737932743123195e-99,-2.011121807319874e-98,1.0
16:11:14.529,0.0,15.493080337714334,-15.493080337714334,-9500.0,0.0,-3.320938081394841e-99,-1.7697871904414893e-98,1.0
16:11:14.549,0.0,15.493080337714334,-15.493080337714334,-9500.0,0.0,-2.9224255116274603e-99,-1.5574127275885107e-98,1.0
16:11:14.569,0.0,15.493080337714334,-15.493080337714334,-9500.0,0.0,-2.571734450232165e-99,-1.3705232002778892e-98,1.0
16:11:14.589,0.0,15.493080337714334,-15.493080337714334,-9500.0,0.0,-2.263126316204305e-99,-1.2060604162445425e-98,1.0
16:11:14.609,0.0,15.493080337714334,-15.493080337714334,-9500.0,0.0,-1.9915511582597884e-99,-1.0613331662951973e-98,1.0
16:11:14.629,0.0,15.493080337714334,-15.493080337714334,-9500.0,0.0,-1.7525650192686137e-99,-9.339731863397736e-99,1.0
16:11:14.649,0.0,15.493080337714334,-15.493080337714334,-9500.0,0.0,-1.54225721695638e-99,-8.218964039790008e-99,1.0
16:11:14.669,0.0,15.493080337714334,-15.493080337714334,-9500.0,0.0,-1.3571863509216144e-99,-7.2326883550152065e-99,1.0
16:11:14.689,0.0,15.493080337714334,-15.493080337714334,-9500.0,0.0,-1.1943239888110207e-99,-6.364765752413382e-99,1.0
16:11:14.709,0.0,15.493080337714334,-15.493080337714334,-9500.0,0.0,-1.0510051101536982e-99,-5.600993862123776e-99,1.0
16:11:14.729,0.0,15.493080337714334,-15.493080337714334,-9500.0,0.0,-9.248844969352545e-100,-4.928874598668923e-99,1.0
16:11:14.749,0.0,15.493080337714334,-15.493080337714334,-9500.0,0.0,-8.138983573030239e-100,-4.337409646828652e-99,1.0
16:11:14.769,0.0,15.493080337714334,-15.493080337714334,-9500.0,0.0,-7.16230554426661e-100,-3.816920489209214e-99,1.0
16:11:14.789,0.0,15.493080337714334,-15.493080337714334,-9500.0,0.0,-6.302828878954617e-100,-3.358890030504108e-99,1.0
16:11:14.809,0.0,15.493080337714334,-15.493080337714334,-9500.0,0.0,-5.546489413480062e-100,-2.955823226843615e-99,1.0
16:11:14.829,0.0,15.493080337714334,-15.493080337714334,-9500.0,0.0,-4.880910683862455e-100,-2.6011244396223815e-99,1.0
16:11:14.849,0.0,15.493080337714334,-15.493080337714334,-9500.0,0.0,-4.2952014017989606e-100,-2.2889895068676955e-99,1.0
16:11:14.869,0.0,15.493080337714334,-15.493080337714334,-9500.0,0.0,-3.7797772335830856e-100,-2.0143107660435723e-99,1.0
16:11:14.889,0.0,15.493080337714334,-15.493080337714334,-9500.0,0.0,-3.3262039655531154e-100,-1.7725934741183436e-99,1.0
16:11:14.909,0.0,15.493080337714334,-15.493080337714334,-9500.0,0.0,-2.9270594896867417e-100,-1.5598822572241426e-99,1.0
16:11:14.929,0.0,15.493080337714334,-15.493080337714334,-9500.0,0.0,-2.5758123509243325e-100,-1.3726963863572453e-99,1.0
16:11:14.949,0.0,15.493080337714334,-15.493080337714334,-9500.0,0.0,-2.2667148688134125e-100,-1.2079728199943759e-99,1.0
16:11:14.969,0.0,15.493080337714334,-15.493080337714334,-9500.0,0.0,-1.994709084555803e-100,-1.0630160815950507e-99,1.0
16:11:14.989,0.0,15.493080337714334,-15.493080337714334,-9500.0,0.0,-1.7553439944091067e-100,-9.354541518036447e-100,1.0
16:11:15.009,0.0,15.493080337714334,-15.493080337714334,-9500.0,0.0,-1.544702715080014e-100,-8.231996535872073e-100,1.0
16:11:15.029,0.0,15.493080337714334,-15.493080337714334,-9500.0,0.0,-1.3593383892704124e-100,-7.244156951567425e-100,1.0
16:11:15.049,0.0,15.493080337714334,-15.493080337714334,-9500.0,0.0,-1.196217782557963e-100,-6.374858117379334e-100,1.0
16:11:15.069,0.0,15.493080337714334,-15.493080337714334,-9500.0,0.0,-1.0526716486510074e-100,-5.609875143293814e-100,1.0
16:11:15.089,0.0,15.493080337714334,-15.493080337714334,-9500.0,0.0,-9.263510508128865e-101,-4.936690126098556e-100,1.0
16:11:15.110,0.0,15.493080337714334,-15.493080337714334,-9500.0,0.0,-8.151889247153401e-101,-4.34428731096673e-100,1.0
16:11:15.129,0.0,15.493080337714334,-15.493080337714334,-9500.0,0.0,-7.173662537494993e-101,-3.822972833650722e-100,1.0
16:11:15.149,0.0,15.493080337714334,-15.493080337714334,-9500.0,0.0,-6.312823032995593e-101,-3.364216093612635e-100,1.0
16:11:15.169,0.0,15.493080337714334,-15.493080337714334,-9500.0,0.0,-5.555284269036122e-101,-2.9605101623791187e-100,1.0
16:11:15.189,0.0,15.493080337714334,-15.493080337714334,-9500.0,0.0,-4.8886501567517875e-101,-2.6052489428936245e-100,1.0
16:11:15.209,0.0,15.493080337714334,-15.493080337714334,-9500.0,0.0,-4.302012137941573e-101,-2.29261906974639e-100,1.0
16:11:15.229,0.0,15.493080337714334,-15.493080337714334,-9500.0,0.0,-3.7857706813885843e-101,-2.017504781376823e-100,1.0
16:11:15.249,0.0,15.493080337714334,-15.493080337714334,-9500.0,0.0,-3.3314781996219545e-101,-1.7754042076116045e-100,1.0
16:11:15.269,0.0,15.493080337714334,-15.493080337714334,-9500.0,0.0,-2.93170081566732e-101,-1.562355702698212e-100,1.0
16:11:15.289,0.0,15.493080337714334,-15.493080337714334,-9500.0,0.0,-2.5798967177872417e-101,-1.3748730183744264e-100,1.0
16:11:15.309,0.0,15.493080337714334,-15.493080337714334,-9500.0,0.0,-2.2703091116527728e-101,-1.2098882561694954e-100,1.0
16:11:15.329,0.0,15.493080337714334,-15.493080337714334,-9500.0,0.0,-1.99787201825444e-101,-1.0647016654291558e-100,1.0
16:11:15.349,0.0,15.493080337714334,-15.493080337714334,-9500.0,0.0,-1.7581273760639072e-101,-9.369374655776571e-101,1.0
16:11:15.369,0.0,15.493080337714334,-15.493080337714334,-9500.0,0.0,-1.5471520909362383e-101,-8.245049697083383e-101,1.0
16:11:15.389,0.0,15.493080337714334,-15.493080337714334,-9500.0,0.0,-1.3614938400238898e-101,-7.255643733433377e-101,1.0
16:11:15.409,0.0,15.493080337714334,-15.493080337714334,-9500.0,0.0,-1.198114579221023e-101,-6.384966485421373e-101,1.0
16:11:15.429,0.0,15.493080337714334,-15.493080337714334,-9500.0,0.0,-1.0543408297145003e-101,-5.618770507170808e-101,1.0
16:11:15.449,0.0,15.493080337714334,-15.493080337714334,-9500.0,0.0,-9.278199301487602e-102,-4.944518046310311e-101,1.0
16:11:15.469,0.0,15.493080337714334,-15.493080337714334,-9500.0,0.0,-8.16481538530909e-102,-4.351175880753073e-101,1.0
16:11:15.489,0.0,15.493080337714334,-15.493080337714334,-9500.0,0.0,-7.185037539072e-102,-3.829034775062705e-101,1.0
16:11:15.509,0.0,15.493080337714334,-15.493080337714334,-9500.0,0.0,-6.32283303438336e-102,-3.36955060205518e-101,1.0
16:11:15.529,0.0,15.493080337714334,-15.493080337714334,-9500.0,0.0,-5.564093070257356e-102,-2.9652045298085585e-101,1.0
16:11:15.549,0.0,15.493080337714334,-15.493080337714334,-9500.0,0.0,-4.896401901826474e-102,-2.6093799862315316e-101,1.0
16:11:15.569,0.0,15.493080337714334,-15.493080337714334,-9500.0,0.0,-4.308833673607297e-102,-2.296254387883748e-101,1.0
16:11:15.589,0.0,15.493080337714334,-15.493080337714334,-9500.0,0.0,-3.791773632774422e-102,-2.0207038613376983e-101,1.0
16:11:15.609,0.0,15.493080337714334,-15.493080337714334,-9500.0,0.0,-3.336760796841491e-102,-1.7782193979771744e-101,1.0
16:11:15.629,0.0,15.493080337714334,-15.493080337714334,-9500.0,0.0,-2.936349501220512e-102,-1.5648330702199134e-101,1.0
16:11:15.649,0.0,15.493080337714334,-15.493080337714334,-9500.0,0.0,-2.5839875610740506e-102,-1.3770531017935238e-101,1.0
16:11:15.669,0.0,15.493080337714334,-15.493080337714334,-9500.0,0.0,-2.2739090537451646e-102,-1.2118067295783011e-101,1.0
16:11:15.689,0.0,15.493080337714334,-15.493080337714334,-9500.0,0.0,-2.001039967295745e-102,-1.0663899220289051e-101,1.0
16:11:15.709,0.0,15.493080337714334,-15.493080337714334,-9500.0,0.0,-1.7609151712202558e-102,-9.384231313854365e-102,1.0
16:11:15.729,0.0,15.493080337714334,-15.493080337714334,-9500.0,0.0,-1.549605350673825e-102,-8.258123556191841e-102,1.0
16:11:15.750,0.0,15.493080337714334,-15.493080337714334,-9500.0,0.0,-1.363652708592966e-102,-7.26714872944882e-102,1.0
16:11:15.769,0.0,15.493080337714334,-15.493080337714334,-9500.0,0.0,-1.2000143835618102e-102,-6.395090881914962e-102,1.0
16:11:15.789,0.0,15.493080337714334,-15.493080337714334,-9500.0,0.0,-1.0560126575343929e-102,-5.627679976085166e-102,1.0
16:11:15.809,0.0,15.493080337714334,-15.493080337714334,-9500.0,0.0,-9.292911386302657e-103,-4.952358378954946e-102,1.0
16:11:15.829,0.0,15.493080337714334,-15.493080337714334,-9500.0,0.0,-8.177762019946338e-103,-4.3580753734803524e-102,1.0
16:11:15.849,0.0,15.493080337714334,-15.493080337714334,-9500.0,0.0,-7.196430577552777e-103,-3.83510632866271e-102,1.0
16:11:15.869,0.0,15.493080337714334,-15.493080337714334,-9500.0,0.0,-6.332858908246444e-103,-3.374893569223185e-102,1.0
16:11:15.889,0.0,15.493080337714334,-15.493080337714334,-9500.0,0.0,-5.57291583925687e-103,-2.9699063409164024e-102,1.0
16:11:15.909,0.0,15.493080337714334,-15.493080337714334,-9500.0,0.0,-4.904165938546046e-103,-2.613517580006434e-102,1.0
16:11:15.929,0.0,15.493080337714334,-15.493080337714334,-9500.0,0.0,-4.31566602592052e-103,-2.299895470405662e-102,1.0
16:11:15.949,0.0,15.493080337714334,-15.493080337714334,-9500.0,0.0,-3.7977861028100577e-103,-2.0239080139569825e-102,1.0
16:11:15.969,0.0,15.493080337714334,-15.493080337714334,-9500.0,0.0,-3.3420517704728507e-103,-1.7810390522821445e-102,1.0
16:11:15.989,0.0,15.493080337714334,-15.493080337714334,-9500.0,0.0,-2.9410055580161085e-103,-1.5673143660082872e-102,1.0
16:11:16.009,0.0,15.493080337714334,-15.493080337714334,-9500.0,0.0,-2.588084891054175e-103,-1.3792366420872925e-102,1.0
16:11:16.029,0.0,15.493080337714334,-15.493080337714334,-9500.0,0.0,-2.2775147041276744e-103,-1.2137282450368175e-102,1.0
16:11:16.049,0.0,15.493080337714334,-15.493080337714334,-9500.0,0.0,-2.0042129396323535e-103,-1.0680808556323996e-102,1.0
16:11:16.069,0.0,15.493080337714334,-15.493080337714334,-9500.0,0.0,-1.763707386876471e-103,-9.399111529565114e-103,1.0
16:11:16.089,0.0,15.493080337714334,-15.493080337714334,-9500.0,0.0,-1.5520625004512946e-103,-8.271218146017302e-103,1.0
16:11:16.109,0.0,15.493080337714334,-15.493080337714334,-9500.0,0.0,-1.3658150003971393e-103,-7.278671968495226e-103,1.0
16:11:16.129,0.0,15.493080337714334,-15.493080337714334,-9500.0,0.0,-1.2019172003494826e-103,-6.405231332275799e-103,1.0
16:11:16.149,0.0,15.493080337714334,-15.493080337714334,-9500.0,0.0,-1.0576871363075446e-103,-5.636603572402703e-103,1.0
16:11:16.169,0.0,15.493080337714334,-15.493080337714334,-9500.0,0.0,-9.307646799506393e-104,-4.960211143714379e-103,1.0
16:11:16.189,0.0,15.493080337714334,-15.493080337714334,-9500.0,0.0,-8.190729183565626e-104,-4.364985806468653e-103,1.0
16:11:16.209,0.0,15.493080337714334,-15.493080337714334,-9500.0,0.0,-7.207841681537751e-104,-3.8411875096924145e-103,1.0
16:11:16.229,0.0,15.493080337714334,-15.493080337714334,-9500.0,0.0,-6.342900679753221e-104,-3.3802450085293253e-103,1.0
16:11:16.249,0.0,15.493080337714334,-15.493080337714334,-9500.0,0.0,-5.581752598182834e-104,-2.974615607505806e-103,1.0
16:11:16.269,0.0,15.493080337714334,-15.493080337714334,-9500.0,0.0,-4.911942286400894e-104,-2.617661734605109e-103,1.0
16:11:16.289,0.0,15.406040560536164,-15.406040560536164,-9500.0,0.0,-4.322509212032787e-104,-2.303542326452496e-103,1.0
16:11:16.309,0.0,15.406040560536164,-15.406040560536164,-9500.0,0.0,-3.8038081065888526e-104,-2.0271172472781966e-103,1.0
16:11:16.329,0.0,15.493080337714334,-15.493080337714334,-9500.0,0.0,-3.3473511337981906e-104,-1.7838631776048132e-103,1.0
16:11:16.349,0.0,15.493080337714334,-15.493080337714334,-9500.0,0.0,-2.9456689977424077e-104,-1.5697995962922356e-103,1.0
16:11:16.369,0.0,15.493080337714334,-15.493080337714334,-9500.0,0.0,-2.5921887180133187e-104,-1.3814236447371672e-103,1.0
16:11:16.389,0.0,15.493080337714334,-15.493080337714334,-9500.0,0.0,-2.2811260718517204e-104,-1.2156528073687071e-103,1.0
16:11:16.409,0.0,15.493080337714334,-15.493080337714334,-9500.0,0.0,-2.007390943229514e-104,-1.0697744704844623e-103,1.0
16:11:16.429,0.0,15.493080337714334,-15.493080337714334,-9500.0,0.0,-1.7665040300419724e-104,-9.414015340263269e-104,1.0
16:11:16.449,0.0,15.493080337714334,-15.493080337714334,-9500.0,0.0,-1.554523546436936e-104,-8.284333499431678e-104,1.0
16:11:16.469,0.0,15.493080337714334,-15.493080337714334,-9500.0,0.0,-1.3679807208645035e-104,-7.290213479499876e-104,1.0
16:11:16.489,0.0,15.493080337714334,-15.493080337714334,-9500.0,0.0,-1.203823034360763e-104,-6.41538786195989e-104,1.0
16:11:16.509,0.0,15.493080337714334,-15.493080337714334,-9500.0,0.0,-1.0593642702374715e-104,-5.645541318524704e-104,1.0
16:11:16.529,0.0,15.493080337714334,-15.493080337714334,-9500.0,0.0,-9.32240557808975e-105,-4.9680763603017394e-104,1.0
16:11:16.549,0.0,15.493080337714334,-15.493080337714334,-9500.0,0.0,-8.20371690871898e-105,-4.371907197065531e-104,1.0
16:11:16.569,0.0,15.493080337714334,-15.493080337714334,-9500.0,0.0,-7.219270879672702e-105,-3.847278333417667e-104,1.0
16:11:16.589,0.0,15.493080337714334,-15.493080337714334,-9500.0,0.0,-6.352958374111978e-105,-3.385604933407547e-104,1.0
16:11:16.610,0.0,15.493080337714334,-15.493080337714334,-9500.0,0.0,-5.59060336921854e-105,-2.9793323413986414e-104,1.0
16:11:16.629,0.0,15.493080337714334,-15.493080337714334,-9500.0,0.0,-4.9197309649123156e-105,-2.6218124604308044e-104,1.0
16:11:16.649,0.0,15.493080337714334,-15.493080337714334,-9500.0,0.0,-4.329363249122838e-105,-2.307194965179108e-104,1.0
16:11:16.669,0.0,15.493080337714334,-15.493080337714334,-9500.0,0.0,-3.8098396592280974e-105,-2.030331569357615e-104,1.0
16:11:16.689,0.0,15.493080337714334,-15.493080337714334,-9500.0,0.0,-3.3526589001207257e-105,-1.7866917810347014e-104,1.0
16:11:16.709,0.0,15.493080337714334,-15.493080337714334,-9500.0,0.0,-2.9503398321062386e-105,-1.5722887673105372e-104,1.0
16:11:16.729,0.0,15.493080337714334,-15.493080337714334,-9500.0,0.0,-2.59629905225349e-105,-1.3836141152332727e-104,1.0
16:11:16.749,0.0,15.493080337714334,-15.493080337714334,-9500.0,0.0,-2.284743165983071e-105,-1.2175804214052799e-104,1.0
16:11:16.769,0.0,15.493080337714334,-15.493080337714334,-9500.0,0.0,-2.0105739860651026e-105,-1.0714707708366463e-104,1.0
16:11:16.789,0.0,15.493080337714334,-15.493080337714334,-9500.0,0.0,-1.7693051077372905e-105,-9.428942783362489e-105,1.0
16:11:16.809,0.0,15.493080337714334,-15.493080337714334,-9500.0,0.0,-1.5569884948088156e-105,-8.29746964935899e-105,1.0
16:11:16.829,0.0,15.493080337714334,-15.493080337714334,-9500.0,0.0,-1.3701498754317578e-105,-7.301773291435912e-105,1.0
16:11:16.849,0.0,15.493080337714334,-15.493080337714334,-9500.0,0.0,-1.2057318903799468e-105,-6.425560496463602e-105,1.0
16:11:16.869,0.0,15.493080337714334,-15.493080337714334,-9500.0,0.0,-1.0610440635343531e-105,-5.654493236887969e-105,1.0
16:11:16.889,0.0,15.493080337714334,-15.493080337714334,-9500.0,0.0,-9.337187759102308e-106,-4.9759540484614134e-105,1.0
16:11:16.909,0.0,15.493080337714334,-15.493080337714334,-9500.0,0.0,-8.2167252280100315e-106,-4.378839562646044e-105,1.0
16:11:16.930,1.0000000000000029,15.493080337714334,-14.493080337714332,-9500.0,0.0,-7.230718200648828e-106,-3.853378815128519e-105,1.0
16:11:16.949,1.0000000000000029,15.493080337714334,-14.493080337714332,-9500.0,0.0,-6.363032016570969e-106,-3.3909733573130967e-105,1.0
16:11:16.969,1.0000000000000029,15.493080337714334,-14.493080337714332,-9500.0,0.0,-5.599468174582452e-106,-2.984056554435525e-105,1.0
16:11:16.989,1.0000000000000029,15.493080337714334,-14.493080337714332,-9500.0,0.0,-4.927531993632558e-106,-2.625969767903262e-105,1.0
16:11:17.010,1.0000000000000029,15.493080337714334,-14.493080337714332,-9500.0,0.0,-4.3362281543966514e-106,-2.310853395754871e-105,1.0
16:11:17.029,1.0000000000000029,15.493080337714334,-14.493080337714332,-9500.0,0.0,-3.8158807758690534e-106,-2.0335509882642864e-105,1.0
16:11:17.049,1.0000000000000029,15.493080337714334,-14.493080337714332,-9500.0,0.0,-3.357975082764767e-106,-1.789524869672572e-105,1.0
16:11:17.069,1.0000000000000029,15.493080337714334,-14.493080337714332,-9500.0,0.0,-2.955018072832995e-106,-1.5747818853118633e-105,1.0
16:11:17.089,1.0000000000000029,15.493080337714334,-14.493080337714332,-9500.0,0.0,-2.6004159040930354e-106,-1.3858080590744396e-105,1.0
16:11:17.109,1.0000000000000029,15.493080337714334,-14.493080337714332,-9500.0,0.0,-2.288365995601871e-106,-1.219511091985507e-105,1.0
16:11:17.130,1.0000000000000029,15.493080337714334,-14.493080337714332,-9500.0,0.0,-2.0137620761296467e-106,-1.073169760947246e-105,1.0
16:11:17.149,1.0000000000000029,15.493080337714334,-14.493080337714332,-9500.0,0.0,-1.7721106269940892e-106,-9.443893896335765e-106,1.0
16:11:17.169,1.0000000000000029,15.493080337714334,-14.493080337714332,-9500.0,0.0,-1.5594573517547985e-106,-8.310626628775474e-106,1.0
16:11:17.189,1.0000000000000029,15.493080337714334,-14.493080337714332,-9500.0,0.0,-1.3723224695442227e-106,-7.313351433322417e-106,1.0
16:11:17.209,1.0000000000000029,15.493080337714334,-14.493080337714332,-9500.0,0.0,-1.207643773198916e-106,-6.435749261323728e-106,1.0
16:11:17.229,1.0000000000000029,15.493080337714334,-14.493080337714332,-9500.0,0.0,-1.062726520415046e-106,-5.66345934996488e-106,1.0
16:11:17.249,1.0000000000000029,15.493080337714334,-14.493080337714332,-9500.0,0.0,-9.351993379652405e-107,-4.983844227969095e-106,1.0
16:11:17.269,1.0000000000000029,15.493080337714334,-14.493080337714332,-9500.0,0.0,-8.229754174094116e-107,-4.385782920612803e-106,1.0
16:11:17.289,1.0000000000000029,15.493080337714334,-14.493080337714332,-9500.0,0.0,-7.242183673202822e-107,-3.8594889701392663e-106,1.0
16:11:17.309,1.0000000000000029,15.493080337714334,-14.493080337714332,-9500.0,0.0,-6.373121632418483e-107,-3.3963502937225545e-106,1.0
16:11:17.330,1.0000000000000029,15.493080337714334,-14.493080337714332,-9500.0,0.0,-5.608347036528265e-107,-2.9887882584758476e-106,1.0
16:11:17.349,1.0000000000000029,15.493080337714334,-14.493080337714332,-9500.0,0.0,-4.935345392144873e-107,-2.6301336674587458e-106,1.0
16:11:17.369,1.0000000000000029,15.493080337714334,-14.493080337714332,-9500.0,0.0,-4.3431039450874886e-107,-2.3145176273636965e-106,1.0
16:11:17.389,1.0000000000000029,15.493080337714334,-14.493080337714332,-9500.0,0.0,-3.82193147167699e-107,-2.036775512080053e-106,1.0
16:11:17.410,1.0000000000000029,15.493080337714334,-14.493080337714332,-9500.0,0.0,-3.363299695075751e-107,-1.7923624506304467e-106,1.0
16:11:17.429,1.0000000000000029,15.493080337714334,-14.493080337714332,-9500.0,0.0,-2.9597037316666614e-107,-1.5772789565547932e-106,1.0
16:11:17.449,1.0000000000000029,15.493080337714334,-14.493080337714332,-9500.0,0.0,-2.604539283866662e-107,-1.388005481768218e-106,1.0
16:11:17.469,1.0000000000000029,15.493080337714334,-14.493080337714332,-9500.0,0.0,-2.2919945698026626e-107,-1.2214448239560318e-106,1.0
16:11:17.489,1.0000000000000029,15.493080337714334,-14.493080337714332,-9500.0,0.0,-2.016955221426343e-107,-1.074871445081308e-106,1.0
16:11:17.509,1.0000000000000029,15.493080337714334,-14.493080337714332,-9500.0,0.0,-1.774920594855182e-107,-9.45886871671551e-107,1.0
16:11:17.529,1.0000000000000029,15.493080337714334,-14.493080337714332,-9500.0,0.0,-1.56193012347256e-107,-8.323804470709649e-107,1.0
16:11:17.549,1.0000000000000029,15.493080337714334,-14.493080337714332,-9500.0,0.0,-1.374498508655853e-107,-7.324947934224492e-107,1.0
16:11:17.569,1.0000000000000029,15.493080337714334,-14.493080337714332,-9500.0,0.0,-1.2095586876171507e-107,-6.445954182117553e-107,1.0
16:11:17.589,1.0000000000000029,15.493080337714334,-14.493080337714332,-9500.0,0.0,-1.0644116451030925e-107,-5.672439680263447e-107,1.0
16:11:17.609,1.0000000000000029,15.493080337714334,-14.493080337714332,-9500.0,0.0,-9.366822476907215e-108,-4.991746918631833e-107,1.0
16:11:17.630,1.0000000000000029,15.493080337714334,-14.493080337714332,-9500.0,0.0,-8.242803779678349e-108,-4.3927372883960136e-107,1.0
16:11:17.649,1.0000000000000029,15.493080337714334,-14.493080337714332,-9500.0,0.0,-7.253667326116948e-108,-3.865608813788492e-107,1.0
16:11:17.669,1.0000000000000029,15.493080337714334,-14.493080337714332,-9500.0,0.0,-6.383227246982914e-108,-3.4017357561338726e-107,1.0
16:11:17.689,1.0000000000000029,15.493080337714334,-14.493080337714332,-9500.0,0.0,-5.617239977344964e-108,-2.9935274653978084e-107,1.0
16:11:17.709,1.0000000000000029,15.493080337714334,-14.493080337714332,-9500.0,0.0,-4.943171180063569e-108,-2.6343041695500715e-107,1.0
16:11:17.730,1.0000000000000029,15.493080337714334,-14.493080337714332,-9500.0,0.0,-4.349990638455941e-108,-2.318187669204063e-107,1.0
16:11:17.749,1.0000000000000029,15.493080337714334,-14.493080337714332,-9500.0,0.0,-3.827991761841228e-108,-2.0400051488995755e-107,1.0
16:11:17.769,1.0000000000000029,15.493080337714334,-14.493080337714332,-9500.0,0.0,-3.3686327504202805e-108,-1.7952045310316263e-107,1.0
16:11:17.789,1.0000000000000029,15.493080337714334,-14.493080337714332,-9500.0,0.0,-2.964396820369847e-108,-1.5797799873078312e-107,1.0
16:11:17.809,1.0000000000000029,15.493080337714334,-14.493080337714332,-9500.0,0.0,-2.6086692019254655e-108,-1.3902063888308915e-107,1.0
16:11:17.829,1.0000000000000029,15.493080337714334,-14.493080337714332,-9500.0,0.0,-2.2956288976944097e-108,-1.2233816221711846e-107,1.0
16:11:17.850,1.0000000000000029,15.493080337714334,-14.493080337714332,-9500.0,0.0,-2.0201534299710805e-108,-1.0765758275106424e-107,1.0
16:11:17.869,1.0000000000000029,15.493080337714334,-14.493080337714332,-9500.0,0.0,-1.7777350183745507e-108,-9.473867282093653e-108,1.0
16:11:17.889,1.0000000000000029,15.493080337714334,-14.493080337714332,-9500.0,0.0,-1.5644068161696047e-108,-8.337003208242414e-108,1.0
16:11:17.909,1.0000000000000029,15.493080337714334,-14.493080337714332,-9500.0,0.0,-1.376677998229252e-108,-7.336562823253325e-108,1.0
16:11:17.930,1.0000000000000029,15.493080337714334,-14.493080337714332,-9500.0,0.0,-1.2114766384417418e-108,-6.4561752844629254e-108,1.0
16:11:17.949,1.0000000000000029,15.493080337714334,-14.493080337714332,-9500.0,0.0,-1.0660994418287328e-108,-5.681434250327375e-108,1.0
16:11:17.969,1.0000000000000029,15.493080337714334,-14.493080337714332,-9500.0,0.0,-9.381675088092848e-109,-4.99966214028809e-108,1.0
16:11:17.989,1.0000000000000029,15.493080337714334,-14.493080337714332,-9500.0,0.0,-8.255874077521707e-109,-4.399702683453519e-108,1.0
16:11:18.010,1.0000000000000029,15.493080337714334,-14.493080337714332,-9500.0,0.0,-7.265169188219102e-109,-3.871738361439096e-108,1.0
16:11:18.030,1.0000000000000029,15.493080337714334,-14.493080337714332,-9500.0,0.0,-6.393348885632809e-109,-3.407129758066405e-108,1.0
16:11:18.049,1.0000000000000029,15.493080337714334,-14.493080337714332,-9500.0,0.0,-5.6261470193568725e-109,-2.9982741870984365e-108,1.0
16:11:18.069,1.0000000000000029,15.493080337714334,-14.493080337714332,-9500.0,0.0,-4.951009377034048e-109,-2.638481284646624e-108,1.0
16:11:18.089,1.0000000000000029,15.493080337714334,-14.493080337714332,-9500.0,0.0,-4.356888251789962e-109,-2.321863530489029e-108,1.0
16:11:18.109,1.0000000000000029,15.493080337714334,-14.493080337714332,-9500.0,0.0,-3.8340616615751664e-109,-2.0432399068303454e-108,1.0
16:11:18.129,1.0000000000000029,15.493080337714334,-14.493080337714332,-9500.0,0.0,-3.3739742621861463e-109,-1.798051118010704e-108,1.0
16:11:18.149,1.0000000000000029,15.493080337714334,-14.493080337714332,-9500.0,0.0,-2.9690973507238086e-109,-1.5822849838494195e-108,1.0
16:11:18.170,1.0000000000000029,15.493080337714334,-14.493080337714332,-9500.0,0.0,-2.612805668636952e-109,-1.3924107857874892e-108,1.0
16:11:18.189,1.0000000000000029,15.493080337714334,-14.493080337714332,-9500.0,0.0,-2.2992689884005176e-109,-1.2253214914929906e-108,1.0
16:11:18.209,1.0000000000000029,15.493080337714334,-14.493080337714332,-9500.0,0.0,-2.0233567097924555e-109,-1.0782829125138317e-108,1.0
16:11:18.229,1.0000000000000029,15.493080337714334,-14.493080337714332,-9500.0,0.0,-1.7805539046173609e-109,-9.488889630121718e-109,1.0
16:11:18.249,1.0000000000000029,15.493080337714334,-14.493080337714332,-9500.0,0.0,-1.5668874360632775e-109,-8.350222874507112e-109,1.0
16:11:18.269,1.0000000000000029,15.493080337714334,-14.493080337714332,-9500.0,0.0,-1.3788609437356843e-109,-7.348196129566259e-109,1.0
16:11:18.290,1.0000000000000029,15.493080337714334,-14.493080337714332,-9500.0,0.0,-1.2133976304874022e-109,-6.466412594018308e-109,1.0
16:11:18.309,1.0000000000000029,15.493080337714334,-14.493080337714332,-9500.0,0.0,-1.0677899148289139e-109,-5.690443082736111e-109,1.0
16:11:18.329,1.0000000000000029,15.493080337714334,-14.493080337714332,-9500.0,0.0,-9.396551250494442e-110,-5.0075899128077775e-109,1.0
16:11:18.349,1.0000000000000029,15.493080337714334,-14.493080337714332,-9500.0,0.0,-8.268965100435108e-110,-4.406679123270844e-109,1.0
16:11:18.369,1.0000000000000029,15.493080337714334,-14.493080337714332,-9500.0,0.0,-7.276689288382896e-110,-3.8778776284783426e-109,1.0
16:11:18.389,1.0000000000000029,15.493080337714334,-14.493080337714332,-9500.0,0.0,-6.403486573776948e-110,-3.4125323130609417e-109,1.0
16:11:18.409,1.0000000000000029,15.493080337714334,-14.493080337714332,-9500.0,0.0,-5.635068184923715e-110,-3.0030284354936287e-109,1.0
16:11:18.429,1.0000000000000029,15.493080337714334,-14.493080337714332,-9500.0,0.0,-4.958860002732869e-110,-2.642665023234393e-109,1.0
16:11:18.449,1.0000000000000029,15.493080337714334,-14.493080337714332,-9500.0,0.0,-4.363796802404925e-110,-2.325545220446266e-109,1.0
16:11:18.469,1.0000000000000029,15.493080337714334,-14.493080337714332,-9500.0,0.0,-3.840141186116334e-110,-2.0464797939927144e-109,1.0
16:11:18.490,1.0000000000000029,15.493080337714334,-14.493080337714332,-9500.0,0.0,-3.379324243782374e-110,-1.800902218713589e-109,1.0
16:11:18.510,1.0000000000000029,15.493080337714334,-14.493080337714332,-9500.0,0.0,-2.9738053345284893e-110,-1.5847939524679582e-109,1.0
16:11:18.529,1.0000000000000029,15.493080337714334,-14.493080337714332,-9500.0,0.0,-2.6169486943850706e-110,-1.3946186781718033e-109,1.0
16:11:18.550,1.0000000000000029,15.493080337714334,-14.493080337714332,-9500.0,0.0,-2.3029148510588622e-110,-1.227264436791187e-109,1.0
16:11:18.569,1.0000000000000029,15.493080337714334,-14.493080337714332,-9500.0,0.0,-2.0265650689317987e-110,-1.0799927043762443e-109,1.0
16:11:18.589,1.0000000000000029,15.493080337714334,-14.493080337714332,-9500.0,0.0,-1.7833772606599827e-110,-9.50393579851095e-110,1.0
16:11:18.609,1.0000000000000029,15.493080337714334,-14.493080337714332,-9500.0,0.0,-1.5693719893807847e-110,-8.363463502689635e-110,1.0
16:11:18.629,1.0000000000000029,15.493080337714334,-14.493080337714332,-9500.0,0.0,-1.3810473506550905e-110,-7.359847882366879e-110,1.0
16:11:18.649,1.0000000000000029,15.493080337714334,-14.493080337714332,-9500.0,0.0,-1.2153216685764796e-110,-6.476666136482853e-110,1.0
16:11:18.669,1.0000000000000029,15.493080337714334,-14.493080337714332,-9500.0,0.0,-1.0694830683473021e-110,-5.699466200104911e-110,1.0
16:11:18.690,1.0000000000000029,15.493080337714334,-14.493080337714332,-9500.0,0.0,-9.411451001456258e-111,-5.0155302560923216e-110,1.0
16:11:18.709,1.0000000000000029,15.493080337714334,-14.493080337714332,-9500.0,0.0,-8.282076881281507e-111,-4.413666625361243e-110,1.0
16:11:18.729,1.0000000000000029,15.493080337714334,-14.493080337714332,-9500.0,0.0,-7.288227655527725e-111,-3.8840266303178936e-110,1.0
16:11:18.749,1.0000000000000029,15.493080337714334,-14.493080337714332,-9500.0,0.0,-6.4136403368643985e-111,-3.417943434679746e-110,1.0
16:11:18.769,1.0000000000000029,15.493080337714334,-14.493080337714332,-9500.0,0.0,-5.644003496440671e-111,-3.007790222518177e-110,1.0
16:11:18.790,1.0000000000000029,15.493080337714334,-14.493080337714332,-9500.0,0.0,-4.9667230768677906e-111,-2.6468553958159958e-110,1.0
16:11:18.809,1.0000000000000029,15.493080337714334,-14.493080337714332,-9500.0,0.0,-4.370716307643656e-111,-2.3292327483180764e-110,1.0
16:11:18.829,1.0000000000000029,15.493080337714334,-14.493080337714332,-9500.0,0.0,-3.846230350726418e-111,-2.0497248185199075e-110,1.0
16:11:18.850,1.0000000000000029,15.493080337714334,-14.493080337714332,-9500.0,0.0,-3.384682708639248e-111,-1.8037578402975185e-110,1.0
16:11:18.869,1.0000000000000029,15.493080337714334,-14.493080337714332,-9500.0,0.0,-2.978520783602538e-111,-1.5873068994618164e-110,1.0
16:11:18.889,1.0000000000000029,15.493080337714334,-14.493080337714332,-9500.0,0.0,-2.6210982895702334e-111,-1.3968300715263984e-110,1.0
16:11:18.909,1.0000000000000029,15.493080337714334,-14.493080337714332,-9500.0,0.0,-2.3065664948218052e-111,-1.2292104629432306e-110,1.0
16:11:18.929,1.0000000000000029,15.493080337714334,-14.493080337714332,-9500.0,0.0,-2.0297785154431887e-111,-1.081705207390043e-110,1.0
16:11:18.949,1.0000000000000029,15.493080337714334,-14.493080337714332,-9500.0,0.0,-1.786205093590006e-111,-9.519005825032377e-111,1.0
16:11:18.969,1.0000000000000029,15.493080337714334,-14.493080337714332,-9500.0,0.0,-1.5718604823592053e-111,-8.376725126028492e-111,1.0
16:11:18.989,1.0000000000000029,15.493080337714334,-14.493080337714332,-9500.0,0.0,-1.3832372244761007e-111,-7.371518110905074e-111,1.0
16:11:19.009,1.0000000000000029,15.493080337714334,-14.493080337714332,-9500.0,0.0,-1.2172487575389686e-111,-6.486935937596464e-111,1.0
16:11:19.029,1.0000000000000029,15.493080337714334,-14.493080337714332,-9500.0,0.0,-1.0711789066342924e-111,-5.708503625084889e-111,1.0
16:11:19.049,1.0000000000000029,15.493080337714334,-14.493080337714332,-9500.0,0.0,-9.426374378381774e-112,-5.023483190074703e-111,1.0
16:11:19.069,1.0000000000000029,15.493080337714334,-14.493080337714332,-9500.0,0.0,-8.295209452975961e-112,-4.420665207265738e-111,1.0
16:11:19.089,1.0000000000000029,15.493080337714334,-14.493080337714332,-9500.0,0.0,-7.299784318618846e-112,-3.89018538239385e-111,1.0
16:11:19.109,1.0000000000000029,15.493080337714334,-14.493080337714332,-9500.0,0.0,-6.423810200384584e-112,-3.423363136506588e-111,1.0
16:11:19.129,1.0000000000000029,15.493080337714334,-14.493080337714332,-9500.0,0.0,-5.652952976338434e-112,-3.0125595601257974e-111,1.0
16:11:19.149,1.0000000000000029,15.493080337714334,-14.493080337714332,-9500.0,0.0,-4.974598619177822e-112,-2.6510524129107015e-111,1.0
16:11:19.169,1.0000000000000029,15.493080337714334,-14.493080337714332,-9500.0,0.0,-4.377646784876483e-112,-2.3329261233614173e-111,1.0
16:11:19.189,1.0000000000000029,15.493080337714334,-14.493080337714332,-9500.0,0.0,-3.8523291706913054e-112,-2.052974988558047e-111,1.0
16:11:19.209,1.0000000000000029,15.493080337714334,-14.493080337714332,-9500.0,0.0,-3.390049670208349e-112,-1.8066179899310816e-111,1.0
16:11:19.230,1.0000000000000029,15.493080337714334,-14.493080337714332,-9500.0,0.0,-2.983243709783347e-112,-1.5898238311393518e-111,1.0
16:11:19.249,1.0000000000000029,15.493080337714334,-14.493080337714332,-9500.0,0.0,-2.6252544646093454e-112,-1.3990449714026297e-111,1.0
16:11:19.270,1.0000000000000029,15.493080337714334,-14.493080337714332,-9500.0,0.0,-2.310223928856224e-112,-1.2311595748343142e-111,1.0
16:11:19.289,1.0000000000000029,15.493080337714334,-14.493080337714332,-9500.0,0.0,-2.0329970573934771e-112,-1.0834204258541965e-111,1.0
16:11:19.309,1.0000000000000029,15.493080337714334,-14.493080337714332,-9500.0,0.0,-1.7890374105062598e-112,-9.534099747516928e-112,1.0
16:11:19.329,1.0000000000000029,15.493080337714334,-14.493080337714332,-9500.0,0.0,-1.5743529212455086e-112,-8.390007777814897e-112,1.0
16:11:19.349,1.0000000000000029,15.493080337714334,-14.493080337714332,-9500.0,0.0,-1.3854305706960476e-112,-7.38320684447711e-112,1.0
16:11:19.369,1.0000000000000029,15.493080337714334,-14.493080337714332,-9500.0,0.0,-1.219178902212522e-112,-6.497222023139857e-112,1.0
16:11:19.389,1.0000000000000029,15.493080337714334,-14.493080337714332,-9500.0,0.0,-1.0728774339470193e-112,-5.717555380363074e-112,1.0
16:11:19.409,1.0000000000000029,15.493080337714334,-14.493080337714332,-9500.0,0.0,-9.44132141873377e-113,-5.031448734719505e-112,1.0
16:11:19.430,1.0000000000000029,15.493080337714334,-14.493080337714332,-9500.0,0.0,-8.308362848485718e-113,-4.427674886553165e-112,1.0
16:11:19.450,1.0000000000000029,15.493080337714334,-14.493080337714332,-9500.0,0.0,-7.311359306667433e-113,-3.896353900166785e-112,1.0
16:11:19.469,1.0000000000000029,15.493080337714334,-14.493080337714332,-9500.0,0.0,-6.433996189867341e-113,-3.428791432146771e-112,1.0
16:11:19.489,1.0000000000000029,15.493080337714334,-14.493080337714332,-9500.0,0.0,-5.66191664708326e-113,-3.0173364602891585e-112,1.0
16:11:19.509,1.0000000000000029,15.493080337714334,-14.493080337714332,-9500.0,0.0,-4.9824866494332684e-113,-2.6552560850544593e-112,1.0
16:11:19.529,1.0000000000000029,15.493080337714334,-14.493080337714332,-9500.0,0.0,-4.384588251501276e-113,-2.336625354847924e-112,1.0
16:11:19.549,1.0000000000000029,15.493080337714334,-14.493080337714332,-9500.0,0.0,-3.858437661321123e-113,-2.0562303122661733e-112,1.0
16:11:19.569,1.0000000000000029,15.493080337714334,-14.493080337714332,-9500.0,0.0,-3.3954251419625884e-113,-1.8094826747942326e-112,1.0
16:11:19.589,1.0000000000000029,15.493080337714334,-14.493080337714332,-9500.0,0.0,-2.987974124927078e-113,-1.5923447538189246e-112,1.0
16:11:19.609,1.0000000000000029,15.493080337714334,-14.493080337714332,-9500.0,0.0,-2.6294172299358287e-113,-1.4012633833606537e-112,1.0
16:11:19.629,1.0000000000000029,15.493080337714334,-14.493080337714332,-9500.0,0.0,-2.3138871623435293e-113,-1.2331117773573754e-112,1.0
16:11:19.649,1.0000000000000029,15.493080337714334,-14.493080337714332,-9500.0,0.0,-2.0362207028623058e-113,-1.0851383640744905e-112,1.0
16:11:19.669,1.0000000000000029,15.493080337714334,-14.493080337714332,-9500.0,0.0,-1.791874218518829e-113,-9.549217603855515e-113,1.0
16:11:19.689,1.0000000000000029,15.493080337714334,-14.493080337714332,-9500.0,0.0,-1.5768493122965697e-113,-8.403311491392854e-113,1.0
16:11:19.709,1.0000000000000029,15.493080337714334,-14.493080337714332,-9500.0,0.0,-1.3876273948209814e-113,-7.394914112425711e-113,1.0
16:11:19.729,1.0000000000000029,15.493080337714334,-14.493080337714332,-9500.0,0.0,-1.2211121074424636e-113,-6.507524418934626e-113,1.0
16:11:19.750,0.0,15.493080337714334,-15.493080337714334,-9500.0,0.0,-1.074578654549368e-113,-5.726621488662471e-113,1.0
16:11:19.769,0.0,15.493080337714334,-15.493080337714334,-9500.0,0.0,-9.456292160034438e-114,-5.039426910022974e-113,1.0
16:11:19.790,0.0,15.493080337714334,-15.493080337714334,-9500.0,0.0,-8.321537100830306e-114,-4.4346956808202175e-113,1.0
16:11:19.809,0.0,15.493080337714334,-15.493080337714334,-9500.0,0.0,-7.32295264873067e-114,-3.902532199121792e-113,1.0
16:11:19.829,0.0,15.493080337714334,-15.493080337714334,-9500.0,0.0,-6.444198330882989e-114,-3.4342283352271767e-113,1.0
16:11:19.849,0.0,15.493080337714334,-15.493080337714334,-9500.0,0.0,-5.67089453117703e-114,-3.0221209349999154e-113,1.0
16:11:19.869,0.0,15.493080337714334,-15.493080337714334,-9500.0,0.0,-4.9903871874357866e-114,-2.659466422799926e-113,1.0
16:11:19.889,0.0,15.493080337714334,-15.493080337714334,-9500.0,0.0,-4.391540724943492e-114,-2.3403304520639345e-113,1.0
16:11:19.909,0.0,15.493080337714334,-15.493080337714334,-9500.0,0.0,-3.8645558379502734e-114,-2.0594907978162625e-113,1.0
16:11:19.929,0.0,15.493080337714334,-15.493080337714334,-9500.0,0.0,-3.4008091373962404e-114,-1.812351902078311e-113,1.0
16:11:19.949,0.0,15.493080337714334,-15.493080337714334,-9500.0,0.0,-2.9927120409086914e-114,-1.5948696738289136e-113,1.0
16:11:19.969,0.0,15.493080337714334,-15.493080337714334,-9500.0,0.0,-2.6335865959996483e-114,-1.4034853129694439e-113,1.0
16:11:19.989,0.0,15.493080337714334,-15.493080337714334,-9500.0,0.0,-2.3175562044796905e-114,-1.2350670754131105e-113,1.0
16:11:20.009,0.0,15.493080337714334,-15.493080337714334,-9500.0,0.0,-2.0394494599421276e-114,-1.0868590263635373e-113,1.0
16:11:20.029,0.0,15.493080337714334,-15.493080337714334,-9500.0,0.0,-1.7947155247490723e-114,-9.564359431999128e-114,1.0
16:11:20.050,0.0,15.493080337714334,-15.493080337714334,-9500.0,0.0,-1.5793496617791836e-114,-8.416636300159233e-114,1.0
16:11:20.069,0.0,15.493080337714334,-15.493080337714334,-9500.0,0.0,-1.3898277023656817e-114,-7.406639944140126e-114,1.0
16:11:20.089,0.0,15.493080337714334,-15.493080337714334,-9500.0,0.0,-1.2230483780818e-114,-6.517843150843311e-114,1.0
16:11:20.109,0.0,15.493080337714334,-15.493080337714334,-9500.0,0.0,-1.076282572711984e-114,-5.735701972742114e-114,1.0
16:11:20.129,0.0,15.493080337714334,-15.493080337714334,-9500.0,0.0,-9.47128663986546e-115,-5.0474177360130604e-114,1.0
16:11:20.150,0.0,15.493080337714334,-15.493080337714334,-9500.0,0.0,-8.334732243081604e-115,-4.441727607691493e-114,1.0
16:11:20.169,0.0,15.493080337714334,-15.493080337714334,-9500.0,0.0,-7.334564373911812e-115,-3.9087202947685136e-114,1.0
16:11:20.190,0.0,15.493080337714334,-15.493080337714334,-9500.0,0.0,-6.454416649042395e-115,-3.439673859396292e-114,1.0
16:11:20.209,0.0,15.493080337714334,-15.493080337714334,-9500.0,0.0,-5.679886651157308e-115,-3.0269129962687376e-114,1.0
16:11:20.229,0.0,15.493080337714334,-15.493080337714334,-9500.0,0.0,-4.998300253018431e-115,-2.6636834367164892e-114,1.0
16:11:20.250,0.0,15.493080337714334,-15.493080337714334,-9500.0,0.0,-4.398504222656219e-115,-2.3440414243105104e-114,1.0
16:11:20.269,0.0,15.493080337714334,-15.493080337714334,-9500.0,0.0,-3.870683715937473e-115,-2.062756453393249e-114,1.0
16:11:20.289,0.0,15.493080337714334,-15.493080337714334,-9500.0,0.0,-3.4062016700249764e-115,-1.815225678986059e-114,1.0
16:11:20.310,0.0,15.493080337714334,-15.493080337714334,-9500.0,0.0,-2.9974574696219793e-115,-1.5973985975077322e-114,1.0
16:11:20.329,0.0,15.493080337714334,-15.493080337714334,-9500.0,0.0,-2.6377625732673417e-115,-1.4057107658068043e-114,1.0
16:11:20.349,0.0,15.493080337714334,-15.493080337714334,-9500.0,0.0,-2.321231064475261e-115,-1.2370254739099878e-114,1.0
16:11:20.369,0.0,15.493080337714334,-15.493080337714334,-9500.0,0.0,-2.0426833367382296e-115,-1.0885824170407893e-114,1.0
16:11:20.390,0.0,15.493080337714334,-15.493080337714334,-9500.0,0.0,-1.797561336329642e-115,-9.579525269958947e-115,1.0
16:11:20.409,0.0,15.493080337714334,-15.493080337714334,-9500.0,0.0,-1.581853975970085e-115,-8.429982237563873e-115,1.0
16:11:20.429,0.0,15.493080337714334,-15.493080337714334,-9500.0,0.0,-1.3920314988536749e-115,-7.418384369056209e-115,1.0
16:11:20.450,0.0,15.493080337714334,-15.493080337714334,-9500.0,0.0,-1.224987718991234e-115,-6.528178244769464e-115,1.0
16:11:20.470,0.0,15.493080337714334,-15.493080337714334,-9500.0,0.0,-1.077989192712286e-115,-5.744796855397128e-115,1.0
16:11:20.489,0.0,15.493080337714334,-15.493080337714334,-9500.0,0.0,-9.486304895868117e-116,-5.055421232749473e-115,1.0
16:11:20.510,0.0,15.493080337714334,-15.493080337714334,-9500.0,0.0,-8.347948308363943e-116,-4.448770684819537e-115,1.0
16:11:20.529,0.0,15.493080337714334,-15.493080337714334,-9500.0,0.0,-7.34619451136027e-116,-3.914918202641192e-115,1.0
16:11:20.549,0.0,15.493080337714334,-15.493080337714334,-9500.0,0.0,-6.464651169997037e-116,-3.445128018324249e-115,1.0
16:11:20.569,0.0,15.493080337714334,-15.493080337714334,-9500.0,0.0,-5.688893029597392e-116,-3.031712656125339e-115,1.0
16:11:20.590,0.0,15.493080337714334,-15.493080337714334,-9500.0,0.0,-5.0062258660457055e-116,-2.6679071373902984e-115,1.0
16:11:20.610,0.0,15.493080337714334,-15.493080337714334,-9500.0,0.0,-4.405478762120221e-116,-2.3477582809034626e-115,1.0
16:11:20.629,0.0,15.493080337714334,-15.493080337714334,-9500.0,0.0,-3.876821310665794e-116,-2.066027287195047e-115,1.0
16:11:20.649,0.0,15.493080337714334,-15.493080337714334,-9500.0,0.0,-3.411602753385899e-116,-1.8181040127316414e-115,1.0
16:11:20.669,0.0,15.493080337714334,-15.493080337714334,-9500.0,0.0,-3.002210422979591e-116,-1.5999315312038446e-115,1.0
16:11:20.689,0.0,15.493080337714334,-15.493080337714334,-9500.0,0.0,-2.6419451722220405e-116,-1.4079397474593833e-115,1.0
16:11:20.710,0.0,15.493080337714334,-15.493080337714334,-9500.0,0.0,-2.3249117515553956e-116,-1.2389869777642573e-115,1.0
16:11:20.729,0.0,15.493080337714334,-15.493080337714334,-9500.0,0.0,-2.045922341368748e-116,-1.0903085404325464e-115,1.0
16:11:20.749,0.0,15.493080337714334,-15.493080337714334,-9500.0,0.0,-1.8004116604044984e-116,-9.594715155806408e-116,1.0
16:11:20.769,0.0,15.493080337714334,-15.493080337714334,-9500.0,0.0,-1.5843622611559587e-116,-8.44334933710964e-116,1.0
16:11:20.789,0.0,15.493080337714334,-15.493080337714334,-9500.0,0.0,-1.3942387898172438e-116,-7.430147416656484e-116,1.0
16:11:20.809,0.0,15.493080337714334,-15.493080337714334,-9500.0,0.0,-1.2269301350391745e-116,-6.538529726657705e-116,1.0
16:11:20.829,0.0,15.493080337714334,-15.493080337714334,-9500.0,0.0,-1.0796985188344737e-116,-5.753906159458782e-116,1.0
16:11:20.849,0.0,15.493080337714334,-15.493080337714334,-9500.0,0.0,-9.501346965743369e-117,-5.063437420323728e-116,1.0
16:11:20.869,0.0,15.493080337714334,-15.493080337714334,-9500.0,0.0,-8.361185329854165e-117,-4.455824929884881e-116,1.0
16:11:20.889,0.0,15.493080337714334,-15.493080337714334,-9500.0,0.0,-7.357843090271665e-117,-3.921125938298695e-116,1.0
16:11:20.910,0.0,15.493080337714334,-15.493080337714334,-9500.0,0.0,-6.474901919439065e-117,-3.4505908257028516e-116,1.0
16:11:20.929,0.0,15.493080337714334,-15.493080337714334,-9500.0,0.0,-5.697913689106378e-117,-3.03651992661851e-116,1.0
16:11:20.950,0.0,15.493080337714334,-15.493080337714334,-9500.0,0.0,-5.014164046413613e-117,-2.672137535424289e-116,1.0
16:11:20.970,0.0,15.493080337714334,-15.493080337714334,-9500.0,0.0,-4.4124643608439795e-117,-2.3514810311733743e-116,1.0
16:11:20.990,0.0,15.493080337714334,-15.493080337714334,-9500.0,0.0,-3.882968637542702e-117,-2.0693033074325693e-116,1.0
16:11:21.010,0.0,15.493080337714334,-15.493080337714334,-9500.0,0.0,-3.417012401037577e-117,-1.8209869105406607e-116,1.0
16:11:21.029,0.0,15.493080337714334,-15.493080337714334,-9500.0,0.0,-3.0069709129130682e-117,-1.6024684812757816e-116,1.0
16:11:21.049,0.0,15.493080337714334,-15.493080337714334,-9500.0,0.0,-2.6461344033635e-117,-1.4101722635226878e-116,1.0
16:11:21.069,0.0,15.493080337714334,-15.493080337714334,-9500.0,0.0,-2.32859827495988e-117,-1.2409515918999652e-116,1.0
16:11:21.089,0.0,15.493080337714334,-15.493080337714334,-9500.0,0.0,-2.0491664819646945e-117,-1.0920374008719694e-116,1.0
16:11:21.110,0.0,15.493080337714334,-15.493080337714334,-9500.0,0.0,-1.803266504128931e-117,-9.60992912767333e-117,1.0
16:11:21.129,0.0,15.493080337714334,-15.493080337714334,-9500.0,0.0,-1.5868745236334593e-117,-8.45673763235253e-117,1.0
16:11:21.150,0.0,15.493080337714334,-15.493080337714334,-9500.0,0.0,-1.3964495807974441e-117,-7.441929116470227e-117,1.0
16:11:21.170,0.0,15.493080337714334,-15.493080337714334,-9500.0,0.0,-1.228875631101751e-117,-6.5488976224938e-117,1.0
16:11:21.190,0.0,15.493080337714334,-15.493080337714334,-9500.0,0.0,-1.0814105553695409e-117,-5.763029907794544e-117,1.0
16:11:21.209,0.0,15.493080337714334,-15.493080337714334,-9500.0,0.0,-9.51641288725196e-118,-5.0714663188591995e-117,1.0
16:11:21.229,0.0,15.493080337714334,-15.493080337714334,-9500.0,0.0,-8.374443340781724e-118,-4.4628903605960954e-117,1.0
16:11:21.250,0.0,15.493080337714334,-15.493080337714334,-9500.0,0.0,-7.369510139887918e-118,-3.927343517324564e-117,1.0
16:11:21.269,0.0,15.493080337714334,-15.493080337714334,-9500.0,0.0,-6.485168923101367e-118,-3.4560622952456164e-117,1.0
16:11:21.290,0.0,15.493080337714334,-15.493080337714334,-9500.0,0.0,-5.706948652329203e-118,-3.041334819816142e-117,1.0
16:11:21.309,0.0,15.493080337714334,-15.493080337714334,-9500.0,0.0,-5.022114814049699e-118,-2.6763746414382048e-117,1.0
16:11:21.329,0.0,15.493080337714334,-15.493080337714334,-9500.0,0.0,-4.419461036363735e-118,-2.3552096844656205e-117,1.0
16:11:21.349,0.0,15.493080337714334,-15.493080337714334,-9500.0,0.0,-3.8891257120000867e-118,-2.072584522329746e-117,1.0
16:11:21.369,0.0,15.493080337714334,-15.493080337714334,-9500.0,0.0,-3.4224306265600764e-118,-1.8238743796501763e-117,1.0
16:11:21.390,0.0,15.493080337714334,-15.493080337714334,-9500.0,0.0,-3.011738951372867e-118,-1.605009454092155e-117,1.0
16:11:21.410,0.0,15.493080337714334,-15.493080337714334,-9500.0,0.0,-2.650330277208123e-118,-1.4124083196010967e-117,1.0
16:11:21.429,0.0,15.493080337714334,-15.493080337714334,-9500.0,0.0,-2.3322906439431485e-118,-1.2429193212489652e-117,1.0
16:11:21.450,0.0,15.493080337714334,-15.493080337714334,-9500.0,0.0,-2.0524157666699705e-118,-1.0937690026990893e-117,1.0
16:11:21.469,0.0,15.493080337714334,-15.493080337714334,-9500.0,0.0,-1.8061258746695742e-118,-9.625167223751985e-118,1.0
16:11:21.489,0.0,15.493080337714334,-15.493080337714334,-9500.0,0.0,-1.5893907697092254e-118,-8.470147156901748e-118,1.0
16:11:21.509,0.0,15.493080337714334,-15.493080337714334,-9500.0,0.0,-1.3986638773441182e-118,-7.453729498073538e-118,1.0
16:11:21.529,0.0,15.493080337714334,-15.493080337714334,-9500.0,0.0,-1.230824212062824e-118,-6.559281958304713e-118,1.0
16:11:21.550,0.0,15.493080337714334,-15.493080337714334,-9500.0,0.0,-1.0831253066152851e-118,-5.772168123308147e-118,1.0
16:11:21.570,0.0,15.493080337714334,-15.493080337714334,-9500.0,0.0,-9.531502698214509e-119,-5.07950794851117e-118,1.0
16:11:21.590,0.0,15.493080337714334,-15.493080337714334,-9500.0,0.0,-8.387722374428768e-119,-4.469966994689829e-118,1.0
16:11:21.609,0.0,15.493080337714334,-15.493080337714334,-9500.0,0.0,-7.381195689497316e-119,-3.93357095532705e-118,1.0
16:11:21.629,0.0,15.493080337714334,-15.493080337714334,-9500.0,0.0,-6.495452206757638e-119,-3.461542440687804e-118,1.0
16:11:21.649,0.0,15.493080337714334,-15.493080337714334,-9500.0,0.0,-5.715997941946722e-119,-3.0461573478052677e-118,1.0
16:11:21.670,0.0,15.493080337714334,-15.493080337714334,-9500.0,0.0,-5.030078188913116e-119,-2.6806184660686357e-118,1.0
16:11:21.689,0.0,15.493080337714334,-15.493080337714334,-9500.0,0.0,-4.4264688062435415e-119,-2.3589442501403995e-118,1.0
16:11:21.709,0.0,15.493080337714334,-15.493080337714334,-9500.0,0.0,-3.8952925494943165e-119,-2.0758709401235513e-118,1.0
16:11:21.729,0.0,15.406040560536164,-15.406040560536164,-9500.0,0.0,-3.427857443554999e-119,-1.8267664273087254e-118,1.0
16:11:21.749,0.0,15.406040560536164,-15.406040560536164,-9500.0,0.0,-3.016514550328399e-119,-1.6075544560316783e-118,1.0
16:11:21.769,0.0,15.406040560536164,-15.406040560536164,-9500.0,0.0,-2.654532804288991e-119,-1.4146479213078768e-118,1.0
16:11:21.790,0.0,15.406040560536164,-15.406040560536164,-9500.0,0.0,-2.335988867774312e-119,-1.2448901707509316e-118,1.0
16:11:21.809,0.0,15.406040560536164,-15.406040560536164,-9500.0,0.0,-2.0556702036413945e-119,-1.0955033502608197e-118,1.0
16:11:21.830,0.0,15.406040560536164,-15.406040560536164,-9500.0,0.0,-1.8089897792044271e-119,-9.640429482295214e-119,1.0
16:11:21.850,0.0,15.406040560536164,-15.406040560536164,-9500.0,0.0,-1.591911005699896e-119,-8.483577944419789e-119,1.0
16:11:21.870,0.0,15.406040560536164,-15.406040560536164,-9500.0,0.0,-1.4008816850159086e-119,-7.465548591089415e-119,1.0
16:11:21.889,0.0,15.406040560536164,-15.406040560536164,-9500.0,0.0,-1.2327758828139995e-119,-6.569682760158685e-119,1.0
16:11:21.910,0.0,15.231961006179823,-15.231961006179823,-9500.0,0.0,-1.0848427768763195e-119,-5.781320828939643e-119,1.0
16:11:21.929,0.0,12.70780746801288,-12.70780746801288,-9500.0,-26.0,-3.12,-16.627036996300273,1.0
16:11:21.949,0.0,9.922534598311428,-9.922534598311428,-9500.0,-11.0,-4.0656,-21.66630820902512,1.0
16:11:21.969,0.0,8.355818609104361,-8.355818609104361,-9500.0,-16.0,-5.497728,-29.298373990896124,1.0
16:11:21.989,0.0,6.1798241796501,-6.1798241796501,-9500.0,-18.0,-6.998000640000001,-37.293594724811854,1.0
16:11:22.010,0.0,4.961267299155714,-4.961267299155714,-9500.0,-5.0,-6.7582405632,-36.01587047250756,1.0
16:11:22.029,0.0,4.874227521977543,-4.874227521977543,-9500.0,0.0,-5.947251695616,-31.69396601580665,1.0
16:11:22.050,0.0,4.526068413264862,-4.526068413264862,-9500.0,-7.0,-6.07358149214208,-32.36720005445223,1.0
16:11:22.070,0.0,4.526068413264862,-4.526068413264862,-9500.0,0.0,-5.344751713085031,-28.483136047917966,1.0
16:11:22.090,0.0,4.526068413264862,-4.526068413264862,-9500.0,0.0,-4.703381507514827,-25.06515972216781,1.0
16:11:22.110,0.0,4.526068413264862,-4.526068413264862,-9500.0,0.0,-4.138975726613047,-22.057340555507672,1.0
16:11:22.129,0.0,4.526068413264862,-4.526068413264862,-9500.0,0.0,-3.6422986394194816,-19.41045968884675,1.0
16:11:22.150,0.0,4.526068413264862,-4.526068413264862,-9500.0,0.0,-3.205222802689144,-17.081204526185143,1.0
16:11:22.169,0.0,4.526068413264862,-4.526068413264862,-9500.0,0.0,-2.8205960663664467,-15.031459983042923,1.0
16:11:22.189,0.0,4.526068413264862,-4.526068413264862,-9500.0,0.0,-2.482124538402473,-13.227684785077773,1.0
16:11:22.209,0.0,4.526068413264862,-4.526068413264862,-9500.0,0.0,-2.1842695937941765,-11.640362610868442,1.0
16:11:22.229,0.0,4.526068413264862,-4.526068413264862,-9500.0,0.0,-1.9221572425388753,-10.243519097564228,1.0
16:11:22.249,0.0,4.439028636086691,-4.439028636086691,-9500.0,0.0,-1.6914983734342104,-9.014296805856521,1.0
16:11:22.269,0.0,4.526068413264862,-4.526068413264862,-9500.0,0.0,-1.4885185686221052,-7.93258118915374,1.0
16:11:22.289,0.0,4.526068413264862,-4.526068413264862,-9500.0,0.0,-1.3098963403874526,-6.980671446455291,1.0
16:11:22.309,0.0,4.526068413264862,-4.526068413264862,-9500.0,0.0,-1.1527087795409583,-6.142990872880656,1.0
16:11:22.329,0.0,4.526068413264862,-4.526068413264862,-9500.0,0.0,-1.0143837259960433,-5.405831968134978,1.0
16:11:22.349,0.0,4.526068413264862,-4.526068413264862,-9500.0,0.0,-0.8926576788765181,-4.75713213195878,1.0
16:11:22.369,0.0,4.526068413264862,-4.526068413264862,-9500.0,0.0,-0.7855387574113359,-4.186276276123726,1.0
16:11:22.390,0.0,4.439028636086691,-4.439028636086691,-9500.0,0.0,-0.6912741065219756,-3.683923122988879,1.0
16:11:22.409,0.0,4.439028636086691,-4.439028636086691,-9500.0,0.0,-0.6083212137393386,-3.2418523482302137,1.0
16:11:22.429,0.0,4.439028636086691,-4.439028636086691,-9500.0,0.0,-0.5353226680906179,-2.852830066442588,1.0
16:11:22.449,0.0,4.439028636086691,-4.439028636086691,-9500.0,0.0,-0.4710839479197438,-2.5104904584694774,1.0
16:11:22.469,0.0,4.439028636086691,-4.439028636086691,-9500.0,0.0,-0.41455387416937456,-2.2092316034531403,1.0
16:11:22.490,0.0,4.439028636086691,-4.439028636086691,-9500.0,0.0,-0.3648074092690496,-1.9441238110387633,1.0
16:11:22.509,0.0,4.439028636086691,-4.439028636086691,-9500.0,0.0,-0.32103052015676364,-1.710828953714112,1.0
16:11:22.530,0.0,4.439028636086691,-4.439028636086691,-9500.0,0.0,-0.28250685773795203,-1.5055294792684186,1.0
16:11:22.549,0.0,4.439028636086691,-4.439028636086691,-9500.0,0.0,-0.2486060348093978,-1.3248659417562083,1.0
16:11:22.570,0.0,4.526068413264862,-4.526068413264862,-9500.0,0.0,-0.21877331063227007,-1.1658820287454634,1.0
16:11:22.589,0.0,4.526068413264862,-4.526068413264862,-9500.0,0.0,-0.19252051335639767,-1.0259761852960079,1.0
16:11:22.610,0.0,4.526068413264862,-4.526068413264862,-9500.0,0.0,-0.16941805175362995,-0.9028590430604869,1.0
16:11:22.629,0.0,4.526068413264862,-4.526068413264862,-9500.0,0.0,-0.14908788554319435,-0.7945159578932285,1.0
16:11:22.649,0.0,4.526068413264862,-4.526068413264862,-9500.0,0.0,-0.13119733927801103,-0.699174042946041,1.0
16:11:22.669,0.0,4.526068413264862,-4.526068413264862,-9500.0,0.0,-0.1154536585646497,-0.6152731577925161,1.0
16:11:22.689,0.0,4.526068413264862,-4.526068413264862,-9500.0,0.0,-0.10159921953689174,-0.5414403788574143,1.0
16:11:22.709,0.0,4.526068413264862,-4.526068413264862,-9500.0,0.0,-0.08940731319246474,-0.4764675333945245,1.0
16:11:22.729,0.0,4.526068413264862,-4.526068413264862,-9500.0,0.0,-0.07867843560936898,-0.4192914293871816,1.0
16:11:22.749,0.0,4.526068413264862,-4.526068413264862,-9500.0,0.0,-0.0692370233362447,-0.3689764578607198,1.0
16:11:22.770,0.0,4.526068413264862,-4.526068413264862,-9500.0,0.0,-0.06092858053589533,-0.32469928291743344,1.0
16:11:22.789,0.0,4.526068413264862,-4.526068413264862,-9500.0,0.0,-0.053617150871587894,-0.2857353689673414,1.0
16:11:22.809,0.0,4.526068413264862,-4.526068413264862,-9500.0,0.0,-0.04718309276699735,-0.25144712469126046,1.0
16:11:22.829,0.0,4.526068413264862,-4.526068413264862,-9500.0,0.0,-0.04152112163495767,-0.22127346972830922,1.0
16:11:22.849,0.0,4.526068413264862,-4.526068413264862,-9500.0,0.0,-0.03653858703876275,-0.1947206533609121,1.0
16:11:22.869,0.0,4.526068413264862,-4.526068413264862,-9500.0,0.0,-0.032153956594111216,-0.17135417495760263,1.0
16:11:22.889,0.0,4.526068413264862,-4.526068413264862,-9500.0,0.0,-0.02829548180281787,-0.1507916739626903,1.0
16:11:22.909,0.0,4.526068413264862,-4.526068413264862,-9500.0,0.0,-0.024900023986479725,-0.13269667308716748,1.0
16:11:22.929,0.0,4.526068413264862,-4.526068413264862,-9500.0,0.0,-0.02191202110810216,-0.11677307231670739,1.0
16:11:22.949,0.0,4.526068413264862,-4.526068413264862,-9500.0,0.0,-0.0192825785751299,-0.1027603036387025,1.0
16:11:22.969,0.0,4.526068413264862,-4.526068413264862,-9500.0,0.0,-0.016968669146114314,-0.0904290672020582,1.0
16:11:22.989,0.0,4.526068413264862,-4.526068413264862,-9500.0,0.0,-0.014932428848580596,-0.07957757913781123,1.0
16:11:23.009,0.0,4.526068413264862,-4.526068413264862,-9500.0,0.0,-0.013140537386750924,-0.07002826964127387,1.0
16:11:23.030,0.0,4.526068413264862,-4.526068413264862,-9500.0,0.0,-0.011563672900340813,-0.06162487728432101,1.0
16:11:23.049,0.0,4.526068413264862,-4.526068413264862,-9500.0,0.0,-0.010176032152299916,-0.054229892010202486,1.0
16:11:23.070,0.0,4.526068413264862,-4.526068413264862,-9500.0,0.0,-0.008954908294023926,-0.04772230496897819,1.0
16:11:23.089,0.0,4.526068413264862,-4.526068413264862,-9500.0,0.0,-0.007880319298741055,-0.04199562837270081,1.0
16:11:23.109,0.0,4.526068413264862,-4.526068413264862,-9500.0,0.0,-0.006934680982892128,-0.03695615296797671,1.0
16:11:23.129,0.0,4.526068413264862,-4.526068413264862,-9500.0,0.0,-0.006102519264945073,-0.0325214146118195,1.0
16:11:23.149,0.0,4.439028636086691,-4.439028636086691,-9500.0,0.0,-0.005370216953151664,-0.028618844858401167,1.0
16:11:23.169,0.0,4.439028636086691,-4.439028636086691,-9500.0,0.0,-0.004725790918773464,-0.025184583475393024,1.0
16:11:23.189,0.0,4.439028636086691,-4.439028636086691,-9500.0,0.0,-0.0041586960085206485,-0.022162433458345863,1.0
16:11:23.209,0.0,4.439028636086691,-4.439028636086691,-9500.0,0.0,-0.0036596524874981705,-0.019502941443344357,1.0
16:11:23.229,0.0,4.526068413264862,-4.526068413264862,-9500.0,0.0,-0.0032204941889983902,-0.017162588470143035,1.0
16:11:23.249,0.0,4.526068413264862,-4.526068413264862,-9500.0,0.0,-0.0028340348863185832,-0.01510307785372587,1.0
16:11:23.269,0.0,4.526068413264862,-4.526068413264862,-9500.0,0.0,-0.002493950699960353,-0.013290708511278766,1.0
16:11:23.289,0.0,4.526068413264862,-4.526068413264862,-9500.0,0.0,-0.002194676615965111,-0.011695823489925315,1.0
16:11:23.309,0.0,4.526068413264862,-4.526068413264862,-9500.0,0.0,-0.0019313154220492977,-0.010292324671134277,1.0
16:11:23.328,0.0,4.526068413264862,-4.526068413264862,-9500.0,0.0,-0.001699557571403382,-0.009057245710598164,1.0
16:11:23.348,0.0,4.526068413264862,-4.526068413264862,-9500.0,0.0,-0.0014956106628349762,-0.007970376225326386,1.0
16:11:23.369,0.0,4.526068413264862,-4.526068413264862,-9500.0,0.0,-0.0013161373832947792,-0.007013931078287219,1.0
16:11:23.389,0.0,4.526068413264862,-4.526068413264862,-9500.0,0.0,-0.0011582008972994056,-0.006172259348892753,1.0
16:11:23.409,0.0,4.526068413264862,-4.526068413264862,-9500.0,0.0,-0.001019216789623477,-0.0054315882270256225,1.0
16:11:23.429,0.0,4.526068413264862,-4.526068413264862,-9500.0,0.0,-0.0008969107748686597,-0.004779797639782548,1.0
16:11:23.449,0.0,4.526068413264862,-4.526068413264862,-9500.0,0.0,-0.0007892814818844206,-0.004206221923008642,1.0
16:11:23.469,0.0,4.526068413264862,-4.526068413264862,-9500.0,0.0,-0.0006945677040582901,-0.0037014752922476047,1.0
16:11:23.490,0.0,4.526068413264862,-4.526068413264862,-9500.0,0.0,-0.0006112195795712952,-0.003257298257177892,1.0
16:11:23.509,0.0,4.526068413264862,-4.526068413264862,-9500.0,0.0,-0.0005378732300227398,-0.002866422466316545,1.0
16:11:23.529,0.0,4.526068413264862,-4.526068413264862,-9500.0,0.0,-0.000473328442420011,-0.0025224517703585597,1.0
16:11:23.549,0.0,4.526068413264862,-4.526068413264862,-9500.0,0.0,-0.0004165290293296097,-0.0022197575579155325,1.0
16:11:23.569,0.0,4.526068413264862,-4.526068413264862,-9500.0,0.0,-0.00036654554581005657,-0.0019533866509656686,1.0
16:11:23.589,0.0,4.526068413264862,-4.526068413264862,-9500.0,0.0,-0.0003225600803128498,-0.0017189802528497886,1.0
16:11:23.609,0.0,4.526068413264862,-4.526068413264862,-9500.0,0.0,-0.0002838528706753078,-0.0015127026225078138,1.0
16:11:23.629,0.0,4.526068413264862,-4.526068413264862,-9500.0,0.0,-0.0002497905261942709,-0.0013311783078068763,1.0
16:11:23.649,0.0,4.526068413264862,-4.526068413264862,-9500.0,0.0,-0.00021981566305095837,-0.0011714369108700511,1.0
16:11:23.670,0.0,4.526068413264862,-4.526068413264862,-9500.0,0.0,-0.00019343778348484338,-0.001030864481565645,1.0
16:11:23.689,0.0,4.526068413264862,-4.526068413264862,-9500.0,0.0,-0.00017022524946666218,-0.0009071607437777676,1.0
16:11:23.709,0.0,4.526068413264862,-4.526068413264862,-9500.0,0.0,-0.00014979821953066272,-0.0007983014545244355,1.0
16:11:23.729,0.0,4.526068413264862,-4.526068413264862,-9500.0,0.0,-0.0001318224331869832,-0.0007025052799815032,1.0
16:11:23.749,0.0,4.526068413264862,-4.526068413264862,-9500.0,0.0,-0.0001160037412045452,-0.0006182046463837228,1.0
16:11:23.769,0.0,4.526068413264862,-4.526068413264862,-9500.0,0.0,-0.00010208329225999978,-0.0005440200888176761,1.0
16:11:23.789,0.0,4.526068413264862,-4.526068413264862,-9500.0,0.0,-8.98332971887998e-05,-0.00047873767815955495,1.0
16:11:23.809,0.0,4.526068413264862,-4.526068413264862,-9500.0,0.0,-7.905330152614383e-05,-0.0004212891567804084,1.0
16:11:23.829,0.0,4.526068413264862,-4.526068413264862,-9500.0,0.0,-6.956690534300657e-05,-0.00037073445796675936,1.0
16:11:23.849,0.0,4.526068413264862,-4.526068413264862,-9500.0,0.0,-6.121887670184579e-05,-0.0003262463230107483,1.0
16:11:23.870,0.0,4.526068413264862,-4.526068413264862,-9500.0,0.0,-5.3872611497624294e-05,-0.0002870967642494585,1.0
16:11:23.889,0.0,4.526068413264862,-4.526068413264862,-9500.0,0.0,-4.740789811790938e-05,-0.00025264515253952346,1.0
16:11:23.910,0.0,4.526068413264862,-4.526068413264862,-9500.0,0.0,-4.171895034376025e-05,-0.00022232773423478064,1.0
16:11:23.929,0.0,4.526068413264862,-4.526068413264862,-9500.0,0.0,-3.671267630250902e-05,-0.00019564840612660696,1.0
16:11:23.949,0.0,4.526068413264862,-4.526068413264862,-9500.0,0.0,-3.230715514620794e-05,-0.00017217059739141414,1.0
16:11:23.970,0.0,4.526068413264862,-4.526068413264862,-9500.0,0.0,-2.8430296528662987e-05,-0.00015151012570444443,1.0
16:11:23.989,0.0,4.526068413264862,-4.526068413264862,-9500.0,0.0,-2.5018660945223428e-05,-0.0001333289106199111,1.0
16:11:24.010,0.0,4.439028636086691,-4.439028636086691,-9500.0,0.0,-2.2016421631796616e-05,-0.00011732944134552176,1.0
16:11:24.029,0.0,4.439028636086691,-4.439028636086691,-9500.0,0.0,-1.9374451035981023e-05,-0.00010324990838405916,1.0
16:11:24.050,0.0,4.439028636086691,-4.439028636086691,-9500.0,0.0,-1.70495169116633e-05,-9.085991937797206e-05,1.0
16:11:24.070,0.0,4.439028636086691,-4.439028636086691,-9500.0,0.0,-1.5003574882263704e-05,-7.995672905261542e-05,1.0
16:11:24.089,0.0,4.439028636086691,-4.439028636086691,-9500.0,0.0,-1.320314589639206e-05,-7.036192156630157e-05,1.0
16:11:24.109,0.0,4.439028636086691,-4.439028636086691,-9500.0,0.0,-1.1618768388825013e-05,-6.191849097834538e-05,1.0
16:11:24.129,0.0,4.439028636086691,-4.439028636086691,-9500.0,0.0,-1.0224516182166011e-05,-5.4488272060943934e-05,1.0
16:11:24.149,0.0,4.439028636086691,-4.439028636086691,-9500.0,0.0,-8.99757424030609e-06,-4.7949679413630666e-05,1.0
16:11:24.169,0.0,4.439028636086691,-4.439028636086691,-9500.0,0.0,-7.91786533146936e-06,-4.2195717883994985e-05,1.0
16:11:24.190,0.0,4.439028636086691,-4.439028636086691,-9500.0,0.0,-6.967721491693036e-06,-3.713223173791558e-05,1.0
16:11:24.209,0.0,4.439028636086691,-4.439028636086691,-9500.0,0.0,-6.131594912689872e-06,-3.267636392936571e-05,1.0
16:11:24.229,0.0,4.439028636086691,-4.439028636086691,-9500.0,0.0,-5.395803523167088e-06,-2.8755200257841832e-05,1.0
16:11:24.249,0.0,4.439028636086691,-4.439028636086691,-9500.0,0.0,-4.748307100387037e-06,-2.530457622690081e-05,1.0
16:11:24.269,0.0,4.439028636086691,-4.439028636086691,-9500.0,0.0,-4.178510248340593e-06,-2.2268027079672713e-05,1.0
16:11:24.289,0.0,4.439028636086691,-4.439028636086691,-9500.0,0.0,-3.6770890185397214e-06,-1.959586383011199e-05,1.0
16:11:24.309,0.0,4.439028636086691,-4.439028636086691,-9500.0,0.0,-3.235838336314955e-06,-1.7244360170498548e-05,1.0
16:11:24.329,0.0,4.439028636086691,-4.439028636086691,-9500.0,0.0,-2.8475377359571604e-06,-1.5175036950038723e-05,1.0
16:11:24.349,0.0,4.439028636086691,-4.439028636086691,-9500.0,0.0,-2.5058332076423014e-06,-1.3354032516034078e-05,1.0
16:11:24.369,0.0,4.26494908173035,-4.26494908173035,-9500.0,0.0,-2.2051332227252253e-06,-1.1751548614109989e-05,1.0
16:11:24.389,0.0,2.0889546522760902,-2.0889546522760902,-9500.0,-20.0,-2.4000019405172357,-12.790038800055294,1.0
16:11:24.409,0.0,0.2611193315345113,-0.2611193315345113,-3266.848309079114,-11.0,-3.4320017076551674,-18.289749796329545,1.0
16:11:24.430,0.0,-1.2185568804943858,1.2185568804943858,9273.391459551687,-20.0,-5.420161502736548,-28.885008279462514,1.0
16:11:24.449,0.0,-2.524153538166942,2.524153538166942,9500.0,-7.0,-5.609742122408162,-29.895317246469393,1.0
16:11:24.469,0.0,-2.0889546522760902,2.0889546522760902,9500.0,13.0,-3.3765730677191823,-17.994360678742932,1.0
16:11:24.489,0.0,-0.6092784402471929,0.6092784402471929,5441.3039582378815,10.0,-1.7713842995928804,-9.44002316794752,1.0
16:11:24.509,0.0,0.17407955435634084,-0.17407955435634084,0.0,2.0,-1.3188181836417348,-7.028217541924567,1.0
16:11:24.529,0.0,0.17407955435634084,-0.17407955435634084,0.0,0.0,-1.1605600016047266,-6.184831436893619,1.0
16:11:24.549,0.0,0.17407955435634084,-0.17407955435634084,0.0,0.0,-1.0212928014121594,-5.442651664466385,1.0
16:11:24.569,0.0,0.17407955435634084,-0.17407955435634084,0.0,0.0,-0.8987376652427003,-4.789533464730418,1.0
16:11:24.589,0.0,0.17407955435634084,-0.17407955435634084,0.0,0.0,-0.7908891454135762,-4.214789448962768,1.0
16:11:24.609,0.0,0.17407955435634084,-0.17407955435634084,0.0,0.0,-0.6959824479639471,-3.7090147150872363,1.0
16:11:24.629,0.0,0.17407955435634084,-0.17407955435634084,0.0,0.0,-0.6124645542082735,-3.263932949276768,1.0
16:11:24.649,0.0,0.17407955435634084,-0.17407955435634084,0.0,0.0,-0.5389688077032807,-2.872260995363556,1.0
16:11:24.669,0.0,0.17407955435634084,-0.17407955435634084,0.0,0.0,-0.47429255077888705,-2.5275896759199292,1.0
16:11:24.689,0.0,0.17407955435634084,-0.17407955435634084,0.0,0.0,-0.4173774446854206,-2.224278914809538,1.0
16:11:24.709,0.0,0.17407955435634084,-0.17407955435634084,0.0,0.0,-0.3672921513231701,-1.9573654450323932,1.0
16:11:24.729,0.0,0.17407955435634084,-0.17407955435634084,0.0,0.0,-0.3232170931643897,-1.722481591628506,1.0
16:11:24.749,0.0,0.17407955435634084,-0.17407955435634084,0.0,0.0,-0.2844310419846629,-1.5157838006330853,1.0
16:11:24.769,0.0,0.17407955435634084,-0.17407955435634084,0.0,0.0,-0.25029931694650337,-1.333889744557115,1.0
16:11:24.789,0.0,0.17407955435634084,-0.17407955435634084,0.0,0.0,-0.22026339891292296,-1.1738229752102611,1.0
16:11:24.809,0.0,0.17407955435634084,-0.17407955435634084,0.0,0.0,-0.1938317910433722,-1.0329642181850298,1.0
16:11:24.829,0.0,0.17407955435634084,-0.17407955435634084,0.0,0.0,-0.17057197611816755,-0.9090085120028263,1.0
16:11:24.849,0.0,0.17407955435634084,-0.17407955435634084,0.0,0.0,-0.15010333898398745,-0.7999274905624872,1.0
16:11:24.869,0.0,0.17407955435634084,-0.17407955435634084,0.0,0.0,-0.13209093830590896,-0.7039361916949888,1.0
16:11:24.889,0.0,0.17407955435634084,-0.17407955435634084,0.0,0.0,-0.11624002570919988,-0.6194638486915901,1.0
16:11:24.910,0.0,0.17407955435634084,-0.17407955435634084,0.0,0.0,-0.10229122262409589,-0.5451281868485992,1.0
16:11:24.929,0.0,0.17407955435634084,-0.17407955435634084,0.0,0.0,-0.09001627590920439,-0.47971280442676734,1.0
16:11:24.950,0.0,0.17407955435634084,-0.17407955435634084,0.0,0.0,-0.07921432280009987,-0.4221472678955553,1.0
16:11:24.970,0.0,0.17407955435634084,-0.17407955435634084,0.0,0.0,-0.06970860406408788,-0.37148959574808865,1.0
16:11:24.990,0.0,0.17407955435634084,-0.17407955435634084,0.0,0.0,-0.06134357157639734,-0.326910844258318,1.0
16:11:25.010,0.0,0.17407955435634084,-0.17407955435634084,0.0,0.0,-0.05398234298722966,-0.2876815429473199,1.0
16:11:25.029,0.0,0.17407955435634084,-0.17407955435634084,0.0,0.0,-0.047504461828762105,-0.2531597577936415,1.0
16:11:25.050,0.0,0.17407955435634084,-0.17407955435634084,0.0,0.0,-0.04180392640931065,-0.22278058685840454,1.0
16:11:25.069,0.0,0.17407955435634084,-0.17407955435634084,0.0,0.0,-0.036787455240193376,-0.196046916435396,1.0
16:11:25.089,0.0,0.17407955435634084,-0.17407955435634084,0.0,0.0,-0.03237296061137017,-0.17252128646314846,1.0
16:11:25.109,0.0,0.17407955435634084,-0.17407955435634084,0.0,0.0,-0.028488205338005747,-0.15181873208757066,1.0
16:11:25.129,0.0,0.17407955435634084,-0.17407955435634084,0.0,0.0,-0.025069620697445057,-0.13360048423706217,1.0
16:11:25.149,0.0,0.17407955435634084,-0.17407955435634084,0.0,0.0,-0.02206126621375165,-0.11756842612861472,1.0
16:11:25.169,0.0,0.17407955435634084,-0.17407955435634084,0.0,0.0,-0.01941391426810145,-0.10346021499318094,1.0
16:11:25.189,0.0,0.17407955435634084,-0.17407955435634084,0.0,0.0,-0.017084244555929277,-0.09104498919399923,1.0
16:11:25.209,0.0,0.17407955435634084,-0.17407955435634084,0.0,0.0,-0.015034135209217763,-0.08011959049071932,1.0
16:11:25.229,0.0,0.17407955435634084,-0.17407955435634084,0.0,0.0,-0.013230038984111632,-0.070505239631833,1.0
16:11:25.249,0.0,0.17407955435634084,-0.17407955435634084,0.0,0.0,-0.011642434306018237,-0.06204461087601304,1.0
16:11:25.269,0.0,0.17407955435634084,-0.17407955435634084,0.0,0.0,-0.010245342189296049,-0.05459925757089148,1.0
16:11:25.290,0.0,0.17407955435634084,-0.17407955435634084,0.0,0.0,-0.009015901126580524,-0.048047346662384506,1.0
16:11:25.309,0.0,0.17407955435634084,-0.17407955435634084,0.0,0.0,-0.00793399299139086,-0.04228166506289836,1.0
16:11:25.329,0.0,0.17407955435634084,-0.17407955435634084,0.0,0.0,-0.006981913832423957,-0.03720786525535056,1.0
16:11:25.349,0.0,0.17407955435634084,-0.17407955435634084,0.0,0.0,-0.006144084172533083,-0.03274292142470849,1.0
16:11:25.369,0.0,0.17407955435634084,-0.17407955435634084,0.0,0.0,-0.0054067940718291125,-0.028813770853743474,1.0
16:11:25.389,0.0,0.17407955435634084,-0.17407955435634084,0.0,0.0,-0.004757978783209619,-0.025356118351294258,1.0
16:11:25.409,0.0,0.17407955435634084,-0.17407955435634084,0.0,0.0,-0.0041870213292244645,-0.022313384149138946,1.0
16:11:25.429,0.0,0.17407955435634084,-0.17407955435634084,0.0,0.0,-0.003684578769717529,-0.01963577805124227,1.0
16:11:25.449,0.0,0.17407955435634084,-0.17407955435634084,0.0,0.0,-0.0032424293173514253,-0.0172794846850932,1.0
16:11:25.469,0.0,0.17407955435634084,-0.17407955435634084,0.0,0.0,-0.002853337799269254,-0.015205946522882013,1.0
16:11:25.490,0.0,0.17407955435634084,-0.17407955435634084,0.0,0.0,-0.002510937263356944,-0.013381232940136174,1.0
16:11:25.509,0.0,0.17407955435634084,-0.17407955435634084,0.0,0.0,-0.0022096247917541105,-0.011775484987319833,1.0
16:11:25.529,0.0,0.17407955435634084,-0.17407955435634084,0.0,0.0,-0.0019444698167436173,-0.010362426788841453,1.0
16:11:25.549,0.0,0.17407955435634084,-0.17407955435634084,0.0,0.0,-0.0017111334387343831,-0.009118935574180477,1.0
16:11:25.569,0.0,0.17407955435634084,-0.17407955435634084,0.0,0.0,-0.0015057974260862571,-0.008024663305278821,1.0
16:11:25.589,0.0,0.17407955435634084,-0.17407955435634084,0.0,0.0,-0.0013251017349559062,-0.007061703708645362,1.0
16:11:25.609,0.0,0.17407955435634084,-0.17407955435634084,0.0,0.0,-0.0011660895267611975,-0.006214299263607919,1.0
16:11:25.630,0.0,0.17407955435634084,-0.17407955435634084,0.0,0.0,-0.0010261587835498538,-0.005468583351974968,1.0
16:11:25.649,0.0,0.17407955435634084,-0.17407955435634084,0.0,0.0,-0.0009030197295238713,-0.004812353349737972,1.0
16:11:25.669,0.0,0.17407955435634084,-0.17407955435634084,0.0,0.0,-0.0007946573619810067,-0.004234870947769415,1.0
16:11:25.689,0.0,0.17407955435634084,-0.17407955435634084,0.0,0.0,-0.0006992984785432859,-0.0037266864340370852,1.0
16:11:25.709,0.0,0.17407955435634084,-0.17407955435634084,0.0,0.0,-0.0006153826611180916,-0.0032794840619526353,1.0
16:11:25.729,0.0,0.17407955435634084,-0.17407955435634084,0.0,0.0,-0.0005415367417839207,-0.002885945974518319,1.0
16:11:25.749,0.0,0.17407955435634084,-0.17407955435634084,0.0,0.0,-0.0004765523327698502,-0.0025396324575761207,1.0
16:11:25.769,0.0,0.17407955435634084,-0.17407955435634084,0.0,0.0,-0.0004193660528374682,-0.0022348765626669866,1.0
16:11:25.789,0.0,0.17407955435634084,-0.17407955435634084,0.0,0.0,-0.000369042126496972,-0.0019666913751469482,1.0
16:11:25.809,0.0,0.17407955435634084,-0.17407955435634084,0.0,0.0,-0.00032475707131733535,-0.0017306884101293142,1.0
16:11:25.829,0.0,0.17407955435634084,-0.17407955435634084,0.0,0.0,-0.0002857862227592551,-0.0015230058009137965,1.0
16:11:25.849,0.0,0.17407955435634084,-0.17407955435634084,0.0,0.0,-0.0002514918760281445,-0.001340245104804141,1.0
16:11:25.869,0.0,0.17407955435634084,-0.17407955435634084,0.0,0.0,-0.00022131285090476718,-0.0011794156922276442,1.0
16:11:25.889,0.0,0.17407955435634084,-0.17407955435634084,0.0,0.0,-0.00019475530879619512,-0.001037885809160327,1.0
16:11:25.909,0.0,0.17407955435634084,-0.17407955435634084,0.0,0.0,-0.0001713846717406517,-0.0009133395120610875,1.0
16:11:25.929,0.0,0.17407955435634084,-0.17407955435634084,0.0,0.0,-0.00015081851113177348,-0.000803738770613757,1.0
16:11:25.949,0.0,0.17407955435634084,-0.17407955435634084,0.0,0.0,-0.00013272028979596066,-0.0007072901181401062,1.0
16:11:25.969,0.0,0.17407955435634084,-0.17407955435634084,0.0,0.0,-0.00011679385502044537,-0.0006224153039632934,1.0
16:11:25.989,0.0,0.17407955435634084,-0.17407955435634084,0.0,0.0,-0.00010277859241799193,-0.0005477254674876982,1.0
16:11:26.009,0.0,0.17407955435634084,-0.17407955435634084,0.0,0.0,-9.04451613278329e-05,-0.0004819984113891744,1.0
16:11:26.029,0.0,0.17407955435634084,-0.17407955435634084,0.0,0.0,-7.959174196849294e-05,-0.00042415860202247343,1.0
16:11:26.049,0.0,0.17407955435634084,-0.17407955435634084,0.0,0.0,-7.004073293227379e-05,-0.0003732595697797766,1.0
16:11:26.069,0.0,0.17407955435634084,-0.17407955435634084,0.0,0.0,-6.163584498040093e-05,-0.0003284684214062034,1.0
16:11:26.090,0.0,0.17407955435634084,-0.17407955435634084,0.0,0.0,-5.423954358275282e-05,-0.000289052210837459,1.0
16:11:26.109,0.0,0.17407955435634084,-0.17407955435634084,0.0,0.0,-4.773079835282248e-05,-0.00025436594553696393,1.0
16:11:26.129,0.0,0.17407955435634084,-0.17407955435634084,0.0,0.0,-4.200310255048378e-05,-0.00022384203207252823,1.0
16:11:26.150,0.0,0.17407955435634084,-0.17407955435634084,0.0,0.0,-3.696273024442573e-05,-0.00019698098822382485,1.0
16:11:26.169,0.0,0.17407955435634084,-0.17407955435634084,0.0,0.0,-3.252720261509464e-05,-0.00017334326963696587,1.0
16:11:26.189,0.0,0.17407955435634084,-0.17407955435634084,0.0,0.0,-2.8623938301283283e-05,-0.00015254207728052996,1.0
16:11:26.209,0.0,0.17407955435634084,-0.17407955435634084,0.0,0.0,-2.518906570512929e-05,-0.00013423702800686638,1.0
16:11:26.229,0.0,0.17407955435634084,-0.17407955435634084,0.0,0.0,-2.2166377820513774e-05,-0.0001181285846460424,1.0
16:11:26.249,0.0,0.17407955435634084,-0.17407955435634084,0.0,0.0,-1.950641248205212e-05,-0.00010395315448851731,1.0
16:11:26.269,0.0,0.17407955435634084,-0.17407955435634084,0.0,0.0,-1.7165642984205866e-05,-9.147877594989523e-05,1.0
16:11:26.289,0.0,0.17407955435634084,-0.17407955435634084,0.0,0.0,-1.5105765826101162e-05,-8.050132283590781e-05,1.0
16:11:26.309,0.0,0.17407955435634084,-0.17407955435634084,0.0,0.0,-1.3293073926969023e-05,-7.084116409559887e-05,1.0
16:11:26.329,0.0,0.17407955435634084,-0.17407955435634084,0.0,0.0,-1.169790505573274e-05,-6.234022440412701e-05,1.0
16:11:26.350,0.0,0.17407955435634084,-0.17407955435634084,0.0,0.0,-1.0294156449044812e-05,-5.4859397475631765e-05,1.0
16:11:26.369,0.0,0.17407955435634084,-0.17407955435634084,0.0,0.0,-9.058857675159435e-06,-4.827626977855596e-05,1.0
16:11:26.389,0.0,0.17407955435634084,-0.17407955435634084,0.0,0.0,-7.971794754140303e-06,-4.2483117405129245e-05,1.0
16:11:26.409,0.0,0.17407955435634084,-0.17407955435634084,0.0,0.0,-7.015179383643467e-06,-3.7385143316513735e-05,1.0
16:11:26.429,0.0,0.17407955435634084,-0.17407955435634084,0.0,0.0,-6.173357857606251e-06,-3.2898926118532085e-05,1.0
16:11:26.450,0.0,0.17407955435634084,-0.17407955435634084,0.0,0.0,-5.432554914693501e-06,-2.8951054984308235e-05,1.0
16:11:26.469,0.0,0.17407955435634084,-0.17407955435634084,0.0,0.0,-4.78064832493028e-06,-2.5476928386191245e-05,1.0
16:11:26.489,0.0,0.17407955435634084,-0.17407955435634084,0.0,0.0,-4.206970525938647e-06,-2.2419696979848297e-05,1.0
16:11:26.509,0.0,0.17407955435634084,-0.17407955435634084,0.0,0.0,-3.702134062826009e-06,-1.97293333422665e-05,1.0
16:11:26.529,0.0,0.17407955435634084,-0.17407955435634084,0.0,0.0,-3.257877975286888e-06,-1.736181334119452e-05,1.0
16:11:26.549,0.0,0.17407955435634084,-0.17407955435634084,0.0,0.0,-2.8669326182524615e-06,-1.527839574025118e-05,1.0
16:11:26.569,0.0,0.17407955435634084,-0.17407955435634084,0.0,0.0,-2.5229007040621663e-06,-1.3444988251421039e-05,1.0
16:11:26.589,0.0,0.17407955435634084,-0.17407955435634084,0.0,0.0,-2.2201526195747065e-06,-1.1831589661250514e-05,1.0
16:11:26.609,0.0,0.17407955435634084,-0.17407955435634084,0.0,0.0,-1.9537343052257418e-06,-1.0411798901900454e-05,1.0
16:11:26.629,0.0,0.17407955435634084,-0.17407955435634084,0.0,0.0,-1.7192861885986527e-06,-9.162383033672398e-06,1.0
16:11:26.649,0.0,0.17407955435634084,-0.17407955435634084,0.0,0.0,-1.5129718459668144e-06,-8.062897069631711e-06,1.0
16:11:26.669,0.0,0.17407955435634084,-0.17407955435634084,0.0,0.0,-1.3314152244507967e-06,-7.095349421275906e-06,1.0
16:11:26.689,0.0,0.17407955435634084,-0.17407955435634084,0.0,0.0,-1.171645397516701e-06,-6.243907490722797e-06,1.0
16:11:26.709,0.0,0.17407955435634084,-0.17407955435634084,0.0,0.0,-1.031047949814697e-06,-5.494638591836061e-06,1.0
16:11:26.729,0.0,0.17407955435634084,-0.17407955435634084,0.0,0.0,-9.073221958369334e-07,-4.835281960815734e-06,1.0
16:11:26.749,0.0,0.17407955435634084,-0.17407955435634084,0.0,0.0,-7.984435323365014e-07,-4.255048125517846e-06,1.0
16:11:26.769,0.0,0.17407955435634084,-0.17407955435634084,0.0,0.0,-7.026303084561212e-07,-3.7444423504557043e-06,1.0
16:11:26.789,0.0,0.17407955435634084,-0.17407955435634084,0.0,0.0,-6.183146714413867e-07,-3.2951092684010203e-06,1.0
16:11:26.809,0.0,0.17407955435634084,-0.17407955435634084,0.0,0.0,-5.441169108684203e-07,-2.8996961561928978e-06,1.0
16:11:26.829,0.0,0.17407955435634084,-0.17407955435634084,0.0,0.0,-4.788228815642099e-07,-2.55173261744975e-06,1.0
16:11:26.849,0.0,0.17407955435634084,-0.17407955435634084,0.0,0.0,-4.213641357765047e-07,-2.2455247033557804e-06,1.0
16:11:26.869,0.0,0.17407955435634084,-0.17407955435634084,0.0,0.0,-3.7080043948332416e-07,-1.976061738953087e-06,1.0
16:11:26.889,0.0,0.17407955435634084,-0.17407955435634084,0.0,0.0,-3.263043867453253e-07,-1.7389343302787164e-06,1.0
16:11:26.909,0.0,0.17407955435634084,-0.17407955435634084,0.0,0.0,-2.8714786033588625e-07,-1.5302622106452705e-06,1.0
16:11:26.929,0.0,0.17407955435634084,-0.17407955435634084,0.0,0.0,-2.526901170955799e-07,-1.346630745367838e-06,1.0
16:11:26.949,0.0,0.17407955435634084,-0.17407955435634084,0.0,0.0,-2.223673030441103e-07,-1.1850350559236974e-06,1.0
16:11:26.969,0.0,0.17407955435634084,-0.17407955435634084,0.0,0.0,-1.9568322667881707e-07,-1.0428308492128536e-06,1.0
16:11:26.989,0.0,0.17407955435634084,-0.17407955435634084,0.0,0.0,-1.72201239477359e-07,-9.176911473073112e-07,1.0
16:11:27.009,0.0,0.17407955435634084,-0.17407955435634084,0.0,0.0,-1.5153709074007592e-07,-8.075682096304338e-07,1.0
16:11:27.029,0.0,0.17407955435634084,-0.17407955435634084,0.0,0.0,-1.3335263985126682e-07,-7.106600244747818e-07,1.0
16:11:27.049,0.0,0.17407955435634084,-0.17407955435634084,0.0,0.0,-1.173503230691148e-07,-6.25380821537808e-07,1.0
16:11:27.069,0.0,0.17407955435634084,-0.17407955435634084,0.0,0.0,-1.0326828430082103e-07,-5.503351229532711e-07,1.0
16:11:27.089,0.0,0.17407955435634084,-0.17407955435634084,0.0,0.0,-9.08760901847225e-08,-4.842949081988785e-07,1.0
16:11:27.109,0.0,0.17407955435634084,-0.17407955435634084,0.0,0.0,-7.99709593625558e-08,-4.2617951921501304e-07,1.0
16:11:27.130,0.0,0.17407955435634084,-0.17407955435634084,0.0,0.0,-7.03744442390491e-08,-3.750379769092115e-07,1.0
16:11:27.149,0.0,0.17407955435634084,-0.17407955435634084,0.0,0.0,-6.192951093036321e-08,-3.300334196801061e-07,1.0
16:11:27.169,0.0,0.17407955435634084,-0.17407955435634084,0.0,0.0,-5.4497969618719626e-08,-2.904294093184934e-07,1.0
16:11:27.189,0.0,0.17407955435634084,-0.17407955435634084,0.0,0.0,-4.795821326447327e-08,-2.5557788020027417e-07,1.0
16:11:27.209,0.0,0.17407955435634084,-0.17407955435634084,0.0,0.0,-4.2203227672736477e-08,-2.2490853457624127e-07,1.0
16:11:27.229,0.0,0.17407955435634084,-0.17407955435634084,0.0,0.0,-3.71388403520081e-08,-1.9791951042709234e-07,1.0
16:11:27.249,0.0,0.17407955435634084,-0.17407955435634084,0.0,0.0,-3.268217950976713e-08,-1.7416916917584124e-07,1.0
16:11:27.269,0.0,0.17407955435634084,-0.17407955435634084,0.0,0.0,-2.8760317968595072e-08,-1.532688688747403e-07,1.0
16:11:27.289,0.0,0.17407955435634084,-0.17407955435634084,0.0,0.0,-2.5309079812363664e-08,-1.3487660460977147e-07,1.0
16:11:27.309,0.0,0.17407955435634084,-0.17407955435634084,0.0,0.0,-2.2271990234880025e-08,-1.1869141205659889e-07,1.0
16:11:27.329,0.0,0.17407955435634084,-0.17407955435634084,0.0,0.0,-1.959935140669442e-08,-1.0444844260980702e-07,1.0
16:11:27.350,0.0,0.17407955435634084,-0.17407955435634084,0.0,0.0,-1.724742923789109e-08,-9.191462949663016e-08,1.0
16:11:27.369,0.0,0.17407955435634084,-0.17407955435634084,0.0,0.0,-1.517773772934416e-08,-8.088487395703455e-08,1.0
16:11:27.389,0.0,0.17407955435634084,-0.17407955435634084,0.0,0.0,-1.335640920182286e-08,-7.11786890821904e-08,1.0
16:11:27.409,0.0,0.17407955435634084,-0.17407955435634084,0.0,0.0,-1.1753640097604116e-08,-6.263724639232756e-08,1.0
16:11:27.429,0.0,0.17407955435634084,-0.17407955435634084,0.0,0.0,-1.0343203285891621e-08,-5.512077682524824e-08,1.0
16:11:27.449,0.0,0.17407955435634084,-0.17407955435634084,0.0,0.0,-9.102018891584627e-09,-4.8506283606218455e-08,1.0
16:11:27.470,0.0,0.17407955435634084,-0.17407955435634084,0.0,0.0,-8.009776624594472e-09,-4.268552957347224e-08,1.0
16:11:27.489,0.0,0.17407955435634084,-0.17407955435634084,0.0,0.0,-7.048603429643136e-09,-3.7563266024655576e-08,1.0
16:11:27.509,0.0,0.17407955435634084,-0.17407955435634084,0.0,0.0,-6.202771018085959e-09,-3.3055674101696903e-08,1.0
16:11:27.529,0.0,0.17407955435634084,-0.17407955435634084,0.0,0.0,-5.458438495915644e-09,-2.9088993209493275e-08,1.0
16:11:27.550,0.0,0.17407955435634084,-0.17407955435634084,0.0,0.0,-4.803425876405767e-09,-2.5598314024354083e-08,1.0
16:11:27.569,0.0,0.17407955435634084,-0.17407955435634084,0.0,0.0,-4.227014771237075e-09,-2.2526516341431594e-08,1.0
16:11:27.589,0.0,0.17407955435634084,-0.17407955435634084,0.0,0.0,-3.719772998688626e-09,-1.9823334380459803e-08,1.0
16:11:27.609,0.0,0.17407955435634084,-0.17407955435634084,0.0,0.0,-3.273400238845991e-09,-1.7444534254804625e-08,1.0
16:11:27.629,0.0,0.17407955435634084,-0.17407955435634084,0.0,0.0,-2.880592210184472e-09,-1.5351190144228073e-08,1.0
16:11:27.650,0.0,0.17407955435634084,-0.17407955435634084,0.0,0.0,-2.5349211449623354e-09,-1.3509047326920703e-08,1.0
16:11:27.669,0.0,0.17407955435634084,-0.17407955435634084,0.0,0.0,-2.230730607566855e-09,-1.1887961647690218e-08,1.0
16:11:27.689,0.0,0.17407955435634084,-0.17407955435634084,0.0,0.0,-1.9630429346588325e-09,-1.0461406249967392e-08,1.0
16:11:27.709,0.0,0.17407955435634084,-0.17407955435634084,0.0,0.0,-1.7274777824997726e-09,-9.206037499971305e-09,1.0
16:11:27.729,0.0,0.17407955435634084,-0.17407955435634084,0.0,0.0,-1.5201804485998e-09,-8.10131299997475e-09,1.0
16:11:27.749,0.0,0.17407955435634084,-0.17407955435634084,0.0,0.0,-1.3377587947678239e-09,-7.129155439977778e-09,1.0
16:11:27.769,0.0,0.17407955435634084,-0.17407955435634084,0.0,0.0,-1.177227739395685e-09,-6.2736567871804444e-09,1.0
16:11:27.789,0.0,0.17407955435634084,-0.17407955435634084,0.0,0.0,-1.0359604106682027e-09,-5.520817972718791e-09,1.0
16:11:27.809,0.0,0.17407955435634084,-0.17407955435634084,0.0,0.0,-9.116451613880184e-10,-4.858319815992536e-09,1.0
16:11:27.830,0.0,0.17407955435634084,-0.17407955435634084,0.0,0.0,-8.022477420214562e-10,-4.275321438073432e-09,1.0
16:11:27.849,0.0,0.17407955435634084,-0.17407955435634084,0.0,0.0,-7.059780129788815e-10,-3.7622828655046205e-09,1.0
16:11:27.869,0.0,0.17407955435634084,-0.17407955435634084,0.0,0.0,-6.212606514214157e-10,-3.3108089216440655e-09,1.0
16:11:27.889,0.0,0.17407955435634084,-0.17407955435634084,0.0,0.0,-5.467093732508458e-10,-2.913511851046778e-09,1.0
16:11:27.909,0.0,0.17407955435634084,-0.17407955435634084,0.0,0.0,-4.811042484607443e-10,-2.5638904289211646e-09,1.0
16:11:27.929,0.0,0.17407955435634084,-0.17407955435634084,0.0,0.0,-4.23371738645455e-10,-2.256223577450625e-09,1.0
16:11:27.949,0.0,0.17407955435634084,-0.17407955435634084,0.0,0.0,-3.725671300080004e-10,-1.9854767481565497e-09,1.0
16:11:27.969,0.0,0.17407955435634084,-0.17407955435634084,0.0,0.0,-3.2785907440704034e-10,-1.7472195383777639e-09,1.0
16:11:27.989,0.0,0.17407955435634084,-0.17407955435634084,0.0,0.0,-2.885159854781955e-10,-1.5375531937724321e-09,1.0
16:11:28.009,0.0,0.17407955435634084,-0.17407955435634084,0.0,0.0,-2.5389406722081203e-10,-1.3530468105197402e-09,1.0
16:11:28.029,0.0,0.17407955435634084,-0.17407955435634084,0.0,0.0,-2.2342677915431458e-10,-1.1906811932573713e-09,1.0
16:11:28.049,0.0,0.17407955435634084,-0.17407955435634084,0.0,0.0,-1.9661556565579684e-10,-1.0477994500664868e-09,1.0
16:11:28.069,0.0,0.17407955435634084,-0.17407955435634084,0.0,0.0,-1.7302169777710122e-10,-9.220635160585085e-10,1.0
16:11:28.089,0.0,0.17407955435634084,-0.17407955435634084,0.0,0.0,-1.5225909404384908e-10,-8.114158941314874e-10,1.0
16:11:28.109,0.0,0.17407955435634084,-0.17407955435634084,0.0,0.0,-1.339880027585872e-10,-7.14045986835709e-10,1.0
16:11:28.129,0.0,0.17407955435634084,-0.17407955435634084,0.0,0.0,-1.1790944242755674e-10,-6.28360468415424e-10,1.0
16:11:28.149,0.0,0.17407955435634084,-0.17407955435634084,0.0,0.0,-1.0376030933624993e-10,-5.529572122055731e-10,1.0
16:11:28.169,0.0,0.17407955435634084,-0.17407955435634084,0.0,0.0,-9.130907221589994e-11,-4.866023467409043e-10,1.0
16:11:28.189,0.0,0.17407955435634084,-0.17407955435634084,0.0,0.0,-8.035198354999195e-11,-4.282100651319958e-10,1.0
16:11:28.209,0.0,0.17407955435634084,-0.17407955435634084,0.0,0.0,-7.070974552399292e-11,-3.7682485731615634e-10,1.0
16:11:28.229,0.0,0.17407955435634084,-0.17407955435634084,0.0,0.0,-6.222457606111377e-11,-3.316058744382176e-10,1.0
16:11:28.249,0.0,0.17407955435634084,-0.17407955435634084,0.0,0.0,-5.4757626933780115e-11,-2.9181316950563143e-10,1.0
16:11:28.269,0.0,0.17407955435634084,-0.17407955435634084,0.0,0.0,-4.81867117017265e-11,-2.5679558916495567e-10,1.0
16:11:28.289,0.0,0.17407955435634084,-0.17407955435634084,0.0,0.0,-4.240430629751932e-11,-2.25980118465161e-10,1.0
16:11:28.310,0.0,0.17407955435634084,-0.17407955435634084,0.0,0.0,-3.731578954181701e-11,-1.988625042493417e-10,1.0
16:11:28.329,0.0,0.17407955435634084,-0.17407955435634084,0.0,0.0,-3.2837894796798966e-11,-1.749990037394207e-10,1.0
16:11:28.349,0.0,0.17407955435634084,-0.17407955435634084,0.0,0.0,-2.889734742118309e-11,-1.5399912329069022e-10,1.0
16:11:28.369,0.0,0.17407955435634084,-0.17407955435634084,0.0,0.0,-2.542966573064112e-11,-1.355192284958074e-10,1.0
16:11:28.389,0.0,0.17407955435634084,-0.17407955435634084,0.0,0.0,-2.2378105842964184e-11,-1.192569210763105e-10,1.0
16:11:28.409,0.0,0.17407955435634084,-0.17407955435634084,0.0,0.0,-1.9692733141808483e-11,-1.0494609054715325e-10,1.0
16:11:28.429,0.0,0.17407955435634084,-0.17407955435634084,0.0,0.0,-1.7329605164791466e-11,-9.235255968149486e-11,1.0
16:11:28.449,0.0,0.17407955435634084,-0.17407955435634084,0.0,0.0,-1.525005254501649e-11,-8.127025251971548e-11,1.0
16:11:28.469,0.0,0.17407955435634084,-0.17407955435634084,0.0,0.0,-1.3420046239614511e-11,-7.151782221734961e-11,1.0
16:11:28.489,0.0,0.17407955435634084,-0.17407955435634084,0.0,0.0,-1.180964069086077e-11,-6.293568355126767e-11,1.0
16:11:28.509,0.0,0.17407955435634084,-0.17407955435634084,0.0,0.0,-1.0392483807957479e-11,-5.538340152511555e-11,1.0
16:11:28.529,0.0,0.17407955435634084,-0.17407955435634084,0.0,0.0,-9.145385751002581e-12,-4.873739334210168e-11,1.0
16:11:28.549,0.0,0.17407955435634084,-0.17407955435634084,0.0,0.0,-8.047939460882272e-12,-4.288890614104948e-11,1.0
16:11:28.569,0.0,0.17407955435634084,-0.17407955435634084,0.0,0.0,-7.0821867255764e-12,-3.774223740412355e-11,1.0
16:11:28.589,0.0,0.17407955435634084,-0.17407955435634084,0.0,0.0,-6.2323243185072315e-12,-3.321316891562872e-11,1.0
16:11:28.609,0.0,0.17407955435634084,-0.17407955435634084,0.0,0.0,-5.4844454002863635e-12,-2.9227588645753275e-11,1.0
16:11:28.629,0.0,0.17407955435634084,-0.17407955435634084,0.0,0.0,-4.826311952252e-12,-2.572027800826288e-11,1.0
16:11:28.649,0.0,0.17407955435634084,-0.17407955435634084,0.0,0.0,-4.24715451798176e-12,-2.2633844647271333e-11,1.0
16:11:28.669,0.0,0.17407955435634084,-0.17407955435634084,0.0,0.0,-3.737495975823949e-12,-1.9917783289598776e-11,1.0
16:11:28.689,0.0,0.17407955435634084,-0.17407955435634084,0.0,0.0,-3.288996458725075e-12,-1.7527649294846923e-11,1.0
16:11:28.709,0.0,0.17407955435634084,-0.17407955435634084,0.0,0.0,-2.894316883678066e-12,-1.5424331379465293e-11,1.0
16:11:28.729,0.0,0.17407955435634084,-0.17407955435634084,0.0,0.0,-2.5469988576366983e-12,-1.3573411613929458e-11,1.0
16:11:28.749,0.0,0.17407955435634084,-0.17407955435634084,0.0,0.0,-2.2413589947202947e-12,-1.1944602220257923e-11,1.0
16:11:28.769,0.0,0.17407955435634084,-0.17407955435634084,0.0,0.0,-1.972395915353859e-12,-1.0511249953826973e-11,1.0
16:11:28.789,0.0,0.17407955435634084,-0.17407955435634084,0.0,0.0,-1.7357084055113961e-12,-9.249899959367736e-12,1.0
16:11:28.809,0.0,0.17407955435634084,-0.17407955435634084,0.0,0.0,-1.5274233968500287e-12,-8.139911964243609e-12,1.0
16:11:28.829,0.0,0.17407955435634084,-0.17407955435634084,0.0,0.0,-1.3441325892280253e-12,-7.163122528534375e-12,1.0
16:11:28.849,0.0,0.17407955435634084,-0.17407955435634084,0.0,0.0,-1.1828366785206622e-12,-6.30354782511025e-12,1.0
16:11:28.870,0.0,0.17407955435634084,-0.17407955435634084,0.0,0.0,-1.0408962770981828e-12,-5.54712208609702e-12,1.0
16:11:28.889,0.0,0.17407955435634084,-0.17407955435634084,0.0,0.0,-9.159887238464008e-13,-4.8814674357653776e-12,1.0
16:11:28.909,0.0,0.17407955435634084,-0.17407955435634084,0.0,0.0,-8.060700769848327e-13,-4.295691343473532e-12,1.0
16:11:28.929,0.0,0.17407955435634084,-0.17407955435634084,0.0,0.0,-7.093416677466528e-13,-3.780208382256708e-12,1.0
16:11:28.949,0.0,0.17407955435634084,-0.17407955435634084,0.0,0.0,-6.242206676170544e-13,-3.3265833763859032e-12,1.0
16:11:28.969,0.0,0.17407955435634084,-0.17407955435634084,0.0,0.0,-5.493141875030079e-13,-2.9273933712195952e-12,1.0
16:11:28.989,0.0,0.17407955435634084,-0.17407955435634084,0.0,0.0,-4.833964850026469e-13,-2.5761061666732435e-12,1.0
16:11:29.009,0.0,0.17407955435634084,-0.17407955435634084,0.0,0.0,-4.253889068023293e-13,-2.266973426672454e-12,1.0
16:11:29.030,0.0,0.17407955435634084,-0.17407955435634084,0.0,0.0,-3.7434223798604977e-13,-1.9949366154717595e-12,1.0
16:11:29.049,0.0,0.17407955435634084,-0.17407955435634084,0.0,0.0,-3.294211694277238e-13,-1.7555442216151485e-12,1.0
16:11:29.069,0.0,0.17407955435634084,-0.17407955435634084,0.0,0.0,-2.8989062909639696e-13,-1.5448789150213307e-12,1.0
16:11:29.089,0.0,0.17407955435634084,-0.17407955435634084,0.0,0.0,-2.551037536048293e-13,-1.3594934452187711e-12,1.0
16:11:29.109,0.0,0.17407955435634084,-0.17407955435634084,0.0,0.0,-2.244913031722498e-13,-1.1963542317925185e-12,1.0
16:11:29.129,0.0,0.17407955435634084,-0.17407955435634084,0.0,0.0,-1.9755234679157983e-13,-1.0527917239774163e-12,1.0
16:11:29.149,0.0,0.17407955435634084,-0.17407955435634084,0.0,0.0,-1.7384606517659024e-13,-9.264567171001263e-13,1.0
16:11:29.169,0.0,0.17407955435634084,-0.17407955435634084,0.0,0.0,-1.529845373553994e-13,-8.152819110481112e-13,1.0
16:11:29.189,0.0,0.17407955435634084,-0.17407955435634084,0.0,0.0,-1.3462639287275147e-13,-7.174480817223377e-13,1.0
16:11:29.209,0.0,0.17407955435634084,-0.17407955435634084,0.0,0.0,-1.184712257280213e-13,-6.313543119156573e-13,1.0
16:11:29.229,0.0,0.17407955435634084,-0.17407955435634084,0.0,0.0,-1.0425467864065874e-13,-5.555917944857784e-13,1.0
16:11:29.249,0.0,0.17407955435634084,-0.17407955435634084,0.0,0.0,-9.174411720377969e-14,-4.889207791474849e-13,1.0
16:11:29.269,0.0,0.17407955435634084,-0.17407955435634084,0.0,0.0,-8.073482313932612e-14,-4.302502856497867e-13,1.0
16:11:29.289,0.0,0.17407955435634084,-0.17407955435634084,0.0,0.0,-7.104664436260699e-14,-3.7862025137181235e-13,1.0
16:11:29.309,0.0,0.17407955435634084,-0.17407955435634084,0.0,0.0,-6.252104703909416e-14,-3.3318582120719487e-13,1.0
16:11:29.329,0.0,0.17407955435634084,-0.17407955435634084,0.0,0.0,-5.501852139440286e-14,-2.932035226623315e-13,1.0
16:11:29.349,0.0,0.17407955435634084,-0.17407955435634084,0.0,0.0,-4.8416298827074515e-14,-2.580190999428517e-13,1.0
16:11:29.369,0.0,0.17407955435634084,-0.17407955435634084,0.0,0.0,-4.260634296782557e-14,-2.270568079497095e-13,1.0
16:11:29.389,0.0,0.17407955435634084,-0.17407955435634084,0.0,0.0,-3.7493581811686506e-14,-1.9980999099574438e-13,1.0
16:11:29.409,0.0,0.17407955435634084,-0.17407955435634084,0.0,0.0,-3.299435199428413e-14,-1.7583279207625508e-13,1.0
16:11:29.429,0.0,0.17407955435634084,-0.17407955435634084,0.0,0.0,-2.9035029754970034e-14,-1.5473285702710448e-13,1.0
16:11:29.449,0.0,0.17407955435634084,-0.17407955435634084,0.0,0.0,-2.555082618437363e-14,-1.3616491418385193e-13,1.0
16:11:29.469,0.0,0.17407955435634084,-0.17407955435634084,0.0,0.0,-2.2484727042248793e-14,-1.198251244817897e-13,1.0
16:11:29.489,0.0,0.17407955435634084,-0.17407955435634084,0.0,0.0,-1.978655979717894e-14,-1.0544610954397494e-13,1.0
16:11:29.509,0.0,0.17407955435634084,-0.17407955435634084,0.0,0.0,-1.7412172621517467e-14,-9.279257639869795e-14,1.0
16:11:29.530,0.0,0.17407955435634084,-0.17407955435634084,0.0,0.0,-1.532271190693537e-14,-8.16574672308542e-14,1.0
16:11:29.549,0.0,0.17407955435634084,-0.17407955435634084,0.0,0.0,-1.3483986478103125e-14,-7.185857116315169e-14,1.0
16:11:29.569,0.0,0.17407955435634084,-0.17407955435634084,0.0,0.0,-1.1865908100730751e-14,-6.323554262357349e-14,1.0
16:11:29.589,0.0,0.17407955435634084,-0.17407955435634084,0.0,0.0,-1.044199912864306e-14,-5.5647277508744664e-14,1.0
16:11:29.609,0.0,0.17407955435634084,-0.17407955435634084,0.0,0.0,-9.188959233205894e-15,-4.896960420769531e-14,1.0
16:11:29.629,0.0,0.17407955435634084,-0.17407955435634084,0.0,0.0,-8.086284125221187e-15,-4.309325170277187e-14,1.0
16:11:29.649,0.0,0.17407955435634084,-0.17407955435634084,0.0,0.0,-7.115930030194645e-15,-3.792206149843925e-14,1.0
16:11:29.669,0.0,0.17407955435634084,-0.17407955435634084,0.0,0.0,-6.262018426571287e-15,-3.337141411862654e-14,1.0
16:11:29.689,0.0,0.17407955435634084,-0.17407955435634084,0.0,0.0,-5.510576215382733e-15,-2.936684442439136e-14,1.0
16:11:29.709,0.0,0.17407955435634084,-0.17407955435634084,0.0,0.0,-4.849307069536805e-15,-2.584282309346439e-14,1.0
16:11:29.730,0.0,0.17407955435634084,-0.17407955435634084,0.0,0.0,-4.2673902211923886e-15,-2.2741684322248666e-14,1.0
16:11:29.749,0.0,0.17407955435634084,-0.17407955435634084,0.0,0.0,-3.755303394649302e-15,-2.0012682203578826e-14,1.0
16:11:29.769,0.0,0.17407955435634084,-0.17407955435634084,0.0,0.0,-3.3046669872913856e-15,-1.7611160339149368e-14,1.0
16:11:29.790,0.0,0.17407955435634084,-0.17407955435634084,0.0,0.0,-2.9081069488164195e-15,-1.5497821098451445e-14,1.0
16:11:29.809,0.0,0.17407955435634084,-0.17407955435634084,0.0,0.0,-2.559134114958449e-15,-1.363808256663727e-14,1.0
16:11:29.830,0.0,0.17407955435634084,-0.17407955435634084,0.0,0.0,-2.252038021163435e-15,-1.2001512658640797e-14,1.0
16:11:29.849,0.0,0.17407955435634084,-0.17407955435634084,0.0,0.0,-1.981793458623823e-15,-1.0561331139603903e-14,1.0
16:11:29.869,0.0,0.17407955435634084,-0.17407955435634084,0.0,0.0,-1.7439782435889642e-15,-9.293971402851434e-15,1.0
16:11:29.889,0.0,0.17407955435634084,-0.17407955435634084,0.0,0.0,-1.5347008543582886e-15,-8.178694834509263e-15,1.0
16:11:29.909,0.0,0.17407955435634084,-0.17407955435634084,0.0,0.0,-1.350536751835294e-15,-7.197251454368151e-15,1.0
16:11:29.930,0.0,0.17407955435634084,-0.17407955435634084,0.0,0.0,-1.1884723416150587e-15,-6.333581279843973e-15,1.0
16:11:29.949,0.0,0.17407955435634084,-0.17407955435634084,0.0,0.0,-1.0458556606212516e-15,-5.5735515262626955e-15,1.0
16:11:29.969,0.0,0.17407955435634084,-0.17407955435634084,0.0,0.0,-9.203529813467014e-16,-4.904725343111172e-15,1.0
16:11:29.990,0.0,0.17407955435634084,-0.17407955435634084,0.0,0.0,-8.099106235850973e-16,-4.316158301937832e-15,2.0
16:11:30.009,0.0,0.17407955435634084,-0.17407955435634084,0.0,0.0,-7.127213487548856e-16,-3.798219305705292e-15,2.0
16:11:30.029,0.0,0.17407955435634084,-0.17407955435634084,0.0,0.0,-6.271947869042993e-16,-3.342432989020657e-15,2.0
16:11:30.049,0.0,0.17407955435634084,-0.17407955435634084,0.0,0.0,-5.519314124757835e-16,-2.9413410303381784e-15,2.0
16:11:30.069,0.0,0.17407955435634084,-0.17407955435634084,0.0,0.0,-4.856996429786894e-16,-2.5883801066975968e-15,2.0
16:11:30.089,0.0,0.17407955435634084,-0.17407955435634084,0.0,0.0,-4.274156858212467e-16,-2.277774493893885e-15,2.0
16:11:30.109,0.0,0.17407955435634084,-0.17407955435634084,0.0,0.0,-3.761258035226971e-16,-2.004441554626619e-15,2.0
16:11:30.129,0.0,0.17407955435634084,-0.17407955435634084,0.0,0.0,-3.3099070709997347e-16,-1.7639085680714248e-15,2.0
16:11:30.149,0.0,0.17407955435634084,-0.17407955435634084,0.0,0.0,-2.9127182224797666e-16,-1.552239539902854e-15,2.0
16:11:30.169,0.0,0.17407955435634084,-0.17407955435634084,0.0,0.0,-2.5631920357821946e-16,-1.3659707951145115e-15,2.0
16:11:30.189,0.0,0.17407955435634084,-0.17407955435634084,0.0,0.0,-2.2556089914883313e-16,-1.2020542997007702e-15,2.0
16:11:30.210,0.0,0.17407955435634084,-0.17407955435634084,0.0,0.0,-1.9849359125097315e-16,-1.0578077837366776e-15,2.0
16:11:30.230,0.0,0.17407955435634084,-0.17407955435634084,0.0,0.0,-1.7467436030085638e-16,-9.308708496882764e-16,2.0
16:11:30.250,0.0,0.17407955435634084,-0.17407955435634084,0.0,0.0,-1.5371343706475362e-16,-8.191663477256833e-16,2.0
16:11:30.269,0.0,0.17407955435634084,-0.17407955435634084,0.0,0.0,-1.3526782461698318e-16,-7.208663859986012e-16,2.0
16:11:30.289,0.0,0.17407955435634084,-0.17407955435634084,0.0,0.0,-1.190356856629452e-16,-6.34362419678769e-16,2.0
16:11:30.309,0.0,0.17407955435634084,-0.17407955435634084,0.0,0.0,-1.0475140338339177e-16,-5.582389293173168e-16,2.0
16:11:30.329,0.0,0.17407955435634084,-0.17407955435634084,0.0,0.0,-9.218123497738475e-17,-4.912502577992387e-16,2.0
16:11:30.349,0.0,0.17407955435634084,-0.17407955435634084,0.0,0.0,-8.111948678009858e-17,-4.323002268633301e-16,2.0
16:11:30.369,0.0,0.17407955435634084,-0.17407955435634084,0.0,0.0,-7.138514836648675e-17,-3.804241996397305e-16,2.0
16:11:30.389,0.0,0.17407955435634084,-0.17407955435634084,0.0,0.0,-6.281893056250835e-17,-3.3477329568296285e-16,2.0
16:11:30.409,0.0,0.17407955435634084,-0.17407955435634084,0.0,0.0,-5.5280658895007346e-17,-2.946005002010073e-16,2.0
16:11:30.429,0.0,0.17407955435634084,-0.17407955435634084,0.0,0.0,-4.864697982760646e-17,-2.5924844017688644e-16,2.0
16:11:30.449,0.0,0.17407955435634084,-0.17407955435634084,0.0,0.0,-4.2809342248293684e-17,-2.2813862735566005e-16,2.0
16:11:30.469,0.0,0.17407955435634084,-0.17407955435634084,0.0,0.0,-3.767222117849844e-17,-2.007619920729808e-16,2.0
16:11:30.489,0.0,0.17407955435634084,-0.17407955435634084,0.0,0.0,-3.315155463707863e-17,-1.766705530242231e-16,2.0
16:11:30.510,0.0,0.17407955435634084,-0.17407955435634084,0.0,0.0,-2.917336808062919e-17,-1.5547008666131634e-16,2.0
16:11:30.530,0.0,0.17407955435634084,-0.17407955435634084,0.0,0.0,-2.5672563910953688e-17,-1.3681367626195837e-16,2.0
16:11:30.549,0.0,0.17407955435634084,-0.17407955435634084,0.0,0.0,-2.2591856241639245e-17,-1.2039603511052337e-16,2.0
16:11:30.569,0.0,0.17407955435634084,-0.17407955435634084,0.0,0.0,-1.9880833492642536e-17,-1.0594851089726057e-16,2.0
16:11:30.589,0.0,0.17407955435634084,-0.17407955435634084,0.0,0.0,-1.749513347352543e-17,-9.323468958958929e-17,2.0
16:11:30.609,0.0,0.17407955435634084,-0.17407955435634084,0.0,0.0,-1.539571745670238e-17,-8.204652683883857e-17,2.0
16:11:30.629,0.0,0.17407955435634084,-0.17407955435634084,0.0,0.0,-1.3548231361898094e-17,-7.220094361817795e-17,2.0
16:11:30.649,0.0,0.17407955435634084,-0.17407955435634084,0.0,0.0,-1.1922443598470322e-17,-6.353683038399659e-17,2.0
16:11:30.669,0.0,0.17407955435634084,-0.17407955435634084,0.0,0.0,-1.0491750366653883e-17,-5.5912410737917e-17,2.0
16:11:30.689,0.0,0.17407955435634084,-0.17407955435634084,0.0,0.0,-9.232740322655417e-18,-4.920292144936696e-17,2.0
16:11:30.709,0.0,0.17407955435634084,-0.17407955435634084,0.0,0.0,-8.124811483936767e-18,-4.3298570875442926e-17,2.0
16:11:30.729,0.0,0.17407955435634084,-0.17407955435634084,0.0,0.0,-7.149834105864356e-18,-3.810274237038978e-17,2.0
16:11:30.750,0.0,0.17407955435634084,-0.17407955435634084,0.0,0.0,-6.291854013160633e-18,-3.3530413285943007e-17,2.0
16:11:30.769,0.0,0.17407955435634084,-0.17407955435634084,0.0,0.0,-5.536831531581357e-18,-2.950676369162985e-17,2.0
16:11:30.789,0.0,0.17407955435634084,-0.17407955435634084,0.0,0.0,-4.872411747791594e-18,-2.5965952048634265e-17,2.0
16:11:30.810,0.0,0.17407955435634084,-0.17407955435634084,0.0,0.0,-4.2877223380566034e-18,-2.2850037802798154e-17,2.0
16:11:30.830,0.0,0.17407955435634084,-0.17407955435634084,0.0,0.0,-3.773195657489811e-18,-2.0108033266462375e-17,2.0
16:11:30.850,0.0,0.17407955435634084,-0.17407955435634084,0.0,0.0,-3.320412178591034e-18,-1.769506927448689e-17,2.0
16:11:30.869,0.0,0.17407955435634084,-0.17407955435634084,0.0,0.0,-2.92196271716011e-18,-1.5571660961548464e-17,2.0
16:11:30.889,0.0,0.17407955435634084,-0.17407955435634084,0.0,0.0,-2.5713271911008966e-18,-1.370306164616265e-17,2.0
16:11:30.909,0.0,0.17407955435634084,-0.17407955435634084,0.0,0.0,-2.262767928168789e-18,-1.2058694248623132e-17,2.0
16:11:30.929,0.0,0.17407955435634084,-0.17407955435634084,0.0,0.0,-1.9912357767885343e-18,-1.0611650938788355e-17,2.0
16:11:30.950,0.0,0.17407955435634084,-0.17407955435634084,0.0,0.0,-1.75228748357391e-18,-9.338252826133752e-18,2.0
16:11:30.969,0.0,0.17407955435634084,-0.17407955435634084,0.0,0.0,-1.542012985545041e-18,-8.217662486997703e-18,2.0
16:11:30.989,0.0,0.17407955435634084,-0.17407955435634084,0.0,0.0,-1.3569714272796361e-18,-7.231542988557979e-18,2.0
16:11:31.009,0.0,0.17407955435634084,-0.17407955435634084,0.0,0.0,-1.1941348560060798e-18,-6.363757829931021e-18,2.0
16:11:31.030,0.0,0.17407955435634084,-0.17407955435634084,0.0,0.0,-1.0508386732853502e-18,-5.600106890339298e-18,2.0
16:11:31.049,0.0,0.17407955435634084,-0.17407955435634084,0.0,0.0,-9.247380324911081e-19,-4.928094063498582e-18,2.0
16:11:31.069,0.0,0.17407955435634084,-0.17407955435634084,0.0,0.0,-8.137694685921751e-19,-4.3367227758787525e-18,2.0
16:11:31.089,0.0,0.17407955435634084,-0.17407955435634084,0.0,0.0,-7.161171323611141e-19,-3.816316042773302e-18,2.0
16:11:31.109,0.0,0.17407955435634084,-0.17407955435634084,0.0,0.0,-6.301830764777804e-19,-3.3583581176405055e-18,2.0
16:11:31.129,0.0,0.17407955435634084,-0.17407955435634084,0.0,0.0,-5.545611073004467e-19,-2.955355143523645e-18,2.0
16:11:31.149,0.0,0.17407955435634084,-0.17407955435634084,0.0,0.0,-4.880137744243931e-19,-2.6007125263008075e-18,2.0
16:11:31.169,0.0,0.17407955435634084,-0.17407955435634084,0.0,0.0,-4.2945212149346597e-19,-2.2886270231447108e-18,2.0
16:11:31.189,0.0,0.17407955435634084,-0.17407955435634084,0.0,0.0,-3.779178669142501e-19,-2.0139917803673454e-18,2.0
16:11:31.209,0.0,0.17407955435634084,-0.17407955435634084,0.0,0.0,-3.3256772288454007e-19,-1.772312766723264e-18,2.0
16:11:31.229,0.0,0.17407955435634084,-0.17407955435634084,0.0,0.0,-2.9265959613839524e-19,-1.5596352347164724e-18,2.0
16:11:31.250,0.0,0.17407955435634084,-0.17407955435634084,0.0,0.0,-2.5754044460178783e-19,-1.3724790065504957e-18,2.0
16:11:31.269,0.0,0.17407955435634084,-0.17407955435634084,0.0,0.0,-2.266355912495733e-19,-1.2077815257644364e-18,2.0
16:11:31.290,0.0,0.17407955435634084,-0.17407955435634084,0.0,0.0,-1.994393202996245e-19,-1.062847742672704e-18,2.0
16:11:31.309,0.0,0.17407955435634084,-0.17407955435634084,0.0,0.0,-1.7550660186366957e-19,-9.353060135519795e-19,2.0
16:11:31.330,0.0,0.17407955435634084,-0.17407955435634084,0.0,0.0,-1.5444580964002923e-19,-8.23069291925742e-19,2.0
16:11:31.349,0.0,0.17407955435634084,-0.17407955435634084,0.0,0.0,-1.3591231248322572e-19,-7.24300976894653e-19,2.0
16:11:31.369,0.0,0.17407955435634084,-0.17407955435634084,0.0,0.0,-1.1960283498523865e-19,-6.373848596672947e-19,2.0
16:11:31.389,0.0,0.17407955435634084,-0.17407955435634084,0.0,0.0,-1.0525049478701001e-19,-5.608986765072192e-19,2.0
16:11:31.409,0.0,0.17407955435634084,-0.17407955435634084,0.0,0.0,-9.262043541256881e-20,-4.93590835326353e-19,2.0
16:11:31.430,0.0,0.17407955435634084,-0.17407955435634084,0.0,0.0,-8.150598316306056e-20,-4.343599350871906e-19,2.0
16:11:31.449,0.0,0.17407955435634084,-0.17407955435634084,0.0,0.0,-7.172526518349328e-20,-3.822367428767277e-19,2.0
16:11:31.469,0.0,0.17407955435634084,-0.17407955435634084,0.0,0.0,-6.311823336147409e-20,-3.3636833373152043e-19,2.0
16:11:31.489,0.0,0.17407955435634084,-0.17407955435634084,0.0,0.0,-5.55440453580972e-20,-2.9600413368373796e-19,2.0
16:11:31.509,0.0,0.17407955435634084,-0.17407955435634084,0.0,0.0,-4.8878759915125535e-20,-2.604836376416894e-19,2.0
16:11:31.529,0.0,0.17407955435634084,-0.17407955435634084,0.0,0.0,-4.301330872531047e-20,-2.2922560112468666e-19,2.0
16:11:31.549,0.0,0.17407955435634084,-0.17407955435634084,0.0,0.0,-3.7851711678273215e-20,-2.017185289897243e-19,2.0
16:11:31.569,0.0,0.17407955435634084,-0.17407955435634084,0.0,0.0,-3.330950627688043e-20,-1.7751230551095737e-19,2.0
16:11:31.589,0.0,0.17407955435634084,-0.17407955435634084,0.0,0.0,-2.9312365523654776e-20,-1.5621082884964248e-19,2.0
16:11:31.609,0.0,0.17407955435634084,-0.17407955435634084,0.0,0.0,-2.5794881660816203e-20,-1.374655293876854e-19,2.0
16:11:31.630,0.0,0.17407955435634084,-0.17407955435634084,0.0,0.0,-2.269949586151826e-20,-1.2096966586116313e-19,2.0
16:11:31.649,0.0,0.17407955435634084,-0.17407955435634084,0.0,0.0,-1.997555635813607e-20,-1.0645330595782356e-19,2.0
16:11:31.669,0.0,0.17407955435634084,-0.17407955435634084,0.0,0.0,-1.757848959515974e-20,-9.367890924288474e-20,2.0
16:11:31.689,0.0,0.17407955435634084,-0.17407955435634084,0.0,0.0,-1.5469070843740573e-20,-8.243744013373858e-20,2.0
16:11:31.709,0.0,0.17407955435634084,-0.17407955435634084,0.0,0.0,-1.3612782342491704e-20,-7.254494731768994e-20,2.0
16:11:31.729,0.0,0.17407955435634084,-0.17407955435634084,0.0,0.0,-1.19792484613927e-20,-6.383955363956716e-20,2.0
16:11:31.749,0.0,0.17407955435634084,-0.17407955435634084,0.0,0.0,-1.0541738646025577e-20,-5.61788072028191e-20,2.0
16:11:31.769,0.0,0.17407955435634084,-0.17407955435634084,0.0,0.0,-9.276730008502508e-21,-4.943735033848081e-20,2.0
16:11:31.789,0.0,0.17407955435634084,-0.17407955435634084,0.0,0.0,-8.163522407482208e-21,-4.3504868297863114e-20,2.0
16:11:31.809,0.0,0.17407955435634084,-0.17407955435634084,0.0,0.0,-7.183899718584342e-21,-3.828428410211954e-20,2.0
16:11:31.830,0.0,0.17407955435634084,-0.17407955435634084,0.0,0.0,-6.321831752354221e-21,-3.3690170009865195e-20,2.0
16:11:31.849,0.0,0.17407955435634084,-0.17407955435634084,0.0,0.0,-5.563211942071715e-21,-2.964734960868137e-20,2.0
16:11:31.869,0.0,0.17407955435634084,-0.17407955435634084,0.0,0.0,-4.895626509023109e-21,-2.608966765563961e-20,2.0
16:11:31.889,0.0,0.17407955435634084,-0.17407955435634084,0.0,0.0,-4.308151327940336e-21,-2.2958907536962856e-20,2.0
16:11:31.909,0.0,0.17407955435634084,-0.17407955435634084,0.0,0.0,-3.791173168587496e-21,-2.0203838632527313e-20,2.0
16:11:31.929,0.0,0.17407955435634084,-0.17407955435634084,0.0,0.0,-3.3362323883569965e-21,-1.7779377996624036e-20,2.0
16:11:31.949,0.0,0.17407955435634084,-0.17407955435634084,0.0,0.0,-2.935884501754157e-21,-1.5645852637029152e-20,2.0
16:11:31.969,0.0,0.17407955435634084,-0.17407955435634084,0.0,0.0,-2.583578361543658e-21,-1.3768350320585653e-20,2.0
16:11:31.989,0.0,0.17407955435634084,-0.17407955435634084,0.0,0.0,-2.273548958158419e-21,-1.2116148282115375e-20,2.0
16:11:32.009,0.0,0.17407955435634084,-0.17407955435634084,0.0,0.0,-2.0007230831794087e-21,-1.066221048826153e-20,2.0
16:11:32.029,0.0,0.17407955435634084,-0.17407955435634084,0.0,0.0,-1.7606363131978797e-21,-9.382745229670146e-21,2.0
16:11:32.049,0.0,0.17407955435634084,-0.17407955435634084,0.0,0.0,-1.5493599556141341e-21,-8.25681580210973e-21,2.0
16:11:32.069,0.0,0.17407955435634084,-0.17407955435634084,0.0,0.0,-1.3634367609404381e-21,-7.265997905856562e-21,2.0
16:11:32.089,0.0,0.17407955435634084,-0.17407955435634084,0.0,0.0,-1.1998243496275856e-21,-6.3940781571537745e-21,2.0
16:11:32.109,0.0,0.17407955435634084,-0.17407955435634084,0.0,0.0,-1.0558454276722752e-21,-5.626788778295321e-21,2.0
16:11:32.129,0.0,0.17407955435634084,-0.17407955435634084,0.0,0.0,-9.291439763516022e-22,-4.951574124899883e-21,2.0
16:11:32.149,0.0,0.17407955435634084,-0.17407955435634084,0.0,0.0,-8.176466991894099e-22,-4.3573852299118965e-21,2.0
16:11:32.169,0.0,0.17407955435634084,-0.17407955435634084,0.0,0.0,-7.195290952866807e-22,-3.834499002322469e-21,2.0
16:11:32.189,0.0,0.17407955435634084,-0.17407955435634084,0.0,0.0,-6.331856038522791e-22,-3.374359122043773e-21,2.0
16:11:32.209,0.0,0.17407955435634084,-0.17407955435634084,0.0,0.0,-5.572033313900055e-22,-2.9694360273985198e-21,2.0
16:11:32.229,0.0,0.17407955435634084,-0.17407955435634084,0.0,0.0,-4.903389316232049e-22,-2.6131037041106973e-21,2.0
16:11:32.249,0.0,0.17407955435634084,-0.17407955435634084,0.0,0.0,-4.314982598284203e-22,-2.2995312596174138e-21,2.0
16:11:32.269,0.0,0.17407955435634084,-0.17407955435634084,0.0,0.0,-3.797184686490099e-22,-2.0235875084633243e-21,2.0
16:11:32.289,0.0,0.17407955435634084,-0.17407955435634084,0.0,0.0,-3.341522524111287e-22,-1.7807570074477254e-21,2.0
16:11:32.309,0.0,0.17407955435634084,-0.17407955435634084,0.0,0.0,-2.9405398212179327e-22,-1.5670661665539984e-21,2.0
16:11:32.329,0.0,0.17407955435634084,-0.17407955435634084,0.0,0.0,-2.587675042671781e-22,-1.3790182265675188e-21,2.0
16:11:32.349,0.0,0.17407955435634084,-0.17407955435634084,0.0,0.0,-2.277154037551167e-22,-1.2135360393794165e-21,2.0
16:11:32.369,0.0,0.17407955435634084,-0.17407955435634084,0.0,0.0,-2.003895553045027e-22,-1.0679117146538865e-21,2.0
16:11:32.389,0.0,0.17407955435634084,-0.17407955435634084,0.0,0.0,-1.7634280866796238e-22,-9.3976230889542e-22,2.0
16:11:32.409,0.0,0.17407955435634084,-0.17407955435634084,0.0,0.0,-1.551816716278069e-22,-8.269908318279697e-22,2.0
16:11:32.429,0.0,0.17407955435634084,-0.17407955435634084,0.0,0.0,-1.3655987103247007e-22,-7.277519320086133e-22,2.0
16:11:32.449,0.0,0.17407955435634084,-0.17407955435634084,0.0,0.0,-1.2017268650857367e-22,-6.404217001675798e-22,2.0
16:11:32.469,0.0,0.17407955435634084,-0.17407955435634084,0.0,0.0,-1.0575196412754483e-22,-5.635710961474702e-22,2.0
16:11:32.489,0.0,0.17407955435634084,-0.17407955435634084,0.0,0.0,-9.306172843223945e-23,-4.959425646097738e-22,2.0
16:11:32.509,0.0,0.17407955435634084,-0.17407955435634084,0.0,0.0,-8.189432102037072e-23,-4.364294568566009e-22,2.0
16:11:32.529,0.0,0.17407955435634084,-0.17407955435634084,0.0,0.0,-7.206700249792624e-23,-3.8405792203380883e-22,2.0
16:11:32.549,0.0,0.17407955435634084,-0.17407955435634084,0.0,0.0,-6.341896219817508e-23,-3.3797097138975176e-22,2.0
16:11:32.569,0.0,0.17407955435634084,-0.17407955435634084,0.0,0.0,-5.580868673439408e-23,-2.9741445482298156e-22,2.0
16:11:32.589,0.0,0.17407955435634084,-0.17407955435634084,0.0,0.0,-4.9111644326266786e-23,-2.617247202442238e-22,2.0
16:11:32.609,0.0,0.17407955435634084,-0.17407955435634084,0.0,0.0,-4.3218247007114774e-23,-2.3031775381491693e-22,2.0
16:11:32.629,0.0,0.17407955435634084,-0.17407955435634084,0.0,0.0,-3.8032057366261e-23,-2.026796233571269e-22,2.0
16:11:32.649,0.0,0.17407955435634084,-0.17407955435634084,0.0,0.0,-3.346821048230968e-23,-1.7835806855427167e-22,2.0
16:11:32.669,0.0,0.17407955435634084,-0.17407955435634084,0.0,0.0,-2.945202522443252e-23,-1.5695510032775908e-22,2.0
16:11:32.689,0.0,0.17407955435634084,-0.17407955435634084,0.0,0.0,-2.5917782197500618e-23,-1.3812048828842797e-22,2.0
16:11:32.709,0.0,0.17407955435634084,-0.17407955435634084,0.0,0.0,-2.2807648333800543e-23,-1.2154602969381663e-22,2.0
16:11:32.729,0.0,0.17407955435634084,-0.17407955435634084,0.0,0.0,-2.0070730533744476e-23,-1.069605061305586e-22,2.0
16:11:32.749,0.0,0.17407955435634084,-0.17407955435634084,0.0,0.0,-1.766224286969514e-23,-9.41252453948916e-23,2.0
16:11:32.769,0.0,0.17407955435634084,-0.17407955435634084,0.0,0.0,-1.5542773725331723e-23,-8.28302159475046e-23,2.0
16:11:32.789,0.0,0.17407955435634084,-0.17407955435634084,0.0,0.0,-1.3677640878291917e-23,-7.289059003380404e-23,2.0
16:11:32.809,0.0,0.17407955435634084,-0.17407955435634084,0.0,0.0,-1.2036323972896886e-23,-6.414371922974756e-23,2.0
16:11:32.829,0.0,0.17407955435634084,-0.17407955435634084,0.0,0.0,-1.059196509614926e-23,-5.644647292217785e-23,2.0
16:11:32.849,0.0,0.17407955435634084,-0.17407955435634084,0.0,0.0,-9.320929284611349e-24,-4.967289617151651e-23,2.0
16:11:32.870,0.0,0.17407955435634084,-0.17407955435634084,0.0,0.0,-8.202417770457988e-24,-4.371214863093453e-23,2.0
16:11:32.889,0.0,0.17407955435634084,-0.17407955435634084,0.0,0.0,-7.218127638003029e-24,-3.8466690795222386e-23,2.0
16:11:32.909,0.0,0.17407955435634084,-0.17407955435634084,0.0,0.0,-6.3519523214426656e-24,-3.38506878997957e-23,2.0
16:11:32.930,0.0,0.17407955435634084,-0.17407955435634084,0.0,0.0,-5.5897180428695456e-24,-2.9788605351820216e-23,2.0
16:11:32.949,0.0,0.17407955435634084,-0.17407955435634084,0.0,0.0,-4.9189518777252e-24,-2.621397270960179e-23,2.0
16:11:32.969,0.0,0.17407955435634084,-0.17407955435634084,0.0,0.0,-4.328677652398176e-24,-2.3068295984449576e-23,2.0
16:11:32.989,0.0,0.17407955435634084,-0.17407955435634084,0.0,0.0,-3.809236334110395e-24,-2.0300100466315626e-23,2.0
16:11:33.010,0.0,0.17407955435634084,-0.17407955435634084,0.0,0.0,-3.352127974017148e-24,-1.7864088410357755e-23,2.0
16:11:33.030,0.0,0.17407955435634084,-0.17407955435634084,0.0,0.0,-2.9498726171350904e-24,-1.5720397801114825e-23,2.0
16:11:33.049,0.0,0.17407955435634084,-0.17407955435634084,0.0,0.0,-2.5958879030788797e-24,-1.3833950064981047e-23,2.0
16:11:33.069,0.0,0.17407955435634084,-0.17407955435634084,0.0,0.0,-2.2843813547094142e-24,-1.2173876057183321e-23,2.0
16:11:33.089,0.0,0.17407955435634084,-0.17407955435634084,0.0,0.0,-2.0102555921442846e-24,-1.0713010930321324e-23,2.0
16:11:33.109,0.0,0.17407955435634084,-0.17407955435634084,0.0,0.0,-1.7690249210869706e-24,-9.427449618682765e-24,2.0
16:11:33.130,9.999999999999998,0.17407955435634084,9.825920445643657,9500.0,0.0,-1.5567419305565342e-24,-8.296155664440834e-24,2.0
16:11:33.149,9.999999999999998,0.17407955435634084,9.825920445643657,9500.0,0.0,-1.3699328988897502e-24,-7.300616984707934e-24,2.0
16:11:33.169,9.999999999999998,0.3481591087126817,9.651840891287316,9500.0,0.0,-1.2055409510229803e-24,-6.424542946542982e-24,2.0
16:11:33.189,9.999999999999998,0.3481591087126817,9.651840891287316,9500.0,0.0,-1.0608760369002227e-24,-5.653597792957825e-24,2.0
16:11:33.209,9.999999999999998,0.3481591087126817,9.651840891287316,9500.0,0.0,-9.33570912472196e-25,-4.9751660578028865e-24,2.0
16:11:33.229,9.999999999999998,0.3481591087126817,9.651840891287316,9500.0,0.0,-8.215424029755325e-25,-4.37814613086654e-24,2.0
16:11:33.249,9.999999999999998,0.3481591087126817,9.651840891287316,9500.0,0.0,-7.229573146184685e-25,-3.8527685951625545e-24,2.0
16:11:33.269,9.999999999999998,0.3481591087126817,9.651840891287316,9500.0,0.0,-6.362024368642523e-25,-3.390436363743048e-24,2.0
16:11:33.289,9.999999999999998,0.3481591087126817,9.651840891287316,9500.0,0.0,-5.59858144440542e-25,-2.9835840000938823e-24,2.0
16:11:33.309,9.999999999999998,0.3481591087126817,9.651840891287316,9500.0,0.0,-4.92675167107677e-25,-2.6255539200826165e-24,2.0
16:11:33.329,9.999999999999998,0.3481591087126817,9.651840891287316,9500.0,0.0,-4.335541470547557e-25,-2.3104874496727024e-24,2.0
16:11:33.349,9.999999999999998,0.3481591087126817,9.651840891287316,9500.0,0.0,-3.8152764940818507e-25,-2.0332289557119785e-24,2.0
16:11:33.369,9.999999999999998,0.3481591087126817,9.651840891287316,9500.0,0.0,-3.3574433147920286e-25,-1.789241481026541e-24,2.0
16:11:33.389,9.999999999999998,0.3481591087126817,9.651840891287316,9500.0,0.0,-2.9545501170169853e-25,-1.5745325033033561e-24,2.0
16:11:33.409,9.999999999999998,0.3481591087126817,9.651840891287316,9500.0,0.0,-2.600004102974947e-25,-1.3855886029069533e-24,2.0
16:11:33.429,9.999999999999998,0.3481591087126817,9.651840891287316,9500.0,0.0,-2.2880036106179535e-25,-1.219317970558119e-24,2.0
16:11:33.449,9.999999999999998,0.3481591087126817,9.651840891287316,9500.0,0.0,-2.013443177343799e-25,-1.0729998140911448e-24,2.0
16:11:33.469,9.999999999999998,0.3481591087126817,9.651840891287316,9500.0,0.0,-1.7718299960625433e-25,-9.442398364002073e-25,2.0
16:11:33.489,9.999999999999998,0.3481591087126817,9.651840891287316,9500.0,0.0,-1.5592103965350382e-25,-8.309310560321825e-25,2.0
16:11:33.509,9.999999999999998,0.3481591087126817,9.651840891287316,9500.0,0.0,-1.3721051489508336e-25,-7.3121932930832065e-25,2.0
16:11:33.529,9.999999999999998,0.3481591087126817,9.651840891287316,9500.0,0.0,-1.2074525310767336e-25,-6.4347300979132215e-25,2.0
16:11:33.550,9.999999999999998,0.3481591087126817,9.651840891287316,9500.0,0.0,-1.0625582273475256e-25,-5.662562486163635e-25,2.0
16:11:33.570,9.999999999999998,0.3481591087126817,9.651840891287316,9500.0,0.0,-9.350512400658226e-26,-4.9830549878239995e-25,2.0
16:11:33.589,9.999999999999998,0.3481591087126817,9.651840891287316,9500.0,0.0,-8.228450912579239e-26,-4.38508838928512e-25,2.0
16:11:33.609,9.999999999999998,0.3481591087126817,9.651840891287316,9500.0,0.0,-7.241036803069731e-26,-3.8588777825709056e-25,2.0
16:11:33.629,9.999999999999998,0.3481591087126817,9.651840891287316,9500.0,0.0,-6.372112386701364e-26,-3.395812448662397e-25,2.0
16:11:33.649,9.999999999999998,0.3481591087126817,9.651840891287316,9500.0,0.0,-5.6074589002972e-26,-2.98831495482291e-25,2.0
16:11:33.670,9.999999999999998,0.3481591087126817,9.651840891287316,9500.0,0.0,-4.934563832261536e-26,-2.6297171602441604e-25,2.0
16:11:33.689,9.999999999999998,0.3481591087126817,9.651840891287316,9500.0,0.0,-4.342416172390152e-26,-2.314151101014861e-25,2.0
16:11:33.709,9.999999999999998,0.3481591087126817,9.651840891287316,9500.0,0.0,-3.8213262317033336e-26,-2.0364529688930777e-25,2.0
16:11:33.730,9.999999999999998,0.3481591087126817,9.651840891287316,9500.0,0.0,-3.3627670838989336e-26,-1.7920786126259084e-25,2.0
16:11:33.749,9.999999999999998,0.3481591087126817,9.651840891287316,9500.0,0.0,-2.9592350338310617e-26,-1.5770291791107996e-25,2.0
16:11:33.769,9.999999999999998,0.3481591087126817,9.651840891287316,9500.0,0.0,-2.604126829771334e-26,-1.3877856776175036e-25,2.0
16:11:33.789,9.999999999999998,0.3481591087126817,9.651840891287316,9500.0,0.0,-2.291631610198774e-26,-1.221251396303403e-25,2.0
16:11:33.809,9.999999999999998,0.3481591087126817,9.651840891287316,9500.0,0.0,-2.016635816974921e-26,-1.0747012287469947e-25,2.0
16:11:33.829,9.999999999999998,0.3481591087126817,9.651840891287316,9500.0,0.0,-1.7746395189379304e-26,-9.457370812973553e-26,2.0
16:11:33.849,9.999999999999998,0.3481591087126817,9.651840891287316,9500.0,0.0,-1.5616827766653787e-26,-8.322486315416726e-26,2.0
16:11:33.869,9.999999999999998,0.3481591087126817,9.651840891287316,9500.0,0.0,-1.3742808434655332e-26,-7.323787957566719e-26,2.0
16:11:33.889,9.999999999999998,0.3481591087126817,9.651840891287316,9500.0,0.0,-1.2093671422496692e-26,-6.444933402658712e-26,2.0
16:11:33.909,9.999999999999998,0.3481591087126817,9.651840891287316,9500.0,0.0,-1.0642430851797089e-26,-5.671541394339666e-26,2.0
16:11:33.929,9.999999999999998,0.3481591087126817,9.651840891287316,9500.0,0.0,-9.365339149581439e-27,-4.990956427018907e-26,2.0
16:11:33.949,9.999999999999998,0.3481591087126817,9.651840891287316,9500.0,0.0,-8.241498451631666e-27,-4.392041655776638e-26,2.0
16:11:33.969,9.999999999999998,0.3481591087126817,9.651840891287316,9500.0,0.0,-7.252518637435866e-27,-3.8649966570834413e-26,2.0
16:11:33.989,9.999999999999998,0.3481591087126817,9.651840891287316,9500.0,0.0,-6.382216400943562e-27,-3.401197058233429e-26,2.0
16:11:34.009,9.999999999999998,0.3481591087126817,9.651840891287316,9500.0,0.0,-5.616350432830335e-27,-2.9930534112454175e-26,2.0
16:11:34.029,9.999999999999998,0.3481591087126817,9.651840891287316,9500.0,0.0,-4.9423883808906945e-27,-2.633887001895967e-26,2.0
16:11:34.049,9.999999999999998,0.3481591087126817,9.651840891287316,9500.0,0.0,-4.349301775183811e-27,-2.317820561668451e-26,2.0
16:11:34.069,9.999999999999998,0.3481591087126817,9.651840891287316,9500.0,0.0,-3.827385562161754e-27,-2.0396820942682368e-26,2.0
16:11:34.089,9.999999999999998,0.3481591087126817,9.651840891287316,9500.0,0.0,-3.3680992947023435e-27,-1.7949202429560486e-26,2.0
16:11:34.109,9.999999999999998,0.3481591087126817,9.651840891287316,9500.0,0.0,-2.9639273793380622e-27,-1.5795298138013228e-26,2.0
16:11:34.130,9.999999999999998,0.3481591087126817,9.651840891287316,9500.0,0.0,-2.6082560938174948e-27,-1.389986236145164e-26,2.0
16:11:34.149,9.999999999999998,0.3481591087126817,9.651840891287316,9500.0,0.0,-2.2952653625593955e-27,-1.2231878878077444e-26,2.0
16:11:34.169,9.999999999999998,0.3481591087126817,9.651840891287316,9500.0,0.0,-2.019833519052268e-27,-1.0764053412708151e-26,2.0
16:11:34.189,9.999999999999998,0.3481591087126817,9.651840891287316,9500.0,0.0,-1.777453496765996e-27,-9.472367003183173e-27,2.0
16:11:34.209,9.999999999999998,0.3481591087126817,9.651840891287316,9500.0,0.0,-1.5641590771540764e-27,-8.335682962801192e-27,2.0
16:11:34.229,9.999999999999998,0.3481591087126817,9.651840891287316,9500.0,0.0,-1.3764599878955872e-27,-7.335401007265048e-27,2.0
16:11:34.250,9.999999999999998,0.3481591087126817,9.651840891287316,9500.0,0.0,-1.2112847893481168e-27,-6.455152886393243e-27,2.0
16:11:34.269,9.999999999999998,0.3481591087126817,9.651840891287316,9500.0,0.0,-1.0659306146263427e-27,-5.6805345400260536e-27,2.0
16:11:34.289,9.999999999999998,0.3481591087126817,9.651840891287316,9500.0,0.0,-9.380189408711816e-28,-4.9988703952229274e-27,2.0
16:11:34.309,9.999999999999998,0.3481591087126817,9.651840891287316,9500.0,0.0,-8.2545666796664e-28,-4.399005947796176e-27,2.0
16:11:34.329,9.999999999999998,0.3481591087126817,9.651840891287316,9500.0,0.0,-7.264018678106431e-28,-3.871125234060635e-27,2.0
16:11:34.349,9.999999999999998,0.3481591087126817,9.651840891287316,9500.0,0.0,-6.392336436733659e-28,-3.4065902059733586e-27,2.0
16:11:34.369,9.999999999999998,0.3481591087126817,9.651840891287316,9500.0,0.0,-5.62525606432562e-28,-2.9977993812565557e-27,2.0
16:11:34.389,9.999999999999998,0.3481591087126817,9.651840891287316,9500.0,0.0,-4.950225336606546e-28,-2.638063455505769e-27,2.0
16:11:34.409,9.999999999999998,0.3481591087126817,9.651840891287316,9500.0,0.0,-4.3561982962137605e-28,-2.321495840845077e-27,2.0
16:11:34.430,9.999999999999998,0.3481591087126817,9.651840891287316,9500.0,0.0,-3.833454500668109e-28,-2.0429163399436678e-27,2.0
16:11:34.449,9.999999999999998,0.3481591087126817,9.651840891287316,9500.0,0.0,-3.373439960587936e-28,-1.7977663791504275e-27,2.0
16:11:34.469,9.999999999999998,0.3481591087126817,9.651840891287316,9500.0,0.0,-2.9686271653173837e-28,-1.5820344136523763e-27,2.0
16:11:34.489,9.999999999999998,0.3481591087126817,9.651840891287316,9500.0,0.0,-2.6123919054792975e-28,-1.392190284014091e-27,2.0
16:11:34.509,9.999999999999998,0.3481591087126817,9.651840891287316,9500.0,0.0,-2.298904876821782e-28,-1.2251274499324002e-27,2.0
16:11:34.529,9.999999999999998,0.3481591087126817,9.651840891287316,9500.0,0.0,-2.023036291603168e-28,-1.0781121559405122e-27,2.0
16:11:34.549,9.999999999999998,0.3481591087126817,9.651840891287316,9500.0,0.0,-1.780271936610788e-28,-9.487386972276508e-28,2.0
16:11:34.569,9.999999999999998,0.3481591087126817,9.651840891287316,9500.0,0.0,-1.5666393042174935e-28,-8.348900535603327e-28,2.0
16:11:34.589,9.999999999999998,0.3481591087126817,9.651840891287316,9500.0,0.0,-1.3786425877113943e-28,-7.3470324713309275e-28,2.0
16:11:34.610,9.999999999999998,0.3481591087126817,9.651840891287316,9500.0,0.0,-1.213205477186027e-28,-6.465388574771217e-28,2.0
16:11:34.630,9.999999999999998,0.4351988858908521,9.564801114109146,9500.0,0.0,-1.0676208199237038e-28,-5.6895419457986705e-28,2.0
16:11:34.650,9.999999999999998,0.4351988858908521,9.564801114109146,9500.0,0.0,-9.395063215328594e-29,-5.006796912302831e-28,2.0
16:11:34.669,9.999999999999998,0.4351988858908521,9.564801114109146,9500.0,0.0,-8.267655629489163e-29,-4.405981282826491e-28,2.0
16:11:34.689,9.999999999999998,0.4351988858908521,9.564801114109146,9500.0,0.0,-7.275536953950463e-29,-3.877263528887312e-28,2.0
16:11:34.709,9.999999999999998,0.4351988858908521,9.564801114109146,9500.0,0.0,-6.402472519476407e-29,-3.411991905420834e-28,2.0
16:11:34.729,9.999999999999998,0.4351988858908521,9.564801114109146,9500.0,0.0,-5.634175817139239e-29,-3.002552876770334e-28,2.0
16:11:34.749,9.999999999999998,0.4351988858908521,9.564801114109146,9500.0,0.0,-4.95807471908253e-29,-2.642246531557894e-28,2.0
16:11:34.769,9.999999999999998,0.4351988858908521,9.564801114109146,9500.0,0.0,-4.363105752792626e-29,-2.3251769477709467e-28,2.0
16:11:34.789,9.999999999999998,0.4351988858908521,9.564801114109146,9500.0,0.0,-3.8395330624575113e-29,-2.0461557140384333e-28,2.0
16:11:34.809,9.999999999999998,0.4351988858908521,9.564801114109146,9500.0,0.0,-3.37878909496261e-29,-1.800617028353821e-28,2.0
16:11:34.830,9.999999999999998,0.4351988858908521,9.564801114109146,9500.0,0.0,-2.973334403567097e-29,-1.5845429849513628e-28,2.0
16:11:34.850,9.999999999999998,0.4351988858908521,9.564801114109146,9500.0,0.0,-2.616534275139045e-29,-1.3943978267571992e-28,2.0
16:11:34.869,9.999999999999998,0.4351988858908521,9.564801114109146,9500.0,0.0,-2.3025501621223596e-29,-1.2270700875463352e-28,2.0
16:11:34.889,9.999999999999998,0.4351988858908521,9.564801114109146,9500.0,0.0,-2.0262441426676766e-29,-1.079821677040775e-28,2.0
16:11:34.909,9.999999999999998,0.4351988858908521,9.564801114109146,9500.0,0.0,-1.7830948455475554e-29,-9.50243075795882e-29,2.0
16:11:34.929,9.999999999999998,0.4351988858908521,9.564801114109146,9500.0,0.0,-1.569123464081849e-29,-8.362139067003764e-29,2.0
16:11:34.949,9.999999999999998,0.4351988858908521,9.564801114109146,9500.0,0.0,-1.380828648392027e-29,-7.35868237896331e-29,2.0
16:11:34.969,9.999999999999998,0.4351988858908521,9.564801114109146,9500.0,0.0,-1.2151292105849837e-29,-6.475640493487713e-29,2.0
16:11:34.990,9.999999999999998,0.4351988858908521,9.564801114109146,9500.0,0.0,-1.0693137053147857e-29,-5.698563634269189e-29,2.0
16:11:35.009,9.999999999999998,0.4351988858908521,9.564801114109146,9500.0,0.0,-9.409960606770114e-30,-5.0147359981568856e-29,2.0
16:11:35.030,9.999999999999998,0.4351988858908521,9.564801114109146,9500.0,0.0,-8.280765333957701e-30,-4.41296767837806e-29,2.0
16:11:35.050,9.999999999999998,0.4351988858908521,9.564801114109146,9500.0,0.0,-7.287073493882776e-30,-3.8834115569726923e-29,2.0
16:11:35.069,9.999999999999998,0.4351988858908521,9.564801114109146,9500.0,0.0,-6.412624674616843e-30,-3.4174021701359693e-29,2.0
16:11:35.089,9.999999999999998,0.4351988858908521,9.564801114109146,9500.0,0.0,-5.643109713662822e-30,-3.007313909719653e-29,2.0
16:11:35.109,9.999999999999998,0.4351988858908521,9.564801114109146,9500.0,0.0,-4.965936548023284e-30,-2.646436240553295e-29,2.0
16:11:35.129,9.999999999999998,0.4351988858908521,9.564801114109146,9500.0,0.0,-4.3700241622604896e-30,-2.3288638916868994e-29,2.0
16:11:35.149,9.999999999999998,0.4351988858908521,9.564801114109146,9500.0,0.0,-3.845621262789231e-30,-2.0494002246844717e-29,2.0
16:11:35.169,9.999999999999998,0.4351988858908521,9.564801114109146,9500.0,0.0,-3.3841467112545236e-30,-1.803472197722335e-29,2.0
16:11:35.189,9.999999999999998,0.5222386630690226,9.477761336930975,9500.0,0.0,-2.978049105903981e-30,-1.587055533995655e-29,2.0
16:11:35.209,9.999999999999998,0.5222386630690226,9.477761336930975,9500.0,0.0,-2.620683213195503e-30,-1.3966088699161764e-29,2.0
16:11:35.229,9.999999999999998,0.5222386630690226,9.477761336930975,9500.0,0.0,-2.306201227612043e-30,-1.2290158055262353e-29,2.0
16:11:35.249,9.999999999999998,0.5222386630690226,9.477761336930975,9500.0,0.0,-2.0294570802985977e-30,-1.081533908863087e-29,2.0
16:11:35.269,9.999999999999998,0.5222386630690226,9.477761336930975,9500.0,0.0,-1.785922230662766e-30,-9.517498397995166e-30,2.0
16:11:35.289,9.999999999999998,0.5222386630690226,9.477761336930975,9500.0,0.0,-1.5716115629832341e-30,-8.375398590235746e-30,2.0
16:11:35.309,9.999999999999998,0.5222386630690226,9.477761336930975,9500.0,0.0,-1.383018175425246e-30,-7.370350759407455e-30,2.0
16:11:35.330,9.999999999999998,0.5222386630690226,9.477761336930975,9500.0,0.0,-1.2170559943742164e-30,-6.48590866827856e-30,2.0
16:11:35.349,9.999999999999998,0.5222386630690226,9.477761336930975,9500.0,0.0,-1.0710092750493104e-30,-5.707599628085133e-30,2.0
16:11:35.369,9.999999999999998,0.5222386630690226,9.477761336930975,9500.0,0.0,-9.424881620433932e-31,-5.022687672714918e-30,2.0
16:11:35.389,9.999999999999998,0.5222386630690226,9.477761336930975,9500.0,0.0,-8.29389582598186e-31,-4.419965151989127e-30,2.0
16:11:35.409,9.999999999999998,0.5222386630690226,9.477761336930975,9500.0,0.0,-7.298628326864036e-31,-3.889569333750432e-30,2.0
16:11:35.429,9.999999999999998,0.5222386630690226,9.477761336930975,9500.0,0.0,-6.422792927640352e-31,-3.422821013700381e-30,2.0
16:11:35.449,9.999999999999998,0.5222386630690226,9.477761336930975,9500.0,0.0,-5.65205777632351e-31,-3.0120824920563344e-30,2.0
16:11:35.470,9.999999999999998,0.5222386630690226,9.477761336930975,9500.0,0.0,-4.973810843164688e-31,-2.6506325930095743e-30,2.0
16:11:35.489,9.999999999999998,0.5222386630690226,9.477761336930975,9500.0,0.0,-4.376953541984926e-31,-2.332556681848425e-30,2.0
16:11:35.510,9.999999999999998,0.5222386630690226,9.477761336930975,9500.0,0.0,-3.8517191169467347e-31,-2.0526498800266142e-30,2.0
16:11:35.530,9.999999999999998,0.5222386630690226,9.477761336930975,9500.0,0.0,-3.3895128229131264e-31,-1.8063318944234205e-30,2.0
16:11:35.549,9.999999999999998,0.5222386630690226,9.477761336930975,9500.0,0.0,-2.982771284163551e-31,-1.58957206709261e-30,2.0
16:11:35.568,9.999999999999998,0.5222386630690226,9.477761336930975,9500.0,0.0,-2.624838730063925e-31,-1.3988234190414969e-30,2.0
16:11:35.588,9.999999999999998,0.5222386630690226,9.477761336930975,9500.0,0.0,-2.309858082456254e-31,-1.2309646087565172e-30,2.0
16:11:35.609,9.999999999999998,0.5222386630690226,9.477761336930975,9500.0,0.0,-2.0326751125615035e-31,-1.0832488557057351e-30,2.0
16:11:35.629,9.999999999999998,0.5222386630690226,9.477761336930975,9500.0,0.0,-1.7887540990541232e-31,-9.53258993021047e-31,2.0
16:11:35.649,9.999999999999998,0.5222386630690226,9.477761336930975,9500.0,0.0,-1.5741036071676284e-31,-8.388679138585213e-31,2.0
16:11:35.669,9.999999999999998,0.5222386630690226,9.477761336930975,9500.0,0.0,-1.385211174307513e-31,-7.382037641954988e-31,2.0
16:11:35.689,9.999999999999998,0.5222386630690226,9.477761336930975,9500.0,0.0,-1.2189858333906115e-31,-6.496193124920389e-31,2.0
16:11:35.709,9.999999999999998,0.5222386630690226,9.477761336930975,9500.0,0.0,-1.072707533383738e-31,-5.716649949929942e-31,2.0
16:11:35.729,9.999999999999998,0.5222386630690226,9.477761336930975,9500.0,0.0,-9.439826293776895e-32,-5.03065195593835e-31,2.0
16:11:35.749,9.999999999999998,0.5222386630690226,9.477761336930975,9500.0,0.0,-8.307047138523668e-32,-4.426973721225748e-31,2.0
16:11:35.769,9.999999999999998,0.5222386630690226,9.477761336930975,9500.0,0.0,-7.310201481900828e-32,-3.895736874678658e-31,2.0
16:11:35.789,9.999999999999998,0.5222386630690226,9.477761336930975,9500.0,0.0,-6.432977304072728e-32,-3.428248449717219e-31,2.0
16:11:35.809,9.999999999999998,0.5222386630690226,9.477761336930975,9500.0,0.0,-5.661020027584001e-32,-3.016858635751153e-31,2.0
16:11:35.830,9.999999999999998,0.5222386630690226,9.477761336930975,9500.0,0.0,-4.981697624273921e-32,-2.6548355994610145e-31,2.0
16:11:35.849,9.999999999999998,0.5222386630690226,9.477761336930975,9500.0,0.0,-4.3838939093610504e-32,-2.3362553275256925e-31,2.0
16:11:35.869,9.999999999999998,0.5222386630690226,9.477761336930975,9500.0,0.0,-3.8578266402377244e-32,-2.05590468822261e-31,2.0
16:11:35.889,9.999999999999998,0.5222386630690226,9.477761336930975,9500.0,0.0,-3.394887443409197e-32,-1.8091961256358964e-31,2.0
16:11:35.909,9.999999999999998,0.5222386630690226,9.477761336930975,9500.0,0.0,-2.9875009502000934e-32,-1.5920925905595887e-31,2.0
16:11:35.929,9.999999999999998,0.5222386630690226,9.477761336930975,9500.0,0.0,-2.629000836176082e-32,-1.401041479692438e-31,2.0
16:11:35.949,9.999999999999998,0.5222386630690226,9.477761336930975,9500.0,0.0,-2.3135207358349522e-32,-1.2329165021293454e-31,2.0
16:11:35.969,9.999999999999998,0.5222386630690226,9.477761336930975,9500.0,0.0,-2.035898247534758e-32,-1.084966521873824e-31,2.0
16:11:35.989,9.999999999999998,0.5222386630690226,9.477761336930975,9500.0,0.0,-1.7915904578305872e-32,-9.547705392489652e-32,2.0
16:11:36.010,9.999999999999998,0.5222386630690226,9.477761336930975,9500.0,0.0,-1.5765996028909166e-32,-8.401980745390893e-32,2.0
16:11:36.029,9.999999999999998,0.5222386630690226,9.477761336930975,9500.0,0.0,-1.3874076505440066e-32,-7.393743055943985e-32,2.0
16:11:36.049,9.999999999999998,0.5222386630690226,9.477761336930975,9500.0,0.0,-1.2209187324787258e-32,-6.506493889230708e-32,2.0
16:11:36.069,9.999999999999998,0.5222386630690226,9.477761336930975,9500.0,0.0,-1.0744084845812787e-32,-5.725714622523022e-32,2.0
16:11:36.089,9.999999999999998,0.5222386630690226,9.477761336930975,9500.0,0.0,-9.454794664315252e-33,-5.038628867820259e-32,2.0
16:11:36.109,9.999999999999998,0.5222386630690226,9.477761336930975,9500.0,0.0,-8.320219304597422e-33,-4.433993403681828e-32,2.0
16:11:36.129,9.999999999999998,0.5222386630690226,9.477761336930975,9500.0,0.0,-7.321792988045731e-33,-3.901914195240009e-32,2.0
16:11:36.149,9.999999999999998,0.5222386630690226,9.477761336930975,9500.0,0.0,-6.443177829480243e-33,-3.4336844918112073e-32,2.0
16:11:36.169,9.999999999999998,0.5222386630690226,9.477761336930975,9500.0,0.0,-5.6699964899426135e-33,-3.0216423527938626e-32,2.0
16:11:36.189,9.999999999999998,0.5222386630690226,9.477761336930975,9500.0,0.0,-4.9895969111495e-33,-2.659045270458599e-32,2.0
16:11:36.209,9.999999999999998,0.5222386630690226,9.477761336930975,9500.0,0.0,-4.39084528181156e-33,-2.3399598380035673e-32,2.0
16:11:36.229,9.999999999999998,0.5222386630690226,9.477761336930975,9500.0,0.0,-3.863943847994173e-33,-2.059164657443139e-32,2.0
16:11:36.249,9.999999999999998,0.6092784402471929,9.390721559752805,9500.0,0.0,-3.400270586234872e-33,-1.8120648985499626e-32,2.0
16:11:36.270,9.999999999999998,0.6092784402471929,9.390721559752805,9500.0,0.0,-2.9922381158866876e-33,-1.594617110723967e-32,2.0
16:11:36.289,9.999999999999998,0.7833579946035337,9.216642005396464,9500.0,1.0,0.12,0.6395014229346258,2.0
16:11:36.310,9.999999999999998,1.7407955435634084,8.25920445643659,9500.0,11.0,1.4255999999999998,7.597276904463353,2.0
16:11:36.329,9.999999999999998,3.5686308643049873,6.431369135695011,9500.0,16.0,3.1745279999999996,16.91762644288176,2.0
16:11:36.349,9.999999999999998,6.26686395682827,3.733136043171728,9500.0,25.0,5.79358464,30.875046843101597,2.0
16:11:36.369,9.999999999999998,8.703977717817041,1.2960222821829563,9500.0,20.0,7.4983544832,39.96006968062192,2.0
16:11:36.389,9.999999999999998,11.141091478805814,-1.1410914788058153,-9500.0,20.0,8.998551945216,47.95488977763981,2.0
16:11:36.409,9.999999999999998,13.665245016972756,-3.6652450169727575,-9500.0,11.0,9.23872571179008,49.23481865660391,2.0
16:11:36.429,9.999999999999998,13.926364348507267,-3.926364348507269,-9500.0,-5.0,7.530078626375271,40.12913330313832,2.0
16:11:36.449,9.999999999999998,13.839324571329097,-3.839324571329098,-9500.0,-1.0,6.506469191210239,34.6741358838271,2.0
16:11:36.469,9.999999999999998,13.752284794150926,-3.752284794150928,-9500.0,-1.0,5.60569288826501,29.87373815483322,2.0
16:11:36.489,9.999999999999998,11.750369919053007,-1.7503699190530082,-9500.0,-24.0,2.0530097416732094,10.940855425822216,2.0
16:11:36.509,9.999999999999998,9.748455043955087,0.25154495604491134,3627.368437269943,-17.0,-0.23335142732757586,-1.243571415165089,2.0
16:11:36.529,9.999999999999998,7.920619723213508,2.07938027678649,9500.0,-11.0,-1.5253492560482667,-8.128858497626162,2.0
16:11:36.549,9.999999999999998,7.920619723213508,2.07938027678649,9500.0,3.0,-0.9823073453224748,-5.234891209107145,2.0
16:11:36.569,9.999999999999998,9.052136826529724,0.9478631734702747,8828.963433742118,8.0,0.09556953611622221,0.5093071194627184,2.0
16:11:36.590,9.999999999999998,9.661415266776917,0.33858473322308175,4278.907821693062,0.0,0.08410119178227554,0.44819026512719223,2.0
16:11:36.609,9.999999999999998,9.835494821133258,0.1645051788667409,0.0,0.0,0.07400904876840247,0.3944074333119291,2.0
16:11:36.630,9.999999999999998,10.61885281573679,-0.6188528157367928,-6364.783267228613,11.0,1.385127962916194,7.381594193595381,2.0
16:11:36.649,9.999999999999998,11.228131255983984,-1.2281312559839859,-9500.0,-2.0,0.9789126073662509,5.216800044494684,2.0
16:11:36.669,9.999999999999998,11.228131255983984,-1.2281312559839859,-9500.0,0.0,0.8614430944823007,4.590784039155322,2.0
16:11:36.689,9.999999999999998,11.228131255983984,-1.2281312559839859,-9500.0,0.0,0.7580699231444247,4.039889954456683,2.0
16:11:36.709,9.999999999999998,11.141091478805814,-1.1410914788058153,-9500.0,-1.0,0.5471015323670937,2.9156017369872553,2.0
16:11:36.729,9.999999999999998,9.139176603707893,0.8608233962921042,8168.032802536705,-22.0,-2.1585506515169572,-11.50330177601298,2.0
16:11:36.749,9.999999999999998,7.659500391678997,2.3404996083210015,9500.0,0.0,-1.8995245733349224,-10.122905562891424,2.0
16:11:36.769,9.999999999999998,8.18173905474802,1.818260945251979,9500.0,13.0,-0.11158162453473164,-0.594638397194317,2.0
16:11:36.789,9.999999999999998,9.313256158064235,0.6867438419357634,6882.679061672141,8.0,0.8618081704094361,4.592729593946007,2.0
16:11:36.809,9.999999999999998,9.661415266776917,0.33858473322308175,4282.759475694418,1.0,0.8783911899603039,4.681103465607112,2.0
16:11:36.829,9.999999999999998,9.835494821133258,0.1645051788667409,0.0,2.0,1.0129842471650674,5.398373895603511,2.0
16:11:36.850,9.999999999999998,10.879972147271303,-0.8799721472713041,-8311.940202711468,9.0,1.9714261375052593,10.506081834542721,2.0
16:11:36.869,9.999999999999998,11.402210810340325,-1.4022108103403266,-9500.0,0.0,1.7348550010046282,9.245352014397595,2.0
16:11:36.889,9.999999999999998,11.402210810340325,-1.4022108103403266,-9500.0,-1.0,1.406672400884073,7.496408349735258,2.0
16:11:36.909,9.999999999999998,11.402210810340325,-1.4022108103403266,-9500.0,0.0,1.2378717127779841,6.596839347767027,2.0
16:11:36.929,9.999999999999998,11.054051701627643,-1.054051701627645,-9500.0,-15.0,-0.7106728927553738,-3.787302717984402,2.0
16:11:36.950,9.999999999999998,8.878057272173383,1.1219427278266154,9500.0,-18.0,-2.785392145624729,-14.84385200464954,2.0
16:11:36.969,9.999999999999998,7.485420837322656,2.514579162677342,9500.0,0.0,-2.4511450881497616,-13.062589764091594,2.0
16:11:36.989,9.999999999999998,8.18173905474802,1.818260945251979,9500.0,11.0,-0.8370076775717905,-4.460563340119721,2.0
16:11:37.009,9.999999999999998,9.313256158064235,0.6867438419357634,6880.165369110103,9.0,0.3434332437368244,1.8302170671062779,2.0
16:11:37.029,9.999999999999998,9.574375489598745,0.42562451040125215,4931.129327662759,2.0,0.5422212544884055,2.8895938649227766,2.0
16:11:37.049,9.999999999999998,9.922534598311428,0.07746540168857048,0.0,4.0,0.9571547039497968,5.1008482928705465,2.0
16:11:37.069,9.999999999999998,11.228131255983984,-1.2281312559839859,-9500.0,10.0,2.0422961394758214,10.88376072707234,2.0
16:11:37.089,9.999999999999998,11.750369919053007,-1.7503699190530082,-9500.0,0.0,1.797220602738723,9.57770943982366,2.0
16:11:37.109,9.999999999999998,11.750369919053007,-1.7503699190530082,-9500.0,0.0,1.5815541304100762,8.428384307044821,2.0
16:11:37.129,9.999999999999998,11.750369919053007,-1.7503699190530082,-9500.0,0.0,1.391767634760867,7.416978190199441,2.0
16:11:37.150,9.999999999999998,11.228131255983984,-1.2281312559839859,-9500.0,-18.0,-0.9352444814104373,-4.984084805447757,2.0
16:11:37.169,9.999999999999998,9.052136826529724,0.9478631734702747,8814.03482702732,-18.0,-2.983015143641185,-15.897020241617293,2.0
16:11:37.189,9.999999999999998,7.572460614500827,2.4275393854991716,9500.0,-7.0,-3.465053326404243,-18.465887773165598,2.0
16:11:37.209,9.999999999999998,8.18173905474802,1.818260945251979,9500.0,13.0,-1.4892469272357336,-7.93646274223559,2.0
16:11:37.229,9.999999999999998,9.226216380886065,0.7737836191139338,7523.308773534757,2.0,-1.0705372959674455,-5.705084367298067,2.0
16:11:37.249,9.999999999999998,9.487335712420576,0.5126642875794226,5575.095523556454,2.0,-0.7020728204513521,-3.7414713973530476,2.0
16:11:37.269,9.999999999999998,9.835494821133258,0.1645051788667409,0.0,9.0,0.4621759180028102,2.4630179767409506,2.0
16:11:37.289,9.999999999999998,11.228131255983984,-1.2281312559839859,-9500.0,13.0,1.966714807842473,10.480974317682172,2.0
16:11:37.309,9.999999999999998,11.837409696231177,-1.8374096962311788,-9500.0,0.0,1.7307090309013762,9.22325739956031,2.0
16:11:37.330,9.999999999999998,11.837409696231177,-1.8374096962311788,-9500.0,0.0,1.523023947193211,8.116466511613073,2.0
16:11:37.350,9.999999999999998,11.837409696231177,-1.8374096962311788,-9500.0,0.0,1.3402610735300258,7.142490530219505,2.0
16:11:37.369,9.999999999999998,11.315171033162155,-1.3151710331621562,-9500.0,-18.0,-0.9805702552935776,-5.225633946230101,2.0
16:11:37.389,9.999999999999998,9.139176603707893,0.8608233962921042,8162.095705121517,-21.0,-3.382901824658348,-18.02808775430963,2.0
16:11:37.409,9.999999999999998,7.746540168857167,2.253459831142831,9500.0,0.0,-2.9769536056993466,-15.864717223792477,2.0
16:11:37.429,9.999999999999998,8.18173905474802,1.818260945251979,9500.0,15.0,-0.8197191730154252,-4.368429812917992,2.0
16:11:37.449,9.999999999999998,9.226216380886065,0.7737836191139338,7526.165833989174,2.0,-0.48135287225357415,-2.565215389498582,2.0
16:11:37.469,9.999999999999998,9.487335712420576,0.5126642875794226,5577.609736756342,2.0,-0.18359052758314526,-0.9783866968895005,2.0
16:11:37.489,9.999999999999998,9.748455043955087,0.25154495604491134,3629.4622726143834,3.0,0.19844033572683215,1.0575239755411168,2.0
16:11:37.509,9.999999999999998,11.228131255983984,-1.2281312559839859,-9500.0,13.0,1.7346274954396124,9.244139596626319,2.0
16:11:37.529,9.999999999999998,12.272608582122029,-2.272608582122031,-9500.0,2.0,1.7664721959868588,9.413845690900411,2.0
16:11:37.549,9.999999999999998,12.272608582122029,-2.272608582122031,-9500.0,0.0,1.5544955324684357,8.284184207992363,2.0
16:11:37.569,9.999999999999998,12.272608582122029,-2.272608582122031,-9500.0,0.0,1.3679560685722234,7.290082103033279,2.0
16:11:37.589,9.999999999999998,12.098529027765688,-2.09852902776569,-9500.0,-3.0,0.8438013403435566,4.496767981865408,2.0
16:11:37.609,9.999999999999998,10.009574375489597,-0.009574375489599933,0.0,-19.0,-1.5374548204976701,-8.19337121171633,2.0
16:11:37.629,9.999999999999998,8.18173905474802,1.818260945251979,9500.0,-11.0,-2.6729602420379495,-14.244682318591254,2.0
16:11:37.649,9.999999999999998,7.920619723213508,2.07938027678649,9500.0,1.0,-2.2322050129933952,-11.895819017425676,2.0
16:11:37.669,9.999999999999998,8.965097049351552,1.034902950648445,9474.211675468556,9.0,-0.8843404114341877,-4.712807928922962,2.0
16:11:37.689,9.999999999999998,9.400295935242406,0.599704064757593,6225.308175835263,1.0,-0.6582195620620852,-3.507769554517581,2.0
16:11:37.709,9.999999999999998,9.574375489598745,0.42562451040125215,4926.854997580899,2.0,-0.33923321461463496,-1.8078343621062196,2.0
16:11:37.729,9.999999999999998,10.61885281573679,-0.6188528157367928,-6364.21908078479,15.0,1.501474771139121,8.001627105365912,2.0
16:11:37.749,9.999999999999998,12.011489250587518,-2.0114892505875197,-9500.0,10.0,2.5212977986024265,13.436446082068262,2.0
16:11:37.769,9.999999999999998,12.098529027765688,-2.09852902776569,-9500.0,0.0,2.2187420627701355,11.824072552220072,2.0
16:11:37.790,9.999999999999998,12.098529027765688,-2.09852902776569,-9500.0,0.0,1.9524930152377193,10.405183845953664,2.0
16:11:37.809,9.999999999999998,12.098529027765688,-2.09852902776569,-9500.0,0.0,1.718193853409193,9.156561784439223,2.0
16:11:37.829,9.999999999999998,10.705892592914962,-0.7058925929149633,-7024.642216326206,-18.0,-0.6479894089999103,-3.4532512425167488,2.0
16:11:37.849,9.999999999999998,8.616937940638872,1.3830620593611267,9500.0,-15.0,-2.3702306799199206,-12.631382437434123,2.0
16:11:37.869,9.999999999999998,7.659500391678997,2.3404996083210015,9500.0,4.0,-1.6058029983295303,-8.557610853203526,2.0
16:11:37.889,9.999999999999998,8.44285838628253,1.5571416137174676,9500.0,10.0,-0.21310663852998668,-1.1356833214728452,2.0
16:11:37.909,9.999999999999998,9.313256158064235,0.6867438419357634,6878.754417767079,2.0,0.052466158093611714,0.2796015229731477,2.0
16:11:37.929,9.999999999999998,9.487335712420576,0.5126642875794226,5579.305789057962,1.0,0.1661702191223783,0.8855507631509958,2.0
16:11:37.949,9.999999999999998,10.009574375489597,-0.009574375489599933,0.0,5.0,0.7462297928276929,3.976791786246005,2.0
16:11:37.969,9.999999999999998,11.576290364696666,-1.5762903646966675,-9500.0,13.0,2.21668221768837,11.813095270046622,2.0
16:11:37.989,9.999999999999998,12.185568804943859,-2.1855688049438604,-9500.0,0.0,1.9506803515657656,10.395523837641027,2.0
16:11:38.009,9.999999999999998,12.185568804943859,-2.1855688049438604,-9500.0,-1.0,1.5965987093778735,8.508559554189477,2.0
16:11:38.029,9.999999999999998,12.185568804943859,-2.1855688049438604,-9500.0,0.0,1.4050068642525286,7.487532407686739,2.0
16:11:38.050,9.999999999999998,11.663330141874836,-1.6633301418748379,-9500.0,-26.0,-1.8835939594577749,-10.038008477535941,2.0
16:11:38.069,9.999999999999998,9.487335712420576,0.5126642875794226,5558.242252746607,-21.0,-4.177562684322842,-22.26297734185877,2.0
16:11:38.090,9.999999999999998,7.920619723213508,2.07938027678649,9500.0,-9.0,-4.756255162204101,-25.34693286724735,2.0
16:11:38.109,9.999999999999998,8.18173905474802,1.818260945251979,9500.0,9.0,-3.1055045427396086,-16.549788116766035,2.0
16:11:38.130,9.999999999999998,9.139176603707893,0.8608233962921042,8166.411754421959,2.0,-2.492843997610856,-13.28481069688486,2.0
16:11:38.149,9.999999999999998,9.400295935242406,0.599704064757593,6219.026146737192,2.0,-1.953702717897553,-10.411630567389425,2.0
16:11:38.169,9.999999999999998,9.574375489598745,0.42562451040125215,4920.163009128728,0.0,-1.7192583917498467,-9.162234899302694,2.0
16:11:38.189,9.999999999999998,11.054051701627643,-1.054051701627645,-9500.0,16.0,0.4070526152601348,2.1692560555676415,2.0
16:11:38.209,9.999999999999998,12.3596483593002,-2.359648359300201,-9500.0,0.0,0.3582063014289186,1.9089453288995246,2.0
16:11:38.230,9.999999999999998,12.44668813647837,-2.4466881364783717,-9500.0,0.0,0.3152215452574484,1.6798718894315816,2.0
16:11:38.250,9.999999999999998,12.3596483593002,-2.359648359300201,-9500.0,0.0,0.2773949598265546,1.4782872626997918,2.0
16:11:38.269,9.999999999999998,12.272608582122029,-2.272608582122031,-9500.0,-1.0,0.12410756464736805,0.661391368241191,2.0
16:11:38.289,9.999999999999998,10.35773348420228,-0.3577334842022816,-4430.280821398218,-16.0,-1.810785343110316,-9.649998362901764,2.0
16:11:38.309,9.999999999999998,8.355818609104361,1.644181390895638,9500.0,-9.0,-2.673491101937078,-14.247511365765185,2.0
16:11:38.330,9.999999999999998,7.746540168857167,2.253459831142831,9500.0,0.0,-2.3526721697046287,-12.537810001873362,2.0
16:11:38.350,9.999999999999998,8.703977717817041,1.2960222821829563,9500.0,13.0,-0.5103515093400732,-2.7197543034984233,2.0
16:11:38.370,9.999999999999998,9.313256158064235,0.6867438419357634,6876.322188690458,0.0,-0.44910932821926447,-2.3933837870786125,2.0
16:11:38.389,9.999999999999998,9.487335712420576,0.5126642875794226,5577.165427470536,1.0,-0.2752162088329527,-1.4666763096945532,2.0
16:11:38.409,9.999999999999998,10.35773348420228,-0.3577334842022816,-4416.273508173649,11.0,1.0778097362270014,5.743840499749676,2.0
16:11:38.429,9.999999999999998,11.837409696231177,-1.8374096962311788,-9500.0,12.0,2.388472567879761,12.728596714995223,2.0
16:11:38.449,9.999999999999998,12.098529027765688,-2.09852902776569,-9500.0,-1.0,1.9818558597341895,10.56166368626117,2.0
16:11:38.469,9.999999999999998,12.098529027765688,-2.09852902776569,-9500.0,0.0,1.7440331565660867,9.294264043909829,2.0
16:11:38.489,9.999999999999998,12.098529027765688,-2.09852902776569,-9500.0,0.0,1.5347491777781563,8.17895235864065,2.0
16:11:38.510,9.999999999999998,11.054051701627643,-1.054051701627645,-9500.0,-13.0,-0.20942072355522257,-1.1160404225463645,2.0
16:11:38.529,9.999999999999998,8.878057272173383,1.1219427278266154,9500.0,-15.0,-1.9842902367285957,-10.574636915860188,2.0
16:11:38.550,9.999999999999998,7.659500391678997,2.3404996083210015,9500.0,0.0,-1.7461754083211642,-9.305680485956964,2.0
16:11:38.569,9.999999999999998,8.26877883192619,1.7312211680738083,9500.0,18.0,0.6233656406773755,3.322026785181136,2.0
16:11:38.589,9.999999999999998,9.226216380886065,0.7737836191139338,7534.651482461936,6.0,1.2685617637960904,6.760392108567154,2.0
16:11:38.609,9.999999999999998,9.400295935242406,0.599704064757593,6235.077107412371,2.0,1.3563343521405595,7.228147901408347,2.0
16:11:38.630,9.999999999999998,9.835494821133258,0.1645051788667409,0.0,15.0,2.9935742298836923,15.953291497258732,2.0
16:11:38.649,9.999999999999998,11.489250587518494,-1.4892505875184971,-9500.0,12.0,4.074345322297649,21.712913592803194,2.0
16:11:38.669,9.999999999999998,12.185568804943859,-2.1855688049438604,-9500.0,-2.0,3.3454238836219314,17.82836111579756,2.0
16:11:38.689,9.999999999999998,12.185568804943859,-2.1855688049438604,-9500.0,0.0,2.9439730175873,15.688957781901854,2.0
16:11:38.710,9.999999999999998,12.185568804943859,-2.1855688049438604,-9500.0,0.0,2.590696255476824,13.806282848073632,2.0
16:11:38.730,9.999999999999998,11.750369919053007,-1.7503699190530082,-9500.0,-15.0,0.47981270481960525,2.5570075622854094,2.0
16:11:38.750,9.999999999999998,9.574375489598745,0.42562451040125215,4917.745662463723,-22.0,-2.217764819758747,-11.818864649750605,2.0
16:11:38.770,9.999999999999998,8.007659500391679,1.9923404996083196,9500.0,4.0,-1.4716330413876972,-7.8425952000420285,2.0
16:11:38.789,9.999999999999998,8.18173905474802,1.818260945251979,9500.0,9.0,-0.21503707642117353,-1.1459709696253528,2.0
16:11:38.809,9.999999999999998,9.139176603707893,0.8608233962921042,8180.491884322474,5.0,0.41076737274936725,2.189052661402818,2.0
16:11:38.829,9.999999999999998,9.400295935242406,0.599704064757593,6231.416661049645,2.0,0.6014752880194432,3.2053691879037314,2.0
16:11:38.849,9.999999999999998,9.487335712420576,0.5126642875794226,5581.066661723687,0.0,0.52929825345711,2.820724885355284,2.0
16:11:38.869,9.999999999999998,10.879972147271303,-0.8799721472713041,-8311.094717762073,14.0,2.1457824630422566,11.43525782019741,2.0
16:11:38.889,9.999999999999998,12.3596483593002,-2.359648359300201,-9500.0,10.0,3.0882885674771856,16.45804111111998,2.0
16:11:38.909,9.999999999999998,12.3596483593002,-2.359648359300201,-9500.0,0.0,2.7176939393799233,14.48307617778558,2.0
16:11:38.929,9.999999999999998,12.3596483593002,-2.359648359300201,-9500.0,0.0,2.3915706666543324,12.74510703645131,2.0
16:11:38.949,9.999999999999998,12.3596483593002,-2.359648359300201,-9500.0,0.0,2.1045821866558123,11.215694192077152,2.0
16:11:38.969,9.999999999999998,10.61885281573679,-0.6188528157367928,-6371.829587393579,-16.0,-0.06796767574288509,-0.36221187792611886,2.0
16:11:38.989,9.999999999999998,8.5298981634607,1.4701018365392973,9500.0,-16.0,-1.9798115546537387,-10.550769219528997,2.0
16:11:39.009,9.999999999999998,7.746540168857167,2.253459831142831,9500.0,2.0,-1.50223416809529,-8.005674067316265,2.0
16:11:39.029,9.999999999999998,8.616937940638872,1.3830620593611267,9500.0,13.0,0.23803393207614487,1.2685253189118226,2.0
16:11:39.050,9.999999999999998,9.226216380886065,0.7737836191139338,7528.351953901854,-2.0,-0.030530139772992515,-0.16270056522684773,2.0
16:11:39.069,9.999999999999998,9.400295935242406,0.599704064757593,6227.787818010696,-1.0,-0.1468665230002334,-0.7826779203342517,2.0
16:11:39.089,9.999999999999998,10.183653929845939,-0.18365392984594078,-3111.652494537764,18.0,2.0307574597597946,10.822269042929124,2.0
16:11:39.109,9.999999999999998,11.837409696231177,-1.8374096962311788,-9500.0,12.0,3.227066564588619,17.197613832993138,2.0
16:11:39.130,9.999999999999998,12.272608582122029,-2.272608582122031,-9500.0,0.0,2.839818576837985,15.133900173033963,2.0
16:11:39.149,9.999999999999998,12.185568804943859,-2.1855688049438604,-9500.0,0.0,2.4990403476174268,13.317832152269887,2.0
16:11:39.170,9.999999999999998,12.185568804943859,-2.1855688049438604,-9500.0,0.0,2.1991555059033354,11.719692293997499,2.0
16:11:39.189,9.999999999999998,11.402210810340325,-1.4022108103403266,-9500.0,-22.0,-0.7047431548050644,-3.7557020858439665,2.0
16:11:39.209,9.999999999999998,9.226216380886065,0.7737836191139338,7512.690834368476,-22.0,-3.2601739762284563,-17.374049140104457,2.0
16:11:39.229,9.999999999999998,7.8335799460353375,2.1664200539646603,9500.0,0.0,-2.8689530990810415,-15.28916324329192,2.0
16:11:39.249,9.999999999999998,8.18173905474802,1.818260945251979,9500.0,7.0,-1.6846787271913168,-8.977953693554511,2.0
16:11:39.269,9.999999999999998,9.139176603707893,0.8608233962921042,8175.9662204275055,8.0,-0.5225172799283588,-2.784587866850964,2.0
16:11:39.289,9.999999999999998,9.400295935242406,0.599704064757593,6227.434076822073,2.0,-0.21981520633695578,-1.1714344769595966,2.0
16:11:39.309,9.999999999999998,9.661415266776917,0.33858473322308175,4279.889593295162,4.0,0.28656261842347885,1.5271433520140578,2.0
16:11:39.329,9.999999999999998,11.315171033162155,-1.3151710331621562,-9500.0,15.0,2.0521751042126612,10.936407493791757,2.0
16:11:39.349,9.999999999999998,12.620767690834711,-2.6207676908347124,-9500.0,0.0,1.805914091707142,9.624038594536746,2.0
16:11:39.370,9.999999999999998,12.620767690834711,-2.6207676908347124,-9500.0,0.0,1.589204400702285,8.469153963192337,2.0
16:11:39.389,9.999999999999998,12.620767690834711,-2.6207676908347124,-9500.0,0.0,1.3984998726180107,7.4528554876092565,2.0
16:11:39.409,9.999999999999998,12.44668813647837,-2.4466881364783717,-9500.0,-3.0,0.8706798879038494,4.6400085602922685,2.0
16:11:39.430,9.999999999999998,10.44477326138045,-0.44477326138045203,-5077.094990418556,-16.0,-1.1538016986446125,-6.1488152338968165,2.0
16:11:39.450,9.999999999999998,8.44285838628253,1.5571416137174676,9500.0,-9.0,-2.095345494807259,-11.166470212240831,2.0
16:11:39.470,9.999999999999998,7.746540168857167,2.253459831142831,9500.0,2.0,-1.6039040354303882,-8.547490940902682,2.0
16:11:39.489,9.999999999999998,8.703977717817041,1.2960222821829563,9500.0,13.0,0.14856444882125852,0.7917264701557768,2.0
16:11:39.510,9.999999999999998,9.313256158064235,0.6867438419357634,6880.879669939351,3.0,0.4907367149627075,2.6152235625409608,2.0
16:11:39.529,9.999999999999998,9.400295935242406,0.599704064757593,6230.594109546627,0.0,0.4318483091671826,2.301396735036046,2.0
16:11:39.550,9.999999999999998,10.27069370702411,-0.27069370702411116,-3760.346760832015,16.0,2.3000265120671206,12.257251893785732,2.0
16:11:39.569,9.999999999999998,11.924449473409346,-1.9244494734093491,-9500.0,11.0,3.344023330619066,17.820897318812328,2.0
16:11:39.589,9.999999999999998,12.185568804943859,-2.1855688049438604,-9500.0,-1.0,2.822740530944778,15.042888217620222,2.0
16:11:39.609,9.999999999999998,12.185568804943859,-2.1855688049438604,-9500.0,0.0,2.4840116672314045,13.237741631505795,2.0
16:11:39.629,9.999999999999998,12.185568804943859,-2.1855688049438604,-9500.0,0.0,2.185930267163636,11.6492126357251,2.0
16:11:39.649,9.999999999999998,11.228131255983984,-1.2281312559839859,-9500.0,-22.0,-0.716381364896,-3.8177241851236783,2.0
16:11:39.669,9.999999999999998,9.052136826529724,0.9478631734702747,8815.550678015725,-17.0,-2.67041560110848,-14.231121472797476,2.0
16:11:39.689,9.999999999999998,7.746540168857167,2.253459831142831,9500.0,0.0,-2.3499657289754623,-12.523386896061778,2.0
16:11:39.709,9.999999999999998,8.26877883192619,1.7312211680738083,9500.0,13.0,-0.5079698414984066,-2.707061970384228,2.0
16:11:39.729,9.999999999999998,9.139176603707893,0.8608233962921042,8174.004746235363,-4.0,-0.9270134605185978,-4.940220225676624,2.0
16:11:39.749,9.999999999999998,9.400295935242406,0.599704064757593,6225.707979532988,2.0,-0.575771845256366,-3.068390952726177,2.0
16:11:39.769,9.999999999999998,9.835494821133258,0.1645051788667409,0.0,15.0,1.2933207761743977,6.89233730562035,2.0
16:11:39.789,9.999999999999998,11.489250587518494,-1.4892505875184971,-9500.0,11.0,2.45812228303347,13.099772481226791,2.0
16:11:39.809,9.999999999999998,12.185568804943859,-2.1855688049438604,-9500.0,-2.0,1.9231476090694535,10.248796937610324,2.0
16:11:39.829,9.999999999999998,12.185568804943859,-2.1855688049438604,-9500.0,0.0,1.692369895981119,9.018941305097085,2.0
16:11:39.849,9.999999999999998,12.185568804943859,-2.1855688049438604,-9500.0,0.0,1.4892855084633847,7.936668348485435,2.0
16:11:39.870,9.999999999999998,11.837409696231177,-1.8374096962311788,-9500.0,-15.0,-0.4894287525522212,-2.6082531973522025,2.0
16:11:39.889,9.999999999999998,9.574375489598745,0.42562451040125215,4914.191542009772,-21.0,-2.950697302245955,-15.724792695297081,2.0
16:11:39.909,9.999999999999998,8.007659500391679,1.9923404996083196,9500.0,-5.0,-3.19661362597644,-17.03532468653456,2.0
16:11:39.929,9.999999999999998,8.18173905474802,1.818260945251979,9500.0,5.0,-2.213019990859267,-11.793578609477283,2.0
16:11:39.950,9.999999999999998,9.139176603707893,0.8608233962921042,8170.220233313659,2.0,-1.7074575919561552,-9.099346330470757,2.0
16:11:39.969,9.999999999999998,9.313256158064235,0.6867438419357634,6870.631903893084,-1.0,-1.6225626809214164,-8.646926193748891,2.0
16:11:39.989,9.999999999999998,9.487335712420576,0.5126642875794226,5571.576075425914,0.0,-1.4278551592108464,-7.609295050499024,2.0
16:11:40.010,9.999999999999998,11.054051701627643,-1.054051701627645,-9500.0,18.0,0.9034874598944553,4.814845968384124,2.0
16:11:40.029,9.999999999999998,12.620767690834711,-2.6207676908347124,-9500.0,9.0,1.8750689647071208,9.992577258589662,2.0
16:11:40.050,9.999999999999998,12.620767690834711,-2.6207676908347124,-9500.0,0.0,1.6500606889422664,8.793467987558904,2.0
16:11:40.070,9.999999999999998,12.620767690834711,-2.6207676908347124,-9500.0,0.0,1.4520534062691945,7.738251829051835,2.0
16:11:40.089,9.999999999999998,12.53372791365654,-2.5337279136565423,-9500.0,-1.0,1.1578069975168912,6.170160186630989,2.0
16:11:40.109,9.999999999999998,10.61885281573679,-0.6188528157367928,-6375.869739478479,-16.0,-0.9011298421851357,-4.802281802718742,2.0
16:11:40.130,9.999999999999998,8.5298981634607,1.4701018365392973,9500.0,-16.0,-2.7129942611229194,-14.458030753346506,2.0
16:11:40.149,9.999999999999998,7.746540168857167,2.253459831142831,9500.0,2.0,-2.1474349497881695,-11.444064217075676,2.0
16:11:40.169,9.999999999999998,8.5298981634607,1.4701018365392973,9500.0,10.0,-0.6897427558135891,-3.6757622816803366,2.0
16:11:40.189,9.999999999999998,9.226216380886065,0.7737836191139338,7524.392873686299,-2.0,-0.8469736251159584,-4.513673653747948,2.0
16:11:40.209,9.999999999999998,9.400295935242406,0.599704064757593,6226.631433112746,3.0,-0.38533679010204347,-2.053528546494317,2.0
16:11:40.229,9.999999999999998,10.183653929845939,-0.18365392984594078,-3113.833916093831,16.0,1.5809036247102017,8.424917646039013,2.0
16:11:40.249,9.999999999999998,11.837409696231177,-1.8374096962311788,-9500.0,11.0,2.711195189744977,14.448443180795215,2.0
16:11:40.270,9.999999999999998,12.185568804943859,-2.1855688049438604,-9500.0,-2.0,2.1458517669755794,11.435627153230534,2.0
16:11:40.289,9.999999999999998,12.185568804943859,-2.1855688049438604,-9500.0,0.0,1.8883495549385099,10.06335189484287,2.0
16:11:40.309,9.999999999999998,12.185568804943859,-2.1855688049438604,-9500.0,0.0,1.6617476083458886,8.855749667461726,2.0
16:11:40.329,9.999999999999998,11.402210810340325,-1.4022108103403266,-9500.0,-22.0,-1.1776621046556177,-6.275971597195448,2.0
16:11:40.349,9.999999999999998,9.226216380886065,0.7737836191139338,7511.2546595858375,-21.0,-3.5563426520969434,-18.952384887159134,2.0
16:11:40.369,9.999999999999998,7.8335799460353375,2.1664200539646603,9500.0,0.0,-3.12958153384531,-16.678098700700037,2.0
16:11:40.389,9.999999999999998,8.26877883192619,1.7312211680738083,9500.0,15.0,-0.9540317497838733,-5.0842055125966485,2.0
16:11:40.409,9.999999999999998,9.139176603707893,0.8608233962921042,8176.756487851753,4.0,-0.3595479398098085,-1.9160951593465476,2.0
16:11:40.429,9.999999999999998,9.400295935242406,0.599704064757593,6228.12951215541,2.0,-0.07640218703263146,-0.4071608943557103,2.0
16:11:40.449,9.999999999999998,9.661415266776917,0.33858473322308175,4283.4110835031715,9.0,1.0127660754112844,5.397211219378607,2.0
16:11:40.470,9.999999999999998,11.315171033162155,-1.3151710331621562,-9500.0,15.0,2.6912341463619303,14.342067217072561,2.0
16:11:40.489,9.999999999999998,12.620767690834711,-2.6207676908347124,-9500.0,0.0,2.3682860487984985,12.621019151023853,2.0
16:11:40.509,9.999999999999998,12.620767690834711,-2.6207676908347124,-9500.0,0.0,2.0840917229426785,11.10649685290099,2.0
16:11:40.529,9.999999999999998,12.620767690834711,-2.6207676908347124,-9500.0,0.0,1.834000716189557,9.77371723055287,2.0
16:11:40.550,9.999999999999998,12.44668813647837,-2.4466881364783717,-9500.0,-1.0,1.4939206302468104,7.961369739951902,3.0
16:11:40.569,9.999999999999998,10.44477326138045,-0.44477326138045203,-3752.5141449499183,-16.0,-0.6053498453828068,-3.226017395796339,3.0
16:11:40.589,9.999999999999998,8.5298981634607,1.4701018365392973,9042.47003963766,-9.0,-1.61270786393687,-8.59440811471241,3.0
16:11:40.609,9.999999999999998,7.920619723213508,2.07938027678649,9500.0,0.0,-1.4191829202644455,-7.563079140946921,3.0
16:11:40.629,9.999999999999998,8.791017494995213,1.208982505004786,7700.256612924748,10.0,-0.04888096983271217,-0.2604954146870329,3.0
16:11:40.649,9.999999999999998,9.313256158064235,0.6867438419357634,5000.883320796712,1.0,0.07698474654721328,0.4102654580100368,3.0
16:11:40.669,9.999999999999998,9.400295935242406,0.599704064757593,4550.837322301106,0.0,0.06774657696154769,0.36103360304883236,3.0
16:11:40.689,9.999999999999998,9.748455043955087,0.25154495604491134,2756.1743564313847,9.0,1.139616987726162,6.073222377094605,3.0
16:11:40.709,9.999999999999998,10.967011924449473,-0.9670119244494745,-6439.726554956906,8.0,1.9628629491990224,10.460447075320257,3.0
16:11:40.729,9.999999999999998,11.750369919053007,-1.7503699190530082,-9500.0,5.0,2.32731939529514,12.402700540954957,3.0
16:11:40.749,9.999999999999998,11.750369919053007,-1.7503699190530082,-9500.0,0.0,2.048041067859723,10.914376476040362,3.0
16:11:40.769,9.999999999999998,11.750369919053007,-1.7503699190530082,-9500.0,0.0,1.8022761397165563,9.604651298915519,3.0
16:11:40.789,9.999999999999998,11.750369919053007,-1.7503699190530082,-9500.0,0.0,1.5860030029505696,8.452093143045657,3.0
16:11:40.809,9.999999999999998,10.009574375489597,-0.009574375489599933,0.0,-19.0,-0.8843173574034986,-4.712685069877712,3.0
16:11:40.829,9.999999999999998,8.26877883192619,1.7312211680738083,9500.0,-4.0,-1.2581992745150787,-6.705168553230889,3.0
16:11:40.850,9.999999999999998,8.007659500391679,1.9923404996083196,9500.0,-3.0,-1.4672153615732695,-7.819052595647061,3.0
16:11:40.869,9.999999999999998,8.965097049351552,1.034902950648445,6800.046150276536,10.0,-0.09114951818447725,-0.48575205482315625,3.0
16:11:40.889,9.999999999999998,9.313256158064235,0.6867438419357634,5001.29561508922,2.0,0.15978842399766002,0.8515410376248741,3.0
16:11:40.909,9.999999999999998,9.487335712420576,0.5126642875794226,4101.200141278512,0.0,0.14061381311794083,0.7493561131098893,3.0
16:11:40.929,9.999999999999998,9.835494821133258,0.1645051788667409,0.0,7.0,0.9637401555437879,5.135943340079083,3.0
16:11:40.949,9.999999999999998,10.967011924449473,-0.9670119244494745,-6439.899689022232,9.0,1.9280913368785333,10.275142945681225,3.0
16:11:40.970,9.999999999999998,11.315171033162155,-1.3151710331621562,-8242.246729185435,-2.0,1.4567203764531094,7.763122946330227,3.0
16:11:40.989,9.999999999999998,11.315171033162155,-1.3151710331621562,-8243.117121683183,0.0,1.2819139312787362,6.831548192770599,3.0
16:11:41.009,9.999999999999998,11.315171033162155,-1.3151710331621562,-8243.883067081202,0.0,1.1280842595252878,6.011762409638127,3.0
16:11:41.029,9.999999999999998,11.315171033162155,-1.3151710331621562,-8244.557099031459,0.0,0.9927141483822532,5.2903509204815515,3.0
16:11:41.049,9.999999999999998,10.183653929845939,-0.18365392984594078,-2407.1002756063767,-20.0,-1.526411549423617,-8.13451964866875,3.0
16:11:41.069,9.999999999999998,8.5298981634607,1.4701018365392973,9038.434244659977,-9.0,-2.423242163492783,-12.913890097240133,3.0
16:11:41.089,9.999999999999998,8.26877883192619,1.7312211680738083,9500.0,2.0,-1.8924531038736492,-10.085220439702065,3.0
16:11:41.109,9.999999999999998,9.139176603707893,0.8608233962921042,5895.792890106656,6.0,-0.9453587314088112,-5.037985449330063,3.0
16:11:41.129,9.999999999999998,9.400295935242406,0.599704064757593,4547.552746139727,2.0,-0.5919156836397539,-3.1544243495412037,3.0
16:11:41.149,9.999999999999998,9.487335712420576,0.5126642875794226,4097.906416602958,0.0,-0.5208858016029835,-2.7758934275962592,3.0
16:11:41.169,9.999999999999998,9.835494821133258,0.1645051788667409,0.0,7.0,0.3816204945893745,2.033723744257672,3.0
16:11:41.189,9.999999999999998,10.792932370093132,-0.7929323700931337,-5544.242853679785,6.0,1.0558260352386495,5.626685432554506,3.0
16:11:41.210,9.999999999999998,11.228131255983984,-1.2281312559839859,-7794.276209815277,1.0,1.0491269110100117,5.590984603582592,3.0
16:11:41.229,9.999999999999998,11.228131255983984,-1.2281312559839859,-7795.500566060379,-1.0,0.8032316816888103,4.280565028218055,3.0
16:11:41.250,9.999999999999998,11.228131255983984,-1.2281312559839859,-7795.9804981331345,0.0,0.706843879886153,3.7668972248318884,3.0
16:11:41.270,9.999999999999998,11.228131255983984,-1.2281312559839859,-7796.402838357159,0.0,0.6220226142998146,3.3148695578520617,3.0
16:11:41.289,9.999999999999998,10.44477326138045,-0.44477326138045203,-3755.73701909832,-15.0,-1.252620099416163,-6.675436133109572,3.0
16:11:41.310,9.999999999999998,8.791017494995213,1.208982505004786,7688.438907541196,-11.0,-2.422305687486223,-12.908899449417307,3.0
16:11:41.330,9.999999999999998,8.355818609104361,1.644181390895638,9500.0,-1.0,-2.2516290049878767,-11.999332938421857,3.0
16:11:41.349,9.999999999999998,8.965097049351552,1.034902950648445,6795.4141001311955,8.0,-1.0214335243893315,-5.4434016023342275,3.0
16:11:41.370,9.999999999999998,9.400295935242406,0.599704064757593,4546.621909538386,1.0,-0.7788615014626118,-4.150691987119495,3.0
16:11:41.389,9.999999999999998,9.487335712420576,0.5126642875794226,4097.087280393779,0.0,-0.6853981212870984,-3.6526089486651556,3.0
16:11:41.410,9.999999999999998,9.661415266776917,0.33858473322308175,3199.289311015329,3.0,-0.24315034673264668,-1.29579160602146,3.0
16:11:41.430,9.999999999999998,10.61885281573679,-0.6188528157367928,-4646.9803977689035,6.0,0.5060276948752709,2.69671192430887,3.0
16:11:41.449,9.999999999999998,11.402210810340325,-1.4022108103403266,-8693.100240076094,7.0,1.2853043714902384,6.8496164539341855,3.0
16:11:41.469,9.999999999999998,11.402210810340325,-1.4022108103403266,-8693.868211266963,0.0,1.1310678469114097,6.027662479462084,3.0
16:11:41.489,9.999999999999998,11.402210810340325,-1.4022108103403266,-8694.544025914929,0.0,0.9953397052820405,5.3043429819266334,3.0
16:11:41.509,9.999999999999998,11.402210810340325,-1.4022108103403266,-8695.138742805138,0.0,0.8758989406481956,4.667821824095437,3.0
16:11:41.530,9.999999999999998,10.705892592914962,-0.7058925929149633,-5104.624615012542,-15.0,-1.0292089322295876,-5.484838138815402,3.0
16:11:41.550,9.999999999999998,8.703977717817041,1.2960222821829563,8138.222820290813,-13.0,-2.465703860362037,-13.140176060307688,3.0
16:11:41.569,9.999999999999998,8.094699277569848,1.9053007224301493,9500.0,2.0,-1.9298193971185926,-10.284352087201514,3.0
16:11:41.589,9.999999999999998,8.791017494995213,1.208982505004786,7698.616670189849,11.0,-0.37824106946436165,-2.0157141844564492,3.0
16:11:41.609,9.999999999999998,9.313256158064235,0.6867438419357634,4998.842669767067,0.0,-0.33285214112863826,-1.7738284823216754,3.0
16:11:41.630,9.999999999999998,9.487335712420576,0.5126642875794226,4099.041549395019,0.0,-0.2929098841932017,-1.5609690644430745,3.0
16:11:41.649,9.999999999999998,9.661415266776917,0.33858473322308175,3200.411566313485,2.0,-0.017760698090017513,-0.09464993084065408,3.0
16:11:41.669,9.999999999999998,10.61885281573679,-0.6188528157367928,-4644.200308837723,9.0,1.0643705856807846,5.672220867271856,3.0
16:11:41.689,9.999999999999998,11.402210810340325,-1.4022108103403266,-8693.641268931327,2.0,1.1766461153990906,6.270557209068486,3.0
16:11:41.709,9.999999999999998,11.489250587518494,-1.4892505875184971,-9144.34431665957,0.0,1.0354485815511998,5.518090343980268,3.0
16:11:41.729,9.999999999999998,11.489250587518494,-1.4892505875184971,-9144.962998660421,0.0,0.9111947517650558,4.855919502702636,3.0
16:11:41.749,9.999999999999998,11.489250587518494,-1.4892505875184971,-9145.50743882117,0.0,0.8018513815532491,4.273209162378319,3.0
16:11:41.769,9.999999999999998,10.53181303855862,-0.5318130385586225,-4207.936574621324,-20.0,-1.6943707842331408,-9.029604395799595,3.0
16:11:41.789,9.999999999999998,8.616937940638872,1.3830620593611267,8587.698301526822,-9.0,-2.571046290125164,-13.701564674715275,3.0
16:11:41.810,9.999999999999998,8.007659500391679,1.9923404996083196,9500.0,0.0,-2.262520735310144,-12.057376913749442,3.0
16:11:41.829,9.999999999999998,8.878057272173383,1.1219427278266154,7247.15888035465,11.0,-0.6710182470729271,-3.5759760318186267,3.0
16:11:41.849,9.999999999999998,9.313256158064235,0.6867438419357634,4998.157316135026,1.0,-0.4704960574241759,-2.5073574850657656,3.0
16:11:41.869,9.999999999999998,9.487335712420576,0.5126642875794226,4098.438438198823,0.0,-0.41403653053327477,-2.206474586857874,3.0
16:11:41.889,9.999999999999998,9.661415266776917,0.33858473322308175,3199.8808284608326,2.0,-0.12435214686928181,-0.6626947905656774,3.0
16:11:41.909,9.999999999999998,10.705892592914962,-0.7058925929149633,-5094.667358148056,9.0,0.9705701107550321,5.172341390713837,3.0
16:11:41.929,9.999999999999998,11.489250587518494,-1.4892505875184971,-9144.052272324423,2.0,1.0941016974644282,5.830663269697427,3.0
16:11:41.949,9.999999999999998,11.576290364696666,-1.5762903646966675,-9500.0,0.0,0.9628094937686968,5.130983677333736,3.0
16:11:41.969,9.999999999999998,11.576290364696666,-1.5762903646966675,-9500.0,0.0,0.8472723545164532,4.515265636053688,3.0
16:11:41.989,9.999999999999998,11.576290364696666,-1.5762903646966675,-9500.0,0.0,0.7455996719744789,3.9734337597272456,3.0
16:11:42.010,9.999999999999998,10.27069370702411,-0.27069370702411116,-2856.988048603238,-18.0,-1.5038722886624587,-8.014403904263288,3.0
16:11:42.029,9.999999999999998,8.355818609104361,1.644181390895638,9500.0,-16.0,-3.2434076140229635,-17.284698202705705,3.0
16:11:42.049,9.999999999999998,7.920619723213508,2.07938027678649,9500.0,0.0,-2.854198700340208,-15.210534418381021,3.0
16:11:42.069,9.999999999999998,8.965097049351552,1.034902950648445,6795.761341409674,13.0,-0.9516948562993828,-5.0717517900251625,3.0
16:11:42.090,9.999999999999998,9.313256158064235,0.6867438419357634,4997.524983286382,2.0,-0.5974914735434569,-3.1841387293528918,3.0
16:11:42.110,9.999999999999998,9.487335712420576,0.5126642875794226,4097.881985292015,0.0,-0.525792496718242,-2.8020420818305443,3.0
16:11:42.129,9.999999999999998,9.835494821133258,0.1645051788667409,0.0,7.0,0.377302602887947,2.0107129285315013,3.0
16:11:42.149,9.999999999999998,10.967011924449473,-0.9670119244494745,-6442.469269018176,9.0,1.4120262905413934,7.5249401835193535,3.0
16:11:42.169,9.999999999999998,11.315171033162155,-1.3151710331621562,-8242.715455313062,1.0,1.362583135676426,7.261448784431656,3.0
16:11:42.189,9.999999999999998,11.315171033162155,-1.3151710331621562,-8244.127102098431,-1.0,1.079073159395255,5.750573507365232,3.0
16:11:42.209,9.999999999999998,11.315171033162155,-1.3151710331621562,-8244.771849846618,0.0,0.9495843802678243,5.060504686481404,3.0
16:11:42.229,9.999999999999998,11.315171033162155,-1.3151710331621562,-8245.339227865024,0.0,0.8356342546356854,4.453244124103636,3.0
16:11:42.249,9.999999999999998,10.096614152667769,-0.09661415266777035,0.0,-16.0,-1.1846418559205967,-6.313167937742813,3.0
16:11:42.269,9.999999999999998,8.5298981634607,1.4701018365392973,9042.32177479173,-5.0,-1.642484833210125,-8.753094899886804,3.0
16:11:42.289,9.999999999999998,8.355818609104361,1.644181390895638,9500.0,1.0,-1.3253866532249101,-7.063222088965762,3.0
16:11:42.309,9.999999999999998,9.139176603707893,0.8608233962921042,5897.082589342635,4.0,-0.6863402548379209,-3.657629746551368,3.0
16:11:42.329,9.999999999999998,9.400295935242406,0.599704064757593,4546.297675775649,-2.0,-0.8439794242573704,-4.497717022834455,3.0
16:11:42.349,9.999999999999998,9.487335712420576,0.5126642875794226,4097.399456105506,1.0,-0.622701893346486,-3.318489557159695,3.0
16:11:42.369,9.999999999999998,9.835494821133258,0.1645051788667409,0.0,2.0,-0.3079776661449076,-1.6412679644312795,3.0
16:11:42.389,9.999999999999998,10.879972147271303,-0.8799721472713041,-5994.874444458187,10.0,0.9289796537924813,4.950698420646732,3.0
16:11:42.409,9.999999999999998,11.228131255983984,-1.2281312559839859,-7794.832009700271,1.0,0.9375020953373835,4.99611603310375,3.0
16:11:42.429,9.999999999999998,11.228131255983984,-1.2281312559839859,-7795.392168536238,0.0,0.8250018438968975,4.3965821091313,3.0
16:11:42.449,9.999999999999998,11.228131255983984,-1.2281312559839859,-7795.885108311892,0.0,0.7260016226292698,3.868992256035544,3.0
16:11:42.470,9.999999999999998,11.228131255983984,-1.2281312559839859,-7796.3188953144645,0.0,0.6388814279137575,3.404713185311279,3.0
16:11:42.489,9.999999999999998,10.35773348420228,-0.3577334842022816,-3305.663149220749,-15.0,-1.2377843434358933,-6.596373740945461,3.0
16:11:42.509,9.999999999999998,8.791017494995213,1.208982505004786,7688.503913033459,-11.0,-2.409250222223586,-12.839324544312888,3.0
16:11:42.529,9.999999999999998,8.355818609104361,1.644181390895638,9500.0,0.0,-2.1201401955567554,-11.29860559899534,3.0
16:11:42.549,9.999999999999998,9.052136826529724,0.9478631734702747,6347.782745905391,11.0,-0.5457233720899448,-2.9082572748350164,3.0
16:11:42.569,9.999999999999998,9.400295935242406,0.599704064757593,4548.706317819677,1.0,-0.36023656743915144,-1.9197649789201887,3.0
16:11:42.589,9.999999999999998,9.487335712420576,0.5126642875794226,4099.519061104249,1.0,-0.19700817934645326,-1.0498917585151402,3.0
16:11:42.609,9.999999999999998,9.661415266776917,0.33858473322308175,3201.4292780405435,3.0,0.18663280217512113,0.9945995213105541,3.0
16:11:42.629,9.999999999999998,10.53181303855862,-0.5318130385586225,-4195.097226786715,6.0,0.8842368659141066,4.712256116361043,3.0
16:11:42.649,9.999999999999998,11.315171033162155,-1.3151710331621562,-8243.235553880571,4.0,1.2581284420044136,6.70479107413622,3.0
16:11:42.669,9.999999999999998,11.315171033162155,-1.3151710331621562,-8243.987287414906,0.0,1.107153028963884,5.900216145239873,3.0
16:11:42.689,9.999999999999998,11.315171033162155,-1.3151710331621562,-8244.648812925117,0.0,0.974294665488218,5.192190207811088,3.0
16:11:42.709,9.999999999999998,11.315171033162155,-1.3151710331621562,-8245.230955374103,0.0,0.8573793056296318,4.569127382873758,3.0
16:11:42.729,9.999999999999998,10.967011924449473,-0.9670119244494745,-6454.70576207323,-15.0,-1.045506211045924,-5.57168924709048,3.0
16:11:42.749,9.999999999999998,9.139176603707893,0.8608233962921042,5887.553909454471,-14.0,-2.600045465720413,-13.856106458524383,3.0
16:11:42.769,9.999999999999998,8.26877883192619,1.7312211680738083,9500.0,4.0,-1.8080400098339635,-9.635367991762955,3.0
16:11:42.789,9.999999999999998,8.616937940638872,1.3830620593611267,8596.162761027877,6.0,-0.871075208653888,-4.642115295143645,3.0
16:11:42.809,9.999999999999998,9.313256158064235,0.6867438419357634,4999.6707368192065,5.0,-0.1665461836154215,-0.8875543450532792,3.0
16:11:42.830,9.999999999999998,9.487335712420576,0.5126642875794226,4100.367749823835,1.0,-0.026560641581570926,-0.14154640071226,3.0
16:11:42.849,9.999999999999998,9.574375489598745,0.42562451040125215,3650.9811212679087,1.0,0.09662663540821759,0.514940590307837,3.0
16:11:42.870,9.999999999999998,10.35773348420228,-0.3577334842022816,-3292.50409763196,11.0,1.4050314391592313,7.48766337175178,3.0
16:11:42.890,9.999999999999998,11.228131255983984,-1.2281312559839859,-7790.356098801452,5.0,1.8364276664601236,9.786650881814696,3.0
16:11:42.909,9.999999999999998,11.315171033162155,-1.3151710331621562,-8241.45336694528,0.0,1.6160563464849087,8.612252775996932,3.0
16:11:42.929,9.999999999999998,11.315171033162155,-1.3151710331621562,-8242.418962911846,0.0,1.4221295849067197,7.5787824428773,3.0
16:11:42.949,9.999999999999998,11.315171033162155,-1.3151710331621562,-8243.268687362426,0.0,1.2514740347179134,6.6693285497320245,3.0
16:11:42.970,9.999999999999998,11.228131255983984,-1.2281312559839859,-7794.61394630187,-1.0,0.9812971505517639,5.229507700829556,3.0
16:11:42.989,9.999999999999998,9.313256158064235,0.6867438419357634,4995.239704487401,-16.0,-1.0564585075144477,-5.630055990224003,3.0
16:11:43.009,9.999999999999998,8.18173905474802,1.818260945251979,9500.0,-5.0,-1.529683486612714,-8.151956386070252,3.0
16:11:43.029,9.999999999999998,8.44285838628253,1.5571416137174676,9499.17493370054,9.0,-0.26612146821918836,-1.4182088133301896,3.0
16:11:43.049,9.999999999999998,9.226216380886065,0.7737836191139338,5451.723947348212,4.0,0.24581310796711422,1.3099819360079363,3.0
16:11:43.069,9.999999999999998,9.400295935242406,0.599704064757593,4550.979572243492,-1.0,0.09631553501106052,0.5132826807523581,3.0
16:11:43.089,9.999999999999998,9.487335712420576,0.5126642875794226,4101.519524997207,1.0,0.20475767080973326,1.091190181996701,3.0
16:11:43.109,9.999999999999998,10.35773348420228,-0.3577334842022816,-3292.0303023501774,11.0,1.5001867503125652,7.99476301243798,3.0
16:11:43.130,9.999999999999998,11.315171033162155,-1.3151710331621562,-8241.731663222288,2.0,1.5601643402750573,8.314394296814674,3.0
16:11:43.149,9.999999999999998,11.402210810340325,-1.4022108103403266,-8692.663863635615,0.0,1.3729446194420505,7.316666981196914,3.0
16:11:43.169,9.999999999999998,11.402210810340325,-1.4022108103403266,-8693.48419999934,0.0,1.2081912651090045,6.438666943453284,3.0
16:11:43.189,9.999999999999998,11.402210810340325,-1.4022108103403266,-8694.20609599942,0.0,1.063208313295924,5.66602691023889,3.0
16:11:43.209,9.999999999999998,11.141091478805814,-1.1410914788058153,-7355.596390092314,-18.0,-1.2243766842995871,-6.524921931813043,3.0
16:11:43.230,9.999999999999998,9.139176603707893,0.8608233962921042,5885.575153951808,-16.0,-2.997451482183637,-15.97395406694949,3.0
16:11:43.249,9.999999999999998,8.094699277569848,1.9053007224301493,9500.0,0.0,-2.6377573043216005,-14.057079578915552,3.0
16:11:43.269,9.999999999999998,8.44285838628253,1.5571416137174676,9493.124709180822,7.0,-1.4812264278030085,-7.893720068903306,3.0
16:11:43.289,9.999999999999998,9.226216380886065,0.7737836191139338,5446.399749770861,4.0,-0.8234792564666475,-4.388467968896406,3.0
16:11:43.309,9.999999999999998,9.400295935242406,0.599704064757593,4547.489281221292,1.0,-0.6046617456906499,-3.222350389694212,3.0
16:11:43.329,9.999999999999998,9.487335712420576,0.5126642875794226,4098.44806889767,1.0,-0.4121023362077719,-2.1961669199962808,3.0
16:11:43.349,9.999999999999998,10.44477326138045,-0.44477326138045203,-3743.5381808719007,13.0,1.197349944137161,6.3808916085534095,3.0
16:11:43.369,9.999999999999998,11.489250587518494,-1.4892505875184971,-9140.071089206733,7.0,1.8936679508407015,10.091694576069381,3.0
16:11:43.389,9.999999999999998,11.576290364696666,-1.5762903646966675,-9500.0,0.0,1.6664277967398173,8.880691226941055,3.0
16:11:43.409,9.999999999999998,11.576290364696666,-1.5762903646966675,-9500.0,0.0,1.4664564611310393,7.815008279708128,3.0
16:11:43.429,9.999999999999998,11.489250587518494,-1.4892505875184971,-9143.671962726827,-1.0,1.1704816857953144,6.237705863208526,3.0
16:11:43.449,9.999999999999998,10.61885281573679,-0.6188528157367928,-4656.3213556583005,-20.0,-1.3699761165001232,-7.300847299069012,3.0
16:11:43.469,9.999999999999998,8.703977717817041,1.2960222821829563,8136.729688522545,-13.0,-2.7655789825201085,-14.738264121330866,3.0
16:11:43.489,9.999999999999998,8.007659500391679,1.9923404996083196,9500.0,2.0,-2.1937095046176953,-11.69066958090191,3.0
16:11:43.509,9.999999999999998,8.791017494995213,1.208982505004786,7697.460388948503,11.0,-0.6104643640635721,-3.2532735789127982,3.0
16:11:43.530,9.999999999999998,9.313256158064235,0.6867438419357634,5000.215147966421,4.0,-0.05720864037594342,-0.3048750577047592,3.0
16:11:43.549,9.999999999999998,9.400295935242406,0.599704064757593,4550.249330210449,0.0,-0.05034360353083021,-0.2682900507801881,3.0
16:11:43.569,9.999999999999998,9.661415266776917,0.33858473322308175,3202.669416276933,4.0,0.4356976288928694,2.3219104470519376,3.0
16:11:43.590,9.999999999999998,10.705892592914962,-0.7058925929149633,-5092.810902292823,8.0,1.343413913425725,7.159292576882711,3.0
16:11:43.609,9.999999999999998,11.489250587518494,-1.4892505875184971,-9141.223588325945,4.0,1.662204243814638,8.858183159395288,3.0
16:11:43.630,9.999999999999998,11.576290364696666,-1.5762903646966675,-9500.0,0.0,1.4627397345568816,7.7952011802678545,3.0
16:11:43.650,9.999999999999998,11.576290364696666,-1.5762903646966675,-9500.0,0.0,1.2872109664100557,6.859777038635712,3.0
16:11:43.669,9.999999999999998,11.576290364696666,-1.5762903646966675,-9500.0,0.0,1.132745650440849,6.036603793999427,3.0
16:11:43.689,9.999999999999998,10.35773348420228,-0.3577334842022816,-3306.486702780315,-20.0,-1.4031838276120527,-7.47781711997302,3.0
16:11:43.709,9.999999999999998,8.44285838628253,1.5571416137174676,9491.961695861582,-4.0,-1.7148017682986063,-9.13848475731476,3.0
16:11:43.730,9.999999999999998,7.920619723213508,2.07938027678649,9500.0,0.0,-1.5090255561027737,-8.04186658643699,3.0
16:11:43.749,9.999999999999998,8.965097049351552,1.034902950648445,6801.057954350425,12.0,0.11205751062955915,0.5971744791509587,3.0
16:11:43.769,9.999999999999998,9.313256158064235,0.6867438419357634,5001.588501251307,1.0,0.21861060935401205,1.1650149645874694,3.0
16:11:43.789,9.999999999999998,9.400295935242406,0.599704064757593,4551.45788110115,0.0,0.1923773362315306,1.025213168836973,3.0
16:11:43.809,9.999999999999998,9.748455043955087,0.25154495604491134,2755.5254453295533,7.0,1.0092920558837468,5.378697549118916,3.0
16:11:43.829,9.999999999999998,10.967011924449473,-0.9670119244494745,-6437.907591034778,12.0,2.328177009177697,12.407270918440155,3.0
16:11:43.849,9.999999999999998,11.663330141874836,-1.6633301418748379,-9500.0,2.0,2.2887957680763735,12.197401254096588,3.0
16:11:43.869,9.999999999999998,11.663330141874836,-1.6633301418748379,-9500.0,0.0,2.014140275907209,10.733713103605,3.0
16:11:43.889,9.999999999999998,11.663330141874836,-1.6633301418748379,-9500.0,0.0,1.7724434427983438,9.445667531172399,3.0
16:11:43.909,9.999999999999998,11.663330141874836,-1.6633301418748379,-9500.0,0.0,1.5597502296625425,8.312187427431711,3.0
16:11:43.929,9.999999999999998,10.009574375489597,-0.009574375489599933,0.0,-20.0,-1.0274197978969626,-5.47530352255261,3.0
16:11:43.949,9.999999999999998,8.26877883192619,1.7312211680738083,9500.0,-4.0,-1.3841294221493272,-7.376272791584801,3.0
16:11:43.969,9.999999999999998,8.007659500391679,1.9923404996083196,9500.0,1.0,-1.0980338914914078,-5.8516186336599985,3.0
16:11:43.990,9.999999999999998,8.965097049351552,1.034902950648445,6801.066282847364,9.0,0.11373017548756115,0.6060884087908338,3.0
16:11:44.010,9.999999999999998,9.313256158064235,0.6867438419357634,5002.1933317515495,2.0,0.3400825544290538,1.812360645605185,3.0
16:11:44.029,9.999999999999998,9.400295935242406,0.599704064757593,4551.990131941363,0.0,0.2992726478975673,1.5948773681325628,3.0
16:11:44.050,9.999999999999998,9.835494821133258,0.1645051788667409,0.0,7.0,1.1033599301498591,5.880002044499035,3.0
16:11:44.069,9.999999999999998,11.054051701627643,-1.054051701627645,-6887.495415984117,12.0,2.410956738531876,12.848418874374662,3.0
16:11:44.089,9.999999999999998,11.402210810340325,-1.4022108103403266,-8688.935966066025,0.0,2.121641929908051,11.306608609449702,3.0
16:11:44.109,9.999999999999998,11.402210810340325,-1.4022108103403266,-8690.203650138103,0.0,1.8670448983190848,9.949815576315737,3.0
16:11:44.129,9.999999999999998,11.402210810340325,-1.4022108103403266,-8691.31921212153,0.0,1.6429995105207946,8.755837707157848,3.0
16:11:44.149,9.999999999999998,11.402210810340325,-1.4022108103403266,-8692.30090666695,0.0,1.4458395692582993,7.705137182298907,3.0
16:11:44.169,9.999999999999998,9.835494821133258,0.1645051788667409,0.0,-20.0,-1.1276611790526965,-6.009507738269477,3.0
16:11:44.190,9.999999999999998,8.26877883192619,1.7312211680738083,9500.0,-13.0,-2.552341837566373,-13.601885307827276,3.0
16:11:44.209,9.999999999999998,8.18173905474802,1.818260945251979,9500.0,0.0,-2.246060817058408,-11.969659070888001,3.0
16:11:44.230,9.999999999999998,9.052136826529724,0.9478631734702747,6344.243495286873,6.0,-1.256533519011399,-6.696291444773687,3.0
16:11:44.249,9.999999999999998,9.313256158064235,0.6867438419357634,4996.189278698318,2.0,-0.8657494967300312,-4.613733625531593,3.0
16:11:44.269,9.999999999999998,9.400295935242406,0.599704064757593,4546.1090638315845,-1.0,-0.8818595571224275,-4.699587013402428,3.0
16:11:44.290,9.999999999999998,9.835494821133258,0.1645051788667409,0.0,7.0,0.06396358973226379,0.3408733887482443,3.0
16:11:44.309,9.999999999999998,10.967011924449473,-0.9670119244494745,-6443.842219397134,9.0,1.1362879589643922,6.0554813885100875,3.0
16:11:44.330,9.999999999999998,11.402210810340325,-1.4022108103403266,-8693.923651646544,1.0,1.1199334038886652,5.968325044823503,3.0
16:11:44.350,9.999999999999998,11.402210810340325,-1.4022108103403266,-8695.190314871894,-1.0,0.8655413954220255,4.6126246165100575,3.0
16:11:44.369,9.999999999999998,11.402210810340325,-1.4022108103403266,-8695.707477087268,0.0,0.7616764279713825,4.059109662528851,3.0
16:11:44.390,9.999999999999998,11.402210810340325,-1.4022108103403266,-8696.162579836797,0.0,0.6702752566148166,3.572016503025389,3.0
16:11:44.409,9.999999999999998,9.922534598311428,0.07746540168857048,0.0,-18.0,-1.5701577741789614,-8.367651090160923,3.0
16:11:44.429,9.999999999999998,8.355818609104361,1.644181390895638,9500.0,-5.0,-1.981738841277486,-10.56104007401474,3.0
16:11:44.449,9.999999999999998,8.18173905474802,1.818260945251979,9500.0,1.0,-1.6239301803241877,-8.654213842198345,3.0
16:11:44.469,9.999999999999998,9.052136826529724,0.9478631734702747,6346.969470852006,6.0,-0.7090585586852851,-3.778699643526789,3.0
16:11:44.489,9.999999999999998,9.313256158064235,0.6867438419357634,4996.198131503896,-2.0,-0.8639715316430508,-4.6042585321728255,3.0
16:11:44.510,9.999999999999998,9.400295935242406,0.599704064757593,4546.116854300493,-1.0,-0.8802949478458848,-4.6912489312467125,3.0
16:11:44.529,9.999999999999998,9.922534598311428,0.07746540168857048,0.0,15.0,1.0253404458956212,5.464222284522279,3.0
16:11:44.550,9.999999999999998,11.054051701627643,-1.054051701627645,-6889.0322750176165,10.0,2.102299592388147,11.203529839725865,3.0
16:11:44.570,9.999999999999998,11.489250587518494,-1.4892505875184971,-9139.69090059257,1.0,1.9700236413015695,10.498607681893388,3.0
16:11:44.589,9.999999999999998,11.489250587518494,-1.4892505875184971,-9141.465493944397,-1.0,1.613620804345381,8.599273337131555,3.0
16:11:44.609,9.999999999999998,11.489250587518494,-1.4892505875184971,-9142.429634671069,0.0,1.4199863078239352,7.567360536675768,3.0
16:11:44.629,9.999999999999998,11.489250587518494,-1.4892505875184971,-9143.27807851054,0.0,1.249587950885063,6.659277272274675,3.0
16:11:44.649,9.999999999999998,9.574375489598745,0.42562451040125215,3642.830259606161,-22.0,-1.5403626032211444,-8.208867304960052,3.0
16:11:44.669,9.999999999999998,8.094699277569848,1.9053007224301493,9500.0,-5.0,-1.9555190908346072,-10.421310343037975,3.0
16:11:44.689,9.999999999999998,8.18173905474802,1.818260945251979,9500.0,4.0,-1.2408567999344544,-6.612747410134916,3.0
16:11:44.709,9.999999999999998,9.139176603707893,0.8608233962921042,5898.6479747110625,6.0,-0.3719539839423198,-1.9822091833109707,3.0
16:11:44.729,9.999999999999998,9.313256158064235,0.6867438419357634,4997.675214899866,-2.0,-0.5673195058692415,-3.023346927182906,3.0
16:11:44.749,9.999999999999998,9.400295935242406,0.599704064757593,4548.611690534815,1.0,-0.37924116516493256,-2.021043872986332,3.0
16:11:44.769,9.999999999999998,10.009574375489597,-0.009574375489599933,0.0,13.0,1.2262677746548594,6.5349998899221635,3.0
16:11:44.789,9.999999999999998,11.141091478805814,-1.1410914788058153,-7338.151876342123,10.0,2.279115641696276,12.145814132477762,3.0
16:11:44.810,5.000000000000004,11.576290364696666,-6.5762903646966615,-9500.0,-2.0,1.765621764692723,9.409313590711179,3.0
16:11:44.829,5.000000000000004,11.576290364696666,-6.5762903646966615,-9500.0,-1.0,1.4337471529295964,7.640694536891212,3.0
16:11:44.849,5.000000000000004,11.576290364696666,-6.5762903646966615,-9500.0,0.0,1.2616974945780448,6.723811192464266,3.0
16:11:44.869,5.000000000000004,11.489250587518494,-6.489250587518491,-9500.0,-1.0,0.9902937952286796,5.277452426433929,3.0
16:11:44.889,5.000000000000004,9.400295935242406,-4.400295935242401,-9500.0,-22.0,-1.7685414601987617,-9.424873169299907,3.0
16:11:44.909,5.000000000000004,7.746540168857167,-2.7465401688571633,-9500.0,-9.0,-2.6363164849749103,-14.049401195395552,3.0
16:11:44.930,5.000000000000004,7.224301505788144,-2.224301505788141,-9500.0,0.0,-2.319958506777921,-12.363473051948086,3.0
16:11:44.949,5.000000000000004,7.224301505788144,-2.224301505788141,-9500.0,0.0,-2.041563485964571,-10.879856285714316,3.0
16:11:44.969,5.000000000000004,7.224301505788144,-2.224301505788141,-9500.0,0.0,-1.7965758676488224,-9.574273531428599,3.0
16:11:44.989,5.000000000000004,7.137261728609975,-2.13726172860997,-9500.0,-1.0,-1.7009867635309637,-9.064862130591793,3.0
16:11:45.009,5.000000000000004,7.137261728609975,-2.13726172860997,-9500.0,0.0,-1.496868351907248,-7.977078674920778,3.0
16:11:45.030,5.000000000000004,7.137261728609975,-2.13726172860997,-9500.0,0.0,-1.3172441496783784,-7.0198292339302855,3.0
16:11:45.049,5.000000000000004,7.137261728609975,-2.13726172860997,-9500.0,0.0,-1.159174851716973,-6.177449725858652,3.0
16:11:45.069,5.000000000000004,7.137261728609975,-2.13726172860997,-9500.0,0.0,-1.0200738695109364,-5.436155758755613,3.0
16:11:45.089,5.000000000000004,7.137261728609975,-2.13726172860997,-9500.0,0.0,-0.897665005169624,-4.783817067704939,3.0
16:11:45.109,5.000000000000004,7.137261728609975,-2.13726172860997,-9500.0,0.0,-0.7899452045492691,-4.209759019580347,3.0
16:11:45.130,5.000000000000004,7.137261728609975,-2.13726172860997,-9500.0,0.0,-0.6951517800033568,-3.704587937230705,3.0
16:11:45.149,5.000000000000004,7.137261728609975,-2.13726172860997,-9500.0,0.0,-0.611733566402954,-3.2600373847630206,3.0
16:11:45.169,5.000000000000004,7.137261728609975,-2.13726172860997,-9500.0,0.0,-0.5383255384345995,-2.868832898591458,3.0
16:11:45.189,5.000000000000004,7.137261728609975,-2.13726172860997,-9500.0,0.0,-0.4737264738224476,-2.5245729507604833,3.0
16:11:45.210,5.000000000000004,7.137261728609975,-2.13726172860997,-9500.0,0.0,-0.41687929696375386,-2.221624196669225,3.0
16:11:45.230,5.000000000000004,7.137261728609975,-2.13726172860997,-9500.0,0.0,-0.3668537813281034,-1.9550292930689184,3.0
16:11:45.249,5.000000000000004,7.137261728609975,-2.13726172860997,-9500.0,0.0,-0.322831327568731,-1.720425777900648,3.0
16:11:45.269,5.000000000000004,7.224301505788144,-2.224301505788141,-9500.0,0.0,-0.28409156826048326,-1.5139746845525701,3.0
16:11:45.289,5.000000000000004,7.224301505788144,-2.224301505788141,-9500.0,0.0,-0.25000058006922526,-1.3322977224062618,3.0
16:11:45.309,5.000000000000004,7.224301505788144,-2.224301505788141,-9500.0,0.0,-0.22000051046091823,-1.1724219957175104,3.0
16:11:45.330,5.000000000000004,7.224301505788144,-2.224301505788141,-9500.0,0.0,-0.19360044920560804,-1.031731356231409,3.0
16:11:45.349,5.000000000000004,7.224301505788144,-2.224301505788141,-9500.0,0.0,-0.1703683953009351,-0.90792359348364,3.0
16:11:45.369,5.000000000000004,7.224301505788144,-2.224301505788141,-9500.0,0.0,-0.14992418786482287,-0.7989727622656032,3.0
16:11:45.389,5.000000000000004,7.224301505788144,-2.224301505788141,-9500.0,0.0,-0.13193328532104412,-0.7030960307937307,3.0
16:11:45.410,5.000000000000004,7.137261728609975,-2.13726172860997,-9500.0,0.0,-0.11610129108251882,-0.618724507098483,3.0
16:11:45.430,5.000000000000004,7.137261728609975,-2.13726172860997,-9500.0,0.0,-0.10216913615261657,-0.5444775662466651,3.0
16:11:45.449,5.000000000000004,7.137261728609975,-2.13726172860997,-9500.0,0.0,-0.08990883981430257,-0.4791402582970653,3.0
16:11:45.469,5.000000000000004,7.137261728609975,-2.13726172860997,-9500.0,0.0,-0.07911977903658626,-0.4216434273014174,3.0
16:11:45.489,5.000000000000004,7.137261728609975,-2.13726172860997,-9500.0,0.0,-0.06962540555219592,-0.37104621602524734,3.0
16:11:45.509,5.000000000000004,7.137261728609975,-2.13726172860997,-9500.0,0.0,-0.06127035688593241,-0.3265206701022177,3.0
16:11:45.530,5.000000000000004,7.137261728609975,-2.13726172860997,-9500.0,0.0,-0.05391791405962052,-0.28733818968995156,3.0
16:11:45.549,5.000000000000004,7.137261728609975,-2.13726172860997,-9500.0,0.0,-0.04744776437246606,-0.2528576069271574,3.0
16:11:45.569,5.000000000000004,7.137261728609975,-2.13726172860997,-9500.0,0.0,-0.04175403264777013,-0.2225146940958985,3.0
16:11:45.589,5.000000000000004,7.137261728609975,-2.13726172860997,-9500.0,0.0,-0.03674354873003772,-0.1958129308043907,3.0
16:11:45.609,5.000000000000004,7.137261728609975,-2.13726172860997,-9500.0,0.0,-0.032334322882433195,-0.17231537910786382,3.0
16:11:45.629,5.000000000000004,7.137261728609975,-2.13726172860997,-9500.0,0.0,-0.028454204136541213,-0.15163753361492016,3.0
16:11:45.649,5.000000000000004,7.137261728609975,-2.13726172860997,-9500.0,0.0,-0.025039699640156267,-0.13344102958112974,3.0
16:11:45.670,5.000000000000004,7.137261728609975,-2.13726172860997,-9500.0,0.0,-0.022034935683337514,-0.11742810603139417,3.0
16:11:45.690,5.000000000000004,7.137261728609975,-2.13726172860997,-9500.0,0.0,-0.01939074340133701,-0.10333673330762687,3.0
16:11:45.709,5.000000000000004,7.137261728609975,-2.13726172860997,-9500.0,0.0,-0.01706385419317657,-0.09093632531071164,3.0
16:11:45.729,5.000000000000004,7.137261728609975,-2.13726172860997,-9500.0,0.0,-0.01501619168999538,-0.08002396627342624,3.0
16:11:45.749,5.000000000000004,7.137261728609975,-2.13726172860997,-9500.0,0.0,-0.013214248687195935,-0.0704210903206151,3.0
16:11:45.770,5.000000000000004,7.137261728609975,-2.13726172860997,-9500.0,0.0,-0.011628538844732424,-0.06197055948214129,3.0
16:11:45.789,5.000000000000004,7.137261728609975,-2.13726172860997,-9500.0,0.0,-0.010233114183364533,-0.054534092344284336,3.0
16:11:45.809,5.000000000000004,7.137261728609975,-2.13726172860997,-9500.0,0.0,-0.00900514048136079,-0.04799000126297022,3.0
16:11:45.829,5.000000000000004,7.137261728609975,-2.13726172860997,-9500.0,0.0,-0.007924523623597496,-0.0422312011114138,3.0
16:11:45.849,5.000000000000004,7.137261728609975,-2.13726172860997,-9500.0,0.0,-0.006973580788765797,-0.03716345697804414,3.0
16:11:45.870,5.000000000000004,7.137261728609975,-2.13726172860997,-9500.0,0.0,-0.006136751094113901,-0.03270384214067885,3.0
16:11:45.889,5.000000000000004,7.137261728609975,-2.13726172860997,-9500.0,0.0,-0.005400340962820232,-0.028779381083797382,3.0
16:11:45.909,5.000000000000004,7.137261728609975,-2.13726172860997,-9500.0,0.0,-0.0047523000472818044,-0.025325855353741693,3.0
16:11:45.929,5.000000000000004,7.137261728609975,-2.13726172860997,-9500.0,0.0,-0.004182024041607988,-0.022286752711292695,3.0
16:11:45.949,5.000000000000004,7.137261728609975,-2.13726172860997,-9500.0,0.0,-0.00368018115661503,-0.01961234238593757,3.0
16:11:45.970,5.000000000000004,7.137261728609975,-2.13726172860997,-9500.0,0.0,-0.003238559417821226,-0.01725886129962506,3.0
16:11:45.989,5.000000000000004,7.137261728609975,-2.13726172860997,-9500.0,0.0,-0.0028499322876826792,-0.015187797943670056,3.0
16:11:46.009,5.000000000000004,7.137261728609975,-2.13726172860997,-9500.0,0.0,-0.002507940413160758,-0.01336526219042965,3.0
16:11:46.029,5.000000000000004,7.137261728609975,-2.13726172860997,-9500.0,0.0,-0.002206987563581467,-0.011761430727578093,3.0
16:11:46.049,5.000000000000004,7.137261728609975,-2.13726172860997,-9500.0,0.0,-0.0019421490559516912,-0.010350059040268722,3.0
16:11:46.070,5.000000000000004,7.224301505788144,-2.224301505788141,-9500.0,0.0,-0.0017090911692374882,-0.009108051955436475,3.0
16:11:46.089,5.000000000000004,7.224301505788144,-2.224301505788141,-9500.0,0.0,-0.0015040002289289896,-0.008015085720784099,3.0
16:11:46.109,5.000000000000004,7.224301505788144,-2.224301505788141,-9500.0,0.0,-0.001323520201457511,-0.007053275434290007,3.0
16:11:46.130,5.000000000000004,7.224301505788144,-2.224301505788141,-9500.0,0.0,-0.0011646977772826097,-0.006206882382175207,3.0
16:11:46.150,5.000000000000004,7.224301505788144,-2.224301505788141,-9500.0,0.0,-0.0010249340440086966,-0.005462056496314182,3.0
16:11:46.170,5.000000000000004,7.224301505788144,-2.224301505788141,-9500.0,0.0,-0.000901941958727653,-0.0048066097167564804,3.0
16:11:46.189,5.000000000000004,7.224301505788144,-2.224301505788141,-9500.0,0.0,-0.0007937089236803346,-0.0042298165507457025,3.0
16:11:46.210,5.000000000000004,7.224301505788144,-2.224301505788141,-9500.0,0.0,-0.0006984638528386945,-0.003722238564656218,3.0
16:11:46.229,5.000000000000004,7.224301505788144,-2.224301505788141,-9500.0,0.0,-0.0006146481904980511,-0.003275569936897472,3.0
16:11:46.249,5.000000000000004,7.224301505788144,-2.224301505788141,-9500.0,0.0,-0.000540890407638285,-0.0028825015444697757,3.0
16:11:46.269,5.000000000000004,7.224301505788144,-2.224301505788141,-9500.0,0.0,-0.00047598355872169085,-0.0025366013591334026,3.0
16:11:46.289,5.000000000000004,7.137261728609975,-2.13726172860997,-9500.0,0.0,-0.00041886553167508794,-0.0022322091960373944,3.0
16:11:46.309,5.000000000000004,7.137261728609975,-2.13726172860997,-9500.0,0.0,-0.0003686016678740774,-0.0019643440925129073,3.0
16:11:46.330,5.000000000000004,7.137261728609975,-2.13726172860997,-9500.0,0.0,-0.00032436946772918814,-0.0017286228014113583,3.0
16:11:46.349,5.000000000000004,7.137261728609975,-2.13726172860997,-9500.0,0.0,-0.00028544513160168555,-0.0015211880652419953,3.0
16:11:46.369,5.000000000000004,7.137261728609975,-2.13726172860997,-9500.0,0.0,-0.0002511917158094833,-0.001338645497412956,3.0
16:11:46.390,5.000000000000004,7.137261728609975,-2.13726172860997,-9500.0,0.0,-0.0002210487099123453,-0.0011780080377234011,3.0
16:11:46.409,5.000000000000004,7.137261728609975,-2.13726172860997,-9500.0,0.0,-0.00019452286472286388,-0.001036647073196593,3.0
16:11:46.430,5.000000000000004,7.137261728609975,-2.13726172860997,-9500.0,0.0,-0.0001711801209561202,-0.0009122494244130019,3.0
16:11:46.450,5.000000000000004,7.137261728609975,-2.13726172860997,-9500.0,0.0,-0.00015063850644138577,-0.0008027794934834416,3.0
16:11:46.469,5.000000000000004,7.137261728609975,-2.13726172860997,-9500.0,0.0,-0.00013256188566841947,-0.0007064459542654286,3.0
16:11:46.489,5.000000000000004,7.137261728609975,-2.13726172860997,-9500.0,0.0,-0.00011665445938820914,-0.0006216724397535772,3.0
16:11:46.510,5.000000000000004,7.137261728609975,-2.13726172860997,-9500.0,0.0,-0.00010265592426162405,-0.000547071746983148,3.0
16:11:46.529,5.000000000000004,7.224301505788144,-2.224301505788141,-9500.0,0.0,-9.033721335022917e-05,-0.0004814231373451702,3.0
16:11:46.549,5.000000000000004,7.224301505788144,-2.224301505788141,-9500.0,0.0,-7.949674774820167e-05,-0.0004236523608637498,3.0
16:11:46.569,5.000000000000004,7.224301505788144,-2.224301505788141,-9500.0,0.0,-6.995713801841746e-05,-0.0003728140775600998,3.0
16:11:46.590,5.000000000000004,7.224301505788144,-2.224301505788141,-9500.0,0.0,-6.156228145620737e-05,-0.00032807638825288786,3.0
16:11:46.609,5.000000000000004,7.224301505788144,-2.224301505788141,-9500.0,0.0,-5.417480768146249e-05,-0.0002887072216625413,3.0
16:11:46.630,5.000000000000004,7.224301505788144,-2.224301505788141,-9500.0,0.0,-4.767383075968699e-05,-0.00025406235506303637,3.0
16:11:46.649,5.000000000000004,7.224301505788144,-2.224301505788141,-9500.0,0.0,-4.195297106852455e-05,-0.00022357487245547197,3.0
16:11:46.669,5.000000000000004,7.224301505788144,-2.224301505788141,-9500.0,0.0,-3.69186145403016e-05,-0.00019674588776081534,3.0
16:11:46.689,5.000000000000004,7.224301505788144,-2.224301505788141,-9500.0,0.0,-3.248838079546541e-05,-0.0001731363812295175,3.0
16:11:46.709,5.000000000000004,7.224301505788144,-2.224301505788141,-9500.0,0.0,-2.858977510000956e-05,-0.0001523600154819754,3.0
16:11:46.729,5.000000000000004,7.224301505788144,-2.224301505788141,-9500.0,0.0,-2.5159002088008414e-05,-0.00013407681362413834,3.0
16:11:46.749,5.000000000000004,7.224301505788144,-2.224301505788141,-9500.0,0.0,-2.2139921837447403e-05,-0.00011798759598924174,3.0
16:11:46.769,5.000000000000004,7.224301505788144,-2.224301505788141,-9500.0,0.0,-1.9483131216953715e-05,-0.00010382908447053274,3.0
16:11:46.789,5.000000000000004,7.224301505788144,-2.224301505788141,-9500.0,0.0,-1.714515547091927e-05,-9.136959433406882e-05,3.0
16:11:46.810,5.000000000000004,7.224301505788144,-2.224301505788141,-9500.0,0.0,-1.5087736814408958e-05,-8.040524301398056e-05,3.0
16:11:46.830,5.000000000000004,7.224301505788144,-2.224301505788141,-9500.0,0.0,-1.3277208396679884e-05,-7.075661385230289e-05,3.0
16:11:46.849,5.000000000000004,7.224301505788144,-2.224301505788141,-9500.0,0.0,-1.1683943389078297e-05,-6.226582019002655e-05,3.0
16:11:46.869,5.000000000000004,7.137261728609975,-2.13726172860997,-9500.0,0.0,-1.0281870182388901e-05,-5.4793921767223356e-05,3.0
16:11:46.889,5.000000000000004,7.137261728609975,-2.13726172860997,-9500.0,0.0,-9.048045760502233e-06,-4.821865115515655e-05,3.0
16:11:46.909,5.000000000000004,7.137261728609975,-2.13726172860997,-9500.0,0.0,-7.962280269241965e-06,-4.243241301653777e-05,3.0
16:11:46.929,5.000000000000004,7.137261728609975,-2.13726172860997,-9500.0,0.0,-7.006806636932929e-06,-3.7340523454553234e-05,3.0
16:11:46.949,5.000000000000004,7.137261728609975,-2.13726172860997,-9500.0,0.0,-6.165989840500978e-06,-3.285966064000685e-05,3.0
16:11:46.969,5.000000000000004,7.137261728609975,-2.13726172860997,-9500.0,0.0,-5.426071059640861e-06,-2.8916501363206026e-05,3.0
16:11:46.990,5.000000000000004,7.137261728609975,-2.13726172860997,-9500.0,0.0,-4.774942532483958e-06,-2.5446521199621307e-05,3.0
16:11:47.009,5.000000000000004,7.137261728609975,-2.13726172860997,-9500.0,0.0,-4.201949428585883e-06,-2.239293865566675e-05,3.0
16:11:47.029,5.000000000000004,7.137261728609975,-2.13726172860997,-9500.0,0.0,-3.697715497155577e-06,-1.970578601698674e-05,3.0
16:11:47.050,5.000000000000004,7.224301505788144,-2.224301505788141,-9500.0,0.0,-3.2539896374969077e-06,-1.7341091694948332e-05,3.0
16:11:47.069,5.000000000000004,7.137261728609975,-2.13726172860997,-9500.0,0.0,-2.8635108809972787e-06,-1.526016069155453e-05,3.0
16:11:47.089,5.000000000000004,7.137261728609975,-2.13726172860997,-9500.0,0.0,-2.519889575277605e-06,-1.3428941408567985e-05,3.0
16:11:47.109,5.000000000000004,7.137261728609975,-2.13726172860997,-9500.0,0.0,-2.2175028262442926e-06,-1.1817468439539829e-05,3.0
16:11:47.130,5.000000000000004,7.137261728609975,-2.13726172860997,-9500.0,0.0,-1.9514024870949777e-06,-1.039937222679505e-05,3.0
16:11:47.149,5.000000000000004,7.137261728609975,-2.13726172860997,-9500.0,0.0,-1.7172341886435803e-06,-9.151447559579644e-06,3.0
16:11:47.169,5.000000000000004,7.137261728609975,-2.13726172860997,-9500.0,0.0,-1.5111660860063507e-06,-8.053273852430086e-06,3.0
16:11:47.190,5.000000000000004,7.137261728609975,-2.13726172860997,-9500.0,0.0,-1.3298261556855885e-06,-7.086880990138476e-06,3.0
16:11:47.209,5.000000000000004,7.137261728609975,-2.13726172860997,-9500.0,0.0,-1.1702470170033178e-06,-6.2364552713218585e-06,3.0
16:11:47.229,5.000000000000004,7.137261728609975,-2.13726172860997,-9500.0,0.0,-1.0298173749629198e-06,-5.4880806387632354e-06,3.0
16:11:47.249,5.000000000000004,7.137261728609975,-2.13726172860997,-9500.0,0.0,-9.062392899673693e-07,-4.829510962111647e-06,3.0
16:11:47.269,5.000000000000004,7.137261728609975,-2.13726172860997,-9500.0,0.0,-7.97490575171285e-07,-4.249969646658249e-06,3.0
16:11:47.289,5.000000000000004,7.137261728609975,-2.13726172860997,-9500.0,0.0,-7.017917061507308e-07,-3.739973289059259e-06,3.0
16:11:47.310,5.000000000000004,7.137261728609975,-2.13726172860997,-9500.0,0.0,-6.175767014126431e-07,-3.291176494372148e-06,3.0
16:11:47.329,5.000000000000004,7.050221951431804,-2.0502219514317996,-9500.0,0.0,-5.43467497243126e-07,-2.896235315047491e-06,3.0
16:11:47.349,5.000000000000004,7.050221951431804,-2.0502219514317996,-9500.0,0.0,-4.782513975739509e-07,-2.548687077241792e-06,3.0
16:11:47.370,5.000000000000004,7.050221951431804,-2.0502219514317996,-9500.0,0.0,-4.208612298650768e-07,-2.242844627972777e-06,3.0
16:11:47.389,5.000000000000004,7.050221951431804,-2.0502219514317996,-9500.0,0.0,-3.703578822812676e-07,-1.973703272616044e-06,3.0
16:11:47.409,5.000000000000004,7.050221951431804,-2.0502219514317996,-9500.0,0.0,-3.259149364075155e-07,-1.7368588799021185e-06,3.0
16:11:47.429,5.000000000000004,7.050221951431804,-2.0502219514317996,-9500.0,0.0,-2.868051440386136e-07,-1.5284358143138642e-06,3.0
16:11:47.449,5.000000000000004,7.050221951431804,-2.0502219514317996,-9500.0,0.0,-2.5238852675397997e-07,-1.3450235165962005e-06,3.0
16:11:47.469,5.000000000000004,7.050221951431804,-2.0502219514317996,-9500.0,0.0,-2.2210190354350237e-07,-1.1836206946046565e-06,3.0
16:11:47.489,5.000000000000004,7.050221951431804,-2.0502219514317996,-9500.0,0.0,-1.954496751182821e-07,-1.0415862112520977e-06,3.0
16:11:47.509,5.000000000000004,7.050221951431804,-2.0502219514317996,-9500.0,0.0,-1.7199571410408825e-07,-9.16595865901846e-07,3.0
16:11:47.530,5.000000000000004,7.050221951431804,-2.0502219514317996,-9500.0,0.0,-1.5135622841159766e-07,-8.066043619936246e-07,3.0
16:11:47.549,5.000000000000004,7.050221951431804,-2.0502219514317996,-9500.0,0.0,-1.3319348100220596e-07,-7.098118385543897e-07,3.0
16:11:47.570,5.000000000000004,7.050221951431804,-2.0502219514317996,-9500.0,0.0,-1.1721026328194125e-07,-6.246344179278629e-07,3.0
16:11:47.589,5.000000000000004,7.050221951431804,-2.0502219514317996,-9500.0,0.0,-1.0314503168810829e-07,-5.496782877765194e-07,3.0
16:11:47.610,5.000000000000004,7.050221951431804,-2.0502219514317996,-9500.0,0.0,-9.07676278855353e-08,-4.83716893243337e-07,3.0
16:11:47.630,5.000000000000004,7.050221951431804,-2.0502219514317996,-9500.0,0.0,-7.987551253927107e-08,-4.256708660541366e-07,3.0
16:11:47.649,5.000000000000004,7.050221951431804,-2.0502219514317996,-9500.0,0.0,-7.029045103455854e-08,-3.7459036212764025e-07,3.0
16:11:47.669,5.000000000000004,7.050221951431804,-2.0502219514317996,-9500.0,0.0,-6.185559691041152e-08,-3.2963951867232343e-07,3.0
16:11:47.689,5.000000000000004,7.050221951431804,-2.0502219514317996,-9500.0,0.0,-5.443292528116214e-08,-2.9008277643164463e-07,3.0
16:11:47.709,5.000000000000004,7.050221951431804,-2.0502219514317996,-9500.0,0.0,-4.790097424742268e-08,-2.552728432598473e-07,3.0
16:11:47.730,5.000000000000004,7.050221951431804,-2.0502219514317996,-9500.0,0.0,-4.215285733773196e-08,-2.2464010206866558e-07,3.0
16:11:47.749,5.000000000000004,7.050221951431804,-2.0502219514317996,-9500.0,0.0,-3.7094514457204125e-08,-1.976832898204257e-07,3.0
16:11:47.769,5.000000000000004,7.050221951431804,-2.0502219514317996,-9500.0,0.0,-3.264317272233963e-08,-1.7396129504197463e-07,3.0
16:11:47.789,5.000000000000004,7.050221951431804,-2.0502219514317996,-9500.0,0.0,-2.8725991995658876e-08,-1.530859396369377e-07,3.0
16:11:47.809,5.000000000000004,7.050221951431804,-2.0502219514317996,-9500.0,0.0,-2.5278872956179813e-08,-1.3471562688050517e-07,3.0
16:11:47.829,5.000000000000004,7.050221951431804,-2.0502219514317996,-9500.0,0.0,-2.2245408201438235e-08,-1.1854975165484456e-07,3.0
16:11:47.848,5.000000000000004,7.050221951431804,-2.0502219514317996,-9500.0,0.0,-1.9575959217265648e-08,-1.043237814562632e-07,3.0
16:11:47.869,5.000000000000004,7.050221951431804,-2.0502219514317996,-9500.0,0.0,-1.722684411119377e-08,-9.180492768151163e-08,3.0
16:11:47.889,5.000000000000004,7.050221951431804,-2.0502219514317996,-9500.0,0.0,-1.5159622817850518e-08,-8.078833635973023e-08,3.0
16:11:47.909,5.000000000000004,7.050221951431804,-2.0502219514317996,-9500.0,0.0,-1.3340468079708457e-08,-7.10937359965626e-08,3.0
16:11:47.929,5.000000000000004,7.050221951431804,-2.0502219514317996,-9500.0,0.0,-1.1739611910143441e-08,-6.256248767697509e-08,3.0
16:11:47.950,5.000000000000004,7.050221951431804,-2.0502219514317996,-9500.0,0.0,-1.0330858480926229e-08,-5.5054989155738084e-08,3.0
16:11:47.969,5.000000000000004,7.050221951431804,-2.0502219514317996,-9500.0,0.0,-9.091155463215081e-09,-4.844839045704951e-08,3.0
16:11:47.990,5.000000000000004,7.050221951431804,-2.0502219514317996,-9500.0,0.0,-8.000216807629272e-09,-4.263458360220357e-08,3.0
16:11:48.009,5.000000000000004,7.050221951431804,-2.0502219514317996,-9500.0,0.0,-7.0401907907137595e-09,-3.751843356993915e-08,3.0
16:11:48.029,5.000000000000004,7.050221951431804,-2.0502219514317996,-9500.0,0.0,-6.195367895828109e-09,-3.301622154154645e-08,3.0
16:11:48.050,5.000000000000004,7.050221951431804,-2.0502219514317996,-9500.0,0.0,-5.451923748328736e-09,-2.9054274956560876e-08,3.0
16:11:48.069,5.000000000000004,7.050221951431804,-2.0502219514317996,-9500.0,0.0,-4.797692898529288e-09,-2.5567761961773573e-08,3.0
16:11:48.089,5.000000000000004,7.050221951431804,-2.0502219514317996,-9500.0,0.0,-4.221969750705773e-09,-2.2499630526360743e-08,3.0
16:11:48.109,5.000000000000004,7.050221951431804,-2.0502219514317996,-9500.0,0.0,-3.7153333806210803e-09,-1.9799674863197453e-08,3.0
16:11:48.130,5.000000000000004,7.050221951431804,-2.0502219514317996,-9500.0,0.0,-3.2694933749465508e-09,-1.742371387961376e-08,3.0
16:11:48.149,5.000000000000004,7.050221951431804,-2.0502219514317996,-9500.0,0.0,-2.8771541699529648e-09,-1.533286821406011e-08,3.0
16:11:48.169,5.000000000000004,7.050221951431804,-2.0502219514317996,-9500.0,0.0,-2.531895669558609e-09,-1.3492924028372895e-08,3.0
16:11:48.189,5.000000000000004,7.050221951431804,-2.0502219514317996,-9500.0,0.0,-2.228068189211576e-09,-1.1873773144968148e-08,3.0
16:11:48.209,5.000000000000004,7.050221951431804,-2.0502219514317996,-9500.0,0.0,-1.9607000065061867e-09,-1.044892036757197e-08,3.0
16:11:48.229,5.000000000000004,7.050221951431804,-2.0502219514317996,-9500.0,0.0,-1.7254160057254443e-09,-9.195049923463334e-09,3.0
16:11:48.249,5.000000000000004,7.050221951431804,-2.0502219514317996,-9500.0,0.0,-1.518366085038391e-09,-8.091643932647733e-09,3.0
16:11:48.269,5.000000000000004,7.050221951431804,-2.0502219514317996,-9500.0,0.0,-1.3361621548337841e-09,-7.120646660730006e-09,3.0
16:11:48.289,5.000000000000004,6.9631821742536335,-1.9631821742536295,-9500.0,0.0,-1.17582269625373e-09,-6.266169061442406e-09,3.0
16:11:48.309,5.000000000000004,5.918704848115588,-0.9187048481155844,-6212.895031309691,-22.0,-2.6400000010347235,-14.069031310075994,3.0
16:11:48.329,5.000000000000004,3.5686308643049873,1.431369135695017,8826.732343988782,-20.0,-4.723200000910557,-25.170776011559393,3.0
16:11:48.349,5.000000000000004,1.9148750979197493,3.085124902080255,9500.0,0.0,-4.156416000801291,-22.150282890172267,3.0
16:11:48.369,5.000000000000004,2.3500739838106015,2.649926016189403,9500.0,13.0,-2.0976460807051356,-11.17873044520146,3.0
16:11:48.389,5.000000000000004,3.8297501958394986,1.1702498041605056,7500.6188149680565,16.0,0.0740714489794807,0.3947399751767287,3.0
16:11:48.410,5.000000000000004,5.396466185046566,-0.3964661850465619,-3492.255425752892,12.0,1.505182875101943,8.02138825337103,3.0
16:11:48.429,5.000000000000004,6.0927844024719295,-1.0927844024719253,-7091.959771816672,2.0,1.5645609300897099,8.337824508835759,3.0
16:11:48.449,5.000000000000004,5.831665070937418,-0.831665070937414,-5745.882106313342,-5.0,0.7768136184789448,4.139778453102339,3.0
16:11:48.469,5.000000000000004,4.613108190443032,0.3868918095569719,3446.4837293690452,-12.0,-0.7564040157385286,-4.031012036485451,3.0
16:11:48.489,5.000000000000004,4.26494908173035,0.7350509182696535,5245.7406789988945,-2.0,-0.9056355338499051,-4.826293437976449,3.0
16:11:48.509,5.000000000000004,4.26494908173035,0.7350509182696535,5246.28179751903,0.0,-0.7969592697879165,-4.247138225419275,3.0
16:11:48.529,5.000000000000004,4.1779093045521805,0.822090695447824,5696.757981816749,0.0,-0.7013241574133665,-3.7374816383689615,3.0
16:11:48.549,5.000000000000004,4.526068413264862,0.4739315867351423,3901.359533959284,7.0,0.22283474147623739,1.187526118777694,3.0
16:11:48.569,5.000000000000004,5.396466185046566,-0.3964661850465619,-3495.18860157822,6.0,0.9160945724990889,4.8820315221321255,3.0
16:11:48.589,5.000000000000004,5.483505962224736,-0.4835059622247323,-3945.7359693888307,0.0,0.8061632237991982,4.29618773947627,3.0
16:11:48.609,5.000000000000004,5.135346853512055,-0.13534685351205064,0.0,-4.0,0.22942363694329448,1.222639519000615,3.0
16:11:48.629,5.000000000000004,4.439028636086691,0.5609713639133127,4347.670251758957,-6.0,-0.5181071994899008,-2.7610857608872132,3.0
16:11:48.649,5.000000000000004,4.26494908173035,0.7350509182696535,5248.577322970819,1.0,-0.33593433555111274,-1.790254046646122,3.0
16:11:48.670,5.000000000000004,4.26494908173035,0.7350509182696535,5248.778044214324,0.0,-0.29562221528497923,-1.5754235610485876,3.0
16:11:48.689,5.000000000000004,4.874227521977543,0.1257724780224606,0.0,2.0,-0.020147549450781732,-0.10736988785350547,3.0
16:11:48.709,5.000000000000004,5.222386630690225,-0.22238663069022108,-2601.0332829019267,-2.0,-0.25772984351668793,-1.3734883471803365,3.0
16:11:48.729,5.000000000000004,5.222386630690225,-0.22238663069022108,-2601.476790376628,-1.0,-0.34680226229468536,-1.8481711684533217,3.0
16:11:48.749,5.000000000000004,5.048307076333884,-0.048307076333880226,0.0,-3.0,-0.6651859908193232,-3.5448948970428007,3.0
16:11:48.769,5.000000000000004,4.613108190443032,0.3868918095569719,3444.9453640840584,-4.0,-1.0653636719210042,-5.6775132011361675,3.0
16:11:48.789,5.000000000000004,4.351988858908521,0.6480111410914832,4793.789416125171,-3.0,-1.2975200312904838,-6.914715885803704,3.0
16:11:48.809,5.000000000000004,4.526068413264862,0.4739315867351423,3895.7596890360223,2.0,-0.9018176275356258,-4.805947133638009,3.0
16:11:48.829,5.000000000000004,4.874227521977543,0.1257724780224606,0.0,5.0,-0.19359951223135075,-1.031726362928319,3.0
16:11:48.849,5.000000000000004,4.961267299155714,0.03873270084429019,0.0,2.0,0.06963242923641133,0.3710836464923307,3.0
16:11:48.869,5.000000000000004,4.961267299155714,0.03873270084429019,0.0,0.0,0.06127653772804197,0.326553608913251,3.0
16:11:48.889,5.000000000000004,4.961267299155714,0.03873270084429019,0.0,1.0,0.17392335320067692,0.9268685987782866,3.0
16:11:48.909,5.000000000000004,4.961267299155714,0.03873270084429019,0.0,0.0,0.1530525508165957,0.8156443669248923,3.0
16:11:48.929,5.000000000000004,4.961267299155714,0.03873270084429019,0.0,0.0,0.13468624471860421,0.7177670428939052,3.0
16:11:48.949,5.000000000000004,4.961267299155714,0.03873270084429019,0.0,0.0,0.1185238953523717,0.6316349977466366,3.0
16:11:48.969,5.000000000000004,4.961267299155714,0.03873270084429019,0.0,0.0,0.10430102791008711,0.5558387980170402,3.0
16:11:48.989,5.000000000000004,4.961267299155714,0.03873270084429019,0.0,0.0,0.09178490456087665,0.48913814225499536,3.0
16:11:49.009,5.000000000000004,4.961267299155714,0.03873270084429019,0.0,0.0,0.08077071601357146,0.4304415651843959,3.0
16:11:49.029,5.000000000000004,4.961267299155714,0.03873270084429019,0.0,0.0,0.07107823009194288,0.3787885773622684,3.0
16:11:49.049,5.000000000000004,4.961267299155714,0.03873270084429019,0.0,0.0,0.06254884248090974,0.33333394807879624,3.0
16:11:49.069,5.000000000000004,4.961267299155714,0.03873270084429019,0.0,0.0,0.055042981383200566,0.29333387430934066,3.0
16:11:49.089,5.000000000000004,4.961267299155714,0.03873270084429019,0.0,0.0,0.0484378236172165,0.2581338093922198,3.0
16:11:49.109,5.000000000000004,4.961267299155714,0.03873270084429019,0.0,0.0,0.042625284783150516,0.2271577522651534,3.0
16:11:49.129,5.000000000000004,4.961267299155714,0.03873270084429019,0.0,0.0,0.03751025060917246,0.199898821993335,3.0
16:11:49.149,5.000000000000004,4.961267299155714,0.03873270084429019,0.0,0.0,0.03300902053607176,0.1759109633541348,3.0
16:11:49.169,5.000000000000004,4.961267299155714,0.03873270084429019,0.0,0.0,0.029047938071743152,0.15480164775163863,3.0
16:11:49.190,5.000000000000004,4.961267299155714,0.03873270084429019,0.0,0.0,0.025562185503133973,0.13622545002144199,3.0
16:11:49.209,5.000000000000004,4.961267299155714,0.03873270084429019,0.0,0.0,0.022494723242757895,0.11987839601886895,3.0
16:11:49.229,5.000000000000004,4.961267299155714,0.03873270084429019,0.0,0.0,0.01979535645362695,0.10549298849660468,3.0
16:11:49.249,5.000000000000004,4.961267299155714,0.03873270084429019,0.0,0.0,0.017419913679191715,0.09283382987701212,3.0
16:11:49.269,5.000000000000004,4.961267299155714,0.03873270084429019,0.0,0.0,0.01532952403768871,0.08169377029177068,3.0
16:11:49.289,5.000000000000004,4.961267299155714,0.03873270084429019,0.0,0.0,0.013489981153166065,0.0718905178567582,3.0
16:11:49.310,5.000000000000004,4.961267299155714,0.03873270084429019,0.0,0.0,0.011871183414786136,0.06326365571394721,3.0
16:11:49.329,5.000000000000004,4.961267299155714,0.03873270084429019,0.0,0.0,0.0104466414050118,0.055672017028273534,3.0
16:11:49.349,5.000000000000004,4.961267299155714,0.03873270084429019,0.0,0.0,0.009193044436410384,0.048991374984880716,3.0
16:11:49.369,5.000000000000004,4.961267299155714,0.03873270084429019,0.0,0.0,0.008089879104041138,0.04311240998669503,3.0
16:11:49.389,5.000000000000004,4.961267299155714,0.03873270084429019,0.0,0.0,0.0071190936115562015,0.03793892078829163,3.0
16:11:49.409,5.000000000000004,4.961267299155714,0.03873270084429019,0.0,0.0,0.006264802378169457,0.03338625029369663,3.0
16:11:49.429,5.000000000000004,4.961267299155714,0.03873270084429019,0.0,0.0,0.005513026092789123,0.029379900258453037,3.0
16:11:49.449,5.000000000000004,4.961267299155714,0.03873270084429019,0.0,0.0,0.004851462961654428,0.025854312227438673,3.0
16:11:49.469,5.000000000000004,4.961267299155714,0.03873270084429019,0.0,0.0,0.004269287406255896,0.022751794760146028,3.0
16:11:49.489,5.000000000000004,4.961267299155714,0.03873270084429019,0.0,0.0,0.0037569729175051885,0.020021579388928505,3.0
16:11:49.510,5.000000000000004,4.961267299155714,0.03873270084429019,0.0,0.0,0.003306136167404566,0.017618989862257083,3.0
16:11:49.530,5.000000000000004,4.961267299155714,0.03873270084429019,0.0,0.0,0.002909399827316018,0.015504711078786234,3.0
16:11:49.549,5.000000000000004,4.961267299155714,0.03873270084429019,0.0,0.0,0.0025602718480380957,0.013644145749331885,3.0
16:11:49.569,5.000000000000004,4.961267299155714,0.03873270084429019,0.0,0.0,0.0022530392262735243,0.01200684825941206,3.0
16:11:49.589,5.000000000000004,4.961267299155714,0.03873270084429019,0.0,0.0,0.0019826745191207015,0.010566026468282613,3.0
16:11:49.609,5.000000000000004,5.048307076333884,-0.048307076333880226,0.0,0.0,0.0017447535768262174,0.009298103292088699,3.0
16:11:49.629,5.000000000000004,5.048307076333884,-0.048307076333880226,0.0,0.0,0.0015353831476070713,0.008182330897038056,3.0
16:11:49.649,5.000000000000004,5.048307076333884,-0.048307076333880226,0.0,0.0,0.0013511371698942227,0.007200451189393489,3.0
16:11:49.669,5.000000000000004,5.048307076333884,-0.048307076333880226,0.0,0.0,0.001189000709506916,0.00633639704666627,3.0
16:11:49.690,5.000000000000004,5.048307076333884,-0.048307076333880226,0.0,0.0,0.001046320624366086,0.005576029401066318,3.0
16:11:49.709,5.000000000000004,5.048307076333884,-0.048307076333880226,0.0,0.0,0.0009207621494421557,0.004906905872938359,3.0
16:11:49.730,5.000000000000004,5.048307076333884,-0.048307076333880226,0.0,0.0,0.000810270691509097,0.004318077168185756,3.0
16:11:49.749,5.000000000000004,5.048307076333884,-0.048307076333880226,0.0,0.0,0.0007130382085280053,0.0037999079080034653,3.0
16:11:49.769,5.000000000000004,5.048307076333884,-0.048307076333880226,0.0,0.0,0.0006274736235046448,0.00334391895904305,3.0
16:11:49.790,5.000000000000004,5.048307076333884,-0.048307076333880226,0.0,0.0,0.0005521767886840874,0.002942648683957884,3.0
16:11:49.809,5.000000000000004,5.048307076333884,-0.048307076333880226,0.0,0.0,0.0004859155740419969,0.002589530841882938,3.0
16:11:49.829,5.000000000000004,5.048307076333884,-0.048307076333880226,0.0,0.0,0.00042760570515695725,0.0022787871408569854,3.0
16:11:49.849,5.000000000000004,5.048307076333884,-0.048307076333880226,0.0,0.0,0.0003762930205381224,0.002005332683954147,3.0
16:11:49.869,5.000000000000004,5.048307076333884,-0.048307076333880226,0.0,0.0,0.0003311378580735477,0.0017646927618796494,3.0
16:11:49.889,5.000000000000004,5.048307076333884,-0.048307076333880226,0.0,0.0,0.000291401315104722,0.0015529296304540915,3.0
16:11:49.910,5.000000000000004,5.048307076333884,-0.048307076333880226,0.0,0.0,0.00025643315729215535,0.0013665780747996006,3.0
16:11:49.929,5.000000000000004,5.048307076333884,-0.048307076333880226,0.0,0.0,0.0002256611784170967,0.0012025887058236485,3.0
16:11:49.949,5.000000000000004,5.048307076333884,-0.048307076333880226,0.0,0.0,0.0001985818370070451,0.0010582780611248107,3.0
16:11:49.969,5.000000000000004,5.048307076333884,-0.048307076333880226,0.0,0.0,0.0001747520165661997,0.0009312846937898333,3.0
16:11:49.989,5.000000000000004,5.048307076333884,-0.048307076333880226,0.0,0.0,0.00015378177457825573,0.0008195305305350533,3.0
16:11:50.009,5.000000000000004,5.048307076333884,-0.048307076333880226,0.0,0.0,0.00013532796162886505,0.000721186866870847,3.0
16:11:50.029,5.000000000000004,5.048307076333884,-0.048307076333880226,0.0,0.0,0.00011908860623340124,0.0006346444428463454,3.0
16:11:50.049,5.000000000000004,5.048307076333884,-0.048307076333880226,0.0,0.0,0.00010479797348539309,0.0005584871097047839,3.0
16:11:50.069,5.000000000000004,5.048307076333884,-0.048307076333880226,0.0,0.0,9.222221666714592e-05,0.0004914686565402098,3.0
16:11:50.089,5.000000000000004,5.048307076333884,-0.048307076333880226,0.0,0.0,8.115555066708842e-05,0.0004324924177553847,3.0
16:11:50.109,5.000000000000004,5.048307076333884,-0.048307076333880226,0.0,0.0,7.141688458703781e-05,0.00038059332762473857,3.0
16:11:50.129,5.000000000000004,5.048307076333884,-0.048307076333880226,0.0,0.0,6.284685843659327e-05,0.0003349221283097699,3.0
16:11:50.149,5.000000000000004,5.048307076333884,-0.048307076333880226,0.0,0.0,5.530523542420208e-05,0.00029473147291259754,3.0
16:11:50.169,5.000000000000004,5.048307076333884,-0.048307076333880226,0.0,0.0,4.866860717329783e-05,0.0002593636961630858,3.0
16:11:50.189,5.000000000000004,5.048307076333884,-0.048307076333880226,0.0,0.0,4.2828374312502086e-05,0.00022824005262351551,3.0
16:11:50.209,5.000000000000004,5.048307076333884,-0.048307076333880226,0.0,0.0,3.7688969395001834e-05,0.00020085124630869362,3.0
16:11:50.229,5.000000000000004,5.048307076333884,-0.048307076333880226,0.0,0.0,3.3166293067601614e-05,0.0001767490967516504,3.0
16:11:50.249,5.000000000000004,5.048307076333884,-0.048307076333880226,0.0,0.0,2.918633789948942e-05,0.00015553920514145236,3.0
16:11:50.269,5.000000000000004,5.048307076333884,-0.048307076333880226,0.0,0.0,2.5683977351550688e-05,0.00013687450052447806,3.0
16:11:50.289,5.000000000000004,5.048307076333884,-0.048307076333880226,0.0,0.0,2.2601900069364607e-05,0.0001204495604615407,3.0
16:11:50.309,5.000000000000004,5.048307076333884,-0.048307076333880226,0.0,0.0,1.9889672061040854e-05,0.0001059956132061558,3.0
16:11:50.329,5.000000000000004,5.048307076333884,-0.048307076333880226,0.0,0.0,1.750291141371595e-05,9.327613962141712e-05,3.0
16:11:50.349,5.000000000000004,5.048307076333884,-0.048307076333880226,0.0,0.0,1.5402562044070037e-05,8.208300286684705e-05,3.0
16:11:50.370,5.000000000000004,5.048307076333884,-0.048307076333880226,0.0,0.0,1.3554254598781632e-05,7.223304252282541e-05,3.0
16:11:50.390,5.000000000000004,5.048307076333884,-0.048307076333880226,0.0,0.0,1.1927744046927836e-05,6.356507742008635e-05,3.0
16:11:50.409,5.000000000000004,5.048307076333884,-0.048307076333880226,0.0,0.0,1.0496414761296496e-05,5.5937268129676e-05,3.0
16:11:50.429,5.000000000000004,5.048307076333884,-0.048307076333880226,0.0,0.0,9.236844989940917e-06,4.922479595411488e-05,3.0
16:11:50.449,5.000000000000004,5.048307076333884,-0.048307076333880226,0.0,0.0,8.128423591148007e-06,4.331782043962109e-05,3.0
16:11:50.469,5.000000000000004,5.048307076333884,-0.048307076333880226,0.0,0.0,7.153012760210246e-06,3.811968198686656e-05,3.0
16:11:50.489,5.000000000000004,5.048307076333884,-0.048307076333880226,0.0,0.0,6.294651228985016e-06,3.354532014844257e-05,3.0
16:11:50.509,5.000000000000004,5.048307076333884,-0.048307076333880226,0.0,0.0,5.539293081506814e-06,2.9519881730629465e-05,3.0
16:11:50.529,5.000000000000004,5.048307076333884,-0.048307076333880226,0.0,0.0,4.874577911725996e-06,2.5977495922953926e-05,3.0
16:11:50.549,5.000000000000004,5.048307076333884,-0.048307076333880226,0.0,0.0,4.289628562318876e-06,2.2860196412199454e-05,3.0
16:11:50.570,0.0,5.048307076333884,-5.048307076333884,-9500.0,0.0,3.774873134840611e-06,2.011697284273552e-05,3.0
16:11:50.589,0.0,4.961267299155714,-4.961267299155714,-9500.0,0.0,3.3218883586597377e-06,1.7702936101607258e-05,3.0
16:11:50.609,0.0,4.526068413264862,-4.526068413264862,-9500.0,2.0,0.24000292326175562,1.279018424453021,3.0
16:11:50.629,0.0,4.439028636086691,-4.439028636086691,-9500.0,0.0,0.21120257247034496,1.1255362135186586,3.0
16:11:50.649,0.0,4.09086952737401,-4.09086952737401,-9500.0,-4.0,-0.2941417362260964,-1.5675338238420835,3.0
16:11:50.669,0.0,2.1759944294542604,-2.1759944294542604,-9500.0,-16.0,-2.178844727878965,-11.611452531935047,3.0
16:11:50.689,0.0,0.17407955435634084,-0.17407955435634084,0.0,-24.0,-4.797383360533489,-25.566112378533862,3.0
16:11:50.709,0.0,-1.653755766385238,1.653755766385238,9500.0,-11.0,-5.54169735726947,-29.53269454539068,3.0
16:11:50.729,0.0,-2.0019148750979197,2.0019148750979197,9500.0,5.0,-4.276693674397134,-22.791264085270672,3.0
16:11:50.749,0.0,-0.8703977717817042,0.8703977717817042,5937.833424908958,11.0,-2.4434904334694787,-13.02179674275731,3.0
16:11:50.769,0.0,-0.5222386630690226,0.5222386630690226,4140.488416765751,2.0,-1.9102715814531412,-10.180178287757181,3.0
16:11:50.789,0.0,-0.3481591087126817,0.3481591087126817,3241.6298067538614,0.0,-1.6810389916787642,-8.95855689322632,3.0
16:11:50.809,0.0,0.17407955435634084,-0.17407955435634084,0.0,3.0,-1.1193143126773126,-5.965025797235284,3.0
16:11:50.830,0.0,0.2611193315345113,-0.2611193315345113,-2804.904473893262,0.0,-0.9849965951560351,-5.24922270156705,3.0
16:11:50.850,0.0,0.2611193315345113,-0.2611193315345113,-2804.3159370260705,0.0,-0.866797003737311,-4.619315977379004,3.0
16:11:50.869,0.0,0.2611193315345113,-0.2611193315345113,-2803.798024582942,0.0,-0.7627813632888336,-4.064998060093524,3.0
16:11:50.889,0.0,0.3481591087126817,-0.3481591087126817,-3252.7447602100547,1.0,-0.5512475996941736,-2.937696869947675,3.0
16:11:50.909,0.0,0.3481591087126817,-0.3481591087126817,-3252.415388984848,0.0,-0.48509788773087276,-2.5851732455539542,3.0
16:11:50.929,0.0,0.3481591087126817,-0.3481591087126817,-3252.125542306667,0.0,-0.42688614120316803,-2.2749524560874796,3.0
16:11:50.949,0.0,0.3481591087126817,-0.3481591087126817,-3251.870477229866,0.0,-0.37565980425878787,-2.001958161356982,3.0
16:11:50.969,0.0,0.3481591087126817,-0.3481591087126817,-3251.6460199622825,0.0,-0.33058062774773334,-1.7617231819941443,3.0
16:11:50.989,0.0,0.3481591087126817,-0.3481591087126817,-3251.4484975668083,0.0,-0.29091095241800535,-1.550316400154847,3.0
16:11:51.009,0.0,0.3481591087126817,-0.3481591087126817,-3251.2746778587916,0.0,-0.2560016381278447,-1.3642784321362653,3.0
16:11:51.029,0.0,0.2611193315345113,-0.2611193315345113,-2801.719217938671,-1.0,-0.34528144155250334,-1.8400664432145393,3.0
16:11:51.049,0.0,-0.2611193315345113,0.2611193315345113,2796.097082522231,-4.0,-0.7838476685662029,-4.177264161767297,3.0
16:11:51.069,0.0,-0.4351988858908521,0.4351988858908521,3697.162934042498,1.0,-0.5697859483382586,-3.0364910394205964,3.0
16:11:51.090,0.0,-0.2611193315345113,0.2611193315345113,2798.6983848032673,2.0,-0.2614116345376676,-1.3931092688208733,3.0
16:11:51.109,0.0,-0.08703977717817042,0.08703977717817042,0.0,2.0,0.009957761606852522,0.053066689306883116,3.0
16:11:51.129,0.0,-0.08703977717817042,0.08703977717817042,0.0,0.0,0.00876283021403022,0.046698686590057145,3.0
16:11:51.149,0.0,0.0,0.0,0.0,0.0,0.007711290588346594,0.04109484419925029,3.0
16:11:51.169,0.0,0.0,0.0,0.0,0.0,0.006785935717745002,0.036163462895340254,3.0
16:11:51.190,0.0,0.0,0.0,0.0,0.0,0.005971623431615602,0.03182384734789942,3.0
16:11:51.209,0.0,0.0,0.0,0.0,0.0,0.00525502861982173,0.02800498566615149,3.0
16:11:51.229,0.0,0.0,0.0,0.0,0.0,0.004624425185443122,0.02464438738621331,3.0
16:11:51.250,0.0,0.0,0.0,0.0,0.0,0.0040694941631899476,0.021687060899867716,3.0
16:11:51.269,0.0,0.0,0.0,0.0,0.0,0.0035811548636071537,0.019084613591883588,3.0
16:11:51.289,0.0,0.0,0.0,0.0,0.0,0.0031514162799742952,0.016794459960857558,3.0
16:11:51.310,0.0,0.08703977717817042,-0.08703977717817042,0.0,0.0,0.00277324632637738,0.014779124765554652,3.0
16:11:51.330,0.0,0.08703977717817042,-0.08703977717817042,0.0,0.0,0.0024404567672120943,0.013005629793688094,3.0
16:11:51.350,0.0,0.08703977717817042,-0.08703977717817042,0.0,0.0,0.002147601955146643,0.011444954218445522,3.0
16:11:51.370,0.0,0.08703977717817042,-0.08703977717817042,0.0,0.0,0.001889889720529046,0.01007155971223206,3.0
16:11:51.389,0.0,0.08703977717817042,-0.08703977717817042,0.0,0.0,0.0016631029540655606,0.008862972546764214,3.0
16:11:51.409,0.0,0.08703977717817042,-0.08703977717817042,0.0,0.0,0.0014635305995776933,0.0077994158411525075,3.0
16:11:51.429,0.0,0.08703977717817042,-0.08703977717817042,0.0,0.0,0.00128790692762837,0.006863485940214207,3.0
16:11:51.449,0.0,0.08703977717817042,-0.08703977717817042,0.0,0.0,0.0011333580963129657,0.006039867627388502,3.0
16:11:51.469,0.0,0.08703977717817042,-0.08703977717817042,0.0,0.0,0.00099735512475541,0.0053150835121018826,3.0
16:11:51.489,0.0,0.08703977717817042,-0.08703977717817042,0.0,0.0,0.0008776725097847608,0.004677273490649656,3.0
16:11:51.509,0.0,0.08703977717817042,-0.08703977717817042,0.0,0.0,0.0007723518086105895,0.004116000671771698,3.0
16:11:51.529,0.0,0.08703977717817042,-0.08703977717817042,0.0,0.0,0.0006796695915773187,0.003622080591159094,3.0
16:11:51.549,0.0,0.08703977717817042,-0.08703977717817042,0.0,0.0,0.0005981092405880405,0.003187430920220003,3.0
16:11:51.570,0.0,0.08703977717817042,-0.08703977717817042,0.0,0.0,0.0005263361317174757,0.0028049392097936024,3.0
16:11:51.589,0.0,0.08703977717817042,-0.08703977717817042,0.0,0.0,0.0004631757959113786,0.0024683465046183703,3.0
16:11:51.610,0.0,0.08703977717817042,-0.08703977717817042,0.0,0.0,0.0004075947004020132,0.002172144924064166,3.0
16:11:51.630,0.0,0.08703977717817042,-0.08703977717817042,0.0,0.0,0.0003586833363537716,0.0019114875331764662,3.0
16:11:51.650,0.0,0.08703977717817042,-0.08703977717817042,0.0,0.0,0.000315641335991319,0.00168210902919529,3.0
16:11:51.669,0.0,0.08703977717817042,-0.08703977717817042,0.0,0.0,0.00027776437567236074,0.0014802559456918553,3.0
16:11:51.690,0.0,0.08703977717817042,-0.08703977717817042,0.0,0.0,0.0002444326505916775,0.0013026252322088329,3.0
16:11:51.710,0.0,0.08703977717817042,-0.08703977717817042,0.0,0.0,0.00021510073252067617,0.0011463102043437728,3.0
16:11:51.729,0.0,0.08703977717817042,-0.08703977717817042,0.0,0.0,0.00018928864461819503,0.0010087529798225201,3.0
16:11:51.750,0.0,0.08703977717817042,-0.08703977717817042,0.0,0.0,0.0001665740072640116,0.0008877026222438176,3.0
16:11:51.769,0.0,0.08703977717817042,-0.08703977717817042,0.0,0.0,0.00014658512639233022,0.0007811783075745596,3.0
16:11:51.789,0.0,0.08703977717817042,-0.08703977717817042,0.0,0.0,0.0001289949112252506,0.0006874369106656124,3.0
16:11:51.810,0.0,0.08703977717817042,-0.08703977717817042,0.0,0.0,0.00011351552187822052,0.0006049444813857388,3.0
16:11:51.830,0.0,0.08703977717817042,-0.08703977717817042,0.0,0.0,9.989365925283406e-05,0.0005323511436194502,3.0
16:11:51.849,0.0,0.08703977717817042,-0.08703977717817042,0.0,0.0,8.790642014249398e-05,0.00046846900638511623,3.0
16:11:51.869,0.0,0.08703977717817042,-0.08703977717817042,0.0,0.0,7.73576497253947e-05,0.0004122527256189023,3.0
16:11:51.889,0.0,0.08703977717817042,-0.08703977717817042,0.0,0.0,6.807473175834734e-05,0.00036278239854463406,3.0
16:11:51.909,0.0,0.08703977717817042,-0.08703977717817042,0.0,0.0,5.990576394734566e-05,0.00031924851071927796,3.0
16:11:51.929,0.0,0.08703977717817042,-0.08703977717817042,0.0,0.0,5.271707227366418e-05,0.0002809386894329646,3.0
16:11:51.950,0.0,0.08703977717817042,-0.08703977717817042,0.0,0.0,4.639102360082448e-05,0.00024722604670100886,3.0
16:11:51.969,0.0,0.08703977717817042,-0.08703977717817042,0.0,0.0,4.082410076872554e-05,0.00021755892109688777,3.0
16:11:51.990,0.0,0.08703977717817042,-0.08703977717817042,0.0,0.0,3.5925208676478474e-05,0.00019145185056526124,3.0
16:11:52.009,0.0,0.08703977717817042,-0.08703977717817042,0.0,0.0,3.1614183635301056e-05,0.0001684776284974299,3.0
16:11:52.029,0.0,0.08703977717817042,-0.08703977717817042,0.0,0.0,2.782048159906493e-05,0.00014826031307773832,3.0
16:11:52.049,0.0,0.08703977717817042,-0.08703977717817042,0.0,0.0,2.448202380717714e-05,0.00013046907550840972,3.0
16:11:52.069,0.0,0.08703977717817042,-0.08703977717817042,0.0,0.0,2.1544180950315884e-05,0.00011481278644740055,3.0
16:11:52.090,0.0,0.08703977717817042,-0.08703977717817042,0.0,0.0,1.895887923627798e-05,0.00010103525207371249,3.0
16:11:52.110,0.0,0.08703977717817042,-0.08703977717817042,0.0,0.0,1.668381372792462e-05,8.891102182486699e-05,3.0
16:11:52.129,0.0,0.08703977717817042,-0.08703977717817042,0.0,0.0,1.4681756080573667e-05,7.824169920588296e-05,3.0
16:11:52.150,0.0,0.08703977717817042,-0.08703977717817042,0.0,0.0,1.2919945350904828e-05,6.885269530117701e-05,3.0
16:11:52.169,0.0,0.08703977717817042,-0.08703977717817042,0.0,0.0,1.1369551908796248e-05,6.059037186503576e-05,3.0
16:11:52.189,0.0,0.08703977717817042,-0.08703977717817042,0.0,0.0,1.0005205679740698e-05,5.331952724123147e-05,3.0
16:11:52.209,0.0,0.08703977717817042,-0.08703977717817042,0.0,0.0,8.804580998171815e-06,4.6921183972283696e-05,3.0
16:11:52.230,0.0,0.08703977717817042,-0.08703977717817042,0.0,0.0,7.748031278391197e-06,4.1290641895609656e-05,3.0
16:11:52.249,0.0,0.08703977717817042,-0.08703977717817042,0.0,0.0,6.818267524984254e-06,3.6335764868136495e-05,3.0
16:11:52.269,0.0,0.08703977717817042,-0.08703977717817042,0.0,0.0,6.000075421986144e-06,3.197547308396012e-05,3.0
16:11:52.289,0.0,0.08703977717817042,-0.08703977717817042,0.0,0.0,5.280066371347807e-06,2.8138416313884906e-05,3.0
16:11:52.309,0.0,0.08703977717817042,-0.08703977717817042,0.0,0.0,4.64645840678607e-06,2.4761806356218717e-05,3.0
16:11:52.330,0.0,0.08703977717817042,-0.08703977717817042,0.0,0.0,4.088883397971741e-06,2.179038959347247e-05,3.0
16:11:52.350,0.0,0.08703977717817042,-0.08703977717817042,0.0,0.0,3.5982173902151323e-06,1.9175542842255774e-05,3.0
16:11:52.370,0.0,0.08703977717817042,-0.08703977717817042,0.0,0.0,3.1664313033893163e-06,1.687447770118508e-05,3.0
16:11:52.389,0.0,0.08703977717817042,-0.08703977717817042,0.0,0.0,2.7864595469825984e-06,1.4849540377042871e-05,3.0
16:11:52.410,0.0,0.08703977717817042,-0.08703977717817042,0.0,0.0,2.4520844013446868e-06,1.3067595531797726e-05,3.0
16:11:52.430,0.0,0.08703977717817042,-0.08703977717817042,0.0,0.0,2.1578342731833242e-06,1.1499484067981999e-05,3.0
16:11:52.450,0.0,0.08703977717817042,-0.08703977717817042,0.0,0.0,1.8988941604013254e-06,1.0119545979824159e-05,3.0
16:11:52.469,0.0,0.08703977717817042,-0.08703977717817042,0.0,0.0,1.6710268611531663e-06,8.90520046224526e-06,3.0
16:11:52.489,0.0,0.08703977717817042,-0.08703977717817042,0.0,0.0,1.4705036378147863e-06,7.83657640677583e-06,3.0
16:11:52.509,0.0,0.08703977717817042,-0.08703977717817042,0.0,0.0,1.2940432012770119e-06,6.896187237962729e-06,3.0
16:11:52.529,0.0,0.08703977717817042,-0.08703977717817042,0.0,0.0,1.1387580171237704e-06,6.068644769407202e-06,3.0
16:11:52.549,0.0,0.08703977717817042,-0.08703977717817042,0.0,0.0,1.002107055068918e-06,5.340407397078337e-06,3.0
16:11:52.569,0.0,0.08703977717817042,-0.08703977717817042,0.0,0.0,8.818542084606478e-07,4.699558509428937e-06,3.0
16:11:52.589,0.0,0.08703977717817042,-0.08703977717817042,0.0,0.0,7.760317034453701e-07,4.1356114882974644e-06,3.0
16:11:52.610,0.0,0.17407955435634084,-0.17407955435634084,0.0,0.0,6.829078990319258e-07,3.639338109701769e-06,3.0
16:11:52.629,0.0,0.17407955435634084,-0.17407955435634084,0.0,0.0,6.009589511480946e-07,3.2026175365375565e-06,3.0
16:11:52.649,0.0,0.17407955435634084,-0.17407955435634084,0.0,0.0,5.288438770103233e-07,2.81830343215305e-06,3.0
16:11:52.669,0.0,0.08703977717817042,-0.08703977717817042,0.0,0.0,4.6538261176908447e-07,2.480107020294684e-06,3.0
16:11:52.689,0.0,0.08703977717817042,-0.08703977717817042,0.0,0.0,4.0953669835679435e-07,2.182494177859322e-06,3.0
16:11:52.709,0.0,0.08703977717817042,-0.08703977717817042,0.0,0.0,3.6039229455397905e-07,1.9205948765162034e-06,3.0
16:11:52.729,0.0,0.08703977717817042,-0.08703977717817042,0.0,0.0,3.1714521920750155e-07,1.6901234913342588e-06,3.0
16:11:52.750,0.0,0.17407955435634084,-0.17407955435634084,0.0,0.0,2.7908779290260136e-07,1.4873086723741476e-06,3.0
16:11:52.769,0.0,0.08703977717817042,-0.08703977717817042,0.0,0.0,2.4559725775428917e-07,1.30883163168925e-06,3.0
16:11:52.789,0.0,0.08703977717817042,-0.08703977717817042,0.0,0.0,2.1612558682377447e-07,1.15177183588654e-06,3.0
16:11:52.809,0.0,0.08703977717817042,-0.08703977717817042,0.0,0.0,1.9019051640492154e-07,1.0135592155801552e-06,3.0
16:11:52.829,0.0,0.08703977717817042,-0.08703977717817042,0.0,0.0,1.6736765443633095e-07,8.919321097105365e-07,3.0
16:11:52.850,0.0,0.08703977717817042,-0.08703977717817042,0.0,0.0,1.4728353590397123e-07,7.849002565452721e-07,3.0
16:11:52.869,0.0,0.08703977717817042,-0.08703977717817042,0.0,0.0,1.296095115954947e-07,6.907122257598395e-07,3.0
16:11:52.889,0.0,0.08703977717817042,-0.08703977717817042,0.0,0.0,1.1405637020403533e-07,6.078267586686587e-07,3.0
16:11:52.909,0.0,0.08703977717817042,-0.08703977717817042,0.0,0.0,1.0036960577955109e-07,5.348875476284197e-07,3.0
16:11:52.929,0.0,0.08703977717817042,-0.08703977717817042,0.0,0.0,8.832525308600496e-08,4.707010419130093e-07,3.0
16:11:52.949,0.0,0.08703977717817042,-0.08703977717817042,0.0,0.0,7.772622271568436e-08,4.1421691688344816e-07,3.0
16:11:52.969,0.0,0.08703977717817042,-0.08703977717817042,0.0,0.0,6.839907598980224e-08,3.645108868574344e-07,3.0
16:11:52.989,0.0,0.08703977717817042,-0.08703977717817042,0.0,0.0,6.019118687102598e-08,3.207695804345423e-07,3.0
16:11:53.009,0.0,0.08703977717817042,-0.08703977717817042,0.0,0.0,5.2968244446502857e-08,2.822772307823972e-07,3.0
16:11:53.029,0.0,0.08703977717817042,-0.08703977717817042,0.0,0.0,4.661205511292252e-08,2.484039630885096e-07,3.0
16:11:53.049,0.0,0.17407955435634084,-0.17407955435634084,0.0,0.0,4.1018608499371813e-08,2.185954875178884e-07,3.0
16:11:53.069,0.0,0.08703977717817042,-0.08703977717817042,0.0,0.0,3.6096375479447196e-08,1.923640290157418e-07,3.0
16:11:53.089,0.0,0.08703977717817042,-0.08703977717817042,0.0,0.0,3.176481042191353e-08,1.6928034553385278e-07,3.0
16:11:53.109,0.0,0.08703977717817042,-0.08703977717817042,0.0,0.0,2.7953033171283905e-08,1.4896670406979043e-07,3.0
16:11:53.129,0.0,0.08703977717817042,-0.08703977717817042,0.0,0.0,2.4598669190729838e-08,1.310906995814156e-07,3.0
16:11:53.149,0.0,0.08703977717817042,-0.08703977717817042,0.0,0.0,2.1646828887842257e-08,1.1535981563164572e-07,3.0
16:11:53.169,0.0,0.08703977717817042,-0.08703977717817042,0.0,0.0,1.9049209421301186e-08,1.0151663775584824e-07,3.0
16:11:53.189,0.0,0.08703977717817042,-0.08703977717817042,0.0,0.0,1.6763304290745042e-08,8.933464122514643e-08,3.0
16:11:53.209,0.0,0.08703977717817042,-0.08703977717817042,0.0,0.0,1.4751707775855637e-08,7.861448427812887e-08,3.0
16:11:53.229,0.0,0.17407955435634084,-0.17407955435634084,0.0,0.0,1.2981502842752961e-08,6.918074616475341e-08,3.0
16:11:53.249,0.0,0.17407955435634084,-0.17407955435634084,0.0,0.0,1.1423722501622605e-08,6.0879056624983e-08,3.0
16:11:53.269,0.0,0.08703977717817042,-0.08703977717817042,0.0,0.0,1.0052875801427893e-08,5.357356982998504e-08,3.0
16:11:53.289,0.0,0.17407955435634084,-0.17407955435634084,0.0,0.0,8.846530705256547e-09,4.714474145038684e-08,3.0
16:11:53.309,0.0,0.17407955435634084,-0.17407955435634084,0.0,0.0,7.784947020625761e-09,4.148737247634042e-08,3.0
16:11:53.330,0.0,0.17407955435634084,-0.17407955435634084,0.0,0.0,6.85075337815067e-09,3.6508887779179566e-08,3.0
16:11:53.349,0.0,0.17407955435634084,-0.17407955435634084,0.0,0.0,6.028662972772589e-09,3.2127821245678016e-08,3.0
16:11:53.369,0.0,0.17407955435634084,-0.17407955435634084,0.0,0.0,5.3052234160398785e-09,2.8272482696196657e-08,3.0
16:11:53.389,0.0,0.17407955435634084,-0.17407955435634084,0.0,0.0,4.668596606115093e-09,2.4879784772653058e-08,3.0
16:11:53.409,0.0,0.17407955435634084,-0.17407955435634084,0.0,0.0,4.108365013381282e-09,2.1894210599934687e-08,3.0
16:11:53.429,0.0,0.08703977717817042,-0.08703977717817042,0.0,0.0,3.615361211775528e-09,1.9266905327942526e-08,3.0
16:11:53.449,0.0,0.17407955435634084,-0.17407955435634084,0.0,0.0,3.1815178663624644e-09,1.695487668858942e-08,3.0
16:11:53.469,0.0,0.17407955435634084,-0.17407955435634084,0.0,0.0,2.7997357223989686e-09,1.492029148595869e-08,3.0
16:11:53.489,0.0,0.17407955435634084,-0.17407955435634084,0.0,0.0,2.4637674357110923e-09,1.3129856507643648e-08,3.0
16:11:53.509,0.0,0.17407955435634084,-0.17407955435634084,0.0,0.0,2.168115343425761e-09,1.1554273726726409e-08,3.0
16:11:53.529,0.0,0.17407955435634084,-0.17407955435634084,0.0,0.0,1.9079415022146698e-09,1.016776087951924e-08,3.0
16:11:53.549,0.0,0.08703977717817042,-0.08703977717817042,0.0,0.0,1.6789885219489095e-09,8.947629573976932e-09,3.0
16:11:53.569,0.0,0.17407955435634084,-0.17407955435634084,0.0,0.0,1.4775098993150404e-09,7.873914025099701e-09,3.0
16:11:53.589,0.0,0.17407955435634084,-0.17407955435634084,0.0,0.0,1.3002087113972357e-09,6.929044342087737e-09,3.0
16:11:53.609,0.0,0.08703977717817042,-0.08703977717817042,0.0,0.0,1.1441836660295675e-09,6.097559021037209e-09,3.0
16:11:53.629,0.0,0.08703977717817042,-0.08703977717817042,0.0,0.0,1.0068816261060193e-09,5.365851938512743e-09,3.0
16:11:53.650,0.0,0.08703977717817042,-0.08703977717817042,0.0,0.0,8.86055830973297e-10,4.721949705891214e-09,3.0
16:11:53.669,0.0,0.08703977717817042,-0.08703977717817042,0.0,0.0,7.797291312565013e-10,4.155315741184268e-09,3.0
16:11:53.689,0.0,0.08703977717817042,-0.08703977717817042,0.0,0.0,6.861616355057211e-10,3.656677852242156e-09,3.0
16:11:53.709,0.0,0.08703977717817042,-0.08703977717817042,0.0,0.0,6.038222392450346e-10,3.2178765099730972e-09,3.0
16:11:53.729,0.0,0.08703977717817042,-0.08703977717817042,0.0,0.0,5.313635705356305e-10,2.8317313287763257e-09,3.0
16:11:53.749,0.0,0.17407955435634084,-0.17407955435634084,0.0,0.0,4.675999420713548e-10,2.4919235693231667e-09,3.0
16:11:53.769,0.0,0.17407955435634084,-0.17407955435634084,0.0,0.0,4.1148794902279225e-10,2.1928927410043868e-09,3.0
16:11:53.789,0.0,0.08703977717817042,-0.08703977717817042,0.0,0.0,3.621093951400572e-10,1.9297456120838602e-09,3.0
16:11:53.809,0.0,0.17407955435634084,-0.17407955435634084,0.0,0.0,3.1865626772325034e-10,1.6981761386337973e-09,3.0
16:11:53.829,0.0,0.17407955435634084,-0.17407955435634084,0.0,0.0,2.804175155964603e-10,1.4943950019977415e-09,3.0
16:11:53.849,0.0,0.08703977717817042,-0.08703977717817042,0.0,0.0,2.4676741372488504e-10,1.3150676017580125e-09,3.0
16:11:53.869,0.0,0.08703977717817042,-0.08703977717817042,0.0,0.0,2.1715532407789885e-10,1.157259489547051e-09,3.0
16:11:53.889,0.0,0.08703977717817042,-0.08703977717817042,0.0,0.0,1.91096685188551e-10,1.018388350801405e-09,3.0
16:11:53.909,0.0,0.17407955435634084,-0.17407955435634084,0.0,0.0,1.6816508296592487e-10,8.961817487052364e-10,3.0
16:11:53.930,0.0,0.17407955435634084,-0.17407955435634084,0.0,0.0,1.479852730100139e-10,7.88639938860608e-10,3.0
16:11:53.949,0.0,0.17407955435634084,-0.17407955435634084,0.0,0.0,1.3022704024881223e-10,6.940031461973351e-10,3.0
16:11:53.970,-4.999999999999994,0.17407955435634084,-5.174079554356335,-9500.0,0.0,1.1459979541895476e-10,6.107227686536549e-10,3.0
16:11:53.989,-4.999999999999994,0.17407955435634084,-5.174079554356335,-9500.0,0.0,1.0084781996868019e-10,5.374360364152163e-10,3.0
16:11:54.010,-4.999999999999994,0.08703977717817042,-5.087039777178164,-9500.0,0.0,8.874608157243857e-11,4.729437120453903e-10,3.0
16:11:54.029,-4.999999999999994,-1.653755766385238,-3.346244233614756,-9500.0,-15.0,-1.7999999999219032,-9.592521343603195,3.0
16:11:54.049,-4.999999999999994,-3.8297501958394986,-1.1702498041604956,-7518.892044395189,-18.0,-3.743999999931275,-19.952444395194078,3.0
16:11:54.069,-4.999999999999994,-5.483505962224736,0.48350596222474224,3924.9799810111517,-14.0,-4.974719999939522,-26.511170988855547,3.0
16:11:54.089,-4.999999999999994,-7.050221951431804,2.05022195143181,9500.0,-12.0,-5.81775359994678,-31.003847545408398,3.0
16:11:54.110,-4.999999999999994,-7.137261728609975,2.13726172860998,9500.0,4.0,-4.639623167953166,-24.725380148220886,3.0
16:11:54.129,-4.999999999999994,-6.35390373400644,1.3539037340064464,8431.810675097064,4.0,-3.6028683877987864,-19.200328838695874,3.0
16:11:54.149,-4.999999999999994,-6.1798241796501,1.1798241796501057,7533.365892662484,-1.0,-3.2905241812629322,-17.535790800986998,3.0
16:11:54.170,-4.999999999999994,-5.483505962224736,0.48350596222474224,3944.8920083099433,16.0,-0.9756612795113804,-5.199473137914545,3.0
16:11:54.189,-4.999999999999994,-3.4815910871268168,-1.5184089128731775,-9294.965009920294,16.0,1.0614180740299852,5.656486405589213,3.0
16:11:54.209,-4.999999999999994,-2.1759944294542604,-2.824005570545734,-9500.0,2.0,1.174047905146387,6.256710882787759,3.0
16:11:54.229,-4.999999999999994,-2.4371137609887716,-2.5628862390112226,-9500.0,-1.0,0.9131621565288205,4.866404153918602,3.0
16:11:54.249,-4.999999999999994,-2.4371137609887716,-2.5628862390112226,-9500.0,1.0,0.9235826977453621,4.921937078382995,3.0
16:11:54.269,-4.999999999999994,-2.7852728697014535,-2.2147271302985407,-9500.0,-15.0,-0.9872472259840812,-5.26121671504235,3.0
16:11:54.290,-4.999999999999994,-5.309426407868395,0.30942640786840137,3034.0716744006363,-19.0,-3.148777558865991,-16.780397744995156,3.0
16:11:54.309,-4.999999999999994,-7.3983810601444855,2.3983810601444913,9500.0,-15.0,-4.570924251802072,-24.359271359615125,3.0
16:11:54.329,-4.999999999999994,-7.746540168857167,2.746540168857173,9500.0,2.0,-3.7824133415858237,-20.15715595059206,3.0
16:11:54.349,-4.999999999999994,-7.485420837322656,2.485420837322662,9500.0,2.0,-3.088523740595525,-16.45929439065176,3.0
16:11:54.369,-4.999999999999994,-7.3983810601444855,2.3983810601444913,9500.0,-1.0,-2.837900891724062,-15.123680486708176,3.0
16:11:54.389,-4.999999999999994,-6.35390373400644,1.3539037340064464,8450.460265950938,22.0,0.1426472152828251,0.7601924762585712,3.0
16:11:54.409,-4.999999999999994,-4.003829750195839,-0.9961702498041549,-6590.064943196216,16.0,2.045529549448886,10.900992146061556,3.0
16:11:54.429,-4.999999999999994,-2.263034206632431,-2.7369657933675633,-9500.0,0.0,1.8000660035150198,9.59287308853417,3.0
16:11:54.449,-4.999999999999994,-2.524153538166942,-2.475846461833052,-9500.0,-5.0,0.9840580830932174,5.24422120323694,3.0
16:11:54.469,-4.999999999999994,-3.394551309948646,-1.6054486900513478,-9500.0,2.0,1.1059711131220313,5.893917504717758,3.0
16:11:54.490,-4.999999999999994,-3.5686308643049873,-1.431369135695007,-8847.196495967464,-3.0,0.6132545795473876,3.26814313534775,3.0
16:11:54.509,-4.999999999999994,-4.351988858908521,-0.6480111410914732,-4809.512944910058,-20.0,-1.8603359699982989,-9.914062499586496,3.0
16:11:54.529,-4.999999999999994,-6.615023065540952,1.6150230655409576,9500.0,-17.0,-3.677095653598503,-19.595899189524754,3.0
16:11:54.549,-4.999999999999994,-8.007659500391679,3.0076595003916844,9500.0,0.0,-3.2358441751666827,-17.244391286781784,3.0
16:11:54.569,-4.999999999999994,-7.920619723213508,2.920619723213514,9500.0,-1.0,-2.9675428741466807,-15.814565755302596,3.0
16:11:54.589,-4.999999999999994,-7.8335799460353375,2.8335799460353437,9500.0,-1.0,-2.731437729249079,-14.55631928760091,3.0
16:11:54.609,-4.999999999999994,-7.485420837322656,2.485420837322662,9500.0,15.0,-0.6036652017391897,-3.2170396290694145,3.0
16:11:54.629,-4.999999999999994,-5.222386630690225,0.22238663069023096,2609.6524638902106,21.0,1.988774622469513,10.598535008046056,3.0
16:11:54.649,-4.999999999999994,-3.133431978414135,-1.866568021585859,-9500.0,18.0,3.9101216677731716,20.837736419903795,3.0
16:11:54.669,-4.999999999999994,-2.698233092523283,-2.3017669074767113,-9500.0,-2.0,3.200907067640391,17.05820520364609,3.0
16:11:54.689,-4.999999999999994,-3.8297501958394986,-1.1702498041604956,-7495.78468156455,-16.0,0.8967982195235442,4.779197812254545,3.0
16:11:54.709,-4.999999999999994,-4.09086952737401,-0.9091304726259845,-6147.515522622669,-2.0,0.5491824331807189,2.9266912289147484,3.0
16:11:54.729,-4.999999999999994,-4.1779093045521805,-0.8220906954478141,-5698.44116133088,-1.0,0.36328054119903264,1.9359868585103528,3.0
16:11:54.750,-4.999999999999994,-5.222386630690225,0.22238663069023096,2592.379256684809,-15.0,-1.480313123744851,-7.888852908530275,3.0
16:11:54.769,-4.999999999999994,-6.615023065540952,1.6150230655409576,9500.0,-11.0,-2.6226755488954687,-13.976706211787524,3.0
16:11:54.789,-4.999999999999994,-6.789102619897292,1.7891026198972986,9500.0,4.0,-1.8279544830280123,-9.741495774634519,3.0
16:11:54.809,-4.999999999999994,-6.789102619897292,1.7891026198972986,9500.0,0.0,-1.6085999450646509,-8.572516281678377,3.0
16:11:54.829,-4.999999999999994,-6.789102619897292,1.7891026198972986,9500.0,0.0,-1.4155679516568929,-7.543814327876971,3.0
16:11:54.849,-4.999999999999994,-5.570545739402907,0.5705457394029126,4404.302463933431,18.0,0.9143002025419344,4.87246900429153,3.0
16:11:54.869,-4.999999999999994,-3.307511532770476,-1.6924884672295182,-9500.0,19.0,3.084584178236902,16.438299759534434,3.0
16:11:54.889,-4.999999999999994,-2.698233092523283,-2.3017669074767113,-9500.0,0.0,2.714434076848474,14.465703788390305,3.0
16:11:54.910,-4.999999999999994,-3.742710418661328,-1.2572895813386662,-7943.733739168269,-9.0,1.308701987626657,6.974306527371835,3.0
16:11:54.929,-4.999999999999994,-4.09086952737401,-0.9091304726259845,-6145.710693313942,-2.0,0.9116577491114581,4.858386898217963,3.0
16:11:54.949,-4.999999999999994,-4.09086952737401,-0.9091304726259845,-6146.255410116266,0.0,0.8022588192180832,4.2753804704318075,3.0
16:11:54.970,-4.999999999999994,-5.222386630690225,0.22238663069023096,2594.30271775367,-15.0,-1.0940122390880866,-5.830186530039396,3.0
16:11:54.989,-4.999999999999994,-6.702062842719122,1.702062842719128,9500.0,-13.0,-2.522730770397516,-13.444082644584803,3.0
16:11:55.009,-4.999999999999994,-6.876142397075463,1.876142397075469,9500.0,4.0,-1.7400030779498143,-9.272787035496124,3.0
16:11:55.029,-4.999999999999994,-6.876142397075463,1.876142397075469,9500.0,0.0,-1.5312027085958366,-8.160052591236589,3.0
16:11:55.049,-4.999999999999994,-6.876142397075463,1.876142397075469,9500.0,0.0,-1.3474583835643363,-7.180846280288199,3.0
16:11:55.069,-4.999999999999994,-5.657585516581078,0.657585516581083,4854.6008980683355,18.0,0.974236622463384,5.191880886169649,3.0
16:11:55.089,-4.999999999999994,-3.394551309948646,-1.6054486900513478,-9500.0,19.0,3.1373282277677776,16.71938221558718,3.0
16:11:55.109,-4.999999999999994,-2.698233092523283,-2.3017669074767113,-9500.0,0.0,2.7608488404356444,14.71305634971672,3.0
16:11:55.129,-4.999999999999994,-3.742710418661328,-1.2572895813386662,-7945.920370353224,-13.0,0.869546979583367,4.633971089600577,3.0
16:11:55.149,-4.999999999999994,-4.09086952737401,-0.9091304726259845,-6147.634928756703,-2.0,0.525201342033363,2.798891712979256,3.0
16:11:55.170,-4.999999999999994,-4.09086952737401,-0.9091304726259845,-6147.35123588296,1.0,0.5821771809893594,3.102526130356371,3.0
16:11:55.190,-4.999999999999994,-5.048307076333884,0.04830707633389012,0.0,-9.0,-0.5676840807293637,-3.0252898116980256,3.0
16:11:55.210,-4.999999999999994,-6.615023065540952,1.6150230655409576,9500.0,-13.0,-2.05956199104184,-10.975773532444398,3.0
16:11:55.229,-4.999999999999994,-7.050221951431804,2.05022195143181,9500.0,-1.0,-1.9324145521168195,-10.298182131485698,3.0
16:11:55.249,-4.999999999999994,-6.9631821742536335,1.9631821742536393,9500.0,0.0,-1.700524805862801,-9.062400275707413,3.0
16:11:55.270,-4.999999999999994,-6.9631821742536335,1.9631821742536393,9500.0,0.0,-1.496461829159265,-7.9749122426225245,3.0
16:11:55.289,-4.999999999999994,-6.005744625293759,1.0057446252937647,6665.300540118484,37.0,3.1231135903398464,16.64362987507333,3.0
16:11:55.310,-4.999999999999994,-3.8297501958394986,-1.1702498041604956,-7475.810499082907,18.0,4.908339959499065,26.157419902887796,3.0
16:11:55.329,-4.999999999999994,-2.698233092523283,-2.3017669074767113,-9500.0,-2.0,4.079339164359177,21.73952666867201,3.0
16:11:55.350,-4.999999999999994,-3.307511532770476,-1.6924884672295182,-9500.0,-13.0,2.0298184646360755,10.817264970281231,3.0
16:11:55.369,-4.999999999999994,-4.003829750195839,-0.9961702498041549,-6590.160988067362,2.0,2.0262402488797466,10.798196019716736,3.0
16:11:55.389,-4.999999999999994,-4.09086952737401,-0.9091304726259845,-6141.371669499275,0.0,1.7830914190141771,9.502412497350727,3.0
16:11:55.409,-4.999999999999994,-4.700147967621203,-0.29985203237879154,-3003.192094772183,-18.0,-0.5908795512675242,-3.148902615154624,3.0
16:11:55.429,-4.999999999999994,-6.35390373400644,1.3539037340064464,8439.990939525269,-12.0,-1.9599740051154213,-10.445051376551579,3.0
16:11:55.449,-4.999999999999994,-7.137261728609975,2.13726172860998,9500.0,-2.0,-1.9647771245015708,-10.47064805723464,3.0
16:11:55.469,-4.999999999999994,-7.050221951431804,2.05022195143181,9500.0,-1.0,-1.8490038695613822,-9.85367171330111,3.0
16:11:55.490,-4.999999999999994,-7.050221951431804,2.05022195143181,9500.0,0.0,-1.6271234052140164,-8.671231107704976,3.0
16:11:55.509,-4.999999999999994,-6.702062842719122,1.702062842719128,9500.0,15.0,0.3681314034116654,1.9618379692390064,3.0
16:11:55.529,-4.999999999999994,-4.526068413264862,-0.47393158673513236,-3888.479442869403,17.0,2.3639556350022657,12.597941602818965,3.0
16:11:55.549,-4.999999999999994,-2.698233092523283,-2.3017669074767113,-9500.0,11.0,3.4002809588019938,18.120704262761574,3.0
16:11:55.569,-4.999999999999994,-2.7852728697014535,-2.2147271302985407,-9500.0,-3.0,2.6322472437457547,14.027715482426308,3.0
16:11:55.589,-4.999999999999994,-3.8297501958394986,-1.1702498041604956,-7495.8863596017245,-12.0,0.8763775744962641,4.670372549319641,3.0
16:11:55.609,-4.999999999999994,-4.003829750195839,-0.9961702498041549,-6595.81249502658,1.0,0.8912122655567124,4.74942926633591,3.0
16:11:55.630,-4.999999999999994,-4.09086952737401,-0.9091304726259845,-6146.9424970463215,-1.0,0.6642667936899069,3.539996331440975,3.0
16:11:55.649,-4.999999999999994,-5.309426407868395,0.30942640786840137,3043.1005798322863,-16.0,-1.3354452215528818,-7.1168259952859545,3.0
16:11:55.669,-4.999999999999994,-6.789102619897292,1.7891026198972986,9500.0,-5.0,-1.7751917949665361,-9.460313990524769,3.0
16:11:55.689,-4.999999999999994,-6.876142397075463,1.876142397075469,9500.0,4.0,-1.082168779570552,-5.767070619923294,3.0
16:11:55.709,-4.999999999999994,-6.876142397075463,1.876142397075469,9500.0,0.0,-0.9523085260220857,-5.0750221455324995,3.0
16:11:55.729,-4.999999999999994,-6.876142397075463,1.876142397075469,9500.0,0.0,-0.8380315028994354,-4.466019488068599,3.0
16:11:55.749,-4.999999999999994,-5.657585516581078,0.657585516581083,4856.833042166245,18.0,1.422532277448497,7.5809284633228975,3.0
16:11:55.769,-4.999999999999994,-3.394551309948646,-1.6054486900513478,-9500.0,19.0,3.5318284041546772,18.821744083482038,3.0
16:11:55.790,-4.999999999999994,-2.7852728697014535,-2.2147271302985407,-9500.0,0.0,3.108008995656116,16.563134793464197,3.0
16:11:55.809,-4.999999999999994,-3.742710418661328,-1.2572895813386662,-7942.009220958796,-9.0,1.6550479161773821,8.82004581183686,3.0
16:11:55.829,-4.999999999999994,-4.003829750195839,-0.9961702498041549,-6591.803111597867,2.0,1.6964421662360962,9.040643160285688,3.0
16:11:55.849,-4.999999999999994,-4.09086952737401,-0.9091304726259845,-6142.219236783185,1.0,1.6128691062877647,8.595267403986032,3.0
16:11:55.869,-4.999999999999994,-5.135346853512055,0.13534685351206055,0.0,-15.0,-0.3806751864667668,-2.028686028511678,3.0
16:11:55.890,-4.999999999999994,-6.702062842719122,1.702062842719128,9500.0,-12.0,-1.7749941640907547,-9.459260780305787,3.0
16:11:55.909,-4.999999999999994,-7.050221951431804,2.05022195143181,9500.0,0.0,-1.5619948643998642,-8.324149486669093,3.0
16:11:55.930,-4.999999999999994,-6.9631821742536335,1.9631821742536393,9500.0,0.0,-1.3745554806718805,-7.325251548268801,3.0
16:11:55.950,-4.999999999999994,-6.9631821742536335,1.9631821742536393,9500.0,0.0,-1.209608822991255,-6.446221362476545,3.0
16:11:55.970,-4.999999999999994,-6.0927844024719295,1.092784402471935,7106.399913177223,20.0,1.3355442357676957,7.117353659713156,3.0
16:11:55.990,-4.999999999999994,-3.8297501958394986,-1.1702498041604956,-7484.240552214152,17.0,3.2152789274755724,17.13479541043622,3.0
16:11:56.009,-4.999999999999994,-2.698233092523283,-2.3017669074767113,-9500.0,-2.0,2.5894454561785034,13.799617115314618,3.0
16:11:56.030,-4.999999999999994,-3.133431978414135,-1.866568021585859,-9500.0,-6.0,1.558712001437083,8.306654523869108,3.0
16:11:56.049,-4.999999999999994,-4.003829750195839,-0.9961702498041549,-6595.810233007147,-4.0,0.8916665612646331,4.751850289266312,3.0
16:11:56.070,-4.999999999999994,-4.09086952737401,-0.9091304726259845,-6146.343005046287,0.0,0.7846665739128771,4.181628254554355,3.0
16:11:56.090,-4.999999999999994,-4.439028636086691,-0.5609713639133028,-4355.774365784748,-15.0,-1.109493414956668,-5.912688480011553,3.0
16:11:56.109,-4.999999999999994,-6.0927844024719295,1.092784402471935,7087.71854103421,-12.0,-2.4163542051618676,-12.877182937625676,3.0
16:11:56.129,-4.999999999999994,-7.050221951431804,2.05022195143181,9500.0,0.0,-2.1263917005424435,-11.331920985110594,3.0
16:11:56.150,-4.999999999999994,-6.9631821742536335,1.9631821742536393,9500.0,3.0,-1.5112246964773504,-8.053586198093447,3.0
16:11:56.169,-4.999999999999994,-6.9631821742536335,1.9631821742536393,9500.0,0.0,-1.3298777329000684,-7.087155854322233,3.0
16:11:56.190,-4.999999999999994,-6.9631821742536335,1.9631821742536393,9500.0,0.0,-1.1702924049520602,-6.236697151803566,3.0
16:11:56.210,-4.999999999999994,-4.874227521977543,-0.1257724780224507,0.0,18.0,1.130142683642187,6.022732119236127,3.0
16:11:56.230,-4.999999999999994,-2.8723126468796236,-2.12768735312037,-9500.0,9.0,2.0745255616051246,11.055517071339423,3.0
16:11:56.249,-4.999999999999994,-2.7852728697014535,-2.2147271302985407,-9500.0,0.0,1.8255824942125096,9.728855022778694,3.0
16:11:56.270,-4.999999999999994,-3.6556706414831575,-1.3443293585168365,-8398.823402640424,-11.0,0.28651259490700864,1.526876767764367,3.0
16:11:56.290,-4.999999999999994,-4.003829750195839,-0.9961702498041549,-6600.1895971694385,-2.0,0.012131083518167607,0.06464870976339143,3.0
16:11:56.310,-4.999999999999994,-4.09086952737401,-0.9091304726259845,-6150.794346932037,-1.0,-0.1093246465040125,-0.5826105583428413,3.0
16:11:56.329,-4.999999999999994,-5.048307076333884,0.04830707633389012,0.0,-16.0,-2.016205688923531,-10.744720058295712,3.0
16:11:56.349,-4.999999999999994,-6.615023065540952,1.6150230655409576,9500.0,-13.0,-3.3342610062527074,-17.768872149450363,3.0
16:11:56.369,-4.999999999999994,-7.050221951431804,2.05022195143181,9500.0,-1.0,-3.0541496855023826,-16.276108914450948,3.0
16:11:56.390,-4.999999999999994,-6.9631821742536335,1.9631821742536393,9500.0,0.0,-2.6876517232420967,-14.322975844716833,3.0
16:11:56.409,-4.999999999999994,-6.876142397075463,1.876142397075469,9500.0,0.0,-2.365133516453045,-12.604218743350811,3.0
16:11:56.430,-4.999999999999994,-6.1798241796501,1.1798241796501057,7552.531779933509,22.0,0.55868250552132,2.977318810413051,3.0
16:11:56.450,-4.999999999999994,-3.8297501958394986,-1.1702498041604956,-7487.644509468619,17.0,2.5316406048587616,13.491564743052123,3.0
16:11:56.470,-4.999999999999994,-2.698233092523283,-2.3017669074767113,-9500.0,-2.0,1.9878437322757103,10.593574128016618,3.0
16:11:56.489,-4.999999999999994,-3.0463922012359648,-1.9536077987640295,-9500.0,-4.0,1.269302484402625,6.7643395409161196,3.0
16:11:56.510,-4.999999999999994,-3.9167899730176687,-1.0832100269823253,-7043.493323523291,2.0,1.35698618627431,7.231621641875437,3.0
16:11:56.530,-4.999999999999994,-4.003829750195839,-0.9961702498041549,-6594.304124700493,0.0,1.1941478439213928,6.363827044850384,3.0
16:11:56.549,-4.999999999999994,-4.351988858908521,-0.6480111410914732,-4805.772655349254,-18.0,-1.1091498973491745,-5.9108578133549265,3.0
16:11:56.569,-4.999999999999994,-6.0927844024719295,1.092784402471935,7084.732539102772,-17.0,-3.0160519096672735,-16.073079065640975,3.0
16:11:56.589,-4.999999999999994,-7.137261728609975,2.13726172860998,9500.0,-2.0,-2.8941256805072006,-15.423312423633309,3.0
16:11:56.610,-4.999999999999994,-7.137261728609975,2.13726172860998,9500.0,0.0,-2.5468305988463364,-13.572514932797311,3.0
16:11:56.630,-4.999999999999994,-7.050221951431804,2.05022195143181,9500.0,0.0,-2.241210926984776,-11.943813140861634,3.0
16:11:56.649,-4.999999999999994,-7.050221951431804,2.05022195143181,9500.0,0.0,-1.972265615746603,-10.510555563958238,3.0
16:11:56.669,-4.999999999999994,-5.048307076333884,0.04830707633389012,0.0,18.0,0.4244062581429895,2.2617367165400157,3.0
16:11:56.689,-4.999999999999994,-2.959352424057794,-2.0406475759422,-9500.0,7.0,1.2134775071658308,6.466838271097595,3.0
16:11:56.709,-4.999999999999994,-2.8723126468796236,-2.12768735312037,-9500.0,0.0,1.067860206305931,5.690817678565883,3.0
16:11:56.729,-4.999999999999994,-3.742710418661328,-1.2572895813386662,-7952.143497038656,-11.0,-0.3802830184507805,-2.0265960951429056,3.0
16:11:56.749,-4.999999999999994,-4.003829750195839,-0.9961702498041549,-6603.111280239883,-2.0,-0.5746490562366868,-3.0624074095950085,3.0
16:11:56.769,-4.999999999999994,-4.09086952737401,-0.9091304726259845,-6153.365428034029,-1.0,-0.6256911694882844,-3.3344199433782333,3.0
16:11:56.789,-4.999999999999994,-4.961267299155714,-0.03873270084428029,0.0,-16.0,-2.4706082291496902,-13.166312317126858,3.0
16:11:56.809,-4.999999999999994,-6.5279832883627815,1.5279832883627873,9331.157073997387,-13.0,-3.7341352416517273,-19.89987333722177,3.0
16:11:56.829,-4.999999999999994,-6.876142397075463,1.876142397075469,9500.0,2.0,-3.0460390126535204,-16.232885690885908,3.0
16:11:56.849,-4.999999999999994,-6.876142397075463,1.876142397075469,9500.0,0.0,-2.680514331135098,-14.2849394079796,3.0
16:11:56.870,-4.999999999999994,-6.789102619897292,1.7891026198972986,9500.0,1.0,-2.2388526113988862,-11.931245256087422,3.0
16:11:56.890,-4.999999999999994,-6.005744625293759,1.0057446252937647,6653.085102083545,22.0,0.6698097019689797,3.5695354792048346,3.0
16:11:56.909,-4.999999999999994,-3.742710418661328,-1.2572895813386662,-7934.76758028485,21.0,3.109432537732702,16.570721103327394,3.0
16:11:56.929,-4.999999999999994,-2.7852728697014535,-2.2147271302985407,-9500.0,-2.0,2.496300633204778,13.303231725058858,3.0
16:11:56.950,-4.999999999999994,-3.2204717555923055,-1.7795282444076888,-9500.0,-6.0,1.476744557220205,7.869835380444042,3.0
16:11:56.969,-4.999999999999994,-4.003829750195839,-0.9961702498041549,-6596.766889303477,-5.0,0.6995352103537803,3.727948020117627,3.0
16:11:56.989,-4.999999999999994,-4.003829750195839,-0.9961702498041549,-6597.184862587056,0.0,0.6155909851113267,3.280594257703512,3.0
16:11:57.010,-4.999999999999994,-4.351988858908521,-0.6480111410914732,-4808.3077046894305,-18.0,-1.6182799331020328,-8.624102666044175,3.0
16:11:57.029,-4.999999999999994,-6.005744625293759,1.0057446252937647,6633.099197106352,-16.0,-3.3440863411297888,-17.821233113072886,3.0
16:11:57.049,-4.999999999999994,-7.137261728609975,2.13726172860998,9500.0,-2.0,-3.1827959801942143,-16.96168798537339,3.0
16:11:57.070,-4.999999999999994,-7.050221951431804,2.05022195143181,9500.0,3.0,-2.4408604625709085,-13.007781158324708,3.0
16:11:57.089,-4.999999999999994,-7.050221951431804,2.05022195143181,9500.0,0.0,-2.1479572070623996,-11.446847419325744,3.0
16:11:57.109,-4.999999999999994,-7.050221951431804,2.05022195143181,9500.0,0.0,-1.8902023422149117,-10.073225729006655,3.0
16:11:57.130,-4.999999999999994,-5.048307076333884,0.04830707633389012,0.0,21.0,0.8566219388508778,4.565091240101286,3.0
16:11:57.149,-4.999999999999994,-3.0463922012359648,-1.9536077987640295,-9500.0,13.0,2.3138273061887724,12.330798789439267,3.0
16:11:57.169,-4.999999999999994,-2.959352424057794,-2.0406475759422,-9500.0,0.0,2.0361680294461197,10.851102934706555,3.0
16:11:57.189,-4.999999999999994,-3.742710418661328,-1.2572895813386662,-7947.900684822779,-11.0,0.47182786591258563,2.5144549302608863,3.0
16:11:57.209,-4.999999999999994,-4.003829750195839,-0.9961702498041549,-6597.585101221108,1.0,0.5352085220030753,2.8522217615642056,3.0
16:11:57.230,-4.999999999999994,-4.09086952737401,-0.9091304726259845,-6148.502390497506,-1.0,0.3509834993627063,1.870453727241875,3.0
16:11:57.249,-4.999999999999994,-4.961267299155714,-0.03873270084428029,0.0,-15.0,-1.4911345205608182,-7.946522064046536,3.0
16:11:57.270,-4.999999999999994,-6.5279832883627815,1.5279832883627873,9335.448811517852,-13.0,-2.87219837809352,-15.306457914511087,3.0
16:11:57.290,-4.999999999999994,-6.876142397075463,1.876142397075469,9500.0,-2.0,-2.7675345727222975,-14.748685810639007,3.0
16:11:57.309,-4.999999999999994,-6.789102619897292,1.7891026198972986,9500.0,0.0,-2.435430423995622,-12.978843513362326,3.0
16:11:57.329,-4.999999999999994,-6.789102619897292,1.7891026198972986,9500.0,0.0,-2.1431787731161474,-11.421382291758848,3.0
16:11:57.349,-4.999999999999994,-6.005744625293759,1.0057446252937647,6653.504313949963,22.0,0.7540026796577901,4.01821488781398,3.0
16:11:57.369,-4.999999999999994,-3.742710418661328,-1.2572895813386662,-7934.398673842402,21.0,3.1835223580988554,16.965558982903445,3.0
16:11:57.389,-4.999999999999994,-2.8723126468796236,-2.12768735312037,-9500.0,0.0,2.8014996751269927,14.929691904955032,3.0
16:11:57.409,-4.999999999999994,-3.2204717555923055,-1.7795282444076888,-9500.0,-7.0,1.625319714111754,8.661618915818048,3.0
16:11:57.429,-4.999999999999994,-4.003829750195839,-0.9961702498041549,-6596.115880940671,-5.0,0.8302813484183434,4.4247175312467535,3.0
16:11:57.450,-4.999999999999994,-4.09086952737401,-0.9091304726259845,-6146.611975227786,0.0,0.7306475866081422,3.8937514274971434,3.0
16:11:57.470,-4.999999999999994,-4.351988858908521,-0.6480111410914732,-4807.8035638132715,-18.0,-1.517030123784835,-8.08452435662578,3.0
16:11:57.489,-4.999999999999994,-5.918704848115588,0.9187048481155943,6184.140342500305,-15.0,-3.1349865089306546,-16.706902777850072,3.0
16:11:57.509,-4.999999999999994,-6.9631821742536335,1.9631821742536393,9500.0,-2.0,-2.998788127858976,-15.981077290377314,3.0
16:11:57.529,-4.999999999999994,-6.876142397075463,1.876142397075469,9500.0,3.0,-2.278933552515899,-12.14484374672816,3.0
16:11:57.550,-4.999999999999994,-6.876142397075463,1.876142397075469,9500.0,0.0,-2.0054615262139914,-10.687462497120782,3.0
16:11:57.569,-4.999999999999994,-6.876142397075463,1.876142397075469,9500.0,0.0,-1.7648061430683124,-9.404966997466289,3.0
16:11:57.589,-4.999999999999994,-5.135346853512055,0.13534685351206055,0.0,22.0,1.0869705940998848,5.792660346791433,3.0
16:11:57.609,-4.999999999999994,-3.0463922012359648,-1.9536077987640295,-9500.0,9.0,2.0365341228078986,10.853053911588093,3.0
16:11:57.629,-4.999999999999994,-2.959352424057794,-2.0406475759422,-9500.0,0.0,1.7921500280709508,9.550687442197521,3.0
16:11:57.649,-4.999999999999994,-3.8297501958394986,-1.1702498041604956,-7498.969892911764,-11.0,0.25709202470243686,1.3700892968529361,3.0
16:11:57.669,-4.999999999999994,-4.003829750195839,-0.9961702498041549,-6598.526004339415,1.0,0.34624098173814444,1.8451800041652096,3.0
16:11:57.689,-4.999999999999994,-4.09086952737401,-0.9091304726259845,-6149.330385241616,-1.0,0.1846920639295671,0.9842569807307586,3.0
16:11:57.709,-4.999999999999994,-4.874227521977543,-0.1257724780224507,0.0,-16.0,-1.7574709837419809,-9.365876623910944,3.0
16:11:57.729,-4.999999999999994,-6.35390373400644,1.3539037340064464,8433.684309712895,-14.0,-3.226574465692943,-17.194991350126394,3.0
16:11:57.749,-4.999999999999994,-6.789102619897292,1.7891026198972986,9500.0,-1.0,-2.95938552980979,-15.771093811045851,3.0
16:11:57.769,-4.999999999999994,-6.702062842719122,1.702062842719128,9500.0,0.0,-2.6042592662326154,-13.87856255372035,3.0
16:11:57.789,-4.999999999999994,-6.615023065540952,1.6150230655409576,9500.0,0.0,-2.2917481542847016,-12.213135047273909,3.0
16:11:57.810,-4.999999999999994,-6.0927844024719295,1.092784402471935,7105.243336586248,26.0,1.1032616242294626,5.879478154699232,3.0
16:11:57.829,-4.999999999999994,-3.8297501958394986,-1.1702498041604956,-7482.868333922472,21.0,3.490870229321927,18.603470657762465,3.0
16:11:57.849,-4.999999999999994,-2.8723126468796236,-2.12768735312037,-9500.0,0.0,3.071965801803296,16.37105417883097,3.0
16:11:57.869,-4.999999999999994,-3.0463922012359648,-1.9536077987640295,-9500.0,-5.0,2.1033299055869,11.209020562698123,3.0
16:11:57.890,-4.999999999999994,-3.9167899730176687,-1.0832100269823253,-7038.6438818239785,4.0,2.330930316916472,12.421943786912852,3.0
16:11:57.909,-4.999999999999994,-4.003829750195839,-0.9961702498041549,-6590.036616005097,0.0,2.0512186788864955,10.931310532483309,3.0
16:11:57.929,-4.999999999999994,-4.09086952737401,-0.9091304726259845,-6141.859723507418,-1.0,1.685072437420116,8.980051845650687,3.0
16:11:57.949,-4.999999999999994,-5.657585516581078,0.657585516581083,4847.573420546522,-16.0,-0.43713625507029774,-2.3295771427814076,3.0
16:11:57.970,-4.999999999999994,-7.050221951431804,2.05022195143181,9500.0,-7.0,-1.224679904461862,-6.526537846190019,3.0
16:11:57.990,-4.999999999999994,-7.050221951431804,2.05022195143181,9500.0,4.0,-0.5977183159264385,-3.1853476129087137,3.0
16:11:58.009,-4.999999999999994,-7.050221951431804,2.05022195143181,9500.0,0.0,-0.5259921180152659,-2.803105899359668,3.0
16:11:58.030,-4.999999999999994,-6.9631821742536335,1.9631821742536393,9500.0,0.0,-0.462873063853434,-2.466733191436508,3.0
16:11:58.049,-4.999999999999994,-5.657585516581078,0.657585516581083,4858.4768653080555,18.0,1.752671703808978,9.340300404359137,3.0
16:11:58.069,-4.999999999999994,-3.394551309948646,-1.6054486900513478,-9500.0,18.0,3.702351099351901,19.730489968659306,3.0
16:11:58.090,-4.999999999999994,-2.959352424057794,-2.0406475759422,-9500.0,-2.0,3.018068967429673,16.08382832655094,3.0
16:11:58.109,-4.999999999999994,-3.742710418661328,-1.2572895813386662,-7943.598311966855,-11.0,1.3359006913381122,7.119253275083942,3.0
16:11:58.129,-4.999999999999994,-4.003829750195839,-0.9961702498041549,-6593.20151168496,2.0,1.4155926083775388,7.543945727943121,3.0
16:11:58.149,-4.999999999999994,-4.09086952737401,-0.9091304726259845,-6144.644831705697,-1.0,1.1257214953722343,5.999170817655322,3.0
16:11:58.169,-4.999999999999994,-4.787187744799373,-0.21281225520062114,-2550.6949647074207,-9.0,-0.08936508407243382,-0.4762424868749491,3.0
16:11:58.189,-4.999999999999994,-6.35390373400644,1.3539037340064464,8440.993411136387,-14.0,-1.7586412739837418,-9.372113309534717,3.0
16:11:58.210,-4.999999999999994,-7.050221951431804,2.05022195143181,9500.0,2.0,-1.307604321105693,-6.9684568665213,3.0
16:11:58.229,-4.999999999999994,-6.9631821742536335,1.9631821742536393,9500.0,-1.0,-1.2706918025730096,-6.771743465473369,3.0
16:11:58.249,-4.999999999999994,-6.9631821742536335,1.9631821742536393,9500.0,0.0,-1.1182087862642485,-5.9591342496165645,3.0
16:11:58.270,-4.999999999999994,-6.615023065540952,1.6150230655409576,9500.0,15.0,0.8159762680874612,4.34848320435681,3.0
16:11:58.289,-4.999999999999994,-4.351988858908521,-0.6480111410914732,-4786.51713128082,17.0,2.758059115916966,14.698189409722632,3.0
16:11:58.309,-4.999999999999994,-2.7852728697014535,-2.2147271302985407,-9500.0,0.0,2.42709202200693,12.934406680555917,3.0
16:11:58.330,-4.999999999999994,-2.7852728697014535,-2.2147271302985407,-9500.0,0.0,2.1358409793660984,11.382277878889205,3.0
16:11:58.349,-4.999999999999994,-2.7852728697014535,-2.2147271302985407,-9500.0,0.0,1.8795400618421667,10.016404533422502,3.0
16:11:58.369,-4.999999999999994,-2.7852728697014535,-2.2147271302985407,-9500.0,0.0,1.6539952544211067,8.814435989411802,3.0
16:11:58.389,-4.999999999999994,-2.7852728697014535,-2.2147271302985407,-9500.0,0.0,1.4555158238905739,7.756703670682385,3.0
16:11:58.409,-4.999999999999994,-2.7852728697014535,-2.2147271302985407,-9500.0,0.0,1.280853925023705,6.825899230200498,3.0
16:11:58.430,-4.999999999999994,-2.7852728697014535,-2.2147271302985407,-9500.0,0.0,1.1271514540208605,6.006791322576439,3.0
16:11:58.450,-4.999999999999994,-2.7852728697014535,-2.2147271302985407,-9500.0,0.0,0.9918932795383573,5.285976363867267,3.0
16:11:58.469,-4.999999999999994,-2.7852728697014535,-2.2147271302985407,-9500.0,0.0,0.8728660859937544,4.651659200203195,3.0
16:11:58.489,-4.999999999999994,-2.7852728697014535,-2.2147271302985407,-9500.0,0.0,0.7681221556745038,4.093460096178811,3.0
16:11:58.509,-4.999999999999994,-2.7852728697014535,-2.2147271302985407,-9500.0,0.0,0.6759474969935634,3.602244884637354,3.0
16:11:58.529,-4.999999999999994,-2.7852728697014535,-2.2147271302985407,-9500.0,0.0,0.5948337973543357,3.1699754984808712,3.0
16:11:58.549,-4.999999999999994,-2.7852728697014535,-2.2147271302985407,-9500.0,0.0,0.5234537416718155,2.789578438663167,3.0
16:11:58.569,-4.999999999999994,-2.7852728697014535,-2.2147271302985407,-9500.0,0.0,0.46063929267119763,2.454829026023587,3.0
16:11:58.589,-4.999999999999994,-2.7852728697014535,-2.2147271302985407,-9500.0,0.0,0.4053625775506539,2.1602495429007567,3.0
16:11:58.609,-4.999999999999994,-2.7852728697014535,-2.2147271302985407,-9500.0,0.0,0.35671906824457544,1.9010195977526656,3.0
16:11:58.630,-4.999999999999994,-2.7852728697014535,-2.2147271302985407,-9500.0,0.0,0.3139127800552264,1.6728972460223457,3.0
16:11:58.649,-4.999999999999994,-2.7852728697014535,-2.2147271302985407,-9500.0,0.0,0.2762432464485992,1.4721495764996642,3.0
16:11:58.669,-4.999999999999994,-2.7852728697014535,-2.2147271302985407,-9500.0,0.0,0.24309405687476732,1.2954916273197046,3.0
16:11:58.689,-4.999999999999994,-2.7852728697014535,-2.2147271302985407,-9500.0,0.0,0.21392277004979524,1.14003263204134,3.0
16:11:58.709,-4.999999999999994,-2.7852728697014535,-2.2147271302985407,-9500.0,0.0,0.18825203764381981,1.0032287161963793,3.0
16:11:58.729,-4.999999999999994,-2.7852728697014535,-2.2147271302985407,-9500.0,0.0,0.16566179312656143,0.8828412702528137,3.0
16:11:58.749,-4.999999999999994,-2.7852728697014535,-2.2147271302985407,-9500.0,0.0,0.14578237795137405,0.776900317822476,3.0
16:11:58.769,-4.999999999999994,-2.7852728697014535,-2.2147271302985407,-9500.0,0.0,0.12828849259720917,0.683672279683779,3.0
16:11:58.789,-4.999999999999994,-2.7852728697014535,-2.2147271302985407,-9500.0,0.0,0.11289387348554407,0.6016316061217255,3.0
16:11:58.809,-4.999999999999994,-2.7852728697014535,-2.2147271302985407,-9500.0,0.0,0.09934660866727878,0.5294358133871184,3.0
16:11:58.829,-4.999999999999994,-2.7852728697014535,-2.2147271302985407,-9500.0,0.0,0.08742501562720532,0.4659035157806642,3.0
16:11:58.850,-4.999999999999994,-2.7852728697014535,-2.2147271302985407,-9500.0,0.0,0.07693401375194069,0.40999509388698446,3.0
16:11:58.869,-4.999999999999994,-2.7852728697014535,-2.2147271302985407,-9500.0,0.0,0.0677019321017078,0.36079568262054634,3.0
16:11:58.889,-4.999999999999994,-2.7852728697014535,-2.2147271302985407,-9500.0,0.0,0.05957770024950287,0.31750020070608076,3.0
16:11:58.909,-4.999999999999994,-2.7852728697014535,-2.2147271302985407,-9500.0,0.0,0.05242837621956253,0.2794001766213511,3.0
16:11:58.929,-4.999999999999994,-2.7852728697014535,-2.2147271302985407,-9500.0,0.0,0.04613697107321502,0.24587215542678897,3.0
16:11:58.949,-4.999999999999994,-2.7852728697014535,-2.2147271302985407,-9500.0,0.0,0.04060053454442922,0.2163674967755743,3.0
16:11:58.969,-4.999999999999994,-2.7852728697014535,-2.2147271302985407,-9500.0,0.0,0.03572847039909771,0.19040339716250537,3.0
16:11:58.990,-4.999999999999994,-2.7852728697014535,-2.2147271302985407,-9500.0,0.0,0.031441053951205986,0.1675549895030047,3.0
16:11:59.009,-4.999999999999994,-2.7852728697014535,-2.2147271302985407,-9500.0,0.0,0.027668127477061266,0.14744839076264415,3.0
16:11:59.030,-4.999999999999994,-2.7852728697014535,-2.2147271302985407,-9500.0,0.0,0.024347952179813913,0.12975458387112684,3.0
16:11:59.049,-4.999999999999994,-2.7852728697014535,-2.2147271302985407,-9500.0,0.0,0.021426197918236245,0.11418403380659163,3.0
16:11:59.069,-4.999999999999994,-2.7852728697014535,-2.2147271302985407,-9500.0,0.0,0.018855054168047895,0.10048194974980063,3.0
16:11:59.089,-4.999999999999994,-2.7852728697014535,-2.2147271302985407,-9500.0,0.0,0.01659244766788215,0.08842411577982456,3.0
16:11:59.109,-4.999999999999994,-2.7852728697014535,-2.2147271302985407,-9500.0,0.0,0.014601353947736291,0.07781322188624562,3.0
16:11:59.130,-4.999999999999994,-2.7852728697014535,-2.2147271302985407,-9500.0,0.0,0.012849191474007936,0.06847563525989614,3.0
16:11:59.150,-4.999999999999994,-2.7852728697014535,-2.2147271302985407,-9500.0,0.0,0.011307288497126984,0.06025855902870861,3.0
16:11:59.169,-4.999999999999994,-2.7852728697014535,-2.2147271302985407,-9500.0,0.0,0.009950413877471746,0.05302753194526358,3.0
16:11:59.189,-4.999999999999994,-2.7852728697014535,-2.2147271302985407,-9500.0,0.0,0.008756364212175136,0.04666422811183194,3.0
16:11:59.209,-4.999999999999994,-2.7852728697014535,-2.2147271302985407,-9500.0,0.0,0.007705600506714119,0.04106452073841211,3.0
16:11:59.230,-4.999999999999994,-2.7852728697014535,-2.2147271302985407,-9500.0,0.0,0.006780928445908425,0.03613677824980265,3.0
16:11:59.249,-4.999999999999994,-2.7852728697014535,-2.2147271302985407,-9500.0,0.0,0.005967217032399414,0.03180036485982634,3.0
16:11:59.269,-4.999999999999994,-2.7852728697014535,-2.2147271302985407,-9500.0,0.0,0.005251150988511485,0.027984321076647178,3.0
16:11:59.289,-4.999999999999994,-2.7852728697014535,-2.2147271302985407,-9500.0,0.0,0.004621012869890107,0.02462620254744952,3.0
16:11:59.309,-4.999999999999994,-2.7852728697014535,-2.2147271302985407,-9500.0,0.0,0.004066491325503294,0.021671058241755574,3.0
16:11:59.329,-4.999999999999994,-2.7852728697014535,-2.2147271302985407,-9500.0,0.0,0.0035785123664428984,0.019070531252744907,3.0
16:11:59.349,-4.999999999999994,-2.7852728697014535,-2.2147271302985407,-9500.0,0.0,0.0031490908824697507,0.016782067502415517,3.0
16:11:59.369,-4.999999999999994,-2.7852728697014535,-2.2147271302985407,-9500.0,0.0,0.0027711999765733806,0.014768219402125655,3.0
16:11:59.389,-4.999999999999994,-2.7852728697014535,-2.2147271302985407,-9500.0,0.0,0.002438655979384575,0.012996033073870575,3.0
16:11:59.409,-4.999999999999994,-2.7852728697014535,-2.2147271302985407,-9500.0,0.0,0.002146017261858426,0.011436509105006107,3.0
16:11:59.429,-4.999999999999994,-2.7852728697014535,-2.2147271302985407,-9500.0,0.0,0.0018884951904354149,0.010064128012405374,3.0
16:11:59.449,-4.999999999999994,-2.7852728697014535,-2.2147271302985407,-9500.0,0.0,0.0016618757675831652,0.00885643265091673,3.0
16:11:59.469,-4.999999999999994,-2.7852728697014535,-2.2147271302985407,-9500.0,0.0,0.0014624506754731853,0.007793660732806722,3.0
16:11:59.489,-4.999999999999994,-2.7852728697014535,-2.2147271302985407,-9500.0,0.0,0.0012869565944164032,0.006858421444869916,3.0
16:11:59.509,-4.999999999999994,-2.7852728697014535,-2.2147271302985407,-9500.0,0.0,0.0011325218030864349,0.006035410871485527,3.0
16:11:59.529,-4.999999999999994,-2.7852728697014535,-2.2147271302985407,-9500.0,0.0,0.0009966191867160628,0.005311161566907264,3.0
16:11:59.549,-4.999999999999994,-2.7852728697014535,-2.2147271302985407,-9500.0,0.0,0.0008770248843101352,0.004673822178878392,3.0
16:11:59.569,-4.999999999999994,-2.7852728697014535,-2.2147271302985407,-9500.0,0.0,0.000771781898192919,0.004112963517412986,3.0
16:11:59.589,-4.999999999999994,-2.7852728697014535,-2.2147271302985407,-9500.0,0.0,0.0006791680704097688,0.003619407895323427,3.0
16:11:59.609,-4.999999999999994,-2.7852728697014535,-2.2147271302985407,-9500.0,0.0,0.0005976679019605966,0.003185078947884616,3.0
16:11:59.629,-4.999999999999994,-2.7852728697014535,-2.2147271302985407,-9500.0,0.0,0.000525947753725325,0.0028028694741384624,3.0
16:11:59.649,-4.999999999999994,-2.7852728697014535,-2.2147271302985407,-9500.0,0.0,0.000462834023278286,0.002466525137241847,3.0
16:11:59.669,-4.999999999999994,-2.7852728697014535,-2.2147271302985407,-9500.0,0.0,0.0004072939404848917,0.0021705421207728255,3.0
16:11:59.689,-4.999999999999994,-2.7852728697014535,-2.2147271302985407,-9500.0,0.0,0.00035841866762670473,0.0019100770662800865,3.0
16:11:59.709,-4.999999999999994,-2.7852728697014535,-2.2147271302985407,-9500.0,0.0,0.00031540842751150015,0.001680867818326476,3.0
16:11:59.729,-4.999999999999994,-2.7852728697014535,-2.2147271302985407,-9500.0,0.0,0.0002775594162101201,0.0014791636801272988,3.0
16:11:59.749,-4.999999999999994,-2.7852728697014535,-2.2147271302985407,-9500.0,0.0,0.0002442522862649057,0.001301664038512023,3.0
16:11:59.769,-4.999999999999994,-2.7852728697014535,-2.2147271302985407,-9500.0,0.0,0.000214942011913117,0.0011454643538905802,3.0
16:11:59.789,-4.999999999999994,-2.7852728697014535,-2.2147271302985407,-9500.0,0.0,0.00018914897048354296,0.0010080086314237105,3.0
16:11:59.809,-4.999999999999994,-2.7852728697014535,-2.2147271302985407,-9500.0,0.0,0.0001664510940255178,0.0008870475956528652,3.0
16:11:59.829,-4.999999999999994,-2.7852728697014535,-2.2147271302985407,-9500.0,0.0,0.00014647696274245567,0.0007806018841745215,3.0
16:11:59.849,-4.999999999999994,-2.7852728697014535,-2.2147271302985407,-9500.0,0.0,0.00012889972721336098,0.0006869296580735788,3.0
16:11:59.869,-4.999999999999994,-2.7852728697014535,-2.2147271302985407,-9500.0,0.0,0.00011343175994775767,0.0006044980991047493,3.0
16:11:59.889,-4.999999999999994,-2.7852728697014535,-2.2147271302985407,-9500.0,0.0,9.981994875402675e-05,0.0005319583272121795,3.0
16:11:59.909,-4.999999999999994,-2.7852728697014535,-2.2147271302985407,-9500.0,0.0,8.784155490354354e-05,0.00046812332794671794,3.0
16:11:59.929,-4.999999999999994,-2.7852728697014535,-2.2147271302985407,-9500.0,0.0,7.730056831511832e-05,0.0004119485285931118,3.0
16:11:59.950,-4.999999999999994,-2.7852728697014535,-2.2147271302985407,-9500.0,0.0,6.802450011730412e-05,0.00036251470516193837,3.0
16:11:59.969,-4.999999999999994,-2.7852728697014535,-2.2147271302985407,-9500.0,0.0,5.986156010322763e-05,0.0003190129405425058,3.0
16:11:59.989,-4.999999999999994,-2.7852728697014535,-2.2147271302985407,-9500.0,0.0,5.2678172890840316e-05,0.0002807313876774051,3.0
16:12:00.009,-4.999999999999994,-2.7852728697014535,-2.2147271302985407,-9500.0,0.0,4.635679214393948e-05,0.0002470436211561165,3.0
16:12:00.030,-4.999999999999994,-2.7852728697014535,-2.2147271302985407,-9500.0,0.0,4.0793977086666744e-05,0.00021739838661738253,3.0
16:12:00.049,-4.999999999999994,-2.7852728697014535,-2.2147271302985407,-9500.0,0.0,3.589869983626674e-05,0.00019131058022329664,3.0
16:12:00.069,-4.999999999999994,-2.7852728697014535,-2.2147271302985407,-9500.0,0.0,3.159085585591473e-05,0.00016835331059650107,3.0
16:12:00.089,-4.999999999999994,-2.7852728697014535,-2.2147271302985407,-9500.0,0.0,2.7799953153204963e-05,0.00014815091332492092,3.0
16:12:00.109,-4.999999999999994,-2.7852728697014535,-2.2147271302985407,-9500.0,0.0,2.4463958774820366e-05,0.00013037280372593042,3.0
16:12:00.129,-4.999999999999994,-2.7852728697014535,-2.2147271302985407,-9500.0,0.0,2.1528283721841924e-05,0.00011472806727881876,3.0
16:12:00.149,-4.999999999999994,-2.7852728697014535,-2.2147271302985407,-9500.0,0.0,1.894488967522089e-05,0.0001009606992053605,3.0
16:12:00.169,-4.999999999999994,-2.7852728697014535,-2.2147271302985407,-9500.0,0.0,1.6671502914194386e-05,8.884541530071726e-05,3.0
16:12:00.189,-4.999999999999994,-2.7852728697014535,-2.2147271302985407,-9500.0,0.0,1.467092256449106e-05,7.818396546463118e-05,3.0
16:12:00.209,-4.999999999999994,-2.7852728697014535,-2.2147271302985407,-9500.0,0.0,1.2910411856752133e-05,6.880188960887545e-05,3.0
16:12:00.229,-4.999999999999994,-2.7852728697014535,-2.2147271302985407,-9500.0,0.0,1.1361162433941877e-05,6.054566285581039e-05,3.0
16:12:00.249,-4.999999999999994,-2.7852728697014535,-2.2147271302985407,-9500.0,0.0,9.997822941868851e-06,5.328018331311314e-05,3.0
16:12:00.270,-4.999999999999994,-2.7852728697014535,-2.2147271302985407,-9500.0,0.0,8.798084188844589e-06,4.6886561315539566e-05,3.0
16:12:00.289,-4.999999999999994,-2.7852728697014535,-2.2147271302985407,-9500.0,0.0,7.742314086183238e-06,4.126017395767481e-05,3.0
16:12:00.309,-4.999999999999994,-2.7852728697014535,-2.2147271302985407,-9500.0,0.0,6.81323639584125e-06,3.630895308275384e-05,3.0
16:12:00.329,-4.999999999999994,-2.7852728697014535,-2.2147271302985407,-9500.0,0.0,5.9956480283403e-06,3.195187871282338e-05,3.0
16:12:00.349,-4.999999999999994,-2.7852728697014535,-2.2147271302985407,-9500.0,0.0,5.276170264939464e-06,2.8117653267284572e-05,3.0
16:12:00.369,-4.999999999999994,-2.7852728697014535,-2.2147271302985407,-9500.0,0.0,4.6430298331467285e-06,2.4743534875210427e-05,3.0
16:12:00.389,-4.999999999999994,-2.7852728697014535,-2.2147271302985407,-9500.0,0.0,4.085866253169121e-06,2.1774310690185173e-05,3.0
16:12:00.409,-4.999999999999994,-2.7852728697014535,-2.2147271302985407,-9500.0,0.0,3.5955623027888263e-06,1.9161393407362952e-05,3.0
16:12:00.429,-4.999999999999994,-2.7852728697014535,-2.2147271302985407,-9500.0,0.0,3.164094826454167e-06,1.68620261984794e-05,3.0
16:12:00.449,-4.999999999999994,-2.7852728697014535,-2.2147271302985407,-9500.0,0.0,2.7844034472796673e-06,1.4838583054661871e-05,3.0
16:12:00.469,-4.999999999999994,-2.7852728697014535,-2.2147271302985407,-9500.0,0.0,2.450275033606107e-06,1.3057953088102447e-05,3.0
16:12:00.489,-4.999999999999994,-2.7852728697014535,-2.2147271302985407,-9500.0,0.0,2.1562420295733745e-06,1.1490998717530155e-05,3.0
16:12:00.509,-4.999999999999994,-2.7852728697014535,-2.2147271302985407,-9500.0,0.0,1.8974929860245695e-06,1.0112078871426535e-05,3.0
16:12:00.529,-4.999999999999994,-2.7852728697014535,-2.2147271302985407,-9500.0,0.0,1.6697938277016211e-06,8.898629406855352e-06,3.0
16:12:00.549,-4.999999999999994,-2.7852728697014535,-2.2147271302985407,-9500.0,0.0,1.4694185683774265e-06,7.830793878032709e-06,3.0
16:12:00.569,-4.999999999999994,-2.7852728697014535,-2.2147271302985407,-9500.0,0.0,1.2930883401721353e-06,6.891098612668783e-06,3.0
16:12:00.589,-4.999999999999994,-2.7852728697014535,-2.2147271302985407,-9500.0,0.0,1.137917739351479e-06,6.064166779148529e-06,3.0
16:12:00.609,-4.999999999999994,-2.7852728697014535,-2.2147271302985407,-9500.0,0.0,1.0013676106293015e-06,5.336466765650705e-06,3.0
16:12:00.629,-4.999999999999994,-2.7852728697014535,-2.2147271302985407,-9500.0,0.0,8.812034973537853e-07,4.696090753772621e-06,3.0
16:12:00.649,-4.999999999999994,-2.7852728697014535,-2.2147271302985407,-9500.0,0.0,7.754590776713311e-07,4.132559863319906e-06,3.0
16:12:00.669,-4.999999999999994,-2.7852728697014535,-2.2147271302985407,-9500.0,0.0,6.824039883507714e-07,3.6366526797215173e-06,3.0
16:12:00.689,-4.999999999999994,-2.7852728697014535,-2.2147271302985407,-9500.0,0.0,6.005155097486788e-07,3.2002543581549354e-06,3.0
16:12:00.709,-4.999999999999994,-2.7852728697014535,-2.2147271302985407,-9500.0,0.0,5.284536485788373e-07,2.816223835176343e-06,3.0
16:12:00.729,-4.999999999999994,-2.7852728697014535,-2.2147271302985407,-9500.0,0.0,4.6503921074937686e-07,2.478276974955182e-06,3.0
16:12:00.749,-4.999999999999994,-2.7852728697014535,-2.2147271302985407,-9500.0,0.0,4.0923450545945164e-07,2.1808837379605603e-06,3.0
16:12:00.769,-4.999999999999994,-2.7852728697014535,-2.2147271302985407,-9500.0,0.0,3.601263648043174e-07,1.9191776894052926e-06,3.0
16:12:00.789,-4.999999999999994,-2.7852728697014535,-2.2147271302985407,-9500.0,0.0,3.169112010277993e-07,1.6888763666766576e-06,3.0
16:12:00.809,-4.999999999999994,-2.7852728697014535,-2.2147271302985407,-9500.0,0.0,2.788818569044634e-07,1.4862112026754586e-06,3.0
16:12:00.829,-4.999999999999994,-2.7852728697014535,-2.2147271302985407,-9500.0,0.0,2.454160340759278e-07,1.3078658583544037e-06,3.0
16:12:00.850,-4.999999999999994,-2.7852728697014535,-2.2147271302985407,-9500.0,0.0,2.1596610998681648e-07,1.1509219553518753e-06,3.0
16:12:00.869,-4.999999999999994,-2.7852728697014535,-2.2147271302985407,-9500.0,0.0,1.900501767883985e-07,1.0128113207096504e-06,3.0
16:12:00.889,-4.999999999999994,-2.7852728697014535,-2.2147271302985407,-9500.0,0.0,1.672441555737907e-07,8.912739622244924e-07,3.0
16:12:00.909,-4.999999999999994,-2.7852728697014535,-2.2147271302985407,-9500.0,0.0,1.4717485690493583e-07,7.843210867575533e-07,3.0
16:12:00.929,-4.999999999999994,-2.7852728697014535,-2.2147271302985407,-9500.0,0.0,1.2951387407634353e-07,6.902025563466469e-07,3.0
16:12:00.950,-4.999999999999994,-2.7852728697014535,-2.2147271302985407,-9500.0,0.0,1.139722091871823e-07,6.073782495850493e-07,3.0
16:12:00.969,-4.999999999999994,-2.7852728697014535,-2.2147271302985407,-9500.0,0.0,1.0029554408472043e-07,5.344928596348434e-07,3.0
16:12:00.989,-4.999999999999994,-2.7852728697014535,-2.2147271302985407,-9500.0,0.0,8.826007879455398e-08,4.703537164786622e-07,3.0
16:12:01.009,-4.999999999999994,-2.7852728697014535,-2.2147271302985407,-9500.0,0.0,7.76688693392075e-08,4.1391127050122273e-07,3.0
16:12:01.029,-4.999999999999994,-2.7852728697014535,-2.2147271302985407,-9500.0,0.0,6.834860501850261e-08,3.64241918041076e-07,3.0
16:12:01.049,-4.999999999999994,-2.7852728697014535,-2.2147271302985407,-9500.0,0.0,6.014677241628229e-08,3.205328878761469e-07,3.0
16:12:01.070,-10.000000000000009,-2.7852728697014535,-7.214727130298555,-9500.0,0.0,5.2929159726328414e-08,2.8206894133100926e-07,3.0
16:12:01.089,-10.000000000000009,-2.7852728697014535,-7.214727130298555,-9500.0,0.0,4.6577660559169005e-08,2.4822066837128813e-07,3.0
16:12:01.109,-10.000000000000009,-2.7852728697014535,-7.214727130298555,-9500.0,0.0,4.098834129206872e-08,2.1843418816673354e-07,3.0
16:12:01.129,-10.000000000000009,-2.7852728697014535,-7.214727130298555,-9500.0,0.0,3.6069740337020475e-08,1.922220855867255e-07,3.0
16:12:01.149,-10.000000000000009,-2.7852728697014535,-7.214727130298555,-9500.0,0.0,3.174137149657802e-08,1.6915543531631847e-07,3.0
16:12:01.169,-10.000000000000009,-2.7852728697014535,-7.214727130298555,-9500.0,0.0,2.7932406916988656e-08,1.4885678307836024e-07,3.0
16:12:01.189,-10.000000000000009,-2.7852728697014535,-7.214727130298555,-9500.0,0.0,2.458051808695002e-08,1.3099396910895703e-07,3.0
16:12:01.209,-10.000000000000009,-2.7852728697014535,-7.214727130298555,-9500.0,0.0,2.1630855916516017e-08,1.1527469281588218e-07,3.0
16:12:01.230,-10.000000000000009,-2.7852728697014535,-7.214727130298555,-9500.0,0.0,1.9035153206534095e-08,1.0144172967797633e-07,3.0
16:12:01.249,-10.000000000000009,-2.7852728697014535,-7.214727130298555,-9500.0,0.0,1.6750934821750004e-08,8.926872211661917e-08,3.0
16:12:01.269,-10.000000000000009,-2.7852728697014535,-7.214727130298555,-9500.0,0.0,1.4740822643140004e-08,7.855647546262487e-08,3.0
16:12:01.289,-10.000000000000009,-2.7852728697014535,-7.214727130298555,-9500.0,0.0,1.2971923925963203e-08,6.912969840710988e-08,3.0
16:12:01.309,-10.000000000000009,-2.7852728697014535,-7.214727130298555,-9500.0,0.0,1.1415293054847619e-08,6.08341345982567e-08,3.0
16:12:01.329,-10.000000000000009,-2.7852728697014535,-7.214727130298555,-9500.0,0.0,1.0045457888265906e-08,5.35340384464659e-08,3.0
16:12:01.349,-10.000000000000009,-2.7852728697014535,-7.214727130298555,-9500.0,0.0,8.840002941673997e-09,4.710995383288999e-08,3.0
16:12:01.369,-10.000000000000009,-2.7852728697014535,-7.214727130298555,-9500.0,0.0,7.779202588673118e-09,4.14567593729432e-08,3.0
16:12:01.389,-10.000000000000009,-2.7852728697014535,-7.214727130298555,-9500.0,0.0,6.845698278032344e-09,3.6481948248190016e-08,3.0
16:12:01.409,-10.000000000000009,-2.7852728697014535,-7.214727130298555,-9500.0,0.0,6.0242144846684625e-09,3.210411445840721e-08,3.0
16:12:01.429,-10.000000000000009,-2.7852728697014535,-7.214727130298555,-9500.0,0.0,5.301308746508247e-09,2.8251620723398346e-08,3.0
16:12:01.449,-10.000000000000009,-2.7852728697014535,-7.214727130298555,-9500.0,0.0,4.665151696927258e-09,2.4861426236590546e-08,3.0
16:12:01.469,-10.000000000000009,-2.7852728697014535,-7.214727130298555,-9500.0,0.0,4.105333493295986e-09,2.1878055088199678e-08,3.0
16:12:01.489,-10.000000000000009,-2.7852728697014535,-7.214727130298555,-9500.0,0.0,3.612693474100468e-09,1.9252688477615717e-08,3.0
16:12:01.509,-10.000000000000009,-2.7852728697014535,-7.214727130298555,-9500.0,0.0,3.179170257208412e-09,1.6942365860301832e-08,3.0
16:12:01.529,-10.000000000000009,-2.7852728697014535,-7.214727130298555,-9500.0,0.0,2.797669826343403e-09,1.4909281957065612e-08,3.0
16:12:01.549,-10.000000000000009,-2.7852728697014535,-7.214727130298555,-9500.0,0.0,2.4619494471821943e-09,1.3120168122217739e-08,3.0
16:12:01.569,-10.000000000000009,-2.7852728697014535,-7.214727130298555,-9500.0,0.0,2.166515513520331e-09,1.1545747947551611e-08,3.0
16:12:01.589,-10.000000000000009,-2.7852728697014535,-7.214727130298555,-9500.0,0.0,1.9065336518978914e-09,1.0160258193845418e-08,3.0
16:12:01.609,-10.000000000000009,-2.7852728697014535,-7.214727130298555,-9500.0,0.0,1.6777496136701444e-09,8.941027210583967e-09,3.0
16:12:01.630,-10.000000000000009,-2.7852728697014535,-7.214727130298555,-9500.0,0.0,1.4764196600297271e-09,7.868103945313892e-09,3.0
16:12:01.649,-10.000000000000009,-2.7852728697014535,-7.214727130298555,-9500.0,0.0,1.2992493008261599e-09,6.923931471876224e-09,3.0
16:12:01.669,-10.000000000000009,-2.7852728697014535,-7.214727130298555,-9500.0,0.0,1.1433393847270206e-09,6.093059695251077e-09,3.0
16:12:01.690,-10.000000000000009,-2.7852728697014535,-7.214727130298555,-9500.0,0.0,1.006138658559778e-09,5.3618925318209474e-09,3.0
16:12:01.709,-10.000000000000009,-2.7852728697014535,-7.214727130298555,-9500.0,0.0,8.854020195326048e-10,4.718465428002434e-09,3.0
16:12:01.729,-10.000000000000009,-2.7852728697014535,-7.214727130298555,-9500.0,0.0,7.791537771886922e-10,4.152249576642142e-09,3.0
16:12:01.749,-10.000000000000009,-2.7852728697014535,-7.214727130298555,-9500.0,0.0,6.856553239260491e-10,3.653979627445085e-09,3.0
16:12:01.769,-10.000000000000009,-2.7852728697014535,-7.214727130298555,-9500.0,0.0,6.033766850549232e-10,3.2155020721516744e-09,3.0
16:12:01.789,-10.000000000000009,-2.7852728697014535,-7.214727130298555,-9500.0,0.0,5.309714828483324e-10,2.8296418234934737e-09,3.0
16:12:01.810,-10.000000000000009,-2.7852728697014535,-7.214727130298555,-9500.0,0.0,4.672549049065325e-10,2.4900848046742566e-09,3.0
16:12:01.829,-10.000000000000009,-2.7852728697014535,-7.214727130298555,-9500.0,0.0,4.1118431631774856e-10,2.1912746281133455e-09,3.0
16:12:01.850,-10.000000000000009,-2.7852728697014535,-7.214727130298555,-9500.0,0.0,3.6184219835961874e-10,1.9283216727397442e-09,3.0
16:12:01.869,-10.000000000000009,-2.7852728697014535,-7.214727130298555,-9500.0,0.0,3.184211345564645e-10,1.696923072010975e-09,3.0
16:12:01.889,-10.000000000000009,-2.7852728697014535,-7.214727130298555,-9500.0,0.0,2.8021059840968876e-10,1.493292303369658e-09,3.0
16:12:01.910,-10.000000000000009,-2.7852728697014535,-7.214727130298555,-9500.0,0.0,2.465853266005261e-10,1.314097226965299e-09,3.0
16:12:01.929,-10.000000000000009,-2.7852728697014535,-7.214727130298555,-9500.0,0.0,2.16995087408463e-10,1.1564055597294631e-09,3.0
16:12:01.949,-10.000000000000009,-2.7852728697014535,-7.214727130298555,-9500.0,0.0,1.9095567691944743e-10,1.0176368925619277e-09,3.0
16:12:01.969,-10.000000000000009,-2.7852728697014535,-7.214727130298555,-9500.0,0.0,1.6804099568911373e-10,8.955204654544963e-10,3.0
16:12:01.989,-10.000000000000009,-2.7852728697014535,-7.214727130298555,-9500.0,0.0,1.478760762064201e-10,7.880580095999568e-10,3.0
16:12:02.009,-10.000000000000009,-2.7852728697014535,-7.214727130298555,-9500.0,0.0,1.301309470616497e-10,6.93491048447962e-10,3.0
16:12:02.029,-10.000000000000009,-2.7852728697014535,-7.214727130298555,-9500.0,0.0,1.1451523341425173e-10,6.102721226342065e-10,3.0
16:12:02.049,-10.000000000000009,-2.7852728697014535,-7.214727130298555,-9500.0,0.0,1.0077340540454152e-10,5.370394679181017e-10,3.0
16:12:02.069,-10.000000000000009,-2.7852728697014535,-7.214727130298555,-9500.0,0.0,8.868059675599653e-11,4.725947317679295e-10,3.0
16:12:02.090,-10.000000000000009,-2.7852728697014535,-7.214727130298555,-9500.0,0.0,7.803892514527695e-11,4.1588336395577796e-10,3.0
16:12:02.110,-10.000000000000009,-2.7852728697014535,-7.214727130298555,-9500.0,0.0,6.867425412784372e-11,3.6597736028108464e-10,3.0
16:12:02.129,-10.000000000000009,-2.7852728697014535,-7.214727130298555,-9500.0,0.0,6.043334363250247e-11,3.2206007704735447e-10,3.0
16:12:02.149,-10.000000000000009,-2.7852728697014535,-7.214727130298555,-9500.0,0.0,5.318134239660217e-11,2.8341286780167195e-10,3.0
16:12:02.169,-10.000000000000009,-2.7852728697014535,-7.214727130298555,-9500.0,0.0,4.679958130900991e-11,2.494033236654713e-10,3.0
16:12:02.189,-10.000000000000009,-2.7852728697014535,-7.214727130298555,-9500.0,0.0,4.1183631551928725e-11,2.1947492482561475e-10,3.0
16:12:02.209,-10.000000000000009,-2.7852728697014535,-7.214727130298555,-9500.0,0.0,3.624159576569728e-11,1.93137933846541e-10,3.0
16:12:02.229,-10.000000000000009,-2.7852728697014535,-7.214727130298555,-9500.0,0.0,3.189260427381361e-11,1.6996138178495608e-10,3.0
16:12:02.249,-10.000000000000009,-2.7852728697014535,-7.214727130298555,-9500.0,0.0,2.8065491760955975e-11,1.4956601597076134e-10,3.0
16:12:02.269,-10.000000000000009,-2.7852728697014535,-7.214727130298555,-9500.0,0.0,2.4697632749641257e-11,1.3161809405426998e-10,3.0
16:12:02.289,-10.000000000000009,-2.7852728697014535,-7.214727130298555,-9500.0,0.0,2.1733916819684305e-11,1.1582392276775758e-10,3.0
16:12:02.309,-10.000000000000009,-2.7852728697014535,-7.214727130298555,-9500.0,0.0,1.912584680132219e-11,1.0192505203562669e-10,3.0
16:12:02.329,-10.000000000000009,-2.7852728697014535,-7.214727130298555,-9500.0,0.0,1.6830745185163526e-11,8.969404579135147e-11,3.0
16:12:02.350,-10.000000000000009,-2.7852728697014535,-7.214727130298555,-9500.0,0.0,1.4811055762943902e-11,7.893076029638929e-11,3.0
16:12:02.369,-10.000000000000009,-2.7852728697014535,-7.214727130298555,-9500.0,0.0,1.3033729071390634e-11,6.945906906082257e-11,3.0
16:12:02.389,-10.000000000000009,-2.7852728697014535,-7.214727130298555,-9500.0,0.0,1.1469681582823758e-11,6.112398077352388e-11,3.0
16:12:02.409,-10.000000000000009,-2.7852728697014535,-7.214727130298555,-9500.0,0.0,1.0093319792884907e-11,5.3789103080701e-11,3.0
16:12:02.429,-10.000000000000009,-2.7852728697014535,-7.214727130298555,-9500.0,0.0,8.882121417738718e-12,4.7334410711016885e-11,3.0
16:12:02.450,-10.000000000000009,-2.7852728697014535,-7.214727130298555,-9500.0,0.0,7.816266847610072e-12,4.1654281425694856e-11,3.0
16:12:02.469,-10.000000000000009,-2.7852728697014535,-7.214727130298555,-9500.0,0.0,6.878314825896864e-12,3.665576765461148e-11,3.0
16:12:02.489,-10.000000000000009,-2.7852728697014535,-7.214727130298555,-9500.0,0.0,6.05291704678924e-12,3.2257075536058104e-11,3.0
16:12:02.510,-10.000000000000009,-2.7852728697014535,-7.214727130298555,-9500.0,0.0,5.326567001174532e-12,2.838622647173113e-11,3.0
16:12:02.529,-10.000000000000009,-2.7852728697014535,-7.214727130298555,-9500.0,0.0,4.687378961033588e-12,2.4979879295123394e-11,3.0
16:12:02.549,-10.000000000000009,-2.7852728697014535,-7.214727130298555,-9500.0,0.0,4.124893485709558e-12,2.1982293779708588e-11,3.0
16:12:02.569,-10.000000000000009,-2.7852728697014535,-7.214727130298555,-9500.0,0.0,3.6299062674244107e-12,1.9344418526143556e-11,3.0
16:12:02.589,-10.000000000000009,-2.7852728697014535,-7.214727130298555,-9500.0,0.0,3.1943175153334816e-12,1.7023088303006332e-11,3.0
16:12:02.609,-10.000000000000009,-2.7852728697014535,-7.214727130298555,-9500.0,0.0,2.810999413493464e-12,1.498031770664557e-11,3.0
16:12:02.629,-10.000000000000009,-2.7852728697014535,-7.214727130298555,-9500.0,0.0,2.473679483874248e-12,1.3182679581848104e-11,3.0
16:12:02.649,-10.000000000000009,-2.7852728697014535,-7.214727130298555,-9500.0,0.0,2.1768379458093385e-12,1.1600758032026332e-11,3.0
16:12:02.669,-10.000000000000009,-2.7852728697014535,-7.214727130298555,-9500.0,0.0,1.9156173923122177e-12,1.020866706818317e-11,3.0
16:12:02.689,-10.000000000000009,-2.7852728697014535,-7.214727130298555,-9500.0,0.0,1.6857433052347517e-12,8.983627020001191e-12,3.0
16:12:02.710,-10.000000000000009,-2.7852728697014535,-7.214727130298555,-9500.0,0.0,1.4834541086065815e-12,7.905591777601047e-12,3.0
16:12:02.729,-10.000000000000009,-2.7852728697014535,-7.214727130298555,-9500.0,0.0,1.3054396155737918e-12,6.956920764288923e-12,3.0
16:12:02.749,-10.000000000000009,-2.7852728697014535,-7.214727130298555,-9500.0,0.0,1.1487868617049369e-12,6.122090272574253e-12,3.0
16:12:02.769,-10.000000000000009,-2.7852728697014535,-7.214727130298555,-9500.0,0.0,1.0109324383003445e-12,5.387439439865342e-12,3.0
16:12:02.789,-10.000000000000009,-2.7852728697014535,-7.214727130298555,-9500.0,0.0,8.896205457043032e-13,4.740946707081501e-12,3.0
16:12:02.809,-10.000000000000009,-2.7852728697014535,-7.214727130298555,-9500.0,0.0,7.828660802197868e-13,4.172033102231721e-12,3.0
16:12:02.829,-10.000000000000009,-2.7852728697014535,-7.214727130298555,-9500.0,0.0,6.889221505934124e-13,3.671389129963915e-12,3.0
16:12:02.849,-10.000000000000009,-2.7852728697014535,-7.214727130298555,-9500.0,0.0,6.06251492522203e-13,3.2308224343682453e-12,3.0
16:12:02.869,-10.000000000000009,-2.7852728697014535,-7.214727130298555,-9500.0,0.0,5.335013134195386e-13,2.843123742244056e-12,3.0
16:12:02.889,-10.000000000000009,-2.7852728697014535,-7.214727130298555,-9500.0,0.0,4.69481155809194e-13,2.5019488931747696e-12,3.0
16:12:02.909,-10.000000000000009,-2.7852728697014535,-7.214727130298555,-9500.0,0.0,4.1314341711209075e-13,2.2017150259937973e-12,3.0
16:12:02.929,-10.000000000000009,-2.7852728697014535,-7.214727130298555,-9500.0,0.0,3.6356620705863985e-13,1.9375092228745415e-12,3.0
16:12:02.949,-10.000000000000009,-2.7852728697014535,-7.214727130298555,-9500.0,0.0,3.1993826221160306e-13,1.7050081161295964e-12,3.0
16:12:02.969,-10.000000000000009,-2.7852728697014535,-7.214727130298555,-9500.0,0.0,2.815456707462107e-13,1.5004071421940448e-12,3.0
16:12:02.989,-10.000000000000009,-2.7852728697014535,-7.214727130298555,-9500.0,0.0,2.477601902566654e-13,1.3203582851307595e-12,3.0
16:12:03.010,-10.000000000000009,-2.7852728697014535,-7.214727130298555,-9500.0,0.0,2.1802896742586558e-13,1.1619152909150685e-12,3.0
16:12:03.029,-10.000000000000009,-2.7852728697014535,-7.214727130298555,-9500.0,0.0,1.9186549133476173e-13,1.0224854560052604e-12,3.0
16:12:03.050,-10.000000000000009,-2.7852728697014535,-7.214727130298555,-9500.0,0.0,1.688416323745903e-13,8.99787201284629e-13,3.0
16:12:03.069,-10.000000000000009,-2.7852728697014535,-7.214727130298555,-9500.0,0.0,1.4858063648963947e-13,7.918127371304735e-13,3.0
16:12:03.089,-10.000000000000009,-2.7852728697014535,-7.214727130298555,-9500.0,0.0,1.3075096011088275e-13,6.967952086748167e-13,3.0
16:12:03.109,-10.000000000000009,-2.7852728697014535,-7.214727130298555,-9500.0,0.0,1.150608448975768e-13,6.131797836338387e-13,3.0
16:12:03.129,-10.000000000000009,-2.7852728697014535,-7.214727130298555,-9500.0,0.0,1.012535435098676e-13,5.395982095977781e-13,3.0
16:12:03.149,-10.000000000000009,-2.7852728697014535,-7.214727130298555,-9500.0,0.0,8.910311828868348e-14,4.748464244460448e-13,3.0
16:12:03.169,-10.000000000000009,-2.7852728697014535,-7.214727130298555,-9500.0,0.0,7.841074409404147e-14,4.1786485351251935e-13,3.0
16:12:03.189,-10.000000000000009,-2.7852728697014535,-7.214727130298555,-9500.0,0.0,6.90014548027565e-14,3.6772107109101704e-13,3.0
16:12:03.209,-10.000000000000009,-2.7852728697014535,-7.214727130298555,-9500.0,0.0,6.072128022642571e-14,3.23594542560095e-13,3.0
16:12:03.229,-10.000000000000009,-2.7852728697014535,-7.214727130298555,-9500.0,0.0,5.343472659925463e-14,2.847631974528836e-13,3.0
16:12:03.249,-10.000000000000009,-2.7852728697014535,-7.214727130298555,-9500.0,0.0,4.702255940734407e-14,2.5059161375853755e-13,3.0
16:12:03.269,-10.000000000000009,-2.7852728697014535,-7.214727130298555,-9500.0,0.0,4.1379852278462785e-14,2.2052062010751308e-13,3.0
16:12:03.289,-10.000000000000009,-2.7852728697014535,-7.214727130298555,-9500.0,0.0,3.641427000504725e-14,1.9405814569461152e-13,3.0
16:12:03.309,-10.000000000000009,-2.7852728697014535,-7.214727130298555,-9500.0,0.0,3.2044557604441585e-14,1.7077116821125814e-13,3.0
16:12:03.330,-10.000000000000009,-2.7852728697014535,-7.214727130298555,-9500.0,0.0,2.8199210691908596e-14,1.5027862802590716e-13,3.0
16:12:03.349,-10.000000000000009,-2.7852728697014535,-7.214727130298555,-9500.0,0.0,2.4815305408879565e-14,1.322451926627983e-13,3.0
16:12:03.369,-10.000000000000009,-2.7852728697014535,-7.214727130298555,-9500.0,0.0,2.1837468759814018e-14,1.1637576954326253e-13,3.0
16:12:03.389,-10.000000000000009,-2.7852728697014535,-7.214727130298555,-9500.0,0.0,1.9216972508636337e-14,1.0241067719807102e-13,3.0
16:12:03.409,-10.000000000000009,-2.7852728697014535,-7.214727130298555,-9500.0,0.0,1.6910935807599977e-14,9.01213959343025e-14,3.0
16:12:03.429,-10.000000000000009,-2.7852728697014535,-7.214727130298555,-9500.0,0.0,1.488162351068798e-14,7.930682842218621e-14,3.0
16:12:03.449,-10.000000000000009,-2.7852728697014535,-7.214727130298555,-9500.0,0.0,1.3095828689405422e-14,6.979000901152386e-14,3.0
16:12:03.469,-10.000000000000009,-2.7852728697014535,-7.214727130298555,-9500.0,0.0,1.1524329246676771e-14,6.1415207930141e-14,3.0
16:12:03.489,-10.000000000000009,-2.7852728697014535,-7.214727130298555,-9500.0,0.0,1.0141409737075559e-14,5.4045382978524075e-14,3.0
16:12:03.509,-10.000000000000009,-2.7852728697014535,-7.214727130298555,-9500.0,0.0,8.924440568626492e-15,4.755993702110119e-14,3.0
16:12:03.529,-10.000000000000009,-2.7852728697014535,-7.214727130298555,-9500.0,0.0,7.853507700391313e-15,4.1852744578569045e-14,3.0
16:12:03.549,-10.000000000000009,-2.7852728697014535,-7.214727130298555,-9500.0,0.0,6.911086776344356e-15,3.683041522914076e-14,3.0
16:12:03.569,-10.000000000000009,-2.7852728697014535,-7.214727130298555,-9500.0,0.0,6.0817563631830335e-15,3.241076540164387e-14,3.0
16:12:03.590,-10.000000000000009,-2.7852728697014535,-7.214727130298555,-9500.0,0.0,5.35194559960107e-15,2.852147355344661e-14,3.0
16:12:03.609,-10.000000000000009,-2.7852728697014535,-7.214727130298555,-9500.0,0.0,4.7097121276489415e-15,2.5098896727033018e-14,3.0
16:12:03.629,-10.000000000000009,-2.7852728697014535,-7.214727130298555,-9500.0,0.0,4.144546672331069e-15,2.2087029119789057e-14,3.0
16:12:03.649,-10.000000000000009,-2.7852728697014535,-7.214727130298555,-9500.0,0.0,3.64720107165134e-15,1.943658562541437e-14,3.0
16:12:03.669,-10.000000000000009,-2.7852728697014535,-7.214727130298555,-9500.0,0.0,3.2095369430531795e-15,1.7104195350364644e-14,3.0
16:12:03.689,-10.000000000000009,-2.7852728697014535,-7.214727130298555,-9500.0,0.0,2.824392509886798e-15,1.5051691908320887e-14,3.0
16:12:03.709,-10.000000000000009,-2.7852728697014535,-7.214727130298555,-9500.0,0.0,2.4854654087003822e-15,1.3245488879322381e-14,3.0
16:12:03.729,-10.000000000000009,-2.7852728697014535,-7.214727130298555,-9500.0,0.0,2.1872095596563363e-15,1.1656030213803694e-14,3.0
16:12:03.749,-10.000000000000009,-2.7852728697014535,-7.214727130298555,-9500.0,0.0,1.924744412497576e-15,1.0257306588147252e-14,3.0
16:12:03.769,-10.000000000000009,-2.7852728697014535,-7.214727130298555,-9500.0,0.0,1.6937750829978669e-15,9.026429797569582e-15,3.0
16:12:03.789,-10.000000000000009,-2.7852728697014535,-7.214727130298555,-9500.0,0.0,1.4905220730381229e-15,7.943258221861231e-15,3.0
16:12:03.809,-10.000000000000009,-2.7852728697014535,-7.214727130298555,-9500.0,0.0,1.311659424273548e-15,6.9900672352378835e-15,3.0
16:12:03.829,-10.000000000000009,-2.7852728697014535,-7.214727130298555,-9500.0,0.0,1.1542602933607223e-15,6.1512591670093374e-15,3.0
16:12:03.849,-10.000000000000009,-2.7852728697014535,-7.214727130298555,-9500.0,0.0,1.0157490581574357e-15,5.413108066968217e-15,3.0
16:12:03.869,-10.000000000000009,-2.7852728697014535,-7.214727130298555,-9500.0,0.0,8.938591711785434e-16,4.763535098932032e-15,3.0
16:12:03.889,-10.000000000000009,-2.7852728697014535,-7.214727130298555,-9500.0,0.0,7.865960706371182e-16,4.191910887060187e-15,3.0
16:12:03.909,-10.000000000000009,-2.7852728697014535,-7.214727130298555,-9500.0,0.0,6.92204542160664e-16,3.688881580612965e-15,3.0
16:12:03.929,-10.000000000000009,-2.7852728697014535,-7.214727130298555,-9500.0,0.0,6.091399971013843e-16,3.246215790939409e-15,3.0
16:12:03.949,-10.000000000000009,-2.7852728697014535,-7.214727130298555,-9500.0,0.0,5.360431974492182e-16,2.8566698960266803e-15,3.0
16:12:03.969,-10.000000000000009,-2.7852728697014535,-7.214727130298555,-9500.0,0.0,4.717180137553121e-16,2.513869508503479e-15,3.0
16:12:03.989,-10.000000000000009,-2.7852728697014535,-7.214727130298555,-9500.0,0.0,4.151118521046746e-16,2.2122051674830614e-15,3.0
16:12:04.009,-10.000000000000009,-2.7852728697014535,-7.214727130298555,-9500.0,0.0,3.6529842985211365e-16,1.9467405473850938e-15,3.0
16:12:04.029,-10.000000000000009,-2.7852728697014535,-7.214727130298555,-9500.0,0.0,3.2146261826986003e-16,1.7131316816988827e-15,3.0
16:12:04.050,-10.000000000000009,-2.7852728697014535,-7.214727130298555,-9500.0,0.0,2.8288710407747685e-16,1.507555879895017e-15,3.0
16:12:04.070,-10.000000000000009,-2.7852728697014535,-7.214727130298555,-9500.0,0.0,2.4894065158817963e-16,1.326649174307615e-15,3.0
16:12:04.089,-10.000000000000009,-2.7852728697014535,-7.214727130298555,-9500.0,0.0,2.1906777339759807e-16,1.1674512733907011e-15,3.0
16:12:04.109,-10.000000000000009,-2.7852728697014535,-7.214727130298555,-9500.0,0.0,1.927796405898863e-16,1.027357120583817e-15,3.0
16:12:04.129,-10.000000000000009,-2.7852728697014535,-7.214727130298555,-9500.0,0.0,1.6964608371909994e-16,9.04074266113759e-16,3.0
16:12:04.149,-10.000000000000009,-2.7852728697014535,-7.214727130298555,-9500.0,0.0,1.4928855367280796e-16,7.955853541801079e-16,3.0
16:12:04.169,-10.000000000000009,-2.7852728697014535,-7.214727130298555,-9500.0,0.0,1.31373927232071e-16,7.001151116784949e-16,3.0
16:12:04.189,-10.000000000000009,-2.7852728697014535,-7.214727130298555,-9500.0,0.0,1.1560905596422248e-16,6.161012982770756e-16,3.0
16:12:04.209,-10.000000000000009,-2.7852728697014535,-7.214727130298555,-9500.0,0.0,1.0173596924851578e-16,5.421691424838264e-16,3.0
16:12:04.229,-10.000000000000009,-2.7852728697014535,-7.214727130298555,-9500.0,0.0,8.952765293869388e-17,4.771088453857673e-16,3.0
16:12:04.250,-10.000000000000009,-2.7852728697014535,-7.214727130298555,-9500.0,0.0,7.878433458605062e-17,4.1985578393947517e-16,3.0
16:12:04.269,-10.000000000000009,-2.7852728697014535,-7.214727130298555,-9500.0,0.0,6.933021443572455e-17,3.6947308986673817e-16,3.0
16:12:04.289,-10.000000000000009,-2.7852728697014535,-7.214727130298555,-9500.0,0.0,6.10105887034376e-17,3.251363190827296e-16,3.0
16:12:04.309,-10.000000000000009,-2.7852728697014535,-7.214727130298555,-9500.0,0.0,5.3689318059025094e-17,2.8611996079280206e-16,3.0
16:12:04.329,-10.000000000000009,-2.7852728697014535,-7.214727130298555,-9500.0,0.0,4.7246599891942085e-17,2.517855654976658e-16,3.0
16:12:04.350,-10.000000000000009,-2.7852728697014535,-7.214727130298555,-9500.0,0.0,4.157700790490903e-17,2.2157129763794592e-16,3.0
16:12:04.369,-10.000000000000009,-2.7852728697014535,-7.214727130298555,-9500.0,0.0,3.658776695631995e-17,1.9498274192139243e-16,3.0
16:12:04.389,-10.000000000000009,-2.7852728697014535,-7.214727130298555,-9500.0,0.0,3.2197234921561554e-17,1.7158481289082532e-16,3.0
16:12:04.409,-10.000000000000009,-2.7852728697014535,-7.214727130298555,-9500.0,0.0,2.8333566730974165e-17,1.5099463534392626e-16,3.0
16:12:04.429,-10.000000000000009,-2.7852728697014535,-7.214727130298555,-9500.0,0.0,2.4933538723257267e-17,1.3287527910265513e-16,3.0
16:12:04.449,-10.000000000000009,-2.7852728697014535,-7.214727130298555,-9500.0,0.0,2.1941514076466395e-17,1.1693024561033652e-16,3.0
16:12:04.469,-10.000000000000009,-2.7852728697014535,-7.214727130298555,-9500.0,0.0,1.9308532387290428e-17,1.0289861613709613e-16,3.0
16:12:04.489,-10.000000000000009,-2.7852728697014535,-7.214727130298555,-9500.0,0.0,1.6991508500815578e-17,9.05507822006446e-17,3.0
16:12:04.510,-10.000000000000009,-2.7852728697014535,-7.214727130298555,-9500.0,0.0,1.495252748071771e-17,7.968468833656726e-17,3.0
16:12:04.529,-10.000000000000009,-2.7852728697014535,-7.214727130298555,-9500.0,0.0,1.3158224183031583e-17,7.012252573617918e-17,3.0
16:12:04.549,-10.000000000000009,-2.7852728697014535,-7.214727130298555,-9500.0,0.0,1.1579237281067794e-17,6.170782264783768e-17,3.0
16:12:04.569,-10.000000000000009,-2.7852728697014535,-7.214727130298555,-9500.0,0.0,1.0189728807339658e-17,5.430288393009716e-17,3.0
16:12:04.590,-10.000000000000009,-2.7852728697014535,-7.214727130298555,-9500.0,0.0,8.9669613504589e-18,4.7786537858485503e-17,3.0
16:12:04.610,-10.000000000000009,-2.7852728697014535,-7.214727130298555,-9500.0,0.0,7.890925988403832e-18,4.2052153315467243e-17,3.0
16:12:04.629,-10.000000000000009,-2.7852728697014535,-7.214727130298555,-9500.0,0.0,6.944014869795372e-18,3.700589491761117e-17,3.0
16:12:04.649,-10.000000000000009,-2.7852728697014535,-7.214727130298555,-9500.0,0.0,6.1107330854199275e-18,3.256518752749783e-17,3.0
16:12:04.669,-10.000000000000009,-2.7852728697014535,-7.214727130298555,-9500.0,0.0,5.377445115169536e-18,2.865736502419809e-17,3.0
16:12:04.689,-10.000000000000009,-2.7852728697014535,-7.214727130298555,-9500.0,0.0,4.732151701349192e-18,2.521848122129432e-17,3.0
16:12:04.709,-10.000000000000009,-2.7852728697014535,-7.214727130298555,-9500.0,0.0,4.164293497187289e-18,2.2192263474739004e-17,3.0
16:12:04.729,-10.000000000000009,-2.7852728697014535,-7.214727130298555,-9500.0,0.0,3.6645782775248145e-18,1.9529191857770323e-17,3.0
16:12:04.750,-10.000000000000009,-2.7852728697014535,-7.214727130298555,-9500.0,0.0,3.2248288842218367e-18,1.7185688834837884e-17,3.0
16:12:04.769,-10.000000000000009,-2.7852728697014535,-7.214727130298555,-9500.0,0.0,2.8378494181152163e-18,1.512340617465734e-17,3.0
16:12:04.789,-10.000000000000009,-2.7852728697014535,-7.214727130298555,-9500.0,0.0,2.49730748794139e-18,1.3308597433698457e-17,3.0
16:12:04.809,-10.000000000000009,-2.7852728697014535,-7.214727130298555,-9500.0,0.0,2.1976305893884233e-18,1.1711565741654642e-17,3.0
16:12:04.829,-10.000000000000009,-2.7852728697014535,-7.214727130298555,-9500.0,0.0,1.9339149186618126e-18,1.0306177852656085e-17,3.0
16:12:04.849,-10.000000000000009,-2.7852728697014535,-7.214727130298555,-9500.0,0.0,1.701845128422395e-18,9.069436510337355e-18,3.0
16:12:04.869,-10.000000000000009,-2.7852728697014535,-7.214727130298555,-9500.0,0.0,1.4976237130117077e-18,7.981104129096872e-18,3.0
16:12:04.890,-10.000000000000009,-2.7852728697014535,-7.214727130298555,-9500.0,0.0,1.3179088674503028e-18,7.023371633605248e-18,3.0
16:12:04.910,-10.000000000000009,-2.7852728697014535,-7.214727130298555,-9500.0,0.0,1.1597598033562665e-18,6.180567037572618e-18,3.0
16:12:04.929,-10.000000000000009,-2.7852728697014535,-7.214727130298555,-9500.0,0.0,1.0205886269535146e-18,5.438898993063905e-18,3.0
16:12:04.949,-10.000000000000009,-2.7852728697014535,-7.214727130298555,-9500.0,0.0,8.981179917190928e-19,4.786231113896236e-18,3.0
16:12:04.969,-10.000000000000009,-2.7852728697014535,-7.214727130298555,-9500.0,0.0,7.903438327128017e-19,4.211883380228688e-18,3.0
16:12:04.989,-10.000000000000009,-2.7852728697014535,-7.214727130298555,-9500.0,0.0,6.955025727872655e-19,3.7064573746012455e-18,3.0
16:12:05.009,-10.000000000000009,-2.7852728697014535,-7.214727130298555,-9500.0,0.0,6.120422640527937e-19,3.261682489649096e-18,3.0
16:12:05.029,-10.000000000000009,-2.7852728697014535,-7.214727130298555,-9500.0,0.0,5.385971923664585e-19,2.8702805908912045e-18,3.0
16:12:05.050,-10.000000000000009,-2.7852728697014535,-7.214727130298555,-9500.0,0.0,4.739655292824834e-19,2.52584691998426e-18,3.0
16:12:05.069,-10.000000000000009,-2.7852728697014535,-7.214727130298555,-9500.0,0.0,4.170896657685854e-19,2.2227452895861488e-18,3.0
16:12:05.090,-10.000000000000009,-2.7852728697014535,-7.214727130298555,-9500.0,0.0,3.6703890587635517e-19,1.956015854835811e-18,3.0
16:12:05.109,-10.000000000000009,-2.7852728697014535,-7.214727130298555,-9500.0,0.0,3.2299423717119257e-19,1.7212939522555138e-18,3.0
16:12:05.129,-10.000000000000009,-2.7852728697014535,-7.214727130298555,-9500.0,0.0,2.842349287106495e-19,1.5147386779848522e-18,3.0
16:12:05.149,-10.000000000000009,-2.7852728697014535,-7.214727130298555,-9500.0,0.0,2.5012673726537157e-19,1.33297003662667e-18,3.0
16:12:05.170,-10.000000000000009,-2.7852728697014535,-7.214727130298555,-9500.0,0.0,2.20111528793527e-19,1.1730136322314697e-18,3.0
16:12:05.190,-10.000000000000009,-2.7852728697014535,-7.214727130298555,-9500.0,0.0,1.9369814533830377e-19,1.0322519963636935e-18,3.0
16:12:05.209,-10.000000000000009,-2.7852728697014535,-7.214727130298555,-9500.0,0.0,1.7045436789770732e-19,9.083817568000503e-19,3.0
16:12:05.229,-10.000000000000009,-2.7852728697014535,-7.214727130298555,-9500.0,0.0,1.4999984374998245e-19,7.993759459840442e-19,3.0
16:12:05.249,-10.000000000000009,-2.7852728697014535,-7.214727130298555,-9500.0,0.0,1.3199986249998455e-19,7.03450832465959e-19,3.0
16:12:05.270,-10.000000000000009,-2.7852728697014535,-7.214727130298555,-9500.0,0.0,1.161598789999864e-19,6.190367325700439e-19,3.0
16:12:05.289,-10.000000000000009,-2.7852728697014535,-7.214727130298555,-9500.0,0.0,1.0222069351998804e-19,5.447523246616386e-19,3.0
16:12:05.309,-10.000000000000009,-2.7852728697014535,-7.214727130298555,-9500.0,0.0,8.995421029758947e-20,4.793820457022419e-19,3.0
16:12:05.329,-10.000000000000009,-2.7852728697014535,-7.214727130298555,-9500.0,0.0,7.915970506187873e-20,4.218562002179729e-19,3.0
16:12:05.349,-10.000000000000009,-2.7852728697014535,-7.214727130298555,-9500.0,0.0,6.966054045445328e-20,3.712334561918162e-19,3.0
16:12:05.369,-10.000000000000009,-2.7852728697014535,-7.214727130298555,-9500.0,0.0,6.13012755999189e-20,3.2668544144879825e-19,3.0
16:12:05.389,-10.000000000000009,-2.7852728697014535,-7.214727130298555,-9500.0,0.0,5.394512252792863e-20,2.8748318847494246e-19,3.0
16:12:05.409,-10.000000000000009,-2.7852728697014535,-7.214727130298555,-9500.0,0.0,4.7471707824577197e-20,2.529852058579494e-19,3.0
16:12:05.429,-10.000000000000009,-2.7852728697014535,-7.214727130298555,-9500.0,0.0,4.177510288562793e-20,2.2262698115499547e-19,3.0
16:12:05.449,-10.000000000000009,-2.7852728697014535,-7.214727130298555,-9500.0,0.0,3.676209053935258e-20,1.95911743416396e-19,3.0
16:12:05.470,-10.000000000000009,-2.7852728697014535,-7.214727130298555,-9500.0,0.0,3.235063967463027e-20,1.7240233420642847e-19,3.0
16:12:05.489,-10.000000000000009,-2.7852728697014535,-7.214727130298555,-9500.0,0.0,2.8468562913674635e-20,1.5171405410165704e-19,3.0
16:12:05.510,-10.000000000000009,-2.7852728697014535,-7.214727130298555,-9500.0,0.0,2.5052335364033678e-20,1.335083676094582e-19,3.0
16:12:05.529,-10.000000000000009,-2.7852728697014535,-7.214727130298555,-9500.0,0.0,2.2046055120349635e-20,1.174873634963232e-19,3.0
16:12:05.549,-10.000000000000009,-2.7852728697014535,-7.214727130298555,-9500.0,0.0,1.940052850590768e-20,1.0338887987676442e-19,3.0
16:12:05.569,-10.000000000000009,-2.7852728697014535,-7.214727130298555,-9500.0,0.0,1.7072465085198756e-20,9.098221429155268e-20,3.0
16:12:05.589,-10.000000000000009,-2.7852728697014535,-7.214727130298555,-9500.0,0.0,1.5023769274974905e-20,8.006434857656637e-20,3.0
16:12:05.609,-10.000000000000009,-2.7852728697014535,-7.214727130298555,-9500.0,0.0,1.3220916961977917e-20,7.045662674737841e-20,3.0
16:12:05.629,-10.000000000000009,-2.7852728697014535,-7.214727130298555,-9500.0,0.0,1.1634406926540568e-20,6.2001831537693e-20,3.0
16:12:05.649,-10.000000000000009,-2.7852728697014535,-7.214727130298555,-9500.0,0.0,1.02382780953557e-20,5.456161175316984e-20,3.0
16:12:05.670,-10.000000000000009,-2.7852728697014535,-7.214727130298555,-9500.0,0.0,9.009684723913015e-21,4.801421834278945e-20,3.0
16:12:05.689,-10.000000000000009,-2.7852728697014535,-7.214727130298555,-9500.0,0.0,7.928522557043453e-21,4.225251214165472e-20,3.0
16:12:05.710,-10.000000000000009,-2.7852728697014535,-7.214727130298555,-9500.0,0.0,6.977099850198239e-21,3.7182210684656154e-20,3.0
16:12:05.729,-10.000000000000009,-2.7852728697014535,-7.214727130298555,-9500.0,0.0,6.13984786817445e-21,3.2720345402497414e-20,3.0
16:12:05.749,-10.000000000000009,-2.7852728697014535,-7.214727130298555,-9500.0,0.0,5.403066123993516e-21,2.879390395419772e-20,3.0
16:12:05.769,-10.000000000000009,-2.7852728697014535,-7.214727130298555,-9500.0,0.0,4.754698189114294e-21,2.5338635479693997e-20,3.0
16:12:05.789,-10.000000000000009,-2.7852728697014535,-7.214727130298555,-9500.0,0.0,4.184134406420579e-21,2.2297999222130718e-20,3.0
16:12:05.809,-10.000000000000009,-2.7852728697014535,-7.214727130298555,-9500.0,0.0,3.68203827765011e-21,1.9622239315475032e-20,3.0
16:12:05.829,-10.000000000000009,-2.7852728697014535,-7.214727130298555,-9500.0,0.0,3.2401936843320965e-21,1.726757059761803e-20,3.0
16:12:05.849,-10.000000000000009,-2.7852728697014535,-7.214727130298555,-9500.0,0.0,2.851370442212245e-21,1.5195462125903865e-20,3.0
16:12:05.869,-10.000000000000009,-2.7852728697014535,-7.214727130298555,-9500.0,0.0,2.5092059891467753e-21,1.3372006670795401e-20,3.0
16:12:05.889,-10.000000000000009,-2.7852728697014535,-7.214727130298555,-9500.0,0.0,2.2081012704491623e-21,1.1767365870299952e-20,3.0
16:12:05.909,-10.000000000000009,-2.7852728697014535,-7.214727130298555,-9500.0,0.0,1.943129117995263e-21,1.0355281965863958e-20,3.0
16:12:05.929,-10.000000000000009,-2.7852728697014535,-7.214727130298555,-9500.0,0.0,1.7099536238358313e-21,9.112648129960283e-21,3.0
16:12:05.949,-10.000000000000009,-2.7852728697014535,-7.214727130298555,-9500.0,0.0,1.5047591889755315e-21,8.019130354365049e-21,3.0
16:12:05.970,-10.000000000000009,-2.7852728697014535,-7.214727130298555,-9500.0,0.0,1.3241880862984677e-21,7.056834711841243e-21,3.0
16:12:05.990,-10.000000000000009,-2.7852728697014535,-7.214727130298555,-9500.0,0.0,1.1652855159426517e-21,6.210014546420294e-21,3.0
16:12:06.009,-10.000000000000009,-2.7852728697014535,-7.214727130298555,-9500.0,0.0,1.0254512540295335e-21,5.464812800849859e-21,3.0
16:12:06.029,-10.000000000000009,-2.7852728697014535,-7.214727130298555,-9500.0,0.0,9.023971035459894e-22,4.8090352647478756e-21,3.0
16:12:06.049,-10.000000000000009,-2.7852728697014535,-7.214727130298555,-9500.0,0.0,7.941094511204707e-22,4.231951032978131e-21,3.0
16:12:06.069,-10.000000000000009,-2.7852728697014535,-7.214727130298555,-9500.0,0.0,6.988163169860142e-22,3.724116909020755e-21,3.0
16:12:06.089,-10.000000000000009,-2.7852728697014535,-7.214727130298555,-9500.0,0.0,6.149583589476925e-22,3.2772228799382646e-21,3.0
16:12:06.109,-10.000000000000009,-2.7852728697014535,-7.214727130298555,-9500.0,0.0,5.411633558739695e-22,2.883956134345673e-21,3.0
16:12:06.129,-10.000000000000009,-2.7852728697014535,-7.214727130298555,-9500.0,0.0,4.762237531690931e-22,2.5378813982241922e-21,3.0
16:12:06.149,-10.000000000000009,-2.7852728697014535,-7.214727130298555,-9500.0,0.0,4.1907690278880196e-22,2.2333356304372892e-21,3.0
16:12:06.169,-10.000000000000009,-2.7852728697014535,-7.214727130298555,-9500.0,0.0,3.687876744541457e-22,1.9653353547848145e-21,3.0
16:12:06.189,-10.000000000000009,-2.7852728697014535,-7.214727130298555,-9500.0,0.0,3.2453315351964823e-22,1.729495112210637e-21,3.0
16:12:06.209,-10.000000000000009,-2.7852728697014535,-7.214727130298555,-9500.0,0.0,2.8558917509729047e-22,1.5219556987453605e-21,3.0
16:12:06.229,-10.000000000000009,-2.7852728697014535,-7.214727130298555,-9500.0,0.0,2.5131847408561563e-22,1.3393210148959174e-21,3.0
16:12:06.249,-10.000000000000009,-2.7852728697014535,-7.214727130298555,-9500.0,0.0,2.2116025719534174e-22,1.1786024931084072e-21,3.0
16:12:06.269,-10.000000000000009,-2.698233092523283,-7.3017669074767255,-9500.0,0.0,1.9462102633190073e-22,1.0371701939353983e-21,3.0
16:12:06.289,-10.000000000000009,-2.698233092523283,-7.3017669074767255,-9500.0,0.0,1.7126650317207265e-22,9.127097706631505e-22,3.0
16:12:06.309,-10.000000000000009,-2.6111933153451123,-7.388806684654895,-9500.0,0.0,1.5071452279142394e-22,8.0318459818357255e-22,3.0
16:12:06.329,-10.000000000000009,-2.6111933153451123,-7.388806684654895,-9500.0,0.0,1.3262878005645307e-22,7.068024464015438e-22,3.0
16:12:06.349,-10.000000000000009,-2.6111933153451123,-7.388806684654895,-9500.0,0.0,1.167133264496787e-22,6.219861528333586e-22,3.0
16:12:06.369,-10.000000000000009,-2.6111933153451123,-7.388806684654895,-9500.0,0.0,1.0270772727571726e-22,5.473478144933555e-22,3.0
16:12:06.390,-10.000000000000009,-2.6111933153451123,-7.388806684654895,-9500.0,0.0,9.038280000263119e-23,4.816660767541529e-22,3.0
16:12:06.409,-10.000000000000009,-2.6111933153451123,-7.388806684654895,-9500.0,0.0,7.953686400231545e-23,4.238661475436545e-22,3.0
16:12:06.429,-10.000000000000009,-2.6111933153451123,-7.388806684654895,-9500.0,0.0,6.999244032203759e-23,3.73002209838416e-22,3.0
16:12:06.449,-10.000000000000009,-2.6111933153451123,-7.388806684654895,-9500.0,0.0,6.159334748339309e-23,3.282419446578061e-22,3.0
16:12:06.469,-10.000000000000009,-2.6111933153451123,-7.388806684654895,-9500.0,0.0,5.420214578538591e-23,2.8885291129886935e-22,3.0
16:12:06.489,-10.000000000000009,-2.6111933153451123,-7.388806684654895,-9500.0,0.0,4.7697888291139606e-23,2.5419056194300506e-22,3.0
16:12:06.509,-10.000000000000009,-2.6111933153451123,-7.388806684654895,-9500.0,0.0,4.1974141696202854e-23,2.2368769450984445e-22,3.0
16:12:06.529,-10.000000000000009,-2.6111933153451123,-7.388806684654895,-9500.0,0.0,3.693724469265851e-23,1.968451711686631e-22,3.0
16:12:06.550,-10.000000000000009,-2.6111933153451123,-7.388806684654895,-9500.0,0.0,3.2504775329539486e-23,1.732237506284235e-22,3.0
16:12:06.569,-10.000000000000009,-2.6111933153451123,-7.388806684654895,-9500.0,0.0,2.860420228999475e-23,1.5243690055301271e-22,3.0
16:12:06.590,-10.000000000000009,-2.6111933153451123,-7.388806684654895,-9500.0,0.0,2.517169801519538e-23,1.341444724866512e-22,3.0
16:12:06.609,-10.000000000000009,-2.6111933153451123,-7.388806684654895,-9500.0,0.0,2.2151094253371934e-23,1.1804713578825304e-22,3.0
16:12:06.629,-10.000000000000009,-2.6111933153451123,-7.388806684654895,-9500.0,0.0,1.9492962942967302e-23,1.0388147949366268e-22,3.0
16:12:06.649,-10.000000000000009,-2.6111933153451123,-7.388806684654895,-9500.0,0.0,1.7153807389811225e-23,9.141570195442314e-23,3.0
16:12:06.669,-10.000000000000009,-2.6111933153451123,-7.388806684654895,-9500.0,0.0,1.5095350503033878e-23,8.044581771989237e-23,3.0
16:12:06.689,-10.000000000000009,-2.698233092523283,-7.3017669074767255,-9500.0,0.0,1.328390844266981e-23,7.079231959350528e-23,3.0
16:12:06.709,-10.000000000000009,-2.6111933153451123,-7.388806684654895,-9500.0,0.0,1.1689839429549434e-23,6.229724124228465e-23,3.0
16:12:06.729,-10.000000000000009,-2.698233092523283,-7.3017669074767255,-9500.0,0.0,1.0287058698003502e-23,5.482157229321048e-23,3.0
16:12:06.749,-10.000000000000009,-2.698233092523283,-7.3017669074767255,-9500.0,0.0,9.052611654243082e-24,4.824298361802523e-23,3.0
16:12:06.769,-10.000000000000009,-2.698233092523283,-7.3017669074767255,-9500.0,0.0,7.966298255733912e-24,4.24538255838622e-23,3.0
16:12:06.789,-10.000000000000009,-2.698233092523283,-7.3017669074767255,-9500.0,0.0,7.010342465045842e-24,3.735936651379874e-23,3.0
16:12:06.809,-10.000000000000009,-2.698233092523283,-7.3017669074767255,-9500.0,0.0,6.1691013692403415e-24,3.287624253214289e-23,3.0
16:12:06.829,-10.000000000000009,-2.698233092523283,-7.3017669074767255,-9500.0,0.0,5.4288092049315e-24,2.893109342828574e-23,3.0
16:12:06.849,-10.000000000000009,-2.698233092523283,-7.3017669074767255,-9500.0,0.0,4.77735210033972e-24,2.5459362216891454e-23,3.0
16:12:06.869,-10.000000000000009,-2.698233092523283,-7.3017669074767255,-9500.0,0.0,4.204069848298954e-24,2.240423875086448e-23,3.0
16:12:06.890,-10.000000000000009,-2.698233092523283,-7.3017669074767255,-9500.0,0.0,3.6995814665030795e-24,1.9715730100760742e-23,3.0
16:12:06.909,-10.000000000000009,-2.698233092523283,-7.3017669074767255,-9500.0,0.0,3.25563169052271e-24,1.7349842488669453e-23,3.0
16:12:06.929,-10.000000000000009,-2.698233092523283,-7.3017669074767255,-9500.0,0.0,2.8649558876599847e-24,1.5267861390029118e-23,3.0
16:12:06.949,-10.000000000000009,-2.698233092523283,-7.3017669074767255,-9500.0,0.0,2.5211611811407866e-24,1.3435718023225625e-23,3.0
16:12:06.969,-10.000000000000009,-2.698233092523283,-7.3017669074767255,-9500.0,0.0,2.218621839403892e-24,1.1823431860438549e-23,3.0
16:12:06.989,-10.000000000000009,-2.698233092523283,-7.3017669074767255,-9500.0,0.0,1.952387218675425e-24,1.0404620037185923e-23,3.0
16:12:07.010,-10.000000000000009,-2.698233092523283,-7.3017669074767255,-9500.0,0.0,1.718100752434374e-24,9.156065632723613e-24,3.0
16:12:07.030,-10.000000000000009,-2.698233092523283,-7.3017669074767255,-9500.0,0.0,1.5119286621422492e-24,8.057337756796778e-24,3.0
16:12:07.049,-10.000000000000009,-2.698233092523283,-7.3017669074767255,-9500.0,0.0,1.3304972226851793e-24,7.090457225981166e-24,3.0
16:12:07.069,-10.000000000000009,-2.698233092523283,-7.3017669074767255,-9500.0,0.0,1.1708375559629577e-24,6.239602358863425e-24,3.0
16:12:07.089,-10.000000000000009,-2.698233092523283,-7.3017669074767255,-9500.0,0.0,1.0303370492474028e-24,5.490850075799814e-24,3.0
16:12:07.110,-10.000000000000009,-2.698233092523283,-7.3017669074767255,-9500.0,0.0,9.066966033377145e-25,4.831948066703837e-24,3.0
16:12:07.129,-10.000000000000009,-2.698233092523283,-7.3017669074767255,-9500.0,0.0,7.978930109371887e-25,4.252114298699376e-24,3.0
16:12:07.149,-10.000000000000009,-2.698233092523283,-7.3017669074767255,-9500.0,0.0,7.021458496247261e-25,3.741860582855451e-24,3.0
16:12:07.169,-10.000000000000009,-2.698233092523283,-7.3017669074767255,-9500.0,0.0,6.17888347669759e-25,3.292837312912797e-24,3.0
16:12:07.189,-10.000000000000009,-2.698233092523283,-7.3017669074767255,-9500.0,0.0,5.437417459493879e-25,2.8976968353632613e-24,3.0
16:12:07.210,-10.000000000000009,-2.698233092523283,-7.3017669074767255,-9500.0,0.0,4.784927364354614e-25,2.54997321511967e-24,3.0
16:12:07.229,-10.000000000000009,-2.698233092523283,-7.3017669074767255,-9500.0,0.0,4.21073608063206e-25,2.2439764293053094e-24,3.0
16:12:07.249,-10.000000000000009,-2.698233092523283,-7.3017669074767255,-9500.0,0.0,3.7054477509562125e-25,1.9746992577886724e-24,3.0
16:12:07.269,-10.000000000000009,-2.698233092523283,-7.3017669074767255,-9500.0,0.0,3.260794020841467e-25,1.7377353468540317e-24,3.0
16:12:07.290,-10.000000000000009,-2.698233092523283,-7.3017669074767255,-9500.0,0.0,2.869498738340491e-25,1.5292071052315477e-24,3.0
16:12:07.310,-10.000000000000009,-2.698233092523283,-7.3017669074767255,-9500.0,0.0,2.525158889739632e-25,1.3457022526037622e-24,3.0
16:12:07.330,-10.000000000000009,-2.698233092523283,-7.3017669074767255,-9500.0,0.0,2.2221398229708764e-25,1.1842179822913109e-24,3.0
16:12:07.349,-10.000000000000009,-2.698233092523283,-7.3017669074767255,-9500.0,0.0,1.9554830442143713e-25,1.0421118244163535e-24,3.0
16:12:07.369,-10.000000000000009,-2.698233092523283,-7.3017669074767255,-9500.0,0.0,1.7208250789086467e-25,9.17058405486391e-25,3.0
16:12:07.389,-10.000000000000009,-2.698233092523283,-7.3017669074767255,-9500.0,0.0,1.5143260694396092e-25,8.070113968280242e-25,3.0
16:12:07.410,-10.000000000000009,-2.698233092523283,-7.3017669074767255,-9500.0,0.0,1.3326069411068561e-25,7.101700292086613e-25,3.0
16:12:07.430,-10.000000000000009,-2.698233092523283,-7.3017669074767255,-9500.0,0.0,1.1726941081740334e-25,6.249496257036219e-25,3.0
16:12:07.449,-10.000000000000009,-2.698233092523283,-7.3017669074767255,-9500.0,0.0,1.0319708151931494e-25,5.499556706191873e-25,3.0
16:12:07.470,-10.000000000000009,-2.698233092523283,-7.3017669074767255,-9500.0,0.0,9.081343173699715e-26,4.839609901448848e-25,3.0
16:12:07.490,-10.000000000000009,-2.698233092523283,-7.3017669074767255,-9500.0,0.0,7.991581992855749e-26,4.258856713274986e-25,3.0
16:12:07.509,-10.000000000000009,-2.698233092523283,-7.3017669074767255,-9500.0,0.0,7.032592153713059e-26,3.7477939076819884e-25,3.0
16:12:07.529,-10.000000000000009,-2.698233092523283,-7.3017669074767255,-9500.0,0.0,6.188681095267492e-26,3.2980586387601495e-25,3.0
16:12:07.549,-10.000000000000009,-2.698233092523283,-7.3017669074767255,-9500.0,0.0,5.446039363835393e-26,2.9022916021089317e-25,3.0
16:12:07.569,-10.000000000000009,-2.698233092523283,-7.3017669074767255,-9500.0,0.0,4.7925146401751455e-26,2.5540166098558596e-25,3.0
16:12:07.590,-10.000000000000009,-2.698233092523283,-7.3017669074767255,-9500.0,0.0,4.2174128833541283e-26,2.247534616673157e-25,3.0
16:12:07.609,-10.000000000000009,-2.698233092523283,-7.3017669074767255,-9500.0,0.0,3.711323337351633e-26,1.977830462672378e-25,3.0
16:12:07.629,-10.000000000000009,-2.698233092523283,-7.3017669074767255,-9500.0,0.0,3.265964536869437e-26,1.7404908071516927e-25,3.0
16:12:07.649,-10.000000000000009,-2.698233092523283,-7.3017669074767255,-9500.0,0.0,2.874048792445105e-26,1.5316319102934898e-25,3.0
16:12:07.670,-10.000000000000009,-2.698233092523283,-7.3017669074767255,-9500.0,0.0,2.5291629373516923e-26,1.347836081058271e-25,3.0
16:12:07.690,-10.000000000000009,-2.698233092523283,-7.3017669074767255,-9500.0,0.0,2.2256633848694893e-26,1.1860957513312784e-25,3.0
16:12:07.710,-10.000000000000009,-2.698233092523283,-7.3017669074767255,-9500.0,0.0,1.9585837786851507e-26,1.0437642611715252e-25,3.0
16:12:07.730,-10.000000000000009,-2.698233092523283,-7.3017669074767255,-9500.0,0.0,1.7235537252429325e-26,9.18512549830942e-26,3.0
16:12:07.749,-10.000000000000009,-2.698233092523283,-7.3017669074767255,-9500.0,0.0,1.5167272782137805e-26,8.08291043851229e-26,3.0
16:12:07.769,-10.000000000000009,-2.698233092523283,-7.3017669074767255,-9500.0,0.0,1.3347200048281268e-26,7.112961185890815e-26,3.0
16:12:07.790,-10.000000000000009,-2.698233092523283,-7.3017669074767255,-9500.0,0.0,1.1745536042487516e-26,6.259405843583917e-26,3.0
16:12:07.809,-10.000000000000009,-2.698233092523283,-7.3017669074767255,-9500.0,0.0,1.0336071717389014e-26,5.508277142353846e-26,3.0
16:12:07.829,-10.000000000000009,-2.698233092523283,-7.3017669074767255,-9500.0,0.0,9.095743111302333e-27,4.8472838852713853e-26,3.0
16:12:07.849,-10.000000000000009,-2.698233092523283,-7.3017669074767255,-9500.0,0.0,8.004253937946053e-27,4.265609819038819e-26,3.0
16:12:07.869,-10.000000000000009,-2.698233092523283,-7.3017669074767255,-9500.0,0.0,7.043743465392527e-27,3.7537366407541614e-26,3.0
16:12:07.890,-10.000000000000009,-2.698233092523283,-7.3017669074767255,-9500.0,0.0,6.198494249545424e-27,3.303288243863662e-26,3.0
16:12:07.909,-10.000000000000009,-2.698233092523283,-7.3017669074767255,-9500.0,0.0,5.4546749395999734e-27,2.906893654600022e-26,3.0
16:12:07.929,-10.000000000000009,-2.698233092523283,-7.3017669074767255,-9500.0,0.0,4.8001139468479764e-27,2.5580664160480196e-26,3.0
16:12:07.949,-10.000000000000009,-2.698233092523283,-7.3017669074767255,-9500.0,0.0,4.224100273226219e-27,2.2510984461222574e-26,3.0
16:12:07.969,-10.000000000000009,-2.698233092523283,-7.3017669074767255,-9500.0,0.0,3.717208240439073e-27,1.9809666325875867e-26,3.0
16:12:07.989,-10.000000000000009,-2.698233092523283,-7.3017669074767255,-9500.0,0.0,3.2711432515863844e-27,1.743250636677076e-26,3.0
16:12:08.009,-10.000000000000009,-2.698233092523283,-7.3017669074767255,-9500.0,0.0,2.878606061396018e-27,1.534060560275827e-26,3.0
16:12:08.029,-10.000000000000009,-2.698233092523283,-7.3017669074767255,-9500.0,0.0,2.533173334028496e-27,1.349973293042728e-26,3.0
16:12:08.049,-10.000000000000009,-2.698233092523283,-7.3017669074767255,-9500.0,0.0,2.2291925339450764e-27,1.1879764978776004e-26,3.0
16:12:08.069,-10.000000000000009,-2.698233092523283,-7.3017669074767255,-9500.0,0.0,1.961689429871667e-27,1.0454193181322883e-26,3.0
16:12:08.089,-10.000000000000009,-2.698233092523283,-7.3017669074767255,-9500.0,0.0,1.726286698287067e-27,9.199689999564137e-27,3.0
16:12:08.109,-10.000000000000009,-2.698233092523283,-7.3017669074767255,-9500.0,0.0,1.519132294492619e-27,8.09572719961644e-27,3.0
16:12:08.129,-10.000000000000009,-2.698233092523283,-7.3017669074767255,-9500.0,0.0,1.3368364191535047e-27,7.124239935662468e-27,3.0
16:12:08.149,-10.000000000000009,-2.698233092523283,-7.3017669074767255,-9500.0,0.0,1.1764160488550841e-27,6.2693311433829715e-27,3.0
16:12:08.169,-10.000000000000009,-2.6111933153451123,-7.388806684654895,-9500.0,0.0,1.0352461229924741e-27,5.517011406177015e-27,3.0
16:12:08.189,-10.000000000000009,-2.698233092523283,-7.3017669074767255,-9500.0,0.0,9.110165882333772e-28,4.854970037435773e-27,3.0
16:12:08.209,-10.000000000000009,-2.698233092523283,-7.3017669074767255,-9500.0,0.0,8.016945976453719e-28,4.27237363294348e-27,3.0
16:12:08.229,-10.000000000000009,-2.698233092523283,-7.3017669074767255,-9500.0,0.0,7.054912459279273e-28,3.759688796990263e-27,3.0
16:12:08.249,-10.000000000000009,-2.698233092523283,-7.3017669074767255,-9500.0,0.0,6.20832296416576e-28,3.3085261413514314e-27,3.0
16:12:08.269,-10.000000000000009,-2.698233092523283,-7.3017669074767255,-9500.0,0.0,5.463324208465869e-28,2.9115030043892596e-27,3.0
16:12:08.289,-10.000000000000009,-2.698233092523283,-7.3017669074767255,-9500.0,0.0,4.8077253034499645e-28,2.5621226438625484e-27,3.0
16:12:08.309,-10.000000000000009,-2.698233092523283,-7.3017669074767255,-9500.0,0.0,4.230798267035969e-28,2.2546679265990425e-27,3.0
16:12:08.329,-10.000000000000009,-2.698233092523283,-7.3017669074767255,-9500.0,0.0,3.7231024749916523e-28,1.9841077754071573e-27,3.0
16:12:08.349,-10.000000000000009,-2.698233092523283,-7.3017669074767255,-9500.0,0.0,3.276330177992654e-28,1.7460148423582983e-27,3.0
16:12:08.369,-10.000000000000009,-2.698233092523283,-7.3017669074767255,-9500.0,0.0,2.8831705566335355e-28,1.5364930612753025e-27,3.0
16:12:08.389,-10.000000000000009,-2.698233092523283,-7.3017669074767255,-9500.0,0.0,2.5371900898375113e-28,1.3521138939222663e-27,3.0
16:12:08.409,-10.000000000000009,-2.698233092523283,-7.3017669074767255,-9500.0,0.0,2.23272727905701e-28,1.1898602266515945e-27,3.0
16:12:08.429,-10.000000000000009,-2.698233092523283,-7.3017669074767255,-9500.0,0.0,1.9648000055701689e-28,1.0470769994534031e-27,3.0
16:12:08.449,-10.000000000000009,-2.698233092523283,-7.3017669074767255,-9500.0,0.0,1.7290240049017487e-28,9.214277595189948e-28,3.0
16:12:08.469,-10.000000000000009,-2.698233092523283,-7.3017669074767255,-9500.0,0.0,1.5215411243135387e-28,8.108564283767153e-28,3.0
16:12:08.489,-10.000000000000009,-2.698233092523283,-7.3017669074767255,-9500.0,0.0,1.338956189395914e-28,7.135536569715095e-28,3.0
16:12:08.509,-10.000000000000009,-2.6111933153451123,-7.388806684654895,-9500.0,0.0,1.1782814466684044e-28,6.279272181349283e-28,3.0
16:12:08.529,-10.000000000000009,-2.698233092523283,-7.3017669074767255,-9500.0,0.0,1.036887673068196e-28,5.52575951958737e-28,3.0
16:12:08.549,-10.000000000000009,-2.698233092523283,-7.3017669074767255,-9500.0,0.0,9.124611523000123e-29,4.862668377236885e-28,3.0
16:12:08.569,-10.000000000000009,-2.698233092523283,-7.3017669074767255,-9500.0,0.0,8.029658140240108e-29,4.279148171968459e-28,3.0
16:12:08.589,-10.000000000000009,-2.698233092523283,-7.3017669074767255,-9500.0,0.0,7.066099163411295e-29,3.7656503913322434e-28,3.0
16:12:08.609,-10.000000000000009,-2.6111933153451123,-7.388806684654895,-9500.0,0.0,6.21816726380194e-29,3.3137723443723746e-28,3.0
16:12:08.629,-10.000000000000009,-2.698233092523283,-7.3017669074767255,-9500.0,0.0,5.471987192145707e-29,2.9161196630476895e-28,3.0
16:12:08.649,-10.000000000000009,-2.698233092523283,-7.3017669074767255,-9500.0,0.0,4.8153487290882223e-29,2.5661853034819668e-28,3.0
16:12:08.669,-10.000000000000009,-2.6111933153451123,-7.388806684654895,-9500.0,0.0,4.237506881597636e-29,2.2582430670641307e-28,3.0
16:12:08.689,-10.000000000000009,-2.6111933153451123,-7.388806684654895,-9500.0,0.0,3.7290060558059194e-29,1.987253899016435e-28,3.0
16:12:08.710,-10.000000000000009,-2.698233092523283,-7.3017669074767255,-9500.0,0.0,3.281525329109209e-29,1.7487834311344628e-28,3.0
16:12:08.729,-10.000000000000009,-2.698233092523283,-7.3017669074767255,-9500.0,0.0,2.8877422896161036e-29,1.5389294193983272e-28,3.0
16:12:08.750,-10.000000000000009,-2.698233092523283,-7.3017669074767255,-9500.0,0.0,2.5412132148621714e-29,1.354257889070528e-28,3.0
16:12:08.769,-10.000000000000009,-2.698233092523283,-7.3017669074767255,-9500.0,0.0,2.2362676290787107e-29,1.1917469423820647e-28,3.0
16:12:08.789,-10.000000000000009,-2.698233092523283,-7.3017669074767255,-9500.0,0.0,1.9679155135892655e-29,1.048737309296217e-28,3.0
16:12:08.809,-10.000000000000009,-2.698233092523283,-7.3017669074767255,-9500.0,0.0,1.7317656519585536e-29,9.228888321806709e-29,3.0
16:12:08.829,-10.000000000000009,-2.698233092523283,-7.3017669074767255,-9500.0,0.0,1.5239537737235273e-29,8.121421723189904e-29,3.0
16:12:08.849,-10.000000000000009,-2.698233092523283,-7.3017669074767255,-9500.0,0.0,1.3410793208767041e-29,7.146851116407116e-29,3.0
16:12:08.869,-10.000000000000009,-2.698233092523283,-7.3017669074767255,-9500.0,0.0,1.1801498023714996e-29,6.289228982438262e-29,3.0
16:12:08.889,-10.000000000000009,-2.698233092523283,-7.3017669074767255,-9500.0,0.0,1.0385318260869197e-29,5.534521504545671e-29,3.0
16:12:08.909,-10.000000000000009,-2.698233092523283,-7.3017669074767255,-9500.0,0.0,9.139080069564894e-30,4.8703789240001903e-29,3.0
16:12:08.929,-10.000000000000009,-2.698233092523283,-7.3017669074767255,-9500.0,0.0,8.042390461217107e-30,4.2859334531201675e-29,3.0
16:12:08.949,-10.000000000000009,-2.698233092523283,-7.3017669074767255,-9500.0,0.0,7.077303605871054e-30,3.7716214387457474e-29,3.0
16:12:08.969,-10.000000000000009,-2.698233092523283,-7.3017669074767255,-9500.0,0.0,6.2280271731665275e-30,3.319026866096258e-29,3.0
16:12:08.989,-10.000000000000009,-2.698233092523283,-7.3017669074767255,-9500.0,0.0,5.480663912386544e-30,2.9207436421647066e-29,3.0
16:12:09.009,-10.000000000000009,-2.698233092523283,-7.3017669074767255,-9500.0,0.0,4.8229842429001585e-30,2.570254405104942e-29,3.0
16:12:09.029,-10.000000000000009,-2.698233092523283,-7.3017669074767255,-9500.0,0.0,4.24422613375214e-30,2.261823876492349e-29,3.0
16:12:09.049,-10.000000000000009,-2.698233092523283,-7.3017669074767255,-9500.0,0.0,3.734918997701883e-30,1.9904050113132674e-29,3.0
16:12:09.069,-10.000000000000009,-2.698233092523283,-7.3017669074767255,-9500.0,0.0,3.2867287179776574e-30,1.7515564099556753e-29,3.0
16:12:09.089,-10.000000000000009,-2.698233092523283,-7.3017669074767255,-9500.0,0.0,2.8923212718203385e-30,1.5413696407609942e-29,3.0
16:12:09.109,-10.000000000000009,-2.698233092523283,-7.3017669074767255,-9500.0,0.0,2.545242719201898e-30,1.356405283869675e-29,3.0
16:12:09.129,-10.000000000000009,-2.698233092523283,-7.3017669074767255,-9500.0,0.0,2.2398135928976703e-30,1.193636649805314e-29,3.0
16:12:09.149,-10.000000000000009,-2.698233092523283,-7.3017669074767255,-9500.0,0.0,1.97103596174995e-30,1.0504002518286764e-29,3.0
16:12:09.169,-10.000000000000009,-2.698233092523283,-7.3017669074767255,-9500.0,0.0,1.734511646339956e-30,9.243522216092352e-30,3.0
16:12:09.189,-10.000000000000009,-2.698233092523283,-7.3017669074767255,-9500.0,0.0,1.5263702487791612e-30,8.13429955016127e-30,3.0
16:12:09.209,-10.000000000000009,-2.6111933153451123,-7.388806684654895,-9500.0,0.0,1.3432058189256619e-30,7.158183604141918e-30,3.0
16:12:09.229,-10.000000000000009,-2.698233092523283,-7.3017669074767255,-9500.0,0.0,1.1820211206545824e-30,6.299201571644887e-30,3.0
16:12:09.250,-10.000000000000009,-2.6111933153451123,-7.388806684654895,-9500.0,0.0,1.0401785861760324e-30,5.5432973830475e-30,3.0
16:12:09.269,-10.000000000000009,-2.6111933153451123,-7.388806684654895,-9500.0,0.0,9.153571558349086e-31,4.8781016970818005e-30,3.0
16:12:09.289,-10.000000000000009,-2.6111933153451123,-7.388806684654895,-9500.0,0.0,8.055142971347196e-31,4.2927294934319846e-30,3.0
16:12:09.309,-10.000000000000009,-2.6111933153451123,-7.388806684654895,-9500.0,0.0,7.088525814785532e-31,3.7776019542201464e-30,3.0
16:12:09.329,-10.000000000000009,-2.698233092523283,-7.3017669074767255,-9500.0,0.0,6.2379027170112686e-31,3.324289719713729e-30,3.0
16:12:09.349,-10.000000000000009,-2.698233092523283,-7.3017669074767255,-9500.0,0.0,5.489354390969916e-31,2.9253749533480813e-30,3.0
16:12:09.369,-10.000000000000009,-2.6111933153451123,-7.388806684654895,-9500.0,0.0,4.830631864053526e-31,2.5743299589463115e-30,3.0
16:12:09.389,-10.000000000000009,-2.6111933153451123,-7.388806684654895,-9500.0,0.0,4.250956040367103e-31,2.2654103638727542e-30,3.0
16:12:09.409,-10.000000000000009,-2.698233092523283,-7.3017669074767255,-9500.0,0.0,3.7408413155230508e-31,1.9935611202080237e-30,3.0
16:12:09.429,-10.000000000000009,-2.698233092523283,-7.3017669074767255,-9500.0,0.0,3.2919403576602847e-31,1.754333785783061e-30,3.0
16:12:09.449,-10.000000000000009,-2.6111933153451123,-7.388806684654895,-9500.0,0.0,2.8969075147410504e-31,1.5438137314890935e-30,3.0
16:12:09.470,-10.000000000000009,-2.698233092523283,-7.3017669074767255,-9500.0,0.0,2.5492786129721245e-31,1.3585560837104024e-30,3.0
16:12:09.490,-10.000000000000009,-2.698233092523283,-7.3017669074767255,-9500.0,0.0,2.2433651794154695e-31,1.1955293536651541e-30,3.0
16:12:09.510,-10.000000000000009,-2.698233092523283,-7.3017669074767255,-9500.0,0.0,1.9741613578856133e-31,1.0520658312253356e-30,3.0
16:12:09.529,-10.000000000000009,-2.698233092523283,-7.3017669074767255,-9500.0,0.0,1.7372619949393398e-31,9.258179314782953e-31,3.0
16:12:09.549,-10.000000000000009,-2.698233092523283,-7.3017669074767255,-9500.0,0.0,1.528790555546619e-31,8.147197797009e-31,3.0
16:12:09.569,-10.000000000000009,-2.698233092523283,-7.3017669074767255,-9500.0,0.0,1.3453356888810247e-31,7.169534061367919e-31,3.0
16:12:09.590,-10.000000000000009,-2.698233092523283,-7.3017669074767255,-9500.0,0.0,1.1838954062153019e-31,6.3091899740037695e-31,3.0
16:12:09.609,-10.000000000000009,-2.698233092523283,-7.3017669074767255,-9500.0,0.0,1.0418279574694657e-31,5.552087177123318e-31,3.0
16:12:09.629,-10.000000000000009,-2.6111933153451123,-7.388806684654895,-9500.0,0.0,9.168086025731298e-32,4.885836715868519e-31,3.0
16:12:09.649,-10.000000000000009,-2.698233092523283,-7.3017669074767255,-9500.0,0.0,8.067915702643542e-32,4.299536309964297e-31,3.0
16:12:09.669,-10.000000000000009,-2.698233092523283,-7.3017669074767255,-9500.0,0.0,7.099765818326317e-32,3.783591952768581e-31,3.0
16:12:09.689,-10.000000000000009,-2.698233092523283,-7.3017669074767255,-9500.0,0.0,6.247793920127158e-32,3.3295609184363515e-31,3.0
16:12:09.709,-10.000000000000009,-2.698233092523283,-7.3017669074767255,-9500.0,0.0,5.498058649711899e-32,2.930013608223989e-31,3.0
16:12:09.729,-10.000000000000009,-2.698233092523283,-7.3017669074767255,-9500.0,0.0,4.838291611746471e-32,2.5784119752371105e-31,3.0
16:12:09.749,-10.000000000000009,-2.698233092523283,-7.3017669074767255,-9500.0,0.0,4.2576966183368947e-32,2.269002538208657e-31,3.0
16:12:09.769,-10.000000000000009,-2.6111933153451123,-7.388806684654895,-9500.0,0.0,3.7467730241364673e-32,1.9967222336236184e-31,3.0
16:12:09.790,-10.000000000000009,-2.698233092523283,-7.3017669074767255,-9500.0,0.0,3.297160261240091e-32,1.757115565588784e-31,3.0
16:12:09.809,-10.000000000000009,-2.698233092523283,-7.3017669074767255,-9500.0,0.0,2.90150102989128e-32,1.5462616977181299e-31,3.0
16:12:09.830,-10.000000000000009,-2.698233092523283,-7.3017669074767255,-9500.0,0.0,2.5533209063043267e-32,1.3607102939919544e-31,3.0
16:12:09.850,-10.000000000000009,-2.698233092523283,-7.3017669074767255,-9500.0,0.0,2.2469223975478076e-32,1.1974250587129199e-31,3.0
16:12:09.869,-10.000000000000009,-2.698233092523283,-7.3017669074767255,-9500.0,0.0,1.9772917098420706e-32,1.0537340516673696e-31,3.0
16:12:09.889,-10.000000000000009,-2.698233092523283,-7.3017669074767255,-9500.0,0.0,1.7400167046610221e-32,9.272859654672851e-32,3.0
16:12:09.909,-10.000000000000009,-2.698233092523283,-7.3017669074767255,-9500.0,0.0,1.5312147001016994e-32,8.160116496112109e-32,3.0
16:12:09.929,-10.000000000000009,-2.698233092523283,-7.3017669074767255,-9500.0,0.0,1.3474689360894956e-32,7.180902516578656e-32,3.0
16:12:09.949,-10.000000000000009,-2.698233092523283,-7.3017669074767255,-9500.0,0.0,1.185772663758756e-32,6.319194214589217e-32,3.0
16:12:09.969,-10.000000000000009,-2.698233092523283,-7.3017669074767255,-9500.0,0.0,1.0434799441077053e-32,5.560890908838512e-32,3.0
16:12:09.989,-10.000000000000009,-2.698233092523283,-7.3017669074767255,-9500.0,0.0,9.182623508147807e-33,4.89358399977789e-32,3.0
16:12:10.009,-10.000000000000009,-2.698233092523283,-7.3017669074767255,-9500.0,0.0,8.08070868717007e-33,4.306353919804543e-32,3.0
16:12:10.029,-10.000000000000009,-2.698233092523283,-7.3017669074767255,-9500.0,0.0,7.111023644709662e-33,3.789591449427998e-32,3.0
16:12:10.049,-10.000000000000009,-2.698233092523283,-7.3017669074767255,-9500.0,0.0,6.257700807344503e-33,3.3348404754966385e-32,3.0
16:12:10.069,-10.000000000000009,-2.698233092523283,-7.3017669074767255,-9500.0,0.0,5.506776710463163e-33,2.934659618437042e-32,3.0
16:12:10.089,-10.000000000000009,-2.698233092523283,-7.3017669074767255,-9500.0,0.0,4.8459635052075837e-33,2.582500464224597e-32,3.0
16:12:10.109,-10.000000000000009,-2.698233092523283,-7.3017669074767255,-9500.0,0.0,4.264447884582674e-33,2.2726004085176457e-32,3.0
16:12:10.129,-10.000000000000009,-2.698233092523283,-7.3017669074767255,-9500.0,0.0,3.752714138432753e-33,1.999888359495528e-32,3.0
16:12:10.150,-10.000000000000009,-2.698233092523283,-7.3017669074767255,-9500.0,0.0,3.302388441820822e-33,1.7599017563560647e-32,3.0
16:12:10.169,-10.000000000000009,-2.6111933153451123,-7.388806684654895,-9500.0,0.0,2.9061018288023238e-33,1.548713545593337e-32,3.0
16:12:10.189,-10.000000000000009,-2.698233092523283,-7.3017669074767255,-9500.0,0.0,2.5573696093460448e-33,1.3628679201221366e-32,3.0
16:12:10.209,-10.000000000000009,-2.698233092523283,-7.3017669074767255,-9500.0,0.0,2.2504852562245193e-33,1.19932376970748e-32,3.0
16:12:10.230,-10.000000000000009,-2.698233092523283,-7.3017669074767255,-9500.0,0.0,1.980427025477577e-33,1.0554049173425824e-32,3.0
16:12:10.249,-10.000000000000009,-2.698233092523283,-7.3017669074767255,-9500.0,0.0,1.7427757824202676e-33,9.287563272614724e-33,3.0
16:12:10.269,-10.000000000000009,-2.698233092523283,-7.3017669074767255,-9500.0,0.0,1.5336426885298355e-33,8.173055679900958e-33,3.0
16:12:10.289,-10.000000000000009,-2.698233092523283,-7.3017669074767255,-9500.0,0.0,1.3496055659062552e-33,7.192288998312842e-33,3.0
16:12:10.309,-10.000000000000009,-2.698233092523283,-7.3017669074767255,-9500.0,0.0,1.1876528979975046e-33,6.329214318515301e-33,3.0
16:12:10.329,-10.000000000000009,-2.698233092523283,-7.3017669074767255,-9500.0,0.0,1.0451345502378041e-33,5.569708600293466e-33,3.0
16:12:10.349,-10.000000000000009,-2.698233092523283,-7.3017669074767255,-9500.0,0.0,9.197184042092676e-34,4.9013435682582497e-33,3.0
16:12:10.369,-10.000000000000009,-2.698233092523283,-7.3017669074767255,-9500.0,0.0,8.093521957041554e-34,4.3131823400672595e-33,3.0
16:12:10.389,-10.000000000000009,-2.698233092523283,-7.3017669074767255,-9500.0,0.0,7.122299322196568e-34,3.7956004592591885e-33,3.0
16:12:10.410,-10.000000000000009,-2.698233092523283,-7.3017669074767255,-9500.0,0.0,6.26762340353298e-34,3.3401284041480856e-33,3.0
16:12:10.430,-10.000000000000009,-2.698233092523283,-7.3017669074767255,-9500.0,0.0,5.515508595109022e-34,2.9393129956503153e-33,3.0
16:12:10.449,-10.000000000000009,-2.698233092523283,-7.3017669074767255,-9500.0,0.0,4.85364756369594e-34,2.5865954361722778e-33,3.0
16:12:10.469,-10.000000000000009,-2.6111933153451123,-7.388806684654895,-9500.0,0.0,4.271209856052427e-34,2.2762039838316045e-33,3.0
16:12:10.489,-10.000000000000009,-2.698233092523283,-7.3017669074767255,-9500.0,0.0,3.758664673326136e-34,2.003059505771812e-33,3.0
16:12:10.509,-10.000000000000009,-2.698233092523283,-7.3017669074767255,-9500.0,0.0,3.307624912527e-34,1.762692365079195e-33,3.0
16:12:10.529,-10.000000000000009,-2.698233092523283,-7.3017669074767255,-9500.0,0.0,2.91070992302376e-34,1.5511692812696915e-33,3.0
16:12:10.550,-10.000000000000009,-2.698233092523283,-7.3017669074767255,-9500.0,0.0,2.561424732260909e-34,1.3650289675173285e-33,3.0
16:12:10.569,-10.000000000000009,-2.698233092523283,-7.3017669074767255,-9500.0,0.0,2.2540537643896e-34,1.201225491415249e-33,3.0
16:12:10.589,-10.000000000000009,-2.698233092523283,-7.3017669074767255,-9500.0,0.0,1.983567312662848e-34,1.0570784324454193e-33,3.0
16:12:10.609,-10.000000000000009,-2.698233092523283,-7.3017669074767255,-9500.0,0.0,1.7455392351433063e-34,9.30229020551969e-34,3.0
16:12:10.630,-10.000000000000009,-2.698233092523283,-7.3017669074767255,-9500.0,0.0,1.5360745269261096e-34,8.186015380857326e-34,3.0
16:12:10.649,-10.000000000000009,-2.698233092523283,-7.3017669074767255,-9500.0,0.0,1.3517455836949763e-34,7.203693535154447e-34,3.0
16:12:10.669,-10.000000000000009,-2.698233092523283,-7.3017669074767255,-9500.0,0.0,1.189536113651579e-34,6.339250310935913e-34,3.0
16:12:10.689,-10.000000000000009,-2.698233092523283,-7.3017669074767255,-9500.0,0.0,1.0467917800133897e-34,5.578540273623604e-34,3.0
16:12:10.709,-10.000000000000009,-2.698233092523283,-7.3017669074767255,-9500.0,0.0,9.21176766411783e-35,4.909115440788772e-34,3.0
16:12:10.729,-10.000000000000009,-2.698233092523283,-7.3017669074767255,-9500.0,0.0,8.10635554442369e-35,4.320021587894119e-34,3.0
16:12:10.749,-10.000000000000009,-2.698233092523283,-7.3017669074767255,-9500.0,0.0,7.133592879092847e-35,3.801618997346825e-34,3.0
16:12:10.769,-10.000000000000009,-2.698233092523283,-7.3017669074767255,-9500.0,0.0,6.277561733601706e-35,3.3454247176652058e-34,3.0
16:12:10.789,-10.000000000000009,-2.698233092523283,-7.3017669074767255,-9500.0,0.0,5.524254325569501e-35,2.9439737515453813e-34,3.0
16:12:10.809,-10.000000000000009,-2.698233092523283,-7.3017669074767255,-9500.0,0.0,4.861343806501161e-35,2.5906969013599356e-34,3.0
16:12:10.829,-10.000000000000009,-2.698233092523283,-7.3017669074767255,-9500.0,0.0,4.2779825497210216e-35,2.2798132731967434e-34,3.0
16:12:10.849,-10.000000000000009,-2.698233092523283,-7.3017669074767255,-9500.0,0.0,3.764624643754499e-35,2.006235680413134e-34,3.0
16:12:10.869,-10.000000000000009,-2.698233092523283,-7.3017669074767255,-9500.0,0.0,3.312869686503959e-35,1.7654873987635577e-34,3.0
16:12:10.889,-10.000000000000009,-2.698233092523283,-7.3017669074767255,-9500.0,0.0,2.9153253241234835e-35,1.5536289109119308e-34,3.0
16:12:10.909,-10.000000000000009,-2.698233092523283,-7.3017669074767255,-9500.0,0.0,2.5654862852286654e-35,1.367193441602499e-34,3.0
16:12:10.929,-10.000000000000009,-2.698233092523283,-7.3017669074767255,-9500.0,0.0,2.2576279310012256e-35,1.2031302286101992e-34,3.0
16:12:10.949,-10.000000000000009,-2.698233092523283,-7.3017669074767255,-9500.0,0.0,1.9867125792810786e-35,1.0587546011769753e-34,3.0
16:12:10.969,-10.000000000000009,-2.698233092523283,-7.3017669074767255,-9500.0,0.0,1.748307069767349e-35,9.317040490357382e-35,3.0
16:12:10.989,-10.000000000000009,-2.698233092523283,-7.3017669074767255,-9500.0,0.0,1.5385102213952672e-35,8.198995631514496e-35,3.0
16:12:11.009,-10.000000000000009,-2.698233092523283,-7.3017669074767255,-9500.0,0.0,1.3538889948278352e-35,7.215116155732757e-35,3.0
16:12:11.029,-10.000000000000009,-2.698233092523283,-7.3017669074767255,-9500.0,0.0,1.191422315448495e-35,6.349302217044826e-35,3.0
16:12:11.049,-10.000000000000009,-2.6111933153451123,-7.388806684654895,-9500.0,0.0,1.0484516375946757e-35,5.587385950999447e-35,3.0
16:12:11.069,-10.000000000000009,-2.6111933153451123,-7.388806684654895,-9500.0,0.0,9.226374410833146e-36,4.916899636879514e-35,3.0
16:12:11.090,-10.000000000000009,-2.698233092523283,-7.3017669074767255,-9500.0,0.0,8.11920948153317e-36,4.3268716804539724e-35,3.0
16:12:11.109,-10.000000000000009,-2.698233092523283,-7.3017669074767255,-9500.0,0.0,7.14490434374919e-36,3.807647078799496e-35,3.0
16:12:11.130,-10.000000000000009,-2.698233092523283,-7.3017669074767255,-9500.0,0.0,6.287515822499287e-36,3.3507294293435566e-35,3.0
16:12:11.150,-10.000000000000009,-2.698233092523283,-7.3017669074767255,-9500.0,0.0,5.533013923799372e-36,2.94864189782233e-35,3.0
16:12:11.169,-10.000000000000009,-2.698233092523283,-7.3017669074767255,-9500.0,0.0,4.8690522529434476e-36,2.59480487008365e-35,3.0
16:12:11.189,-10.000000000000009,-2.698233092523283,-7.3017669074767255,-9500.0,0.0,4.284765982590234e-36,2.283428285673612e-35,3.0
16:12:11.209,-10.000000000000009,-2.698233092523283,-7.3017669074767255,-9500.0,0.0,3.7705940646794056e-36,2.0094168913927787e-35,3.0
16:12:11.229,-10.000000000000009,-2.6111933153451123,-7.388806684654895,-9500.0,0.0,3.318122776917877e-36,1.7682868644256453e-35,3.0
16:12:11.249,-10.000000000000009,-2.698233092523283,-7.3017669074767255,-9500.0,0.0,2.9199480436877316e-36,1.5560924406945676e-35,3.0
16:12:11.270,-10.000000000000009,-2.698233092523283,-7.3017669074767255,-9500.0,0.0,2.569554278445204e-36,1.3693613478112197e-35,3.0
16:12:11.289,-10.000000000000009,-2.698233092523283,-7.3017669074767255,-9500.0,0.0,2.2612077650317795e-36,1.2050379860738733e-35,3.0
16:12:11.309,-10.000000000000009,-2.698233092523283,-7.3017669074767255,-9500.0,0.0,1.989862833227966e-36,1.0604334277450084e-35,3.0
16:12:11.329,-10.000000000000009,-2.698233092523283,-7.3017669074767255,-9500.0,0.0,1.75107929324061e-36,9.331814164156073e-36,3.0
16:12:11.349,-10.000000000000009,-2.698233092523283,-7.3017669074767255,-9500.0,0.0,1.5409497780517367e-36,8.211996464457345e-36,3.0
16:12:11.369,-10.000000000000009,-2.698233092523283,-7.3017669074767255,-9500.0,0.0,1.3560358046855283e-36,7.226556888722464e-36,3.0
16:12:11.389,-10.000000000000009,-2.698233092523283,-7.3017669074767255,-9500.0,0.0,1.1933115081232649e-36,6.359370062075768e-36,3.0
16:12:11.409,-10.000000000000009,-2.698233092523283,-7.3017669074767255,-9500.0,0.0,1.0501141271484731e-36,5.596245654626676e-36,3.0
16:12:11.429,-10.000000000000009,-2.698233092523283,-7.3017669074767255,-9500.0,0.0,9.241004318906563e-37,4.924696176071474e-36,3.0
16:12:11.449,-10.000000000000009,-2.698233092523283,-7.3017669074767255,-9500.0,0.0,8.132083800637776e-37,4.3337326349428976e-36,3.0
16:12:11.469,-10.000000000000009,-2.698233092523283,-7.3017669074767255,-9500.0,0.0,7.156233744561243e-37,3.81368471874975e-36,3.0
16:12:11.489,-10.000000000000009,-2.698233092523283,-7.3017669074767255,-9500.0,0.0,6.297485695213894e-37,3.35604255249978e-36,3.0
16:12:11.509,-10.000000000000009,-2.698233092523283,-7.3017669074767255,-9500.0,0.0,5.541787411788227e-37,2.9533174461998068e-36,3.0
16:12:11.529,-10.000000000000009,-2.698233092523283,-7.3017669074767255,-9500.0,0.0,4.87677292237364e-37,2.59891935265583e-36,3.0
16:12:11.550,-10.000000000000009,-2.698233092523283,-7.3017669074767255,-9500.0,0.0,4.291560171688803e-37,2.2870490303371305e-36,3.0
16:12:11.569,-10.000000000000009,-2.698233092523283,-7.3017669074767255,-9500.0,0.0,3.776572951086147e-37,2.0126031466966748e-36,3.0
16:12:11.589,-10.000000000000009,-2.698233092523283,-7.3017669074767255,-9500.0,0.0,3.323384196955809e-37,1.7710907690930737e-36,3.0
16:12:11.609,-10.000000000000009,-2.698233092523283,-7.3017669074767255,-9500.0,0.0,2.924578093321112e-37,1.558559876801905e-36,3.0
16:12:11.629,-10.000000000000009,-2.698233092523283,-7.3017669074767255,-9500.0,0.0,2.5736287221225786e-37,1.3715326915856764e-36,3.0
16:12:11.649,-10.000000000000009,-2.698233092523283,-7.3017669074767255,-9500.0,0.0,2.2647932754678693e-37,1.2069487685953953e-36,3.0
16:12:11.669,-10.000000000000009,-2.6111933153451123,-7.388806684654895,-9500.0,0.0,1.9930180824117248e-37,1.0621149163639477e-36,3.0
16:12:11.689,-10.000000000000009,-2.698233092523283,-7.3017669074767255,-9500.0,0.0,1.7538559125223178e-37,9.34661126400274e-37,3.0
16:12:11.709,-10.000000000000009,-2.698233092523283,-7.3017669074767255,-9500.0,0.0,1.5433932030196397e-37,8.225017912322412e-37,3.0
16:12:11.729,-10.000000000000009,-2.698233092523283,-7.3017669074767255,-9500.0,0.0,1.3581860186572829e-37,7.2380157628437216e-37,3.0
16:12:11.749,-10.000000000000009,-2.698233092523283,-7.3017669074767255,-9500.0,0.0,1.195203696418409e-37,6.369453871302476e-37,3.0
16:12:11.769,-10.000000000000009,-2.698233092523283,-7.3017669074767255,-9500.0,0.0,1.0517792528481999e-37,5.605119406746178e-37,3.0
16:12:11.789,-10.000000000000009,-2.698233092523283,-7.3017669074767255,-9500.0,0.0,9.255657425064159e-38,4.932505077936637e-37,3.0
16:12:11.809,-10.000000000000009,-2.698233092523283,-7.3017669074767255,-9500.0,0.0,8.14497853405646e-38,4.340604468584241e-37,3.0
16:12:11.829,-10.000000000000009,-2.698233092523283,-7.3017669074767255,-9500.0,0.0,7.167581109969685e-38,3.819731932354132e-37,3.0
16:12:11.849,-10.000000000000009,-2.698233092523283,-7.3017669074767255,-9500.0,0.0,6.307471376773323e-38,3.361364100471636e-37,3.0
16:12:11.869,-10.000000000000009,-2.698233092523283,-7.3017669074767255,-9500.0,0.0,5.550574811560524e-38,2.9580004084150397e-37,3.0
16:12:11.890,-10.000000000000009,-2.698233092523283,-7.3017669074767255,-9500.0,0.0,4.884505834173261e-38,2.6030403594052346e-37,3.0
16:12:11.909,-10.000000000000009,-2.698233092523283,-7.3017669074767255,-9500.0,0.0,4.2983651340724695e-38,2.2906755162766063e-37,3.0
16:12:11.929,-10.000000000000009,-2.698233092523283,-7.3017669074767255,-9500.0,0.0,3.782561317983773e-38,2.0157944543234137e-37,3.0
16:12:11.950,-10.000000000000009,-2.698233092523283,-7.3017669074767255,-9500.0,0.0,3.3286539598257204e-38,1.7738991198046041e-37,3.0
16:12:11.969,-10.000000000000009,-2.698233092523283,-7.3017669074767255,-9500.0,0.0,2.929215484646634e-38,1.5610312254280517e-37,3.0
16:12:11.989,-10.000000000000009,-2.698233092523283,-7.3017669074767255,-9500.0,0.0,2.577709626489038e-38,1.3737074783766854e-37,3.0
16:12:12.009,-10.000000000000009,-2.698233092523283,-7.3017669074767255,-9500.0,0.0,2.2683844713103533e-38,1.2088625809714832e-37,3.0
16:12:12.029,-10.000000000000009,-2.698233092523283,-7.3017669074767255,-9500.0,0.0,1.996178334753111e-38,1.063799071254905e-37,3.0
16:12:12.049,-10.000000000000009,-2.698233092523283,-7.3017669074767255,-9500.0,0.0,1.7566369345827377e-38,9.361431827043166e-38,3.0
16:12:12.069,-10.000000000000009,-2.698233092523283,-7.3017669074767255,-9500.0,0.0,1.545840502432809e-38,8.238060007797986e-38,3.0
16:12:12.089,-10.000000000000009,-2.698233092523283,-7.3017669074767255,-9500.0,0.0,1.360339642140872e-38,7.249492806862227e-38,3.0
16:12:12.109,-10.000000000000009,-2.698233092523283,-7.3017669074767255,-9500.0,0.0,1.1970988850839672e-38,6.379553670038759e-38,3.0
16:12:12.129,-10.000000000000009,-2.698233092523283,-7.3017669074767255,-9500.0,0.0,1.0534470188738911e-38,5.614007229634108e-38,3.0
16:12:12.149,-10.000000000000009,-2.698233092523283,-7.3017669074767255,-9500.0,0.0,9.270333766090242e-39,4.940326362078015e-38,3.0
16:12:12.169,-10.000000000000009,-2.698233092523283,-7.3017669074767255,-9500.0,0.0,8.157893714159413e-39,4.347487198628653e-38,3.0
16:12:12.189,-10.000000000000009,-2.698233092523283,-7.3017669074767255,-9500.0,0.0,7.178946468460283e-39,3.8257887347932146e-38,3.0
16:12:12.209,-10.000000000000009,-2.698233092523283,-7.3017669074767255,-9500.0,0.0,6.317472892245049e-39,3.366694086618029e-38,3.0
16:12:12.229,-10.000000000000009,-2.698233092523283,-7.3017669074767255,-9500.0,0.0,5.5593761451756435e-39,2.9626907962238657e-38,3.0
16:12:12.250,-10.000000000000009,-2.698233092523283,-7.3017669074767255,-9500.0,0.0,4.8922510077545664e-39,2.6071679006770016e-38,3.0
16:12:12.270,-10.000000000000009,-2.698233092523283,-7.3017669074767255,-9500.0,0.0,4.305180886824018e-39,2.2943077525957616e-38,3.0
16:12:12.289,-10.000000000000009,-2.698233092523283,-7.3017669074767255,-9500.0,0.0,3.7885591804051363e-39,2.0189908222842702e-38,3.0
16:12:12.309,-10.000000000000009,-2.698233092523283,-7.3017669074767255,-9500.0,0.0,3.33393207875652e-39,1.7767119236101577e-38,3.0
16:12:12.329,-10.000000000000009,-2.698233092523283,-7.3017669074767255,-9500.0,0.0,2.9338602293057376e-39,1.563506492776939e-38,3.0
16:12:12.349,-10.000000000000009,-2.698233092523283,-7.3017669074767255,-9500.0,0.0,2.581797001789049e-39,1.3758857136437063e-38,3.0
16:12:12.369,-10.000000000000009,-2.698233092523283,-7.3017669074767255,-9500.0,0.0,2.2719813615743633e-39,1.2107794280064617e-38,3.0
16:12:12.389,-10.000000000000009,-2.698233092523283,-7.3017669074767255,-9500.0,0.0,1.99934359818544e-39,1.0654858966456863e-38,3.0
16:12:12.409,-10.000000000000009,-2.698233092523283,-7.3017669074767255,-9500.0,0.0,1.7594223664031872e-39,9.37627589048204e-39,3.0
16:12:12.429,-10.000000000000009,-2.698233092523283,-7.3017669074767255,-9500.0,0.0,1.5482916824348047e-39,8.251122783624194e-39,3.0
16:12:12.450,-10.000000000000009,-2.698233092523283,-7.3017669074767255,-9500.0,0.0,1.362496680542628e-39,7.260988049589291e-39,3.0
16:12:12.469,-10.000000000000009,-2.698233092523283,-7.3017669074767255,-9500.0,0.0,1.1989970788775128e-39,6.389669483638577e-39,3.0
16:12:12.489,-10.000000000000009,-2.6111933153451123,-7.388806684654895,-9500.0,0.0,1.0551174294122113e-39,5.622909145601947e-39,3.0
16:12:12.509,-10.000000000000009,-2.698233092523283,-7.3017669074767255,-9500.0,0.0,9.285033378827458e-40,4.9481600481297135e-39,3.0
16:12:12.529,-10.000000000000009,-2.698233092523283,-7.3017669074767255,-9500.0,0.0,8.170829373368163e-40,4.3543808423541475e-39,3.0
16:12:12.550,-10.000000000000009,-2.698233092523283,-7.3017669074767255,-9500.0,0.0,7.190329848563983e-40,3.83185514127165e-39,3.0
16:12:12.569,-10.000000000000009,-2.698233092523283,-7.3017669074767255,-9500.0,0.0,6.327490266736305e-40,3.372032524319052e-39,3.0
16:12:12.589,-10.000000000000009,-2.698233092523283,-7.3017669074767255,-9500.0,0.0,5.568191434727949e-40,2.967388621400766e-39,3.0
16:12:12.609,-10.000000000000009,-2.698233092523283,-7.3017669074767255,-9500.0,0.0,4.900008462560595e-40,2.6113019868326737e-39,3.0
16:12:12.629,-10.000000000000009,-2.6111933153451123,-7.388806684654895,-9500.0,0.0,4.3120074470533236e-40,2.297945748412753e-39,3.0
16:12:12.649,-10.000000000000009,-2.6111933153451123,-7.388806684654895,-9500.0,0.0,3.794566553406925e-40,2.022192258603223e-39,3.0
16:12:12.669,-10.000000000000009,-2.6111933153451123,-7.388806684654895,-9500.0,0.0,3.339218566998094e-40,1.779529187570836e-39,3.0
16:12:12.689,-10.000000000000009,-2.6111933153451123,-7.388806684654895,-9500.0,0.0,2.938512338958323e-40,1.5659856850623356e-39,3.0
16:12:12.710,0.0,-2.6111933153451123,2.6111933153451123,9500.0,0.0,2.5858908582833243e-40,1.3780674028548556e-39,3.0
16:12:12.729,0.0,-2.6111933153451123,2.6111933153451123,9500.0,0.0,2.2755839552893252e-40,1.2126993145122729e-39,3.0
16:12:12.749,0.0,-2.6111933153451123,2.6111933153451123,9500.0,0.0,2.002513880654606e-40,1.0671753967708e-39,3.0
16:12:12.770,0.0,-2.6111933153451123,2.6111933153451123,9500.0,0.0,1.7622122149760533e-40,9.39114349158304e-40,3.0
16:12:12.789,0.0,-2.6111933153451123,2.6111933153451123,9500.0,0.0,1.5507467491789269e-40,8.264206272593074e-40,3.0
16:12:12.809,0.0,-2.6111933153451123,2.6111933153451123,9500.0,0.0,1.3646571392774556e-40,7.272501519881906e-40,3.0
16:12:12.829,0.0,-2.6111933153451123,2.6111933153451123,9500.0,0.0,1.200898282564161e-40,6.399801337496077e-40,3.0
16:12:12.849,0.0,-2.6111933153451123,2.6111933153451123,9500.0,0.0,1.0567904886564617e-40,5.631825176996548e-40,3.0
16:12:12.869,0.0,-2.6111933153451123,2.6111933153451123,9500.0,0.0,9.299756300176864e-41,4.956006155756963e-40,3.0
16:12:12.890,0.0,-2.6111933153451123,2.6111933153451123,9500.0,0.0,8.18378554415564e-41,4.3612854170661275e-40,3.0
16:12:12.909,0.0,-2.6111933153451123,2.6111933153451123,9500.0,0.0,7.201731278856964e-41,3.837931167018192e-40,3.0
16:12:12.929,0.0,-2.6111933153451123,2.6111933153451123,9500.0,0.0,6.337523525394128e-41,3.377379426976009e-40,3.0
16:12:12.950,0.0,-2.6111933153451123,2.6111933153451123,9500.0,0.0,5.577020702346833e-41,2.972093895738888e-40,3.0
16:12:12.969,0.0,-2.6111933153451123,2.6111933153451123,9500.0,0.0,4.907778218065213e-41,2.6154426282502214e-40,3.0
16:12:12.990,0.0,-2.6111933153451123,2.6111933153451123,9500.0,0.0,4.318844831897387e-41,2.3015895128601948e-40,3.0
16:12:13.009,0.0,-2.6111933153451123,2.6111933153451123,9500.0,0.0,3.800583452069701e-41,2.0253987713169714e-40,3.0
16:12:13.029,0.0,-2.6111933153451123,2.6111933153451123,9500.0,0.0,3.344513437821337e-41,1.782350918758935e-40,3.0
16:12:13.049,0.0,-2.6111933153451123,2.6111933153451123,9500.0,0.0,2.9431718252827767e-41,1.568468808507863e-40,3.0
16:12:13.069,0.0,-2.6111933153451123,2.6111933153451123,9500.0,0.0,2.5899912062488434e-41,1.3802525514869194e-40,3.0
16:12:13.090,0.0,-2.6111933153451123,2.6111933153451123,9500.0,0.0,2.2791922614989823e-41,1.2146222453084892e-40,3.0
16:12:13.109,0.0,-2.6111933153451123,2.6111933153451123,9500.0,0.0,2.0056891901191043e-41,1.0688675758714703e-40,3.0
16:12:13.129,0.0,-2.6111933153451123,2.6111933153451123,9500.0,0.0,1.7650064873048119e-41,9.40603466766894e-41,3.0
16:12:13.149,0.0,-2.6111933153451123,2.6111933153451123,9500.0,0.0,1.5532057088282344e-41,8.277310507548666e-41,3.0
16:12:13.170,0.0,-2.6111933153451123,2.6111933153451123,9500.0,0.0,1.3668210237688462e-41,7.284033246642826e-41,3.0
16:12:13.190,0.0,-2.6111933153451123,2.6111933153451123,9500.0,0.0,1.2028025009165846e-41,6.409949257045686e-41,3.0
16:12:13.209,0.0,-2.6111933153451123,2.6111933153451123,9500.0,0.0,1.0584662008065944e-41,5.640755346200204e-41,3.0
16:12:13.229,0.0,-2.6111933153451123,2.6111933153451123,9500.0,0.0,9.314502567098031e-42,4.963864704656179e-41,3.0
16:12:13.250,0.0,-2.6111933153451123,2.6111933153451123,9500.0,0.0,8.196762259046268e-42,4.368200940097438e-41,3.0
16:12:13.270,0.0,-2.6111933153451123,2.6111933153451123,9500.0,0.0,7.213150787960715e-42,3.8440168272857457e-41,3.0
16:12:13.289,0.0,-2.6111933153451123,2.6111933153451123,9500.0,0.0,6.34757269340543e-42,3.382734808011456e-41,3.0
16:12:13.309,0.0,-2.6111933153451123,2.6111933153451123,9500.0,0.0,5.585863970196778e-42,2.976806631050081e-41,3.0
16:12:13.330,0.0,-2.6111933153451123,2.6111933153451123,9500.0,0.0,4.915560293773164e-42,2.6195898353240715e-41,3.0
16:12:13.349,0.0,-2.6111933153451123,2.6111933153451123,9500.0,0.0,4.3256930585203844e-42,2.3052390550851826e-41,3.0
16:12:13.370,0.0,-2.6111933153451123,2.6111933153451123,9500.0,0.0,3.806609891497938e-42,2.0286103684749608e-41,3.0
16:12:13.389,0.0,-2.6111933153451123,2.6111933153451123,9500.0,0.0,3.349816704518186e-42,1.7851771242579656e-41,3.0
16:12:13.409,0.0,-2.6111933153451123,2.6111933153451123,9500.0,0.0,2.9478386999760034e-42,1.5709558693470097e-41,3.0
16:12:13.429,0.0,-2.6111933153451123,2.6111933153451123,9500.0,0.0,2.594098055978883e-42,1.3824411650253687e-41,3.0
16:12:13.450,0.0,-2.6111933153451123,2.6111933153451123,9500.0,0.0,2.282806289261417e-42,1.2165482252223243e-41,3.0
16:12:13.469,0.0,-2.6111933153451123,2.6111933153451123,9500.0,0.0,2.008869534550047e-42,1.0705624381956455e-41,3.0
16:12:13.490,0.0,-2.6111933153451123,2.6111933153451123,9500.0,0.0,1.7678051904040414e-42,9.42094945612168e-42,3.0
16:12:13.509,0.0,-2.6111933153451123,2.6111933153451123,9500.0,0.0,1.5556685675555566e-42,8.290435521387079e-42,3.0
16:12:13.529,0.0,-2.6111933153451123,2.6111933153451123,9500.0,0.0,1.3689883394488899e-42,7.29558325882063e-42,3.0
16:12:13.549,0.0,-2.6111933153451123,2.6111933153451123,9500.0,0.0,1.204709738715023e-42,6.420113267762154e-42,3.0
16:12:13.569,0.0,-2.6111933153451123,2.6111933153451123,9500.0,0.0,1.0601445700692202e-42,5.649699675630695e-42,3.0
16:12:13.590,0.0,-2.6111933153451123,2.6111933153451123,9500.0,0.0,9.329272216609139e-43,4.9717357145550125e-42,3.0
16:12:13.609,0.0,-2.6111933153451123,2.6111933153451123,9500.0,0.0,8.209759550616041e-43,4.3751274288084105e-42,3.0
16:12:13.629,0.0,-2.6111933153451123,2.6111933153451123,9500.0,0.0,7.224588404542116e-43,3.8501121373514013e-42,3.0
16:12:13.649,0.0,-2.6111933153451123,2.6111933153451123,9500.0,0.0,6.357637795997063e-43,3.388098680869233e-42,3.0
16:12:13.670,0.0,-2.6111933153451123,2.6111933153451123,9500.0,0.0,5.594721260477415e-43,2.981526839164925e-42,3.0
16:12:13.689,0.0,-2.6111933153451123,2.6111933153451123,9500.0,0.0,4.923354709220125e-43,2.623743618465134e-42,3.0
16:12:13.709,0.0,-2.6111933153451123,2.6111933153451123,9500.0,0.0,4.33255214411371e-43,2.308894384249318e-42,3.0
16:12:13.729,0.0,-2.6111933153451123,2.6111933153451123,9500.0,0.0,3.812645886820065e-43,2.0318270581393997e-42,3.0
16:12:13.749,0.0,-2.6111933153451123,2.6111933153451123,9500.0,0.0,3.355128380401657e-43,1.7880078111626718e-42,3.0
16:12:13.769,0.0,-2.6111933153451123,2.6111933153451123,9500.0,0.0,2.952512974753458e-43,1.5734468738231512e-42,3.0
16:12:13.789,0.0,-2.6111933153451123,2.6111933153451123,9500.0,0.0,2.598211417783043e-43,1.3846332489643729e-42,3.0
16:12:13.809,0.0,-2.6111933153451123,2.6111933153451123,9500.0,0.0,2.286426047649078e-43,1.2184772590886482e-42,3.0
16:12:13.829,0.0,-2.524153538166942,2.524153538166942,9500.0,0.0,2.0120549219311888e-43,1.0722599879980105e-42,3.0
16:12:13.849,0.0,-2.0019148750979197,2.0019148750979197,9500.0,9.0,1.08,5.755512806411633,3.0
16:12:13.869,0.0,0.17407955435634084,-0.17407955435634084,0.0,22.0,3.5904,19.133882574204,3.0
16:12:13.889,0.0,3.394551309948646,-3.394551309948646,-9500.0,27.0,6.399552,34.10435508453442,3.0
16:12:13.910,0.0,4.439028636086691,-4.439028636086691,-9500.0,4.0,6.11160576,32.56983816612879,3.0
16:12:13.929,0.0,4.003829750195839,-4.003829750195839,-9500.0,-9.0,4.2982130688,22.905944779781706,3.0
16:12:13.950,0.0,2.8723126468796236,-2.8723126468796236,-9500.0,-10.0,2.582427500544,13.762217176861643,3.0
16:12:13.969,0.0,1.7407955435634084,-1.7407955435634084,-9500.0,-9.0,1.1925362004787199,6.355238309226613,3.0
16:12:13.989,0.0,0.6963182174253634,-0.6963182174253634,-5050.15220424404,-9.0,-0.030568143578726614,-0.16290309429221345,3.0
16:12:14.009,0.0,-0.17407955435634084,0.17407955435634084,0.0,-5.0,-0.6268999663492794,-3.3408618376502766,3.0
16:12:14.029,0.0,-0.2611193315345113,0.2611193315345113,2797.2531267725035,0.0,-0.5516719703873658,-2.9399584171322433,3.0
16:12:14.049,0.0,-0.2611193315345113,0.2611193315345113,2797.582751559803,0.0,-0.48547133394088193,-2.5871634070763743,3.0
16:12:14.069,0.0,0.08703977717817042,-0.08703977717817042,0.0,4.0,0.052785226132023855,0.28130189351129375,3.0
16:12:14.089,0.0,0.6092784402471929,-0.6092784402471929,-4596.781205068685,5.0,0.646450998996181,3.4450527809630676,3.0
16:12:14.109,0.0,0.7833579946035337,-0.7833579946035337,-5497.7649618833775,-1.0,0.4488768791166393,2.3921450243128737,3.0
16:12:14.130,0.0,0.6092784402471929,-0.6092784402471929,-4599.228169303242,-2.0,0.15501165362264263,0.8260847755260775,3.0
16:12:14.150,0.0,0.4351988858908521,-0.4351988858908521,-3699.3207889868527,0.0,0.13641025518792552,0.7269546024629483,3.0
16:12:14.169,0.0,0.4351988858908521,-0.4351988858908521,-3699.4022943084306,0.0,0.12004102456537445,0.6397200501673944,3.0
16:12:14.189,0.0,0.4351988858908521,-0.4351988858908521,-3699.4740189914187,0.0,0.10563610161752952,0.5629536441473071,3.0
16:12:14.209,0.0,0.4351988858908521,-0.4351988858908521,-3699.537136712449,0.0,0.09295976942342599,0.4953992068496303,3.0
16:12:14.230,0.0,0.4351988858908521,-0.4351988858908521,-3699.5926803069547,0.0,0.08180459709261487,0.4359513020276747,3.0
16:12:14.250,0.0,0.4351988858908521,-0.4351988858908521,-3699.6415586701205,0.0,0.07198804544150109,0.3836371457843537,3.0
16:12:14.269,0.0,0.4351988858908521,-0.4351988858908521,-3699.6845716297057,0.0,0.06334947998852096,0.3376006882902313,3.0
16:12:14.289,0.0,0.4351988858908521,-0.4351988858908521,-3699.722423034141,0.0,0.055747542389898444,0.2970886056954035,3.0
16:12:14.309,0.0,0.4351988858908521,-0.4351988858908521,-3699.755732270044,0.0,0.049057837303110634,0.26143797301195515,3.0
16:12:14.329,0.0,0.4351988858908521,-0.4351988858908521,-3699.785044397639,0.0,0.04317089682673736,0.23006541625052052,3.0
16:12:14.349,0.0,0.4351988858908521,-0.4351988858908521,-3699.810839069922,0.0,0.037990389207528875,0.20245756630045805,3.0
16:12:14.370,0.0,0.4351988858908521,-0.4351988858908521,-3699.8335383815315,0.0,0.03343154250262541,0.1781626583444031,3.0
16:12:14.390,0.0,0.4351988858908521,-0.4351988858908521,-3699.8535137757476,0.0,0.02941975740231036,0.15678313934307472,3.0
16:12:14.409,0.0,0.4351988858908521,-0.4351988858908521,-3699.871092122658,0.0,0.02588938651403312,0.13796916262190576,3.0
16:12:14.429,0.0,0.4351988858908521,-0.4351988858908521,-3699.886561067939,0.0,0.022782660132349145,0.12141286310727707,3.0
16:12:14.450,0.0,0.4351988858908521,-0.4351988858908521,-3699.900173739786,0.0,0.020048740916467248,0.10684331953440382,3.0
16:12:14.470,0.0,0.4351988858908521,-0.4351988858908521,-3699.912152891012,0.0,0.01764289200649118,0.09402212119027537,3.0
16:12:14.489,0.0,0.4351988858908521,-0.4351988858908521,-3699.9226945440905,0.0,0.015525744965712239,0.08273946664744233,3.0
16:12:14.509,0.0,0.4351988858908521,-0.4351988858908521,-3699.9319711987996,0.0,0.01366265556982677,0.07281073064974924,3.0
16:12:14.530,0.0,0.4351988858908521,-0.4351988858908521,-3699.940134654944,0.0,0.012023136901447557,0.06407344297177935,3.0
16:12:14.550,0.0,0.4351988858908521,-0.4351988858908521,-3699.9473184963504,0.0,0.010580360473273851,0.05638462981516582,3.0
16:12:14.569,0.0,0.4351988858908521,-0.4351988858908521,-3699.9536402767885,0.0,0.009310717216480989,0.04961847423734592,3.0
16:12:14.589,0.0,0.4351988858908521,-0.4351988858908521,-3699.9592034435736,0.0,0.00819343115050327,0.04366425732886441,3.0
16:12:14.609,0.0,0.4351988858908521,-0.4351988858908521,-3699.964099030345,0.0,0.007210219412442878,0.03842454644940068,3.0
16:12:14.629,0.0,0.4351988858908521,-0.4351988858908521,-3699.9684071467036,0.0,0.006344993082949732,0.0338136008754726,3.0
16:12:14.649,0.0,0.4351988858908521,-0.4351988858908521,-3699.9721982890987,0.0,0.0055835939129957645,0.029755968770415888,3.0
16:12:14.669,0.0,0.4351988858908521,-0.4351988858908521,-3699.975534494407,0.0,0.004913562643436273,0.026185252517965982,3.0
16:12:14.689,0.0,0.4351988858908521,-0.4351988858908521,-3699.978470355078,0.0,0.00432393512622392,0.023043022215810064,3.0
16:12:14.709,0.0,0.4351988858908521,-0.4351988858908521,-3699.981053912469,0.0,0.00380506291107705,0.020277859549912857,3.0
16:12:14.729,0.0,0.4351988858908521,-0.4351988858908521,-3699.983327442973,0.0,0.0033484553617478038,0.017844516403923313,3.0
16:12:14.749,0.0,0.4351988858908521,-0.4351988858908521,-3699.985328149816,0.0,0.0029466407183380674,0.015703174435452518,3.0
16:12:14.769,0.0,0.4351988858908521,-0.4351988858908521,-3699.987088771838,0.0,0.0025930438321374993,0.013818793503198215,3.0
16:12:14.789,0.0,0.4351988858908521,-0.4351988858908521,-3699.9886381192173,0.0,0.0022818785722809993,0.012160538282814428,3.0
16:12:14.809,0.0,0.4351988858908521,-0.4351988858908521,-3699.990001544911,0.0,0.0020080531436072794,0.010701273688876698,3.0
16:12:14.829,0.0,0.4351988858908521,-0.4351988858908521,-3699.991201359522,0.0,0.001767086766374406,0.009417120846211494,3.0
16:12:14.850,0.0,0.4351988858908521,-0.4351988858908521,-3699.9922571963793,0.0,0.0015550363544094773,0.008287066344666116,3.0
16:12:14.870,0.0,0.4351988858908521,-0.4351988858908521,-3699.993186332814,0.0,0.00136843199188034,0.007292618383306181,3.0
16:12:14.889,0.0,0.4351988858908521,-0.4351988858908521,-3699.994003972876,0.0,0.0012042201528546992,0.006417504177309439,3.0
16:12:14.910,0.0,0.4351988858908521,-0.4351988858908521,-3699.994723496131,0.0,0.0010597137345121352,0.005647403676032306,3.0
16:12:14.930,0.0,0.4351988858908521,-0.4351988858908521,-3699.9953566765953,0.0,0.000932548086370679,0.00496971523490843,3.0
16:12:14.949,0.0,0.4351988858908521,-0.4351988858908521,-3699.995913875404,0.0,0.0008206423160061976,0.004373349406719418,3.0
16:12:14.969,0.0,0.4351988858908521,-0.4351988858908521,-3699.9964042103556,0.0,0.0007221652380854539,0.0038485474779130883,3.0
16:12:14.989,0.0,0.4351988858908521,-0.4351988858908521,-3699.9968357051125,0.0,0.0006355054095151994,0.0033867217805635176,3.0
16:12:15.010,0.0,0.4351988858908521,-0.4351988858908521,-3699.9972154204993,0.0,0.0005592447603733755,0.0029803151668958954,3.0
16:12:15.029,0.0,0.4351988858908521,-0.4351988858908521,-3699.997549570039,0.0,0.0004921353891285704,0.0026226773468683877,3.0
16:12:15.049,0.0,0.4351988858908521,-0.4351988858908521,-3699.9978436216347,0.0,0.00043307914243314195,0.0023079560652441815,3.0
16:12:15.069,0.0,0.4351988858908521,-0.4351988858908521,-3699.9981023870387,0.0,0.0003811096453411649,0.0020310013374148796,3.0
16:12:15.089,0.0,0.4351988858908521,-0.4351988858908521,-3699.998330100594,0.0,0.0003353764879002251,0.001787281176925094,3.0
16:12:15.109,0.0,0.4351988858908521,-0.4351988858908521,-3699.998530488522,0.0,0.0002951313093521981,0.0015728074356940827,3.0
16:12:15.130,0.0,0.4351988858908521,-0.4351988858908521,-3699.9987068299,0.0,0.00025971555222993435,0.0013840705434107928,3.0
16:12:15.150,0.0,0.4351988858908521,-0.4351988858908521,-3699.9988620103118,0.0,0.00022854968596234222,0.0012179820782014976,3.0
16:12:15.169,0.0,0.4351988858908521,-0.4351988858908521,-3699.9989985690745,0.0,0.00020112372364686115,0.0010718242288173178,3.0
16:12:15.190,0.0,0.4351988858908521,-0.4351988858908521,-3699.999118740786,0.0,0.0001769888768092378,0.0009432053213592398,3.0
16:12:15.209,0.0,0.4351988858908521,-0.4351988858908521,-3699.9992244918913,0.0,0.00015575021159212928,0.000830020682796131,3.0
16:12:15.230,0.0,0.3481591087126817,-0.3481591087126817,-3249.9993175528643,0.0,0.00013706018620107376,0.0007304182008605952,3.0
16:12:15.249,0.0,0.3481591087126817,-0.3481591087126817,-3249.999399446521,0.0,0.0001206129638569449,0.0006427680167573238,3.0
16:12:15.269,0.0,0.3481591087126817,-0.3481591087126817,-3249.9994715129383,0.0,0.00010613940819411152,0.000565635854746445,3.0
16:12:15.290,0.0,0.2611193315345113,-0.2611193315345113,-2799.9995349313854,0.0,9.340267921081813e-05,0.0004977595521768716,3.0
16:12:15.309,0.0,0.0,0.0,0.0,-4.0,-0.47991780564229447,-2.5575676633325877,3.0
16:12:15.330,0.0,-0.3481591087126817,0.3481591087126817,3245.5071494486665,-4.0,-0.9023276689652191,-4.80866523547118,3.0
16:12:15.349,0.0,-0.3481591087126817,0.3481591087126817,3246.0462915148264,0.0,-0.7940483486893928,-4.231625407214638,3.0
16:12:15.369,0.0,-0.17407955435634084,0.17407955435634084,0.0,3.0,-0.3387625468466656,-1.805326089545004,3.0
16:12:15.389,0.0,0.0,0.0,0.0,2.0,-0.058111041225065774,-0.3096841129303522,3.0
16:12:15.409,0.0,0.17407955435634084,-0.17407955435634084,0.0,1.0,0.06886228372194211,0.36697940355591585,3.0
16:12:15.429,0.0,0.17407955435634084,-0.17407955435634084,0.0,0.0,0.06059880967530906,0.32294187512920597,3.0
16:12:15.450,0.0,0.2611193315345113,-0.2611193315345113,-2799.136974160332,1.0,0.17332695251427196,0.923690273048327,3.0
16:12:15.470,0.0,0.2611193315345113,-0.2611193315345113,-2799.240537261092,0.0,0.15252771821255934,0.8128474402825278,3.0
16:12:15.490,0.0,0.2611193315345113,-0.2611193315345113,-2799.331672789761,0.0,0.13422439202705222,0.7153057474486245,3.0
16:12:15.509,0.0,0.17407955435634084,-0.17407955435634084,0.0,-1.0,-0.0018825350161940368,-0.010032365179836212,3.0
16:12:15.529,0.0,-0.17407955435634084,0.17407955435634084,0.0,-3.0,-0.36165663081425076,-1.9273327501621333,3.0
16:12:15.549,0.0,-0.17407955435634084,0.17407955435634084,0.0,-1.0,-0.43825783511654065,-2.335554243077303,3.0
16:12:15.570,0.0,-0.17407955435634084,0.17407955435634084,0.0,0.0,-0.3856668949025558,-2.0552877339080267,3.0
16:12:15.589,0.0,-0.17407955435634084,0.17407955435634084,0.0,0.0,-0.3393868675142491,-1.8086532058390636,3.0
16:12:15.609,0.0,-0.17407955435634084,0.17407955435634084,0.0,0.0,-0.2986604434125392,-1.591614821138376,3.0
16:12:15.629,0.0,-0.17407955435634084,0.17407955435634084,0.0,0.0,-0.2628211902030345,-1.400621042601771,3.0
16:12:15.649,0.0,-0.17407955435634084,0.17407955435634084,0.0,0.0,-0.23128264737867038,-1.2325465174895585,3.0
16:12:15.669,0.0,-0.17407955435634084,0.17407955435634084,0.0,0.0,-0.20352872969322994,-1.0846409353908115,3.0
16:12:15.689,0.0,-0.17407955435634084,0.17407955435634084,0.0,0.0,-0.17910528213004234,-0.954484023143914,3.0
16:12:15.709,0.0,-0.17407955435634084,0.17407955435634084,0.0,0.0,-0.15761264827443727,-0.8399459403666444,3.0
16:12:15.729,0.0,-0.17407955435634084,0.17407955435634084,0.0,0.0,-0.1386991304815048,-0.7391524275226472,3.0
16:12:15.749,0.0,-0.17407955435634084,0.17407955435634084,0.0,0.0,-0.12205523482372424,-0.6504541362199295,3.0
16:12:15.769,0.0,-0.17407955435634084,0.17407955435634084,0.0,0.0,-0.10740860664487734,-0.572399639873538,3.0
16:12:15.790,0.0,-0.17407955435634084,0.17407955435634084,0.0,0.0,-0.09451957384749206,-0.5037116830887135,3.0
16:12:15.809,0.0,-0.17407955435634084,0.17407955435634084,0.0,0.0,-0.08317722498579301,-0.4432662811180678,3.0
16:12:15.829,0.0,-0.17407955435634084,0.17407955435634084,0.0,0.0,-0.07319595798749785,-0.39007432738389974,3.0
16:12:15.849,0.0,-0.17407955435634084,0.17407955435634084,0.0,0.0,-0.06441244302899811,-0.34326540809783174,3.0
16:12:15.869,0.0,-0.17407955435634084,0.17407955435634084,0.0,0.0,-0.056682949865518334,-0.3020735591260919,3.0
16:12:15.889,0.0,-0.17407955435634084,0.17407955435634084,0.0,0.0,-0.049880995881656134,-0.2658247320309609,3.0
16:12:15.909,0.0,-0.17407955435634084,0.17407955435634084,0.0,0.0,-0.0438952763758574,-0.2339257641872456,3.0
16:12:15.929,0.0,-0.17407955435634084,0.17407955435634084,0.0,0.0,-0.03862784321075451,-0.20585467248477612,3.0
16:12:15.949,0.0,-0.17407955435634084,0.17407955435634084,0.0,0.0,-0.03399250202546397,-0.181152111786603,3.0
16:12:15.969,0.0,-0.17407955435634084,0.17407955435634084,0.0,0.0,-0.029913401782408297,-0.15941385837221064,3.0
16:12:15.989,0.0,-0.17407955435634084,0.17407955435634084,0.0,0.0,-0.026323793568519303,-0.14028419536754538,3.0
16:12:16.009,0.0,-0.17407955435634084,0.17407955435634084,0.0,0.0,-0.023164938340296988,-0.12345009192343993,3.0
16:12:16.029,0.0,-0.17407955435634084,0.17407955435634084,0.0,0.0,-0.02038514573946135,-0.10863608089262715,3.0
16:12:16.049,0.0,-0.17407955435634084,0.17407955435634084,0.0,0.0,-0.01793892825072599,-0.0955997511855119,3.0
16:12:16.069,0.0,-0.17407955435634084,0.17407955435634084,0.0,0.0,-0.01578625686063887,-0.08412778104325047,3.0
16:12:16.089,0.0,-0.17407955435634084,0.17407955435634084,0.0,0.0,-0.013891906037362206,-0.07403244731806041,3.0
16:12:16.109,0.0,-0.17407955435634084,0.17407955435634084,0.0,0.0,-0.01222487731287874,-0.06514855363989316,3.0
16:12:16.129,0.0,-0.17407955435634084,0.17407955435634084,0.0,0.0,-0.010757892035333292,-0.05733072720310598,3.0
16:12:16.149,0.0,-0.17407955435634084,0.17407955435634084,0.0,0.0,-0.009466944991093297,-0.05045103993873327,3.0
16:12:16.169,0.0,-0.17407955435634084,0.17407955435634084,0.0,0.0,-0.008330911592162102,-0.04439691514608528,3.0
16:12:16.189,0.0,-0.17407955435634084,0.17407955435634084,0.0,0.0,-0.00733120220110265,-0.039069285328555046,3.0
16:12:16.210,0.0,-0.17407955435634084,0.17407955435634084,0.0,0.0,-0.006451457936970333,-0.034380971089128444,3.0
16:12:16.229,0.0,-0.17407955435634084,0.17407955435634084,0.0,0.0,-0.005677282984533893,-0.03025525455843303,3.0
16:12:16.249,0.0,-0.17407955435634084,0.17407955435634084,0.0,0.0,-0.004996009026389826,-0.02662462401142107,3.0
16:12:16.270,0.0,-0.17407955435634084,0.17407955435634084,0.0,0.0,-0.004396487943223047,-0.02342966913005054,3.0
16:12:16.289,0.0,-0.17407955435634084,0.17407955435634084,0.0,0.0,-0.0038689093900362813,-0.020618108834444475,3.0
16:12:16.309,0.0,-0.17407955435634084,0.17407955435634084,0.0,0.0,-0.0034046402632319276,-0.01814393577431114,3.0
16:12:16.330,0.0,-0.17407955435634084,0.17407955435634084,0.0,0.0,-0.0029960834316440964,-0.015966663481393802,3.0
16:12:16.350,0.0,-0.17407955435634084,0.17407955435634084,0.0,0.0,-0.0026365534198468047,-0.014050663863626545,3.0
16:12:16.369,0.0,-0.17407955435634084,0.17407955435634084,0.0,0.0,-0.0023201670094651883,-0.012364584199991362,3.0
16:12:16.389,0.0,-0.17407955435634084,0.17407955435634084,0.0,0.0,-0.0020417469683293656,-0.010880834095992397,3.0
16:12:16.409,0.0,-0.17407955435634084,0.17407955435634084,0.0,0.0,-0.0017967373321298417,-0.00957513400447331,3.0
16:12:16.429,0.0,-0.17407955435634084,0.17407955435634084,0.0,0.0,-0.0015811288522742607,-0.008426117923936513,3.0
16:12:16.449,0.0,-0.17407955435634084,0.17407955435634084,0.0,0.0,-0.0013913933900013495,-0.007414983773064131,3.0
16:12:16.469,0.0,-0.17407955435634084,0.17407955435634084,0.0,0.0,-0.0012244261832011875,-0.0065251857202964355,3.0
16:12:16.489,0.0,-0.17407955435634084,0.17407955435634084,0.0,0.0,-0.0010774950412170451,-0.005742163433860864,3.0
16:12:16.509,0.0,-0.17407955435634084,0.17407955435634084,0.0,0.0,-0.0009481956362709997,-0.00505310382179756,3.0
16:12:16.529,0.0,-0.17407955435634084,0.17407955435634084,0.0,0.0,-0.0008344121599184798,-0.004446731363181853,3.0
16:12:16.549,0.0,-0.17407955435634084,0.17407955435634084,0.0,0.0,-0.0007342827007282623,-0.003913123599600031,3.0
16:12:16.569,0.0,-0.17407955435634084,0.17407955435634084,0.0,0.0,-0.0006461687766408708,-0.003443548767648027,3.0
16:12:16.589,0.0,-0.17407955435634084,0.17407955435634084,0.0,0.0,-0.0005686285234439663,-0.003030322915530264,3.0
16:12:16.609,0.0,-0.17407955435634084,0.17407955435634084,0.0,0.0,-0.0005003931006306903,-0.0026666841656666322,3.0
16:12:16.629,0.0,-0.17407955435634084,0.17407955435634084,0.0,0.0,-0.0004403459285550075,-0.0023466820657866362,3.0
16:12:16.649,0.0,-0.17407955435634084,0.17407955435634084,0.0,0.0,-0.00038750441712840657,-0.00206508021789224,3.0
16:12:16.669,0.0,-0.17407955435634084,0.17407955435634084,0.0,0.0,-0.0003410038870729978,-0.001817270591745171,3.0
16:12:16.689,0.0,-0.17407955435634084,0.17407955435634084,0.0,0.0,-0.00030008342062423806,-0.0015991981207357506,3.0
16:12:16.709,0.0,-0.17407955435634084,0.17407955435634084,0.0,0.0,-0.0002640734101493295,-0.0014072943462474607,3.0
16:12:16.729,0.0,-0.17407955435634084,0.17407955435634084,0.0,0.0,-0.00023238460093140997,-0.0012384190246977655,3.0
16:12:16.749,0.0,-0.17407955435634084,0.17407955435634084,0.0,0.0,-0.00020449844881964077,-0.0010898087417340336,3.0
16:12:16.769,0.0,-0.17407955435634084,0.17407955435634084,0.0,0.0,-0.00017995863496128388,-0.0009590316927259495,3.0
16:12:16.789,0.0,-0.17407955435634084,0.17407955435634084,0.0,0.0,-0.0001583635987659298,-0.0008439478895988355,3.0
16:12:16.809,0.0,-0.17407955435634084,0.17407955435634084,0.0,0.0,-0.00013935996691401823,-0.0007426741428469753,3.0
16:12:16.829,0.0,-0.17407955435634084,0.17407955435634084,0.0,0.0,-0.00012263677088433604,-0.0006535532457053382,3.0
16:12:16.849,0.0,-0.17407955435634084,0.17407955435634084,0.0,0.0,-0.00010792035837821572,-0.0005751268562206977,3.0
16:12:16.869,0.0,-0.17407955435634084,0.17407955435634084,0.0,0.0,-9.496991537282983e-05,-0.0005061116334742139,3.0
16:12:16.889,0.0,-0.17407955435634084,0.17407955435634084,0.0,0.0,-8.357352552809025e-05,-0.00044537823745730823,3.0
16:12:16.909,0.0,-0.17407955435634084,0.17407955435634084,0.0,0.0,-7.354470246471942e-05,-0.0003919328489624313,3.0
16:12:16.929,0.0,-0.17407955435634084,0.17407955435634084,0.0,0.0,-6.471933816895309e-05,-0.0003449009070869395,3.0
16:12:16.949,0.0,-0.17407955435634084,0.17407955435634084,0.0,0.0,-5.695301758867872e-05,-0.00030351279823650676,3.0
16:12:16.969,0.0,-0.17407955435634084,0.17407955435634084,0.0,0.0,-5.011865547803727e-05,-0.00026709126244812596,3.0
16:12:16.989,0.0,-0.17407955435634084,0.17407955435634084,0.0,0.0,-4.4104416820672795e-05,-0.0002350403109543508,3.0
16:12:17.009,0.0,-0.17407955435634084,0.17407955435634084,0.0,0.0,-3.881188680219206e-05,-0.0002068354736398287,3.0
16:12:17.029,0.0,-0.17407955435634084,0.17407955435634084,0.0,0.0,-3.415446038592902e-05,-0.0001820152168030493,3.0
16:12:17.050,0.0,-0.17407955435634084,0.17407955435634084,0.0,0.0,-3.0055925139617535e-05,-0.00016017339078668337,3.0
16:12:17.069,0.0,-0.17407955435634084,0.17407955435634084,0.0,0.0,-2.644921412286343e-05,-0.00014095258389228136,3.0
16:12:17.089,0.0,-0.17407955435634084,0.17407955435634084,0.0,0.0,-2.327530842811982e-05,-0.0001240382738252076,3.0
16:12:17.109,0.0,-0.17407955435634084,0.17407955435634084,0.0,0.0,-2.048227141674544e-05,-0.0001091536809661827,3.0
16:12:17.129,0.0,-0.17407955435634084,0.17407955435634084,0.0,0.0,-1.802439884673599e-05,-9.605523925024078e-05,3.0
16:12:17.150,0.0,-0.17407955435634084,0.17407955435634084,0.0,0.0,-1.586147098512767e-05,-8.45286105402119e-05,3.0
16:12:17.169,0.0,-0.17407955435634084,0.17407955435634084,0.0,0.0,-1.3958094466912351e-05,-7.438517727538647e-05,3.0
16:12:17.189,0.0,-0.17407955435634084,0.17407955435634084,0.0,0.0,-1.228312313088287e-05,-6.545895600234009e-05,3.0
16:12:17.209,0.0,-0.17407955435634084,0.17407955435634084,0.0,0.0,-1.0809148355176925e-05,-5.7603881282059275e-05,3.0
16:12:17.229,0.0,-0.17407955435634084,0.17407955435634084,0.0,0.0,-9.512050552555694e-06,-5.069141552821217e-05,3.0
16:12:17.249,0.0,-0.17407955435634084,0.17407955435634084,0.0,0.0,-8.370604486249011e-06,-4.460844566482671e-05,3.0
16:12:17.269,0.0,-0.17407955435634084,0.17407955435634084,0.0,0.0,-7.36613194789913e-06,-3.9255432185047505e-05,3.0
16:12:17.289,0.0,-0.17407955435634084,0.17407955435634084,0.0,0.0,-6.482196114151235e-06,-3.4544780322841804e-05,3.0
16:12:17.309,0.0,-0.17407955435634084,0.17407955435634084,0.0,0.0,-5.704332580453087e-06,-3.0399406684100792e-05,3.0
16:12:17.329,0.0,-0.17407955435634084,0.17407955435634084,0.0,0.0,-5.019812670798717e-06,-2.6751477882008696e-05,3.0
16:12:17.350,0.0,-0.17407955435634084,0.17407955435634084,0.0,0.0,-4.417435150302871e-06,-2.3541300536167655e-05,3.0
16:12:17.370,0.0,-0.17407955435634084,0.17407955435634084,0.0,0.0,-3.887342932266527e-06,-2.0716344471827537e-05,3.0
16:12:17.389,0.0,-0.17407955435634084,0.17407955435634084,0.0,0.0,-3.4208617803945437e-06,-1.8230383135208235e-05,3.0
16:12:17.409,0.0,-0.17407955435634084,0.17407955435634084,0.0,0.0,-3.0103583667471986e-06,-1.604273715898325e-05,3.0
16:12:17.430,0.0,-0.17407955435634084,0.17407955435634084,0.0,0.0,-2.6491153627375347e-06,-1.4117608699905256e-05,3.0
16:12:17.450,0.0,-0.17407955435634084,0.17407955435634084,0.0,0.0,-2.3312215192090304e-06,-1.2423495655916626e-05,3.0
16:12:17.469,0.0,-0.17407955435634084,0.17407955435634084,0.0,0.0,-2.0514749369039467e-06,-1.093267617720663e-05,3.0
16:12:17.490,0.0,-0.17407955435634084,0.17407955435634084,0.0,0.0,-1.8052979444754731e-06,-9.620755035941834e-06,3.0
16:12:17.509,0.0,-0.17407955435634084,0.17407955435634084,0.0,0.0,-1.5886621911384163e-06,-8.466264431628814e-06,3.0
16:12:17.530,0.0,-0.17407955435634084,0.17407955435634084,0.0,0.0,-1.3980227282018063e-06,-7.450312699833356e-06,3.0
16:12:17.550,0.0,-0.17407955435634084,0.17407955435634084,0.0,0.0,-1.2302600008175895e-06,-6.556275175853353e-06,3.0
16:12:17.569,0.0,-0.17407955435634084,0.17407955435634084,0.0,0.0,-1.0826288007194788e-06,-5.769522154750951e-06,3.0
16:12:17.589,0.0,-0.17407955435634084,0.17407955435634084,0.0,0.0,-9.527133446331414e-07,-5.077179496180837e-06,3.0
16:12:17.609,0.0,-0.17407955435634084,0.17407955435634084,0.0,0.0,-8.383877432771644e-07,-4.467917956639137e-06,3.0
16:12:17.630,0.0,-0.17407955435634084,0.17407955435634084,0.0,0.0,-7.377812140839047e-07,-3.931767801842441e-06,3.0
16:12:17.649,0.0,-0.17407955435634084,0.17407955435634084,0.0,0.0,-6.492474683938362e-07,-3.459955665621348e-06,3.0
16:12:17.669,0.0,-0.17407955435634084,0.17407955435634084,0.0,0.0,-5.713377721865759e-07,-3.0447609857467865e-06,3.0
16:12:17.689,0.0,-0.17407955435634084,0.17407955435634084,0.0,0.0,-5.027772395241868e-07,-2.6793896674571717e-06,3.0
16:12:17.709,0.0,-0.17407955435634084,0.17407955435634084,0.0,0.0,-4.4244397078128433e-07,-2.3578629073623113e-06,3.0
16:12:17.730,0.0,-0.17407955435634084,0.17407955435634084,0.0,0.0,-3.893506942875302e-07,-2.0749193584788336e-06,3.0
16:12:17.750,0.0,-0.17407955435634084,0.17407955435634084,0.0,0.0,-3.426286109730266e-07,-1.8259290354613737e-06,3.0
16:12:17.769,0.0,-0.17407955435634084,0.17407955435634084,0.0,0.0,-3.015131776562634e-07,-1.6068175512060088e-06,3.0
16:12:17.789,0.0,-0.17407955435634084,0.17407955435634084,0.0,0.0,-2.653315963375118e-07,-1.4139994450612878e-06,3.0
16:12:17.809,0.0,-0.17407955435634084,0.17407955435634084,0.0,0.0,-2.334918047770104e-07,-1.2443195116539334e-06,3.0
16:12:17.829,0.0,-0.17407955435634084,0.17407955435634084,0.0,0.0,-2.0547278820376916e-07,-1.0950011702554614e-06,3.0
16:12:17.849,0.0,-0.17407955435634084,0.17407955435634084,0.0,0.0,-1.8081605361931685e-07,-9.63601029824806e-07,3.0
16:12:17.869,0.0,-0.17407955435634084,0.17407955435634084,0.0,0.0,-1.5911812718499882e-07,-8.479689062458292e-07,3.0
16:12:17.889,0.0,-0.17407955435634084,0.17407955435634084,0.0,0.0,-1.4002395192279895e-07,-7.462126374963297e-07,3.0
16:12:17.910,0.0,-0.17407955435634084,0.17407955435634084,0.0,0.0,-1.2322107769206308e-07,-6.566671209967702e-07,3.0
16:12:17.929,0.0,-0.17407955435634084,0.17407955435634084,0.0,0.0,-1.0843454836901552e-07,-5.778670664771578e-07,3.0
16:12:17.949,0.0,-0.17407955435634084,0.17407955435634084,0.0,0.0,-9.542240256473366e-08,-5.085230184998989e-07,3.0
16:12:17.969,0.0,-0.17407955435634084,0.17407955435634084,0.0,0.0,-8.397171425696562e-08,-4.4750025627991096e-07,3.0
16:12:17.989,0.0,-0.17407955435634084,0.17407955435634084,0.0,0.0,-7.389510854612974e-08,-3.9380022552632167e-07,3.0
16:12:18.009,0.0,-0.17407955435634084,0.17407955435634084,0.0,0.0,-6.502769552059418e-08,-3.465441984631631e-07,3.0
16:12:18.029,0.0,-0.17407955435634084,0.17407955435634084,0.0,0.0,-5.7224372058122874e-08,-3.049588946475835e-07,3.0
16:12:18.049,0.0,-0.17407955435634084,0.17407955435634084,0.0,0.0,-5.035744741114813e-08,-2.683638272898735e-07,3.0
16:12:18.070,0.0,-0.17407955435634084,0.17407955435634084,0.0,0.0,-4.431455372181035e-08,-2.3616016801508864e-07,3.0
16:12:18.089,0.0,-0.17407955435634084,0.17407955435634084,0.0,0.0,-3.899680727519311e-08,-2.0782094785327803e-07,3.0
16:12:18.109,0.0,-0.17407955435634084,0.17407955435634084,0.0,0.0,-3.431719040216994e-08,-1.8288243411088468e-07,3.0
16:12:18.129,0.0,-0.17407955435634084,0.17407955435634084,0.0,0.0,-3.019912755390955e-08,-1.6093654201757851e-07,3.0
16:12:18.150,0.0,-0.17407955435634084,0.17407955435634084,0.0,0.0,-2.6575232247440402e-08,-1.416241569754691e-07,3.0
16:12:18.169,0.0,-0.17407955435634084,0.17407955435634084,0.0,0.0,-2.3386204377747555e-08,-1.2462925813841281e-07,3.0
16:12:18.189,0.0,-0.17407955435634084,0.17407955435634084,0.0,0.0,-2.0579859852417848e-08,-1.0967374716180327e-07,3.0
16:12:18.209,0.0,-0.17407955435634084,0.17407955435634084,0.0,0.0,-1.8110276670127707e-08,-9.651289750238688e-08,3.0
16:12:18.229,0.0,-0.17407955435634084,0.17407955435634084,0.0,0.0,-1.5937043469712383e-08,-8.493134980210046e-08,3.0
16:12:18.249,0.0,-0.17407955435634084,0.17407955435634084,0.0,0.0,-1.4024598253346897e-08,-7.47395878258484e-08,3.0
16:12:18.269,0.0,-0.17407955435634084,0.17407955435634084,0.0,0.0,-1.2341646462945269e-08,-6.577083728674658e-08,3.0
16:12:18.290,0.0,-0.17407955435634084,0.17407955435634084,0.0,0.0,-1.0860648887391836e-08,-5.7878336812337e-08,3.0
16:12:18.309,0.0,-0.17407955435634084,0.17407955435634084,0.0,0.0,-9.557371020904816e-09,-5.093293639485656e-08,3.0
16:12:18.329,0.0,-0.17407955435634084,0.17407955435634084,0.0,0.0,-8.410486498396238e-09,-4.482098402747377e-08,3.0
16:12:18.349,0.0,-0.17407955435634084,0.17407955435634084,0.0,0.0,-7.401228118588689e-09,-3.9442465944176915e-08,3.0
16:12:18.369,0.0,-0.17407955435634084,0.17407955435634084,0.0,0.0,-6.513080744358047e-09,-3.470937003087569e-08,3.0
16:12:18.389,0.0,-0.17407955435634084,0.17407955435634084,0.0,0.0,-5.731511055035082e-09,-3.054424562717061e-08,3.0
16:12:18.409,0.0,-0.17407955435634084,0.17407955435634084,0.0,0.0,-5.043729728430872e-09,-2.6878936151910136e-08,3.0
16:12:18.429,0.0,-0.17407955435634084,0.17407955435634084,0.0,0.0,-4.438482161019167e-09,-2.3653463813680918e-08,3.0
16:12:18.449,0.0,-0.17407955435634084,0.17407955435634084,0.0,0.0,-3.905864301696867e-09,-2.081504815603921e-08,3.0
16:12:18.469,0.0,-0.17407955435634084,0.17407955435634084,0.0,0.0,-3.437160585493243e-09,-1.8317242377314505e-08,3.0
16:12:18.490,0.0,-0.17407955435634084,0.17407955435634084,0.0,0.0,-3.024701315234054e-09,-1.6119173292036763e-08,3.0
16:12:18.509,0.0,-0.17407955435634084,0.17407955435634084,0.0,0.0,-2.6617371574059675e-09,-1.4184872496992353e-08,3.0
16:12:18.529,0.0,-0.17407955435634084,0.17407955435634084,0.0,0.0,-2.3423286985172516e-09,-1.2482687797353272e-08,3.0
16:12:18.549,0.0,-0.17407955435634084,0.17407955435634084,0.0,0.0,-2.0612492546951812e-09,-1.0984765261670877e-08,3.0
16:12:18.569,0.0,-0.17407955435634084,0.17407955435634084,0.0,0.0,-1.8138993441317596e-09,-9.666593430270373e-09,3.0
16:12:18.590,0.0,-0.17407955435634084,0.17407955435634084,0.0,0.0,-1.5962314228359485e-09,-8.506602218637928e-09,3.0
16:12:18.609,0.0,-0.17407955435634084,0.17407955435634084,0.0,0.0,-1.4046836520956347e-09,-7.485809952401376e-09,3.0
16:12:18.630,0.0,-0.17407955435634084,0.17407955435634084,0.0,0.0,-1.2361216138441585e-09,-6.587512758113212e-09,3.0
16:12:18.649,0.0,-0.17407955435634084,0.17407955435634084,0.0,0.0,-1.0877870201828594e-09,-5.797011227139626e-09,3.0
16:12:18.669,0.0,-0.17407955435634084,0.17407955435634084,0.0,0.0,-9.572525777609163e-10,-5.101369879882871e-09,3.0
16:12:18.689,0.0,-0.17407955435634084,0.17407955435634084,0.0,0.0,-8.423822684296063e-10,-4.489205494296926e-09,3.0
16:12:18.709,0.0,-0.17407955435634084,0.17407955435634084,0.0,0.0,-7.412963962180535e-10,-3.950500834981295e-09,3.0
16:12:18.730,0.0,-0.17407955435634084,0.17407955435634084,0.0,0.0,-6.523408286718871e-10,-3.4764407347835394e-09,3.0
16:12:18.749,0.0,-0.17407955435634084,0.17407955435634084,0.0,0.0,-5.740599292312606e-10,-3.0592678466095145e-09,3.0
16:12:18.770,0.0,-0.17407955435634084,0.17407955435634084,0.0,0.0,-5.051727377235093e-10,-2.692155705016373e-09,3.0
16:12:18.789,0.0,-0.17407955435634084,0.17407955435634084,0.0,0.0,-4.4455200919668824e-10,-2.3690970204144084e-09,3.0
16:12:18.809,0.0,-0.17407955435634084,0.17407955435634084,0.0,0.0,-3.9120576809308566e-10,-2.084805377964679e-09,3.0
16:12:18.829,0.0,-0.17407955435634084,0.17407955435634084,0.0,0.0,-3.442610759219154e-10,-1.8346287326089178e-09,3.0
16:12:18.849,0.0,-0.17407955435634084,0.17407955435634084,0.0,0.0,-3.0294974681128553e-10,-1.6144732846958475e-09,3.0
16:12:18.870,0.0,-0.17407955435634084,0.17407955435634084,0.0,0.0,-2.665957771939313e-10,-1.420736490532346e-09,3.0
16:12:18.889,0.0,-0.17407955435634084,0.17407955435634084,0.0,0.0,-2.3460428393065953e-10,-1.2502481116684644e-09,3.0
16:12:18.909,0.0,-0.17407955435634084,0.17407955435634084,0.0,0.0,-2.0645176985898038e-10,-1.1002183382682488e-09,3.0
16:12:18.929,0.0,-0.17407955435634084,0.17407955435634084,0.0,0.0,-1.8167755747590274e-10,-9.68192137676059e-10,3.0
16:12:18.949,0.0,-0.17407955435634084,0.17407955435634084,0.0,0.0,-1.5987625057879442e-10,-8.520090811549319e-10,3.0
16:12:18.970,0.0,-0.17407955435634084,0.17407955435634084,0.0,0.0,-1.406911005093391e-10,-7.4976799141634e-10,3.0
16:12:18.990,0.0,-0.17407955435634084,0.17407955435634084,0.0,0.0,-1.238081684482184e-10,-6.597958324463792e-10,3.0
16:12:19.009,0.0,-0.17407955435634084,0.17407955435634084,0.0,0.0,-1.089511882344322e-10,-5.806203325528137e-10,3.0
16:12:19.030,0.0,-0.17407955435634084,0.17407955435634084,0.0,0.0,-9.587704564630033e-11,-5.109458926464761e-10,3.0
16:12:19.050,0.0,-0.17407955435634084,0.17407955435634084,0.0,0.0,-8.43718001687443e-11,-4.49632385528899e-10,1.0
16:12:19.069,0.0,-0.17407955435634084,0.17407955435634084,0.0,0.0,-7.424718414849498e-11,-3.956764992654311e-10,1.0
16:12:19.089,0.0,-0.17407955435634084,0.17407955435634084,0.0,0.0,-6.533752205067559e-11,-3.481953193535794e-10,1.0
16:12:19.109,0.0,-0.17407955435634084,0.17407955435634084,0.0,0.0,-5.7497019404594517e-11,-3.064118810311499e-10,1.0
16:12:19.130,0.0,-0.17407955435634084,0.17407955435634084,0.0,0.0,-5.0597377076043175e-11,-2.696424553074119e-10,1.0
16:12:19.149,0.0,-0.17407955435634084,0.17407955435634084,0.0,0.0,-4.4525691826917996e-11,-2.3728536067052245e-10,1.0
16:12:19.169,0.0,-0.17407955435634084,0.17407955435634084,0.0,0.0,-3.918260880768784e-11,-2.0881111739005978e-10,1.0
16:12:19.189,0.0,-0.17407955435634084,0.17407955435634084,0.0,0.0,-3.44806957507653e-11,-1.837537833032526e-10,1.0
16:12:19.209,0.0,-0.17407955435634084,0.17407955435634084,0.0,0.0,-3.034301226067346e-11,-1.617033293068623e-10,1.0
16:12:19.229,0.0,-0.17407955435634084,0.17407955435634084,0.0,0.0,-2.6701850789392647e-11,-1.4229892979003882e-10,1.0
16:12:19.249,0.0,-0.17407955435634084,0.17407955435634084,0.0,0.0,-2.349762869466553e-11,-1.2522305821523416e-10,1.0
16:12:19.269,0.0,-0.17407955435634084,0.17407955435634084,0.0,0.0,-2.0677913251305665e-11,-1.1019629122940606e-10,1.0
16:12:19.289,0.0,-0.17407955435634084,0.17407955435634084,0.0,0.0,-1.8196563661148984e-11,-9.697273628187732e-11,1.0
16:12:19.309,0.0,-0.17407955435634084,0.17407955435634084,0.0,0.0,-1.6012976021811105e-11,-8.533600792805205e-11,1.0
16:12:19.329,0.0,-0.17407955435634084,0.17407955435634084,0.0,0.0,-1.4091418899193773e-11,-7.50956869766858e-11,1.0
16:12:19.350,0.0,-0.17407955435634084,0.17407955435634084,0.0,0.0,-1.2400448631290521e-11,-6.608420453948351e-11,1.0
16:12:19.369,0.0,-0.17407955435634084,0.17407955435634084,0.0,0.0,-1.0912394795535658e-11,-5.8154099994745486e-11,1.0
16:12:19.389,0.0,-0.17407955435634084,0.17407955435634084,0.0,0.0,-9.60290742007138e-12,-5.117560799537603e-11,1.0
16:12:19.409,0.0,-0.17407955435634084,0.17407955435634084,0.0,0.0,-8.450558529662815e-12,-4.503453503593091e-11,1.0
16:12:19.429,0.0,-0.17407955435634084,0.17407955435634084,0.0,0.0,-7.436491506103277e-12,-3.96303908316192e-11,1.0
16:12:19.449,0.0,-0.17407955435634084,0.17407955435634084,0.0,0.0,-6.544112525370884e-12,-3.4874743931824895e-11,1.0
16:12:19.469,0.0,-0.17407955435634084,0.17407955435634084,0.0,0.0,-5.7588190223263775e-12,-3.068977466000591e-11,1.0
16:12:19.489,0.0,-0.17407955435634084,0.17407955435634084,0.0,0.0,-5.0677607396472125e-12,-2.7007001700805202e-11,1.0
16:12:19.510,0.0,-0.17407955435634084,0.17407955435634084,0.0,0.0,-4.459629450889547e-12,-2.3766161496708577e-11,1.0
16:12:19.529,0.0,-0.17407955435634084,0.17407955435634084,0.0,0.0,-3.924473916782802e-12,-2.0914222117103552e-11,1.0
16:12:19.550,0.0,-0.17407955435634084,0.17407955435634084,0.0,0.0,-3.453537046768866e-12,-1.8404515463051126e-11,1.0
16:12:19.569,0.0,-0.17407955435634084,0.17407955435634084,0.0,0.0,-3.039112601156602e-12,-1.619597360748499e-11,1.0
16:12:19.589,0.0,-0.17407955435634084,0.17407955435634084,0.0,0.0,-2.67441908901781e-12,-1.4252456774586792e-11,1.0
16:12:19.610,0.0,-0.17407955435634084,0.17407955435634084,0.0,0.0,-2.3534887983356726e-12,-1.2542161961636376e-11,1.0
16:12:19.629,0.0,-0.17407955435634084,0.17407955435634084,0.0,0.0,-2.0710701425353918e-12,-1.103710252624001e-11,1.0
16:12:19.649,0.0,-0.17407955435634084,0.17407955435634084,0.0,0.0,-1.8225417254311447e-12,-9.71265022309121e-12,1.0
16:12:19.669,0.0,-0.17407955435634084,0.17407955435634084,0.0,0.0,-1.6038367183794074e-12,-8.547132196320264e-12,1.0
16:12:19.689,0.0,-0.17407955435634084,0.17407955435634084,0.0,0.0,-1.4113763121738785e-12,-7.521476332761832e-12,1.0
16:12:19.709,0.0,-0.17407955435634084,0.17407955435634084,0.0,0.0,-1.2420111547130131e-12,-6.6188991728304134e-12,1.0
16:12:19.729,0.0,-0.17407955435634084,0.17407955435634084,0.0,0.0,-1.0929698161474515e-12,-5.824631272090763e-12,1.0
16:12:19.749,0.0,-0.17407955435634084,0.17407955435634084,0.0,0.0,-9.618134382097574e-13,-5.125675519439872e-12,1.0
16:12:19.770,0.0,-0.17407955435634084,0.17407955435634084,0.0,0.0,-8.463958256245865e-13,-4.510594457107087e-12,1.0
16:12:19.790,0.0,-0.17407955435634084,0.17407955435634084,0.0,0.0,-7.448283265496362e-13,-3.969323122254237e-12,1.0
16:12:19.809,0.0,-0.17407955435634084,0.17407955435634084,0.0,0.0,-6.554489273636798e-13,-3.4930043475837285e-12,1.0
16:12:19.829,0.0,-0.17407955435634084,0.17407955435634084,0.0,0.0,-5.767950560800382e-13,-3.073843825873681e-12,1.0
16:12:19.849,0.0,-0.17407955435634084,0.17407955435634084,0.0,0.0,-5.075796493504336e-13,-2.7049825667688395e-12,1.0
16:12:19.870,0.0,-0.17407955435634084,0.17407955435634084,0.0,0.0,-4.466700914283816e-13,-2.3803846587565787e-12,1.0
16:12:19.890,0.0,-0.17407955435634084,0.17407955435634084,0.0,0.0,-3.930696804569758e-13,-2.094738499705789e-12,1.0
16:12:19.909,0.0,-0.17407955435634084,0.17407955435634084,0.0,0.0,-3.459013188021387e-13,-1.8433698797410943e-12,1.0
16:12:19.930,0.0,-0.17407955435634084,0.17407955435634084,0.0,0.0,-3.0439316054588207e-13,-1.6221654941721632e-12,1.0
16:12:19.950,0.0,-0.17407955435634084,0.17407955435634084,0.0,0.0,-2.678659812803762e-13,-1.4275056348715035e-12,1.0
16:12:19.969,0.0,-0.17407955435634084,0.17407955435634084,0.0,0.0,-2.357220635267311e-13,-1.2562049586869232e-12,1.0
16:12:19.990,0.0,-0.17407955435634084,0.17407955435634084,0.0,0.0,-2.0743541590352336e-13,-1.1054603636444925e-12,1.0
16:12:20.010,0.0,-0.17407955435634084,0.17407955435634084,0.0,0.0,-1.8254316599510055e-13,-9.728051200071534e-13,1.0
16:12:20.030,0.0,-0.17407955435634084,0.17407955435634084,0.0,0.0,-1.606379860756885e-13,-8.56068505606295e-13,1.0
16:12:20.049,0.0,-0.17407955435634084,0.17407955435634084,0.0,0.0,-1.4136142774660587e-13,-7.533402849335395e-13,1.0
16:12:20.070,0.0,-0.17407955435634084,0.17407955435634084,0.0,0.0,-1.2439805641701316e-13,-6.629394507415148e-13,1.0
16:12:20.090,0.0,-0.17407955435634084,0.17407955435634084,0.0,0.0,-1.0947028964697158e-13,-5.83386716652533e-13,1.0
16:12:20.109,0.0,-0.17407955435634084,0.17407955435634084,0.0,0.0,-9.633385488933499e-14,-5.13380310654229e-13,1.0
16:12:20.130,0.0,-0.17407955435634084,0.17407955435634084,0.0,0.0,-8.477379230261479e-14,-4.517746733757216e-13,1.0
16:12:20.149,0.0,-0.17407955435634084,0.17407955435634084,0.0,0.0,-7.460093722630101e-14,-3.9756171257063494e-13,1.0
16:12:20.170,0.0,-0.17407955435634084,0.17407955435634084,0.0,0.0,-6.56488247591449e-14,-3.4985430706215876e-13,1.0
16:12:20.189,0.0,-0.17407955435634084,0.17407955435634084,0.0,0.0,-5.777096578804751e-14,-3.0787179021469974e-13,1.0
16:12:20.209,0.0,-0.17407955435634084,0.17407955435634084,0.0,0.0,-5.0838449893481806e-14,-2.7092717538893576e-13,1.0
16:12:20.230,0.0,-0.17407955435634084,0.17407955435634084,0.0,0.0,-4.4737835906263987e-14,-2.3841591434226347e-13,1.0
16:12:20.249,0.0,-0.17407955435634084,0.17407955435634084,0.0,0.0,-3.9369295597512306e-14,-2.0980600462119182e-13,1.0
16:12:20.269,0.0,-0.17407955435634084,0.17407955435634084,0.0,0.0,-3.464498012581083e-14,-1.846292840666488e-13,1.0
16:12:20.290,0.0,-0.17407955435634084,0.17407955435634084,0.0,0.0,-3.048758251071353e-14,-1.6247376997865093e-13,1.0
16:12:20.309,0.0,-0.17407955435634084,0.17407955435634084,0.0,0.0,-2.6829072609427905e-14,-1.4297691758121283e-13,1.0
16:12:20.329,0.0,-0.17407955435634084,0.17407955435634084,0.0,0.0,-2.3609583896296556e-14,-1.2581968747146728e-13,1.0
16:12:20.349,0.0,-0.17407955435634084,0.17407955435634084,0.0,0.0,-2.077643382874097e-14,-1.1072132497489122e-13,1.0
16:12:20.370,0.0,-0.17407955435634084,0.17407955435634084,0.0,0.0,-1.8283261769292054e-14,-9.743476597790428e-14,1.0
16:12:20.389,0.0,-0.17407955435634084,0.17407955435634084,0.0,0.0,-1.608927035697701e-14,-8.574259406055576e-14,1.0
16:12:20.409,0.0,-0.17407955435634084,0.17407955435634084,0.0,0.0,-1.4158557914139768e-14,-7.545348277328907e-14,1.0
16:12:20.429,0.0,-0.17407955435634084,0.17407955435634084,0.0,0.0,-1.2459530964442996e-14,-6.639906484049439e-14,1.0
16:12:20.449,0.0,-0.17407955435634084,0.17407955435634084,0.0,0.0,-1.0964387248709837e-14,-5.843117705963506e-14,1.0
16:12:20.469,0.0,-0.17407955435634084,0.17407955435634084,0.0,0.0,-9.648660778864657e-15,-5.141943581247886e-14,1.0
16:12:20.489,0.0,-0.17407955435634084,0.17407955435634084,0.0,0.0,-8.490821485400899e-15,-4.52491035149814e-14,1.0
16:12:20.509,0.0,-0.17407955435634084,0.17407955435634084,0.0,0.0,-7.47192290715279e-15,-3.981921109318363e-14,1.0
16:12:20.529,0.0,-0.17407955435634084,0.17407955435634084,0.0,0.0,-6.575292158294456e-15,-3.5040905762001595e-14,1.0
16:12:20.549,0.0,-0.17407955435634084,0.17407955435634084,0.0,0.0,-5.7862570992991215e-15,-3.0835997070561405e-14,1.0
16:12:20.569,0.0,-0.17407955435634084,0.17407955435634084,0.0,0.0,-5.091906247383227e-15,-2.7135677422094038e-14,1.0
16:12:20.589,0.0,-0.17407955435634084,0.17407955435634084,0.0,0.0,-4.48087749769724e-15,-2.3879396131442755e-14,1.0
16:12:20.609,0.0,-0.17407955435634084,0.17407955435634084,0.0,0.0,-3.943172197973571e-15,-2.1013868595669622e-14,1.0
16:12:20.629,0.0,-0.17407955435634084,0.17407955435634084,0.0,0.0,-3.4699915342167427e-15,-1.8492204364189267e-14,1.0
16:12:20.649,0.0,-0.17407955435634084,0.17407955435634084,0.0,0.0,-3.0535925501107335e-15,-1.6273139840486556e-14,1.0
16:12:20.669,0.0,-0.17407955435634084,0.17407955435634084,0.0,0.0,-2.6871614440974455e-15,-1.432036305962817e-14,1.0
16:12:20.689,0.0,-0.17407955435634084,0.17407955435634084,0.0,0.0,-2.364702070805752e-15,-1.2601919492472788e-14,1.0
16:12:20.709,0.0,-0.17407955435634084,0.17407955435634084,0.0,0.0,-2.0809378223090616e-15,-1.1089689153376054e-14,1.0
16:12:20.728,0.0,-0.17407955435634084,0.17407955435634084,0.0,0.0,-1.831225283631974e-15,-9.758926454970927e-15,1.0
16:12:20.749,0.0,-0.17407955435634084,0.17407955435634084,0.0,0.0,-1.6114782495961372e-15,-8.587855280374415e-15,1.0
16:12:20.769,0.0,-0.17407955435634084,0.17407955435634084,0.0,0.0,-1.4181008596446008e-15,-7.557312646729486e-15,1.0
16:12:20.789,0.0,-0.17407955435634084,0.17407955435634084,0.0,0.0,-1.2479287564872487e-15,-6.6504351291219475e-15,1.0
16:12:20.810,0.0,-0.17407955435634084,0.17407955435634084,0.0,0.0,-1.0981773057087788e-15,-5.8523829136273135e-15,1.0
16:12:20.829,0.0,-0.17407955435634084,0.17407955435634084,0.0,0.0,-9.663960290237253e-16,-5.150096963992036e-15,1.0
16:12:20.849,0.0,-0.17407955435634084,0.17407955435634084,0.0,0.0,-8.504285055408782e-16,-4.532085328312991e-15,1.0
16:12:20.869,0.0,-0.17407955435634084,0.17407955435634084,0.0,0.0,-7.483770848759728e-16,-3.988235088915432e-15,1.0
16:12:20.889,0.0,-0.17407955435634084,0.17407955435634084,0.0,0.0,-6.585718346908561e-16,-3.5096468782455804e-15,1.0
16:12:20.910,4.000000000000001,-0.17407955435634084,4.174079554356342,9500.0,0.0,-5.795432145279534e-16,-3.0884892528561107e-15,1.0
16:12:20.930,4.000000000000001,-0.17407955435634084,4.174079554356342,9500.0,0.0,-5.09998028784599e-16,-2.7178705425133775e-15,1.0
16:12:20.950,4.000000000000001,-0.08703977717817042,4.0870397771781715,9500.0,0.0,-4.487982653304472e-16,-2.3917260774117724e-15,1.0
16:12:20.969,4.000000000000001,-0.08703977717817042,4.0870397771781715,9500.0,0.0,-3.949424734907935e-16,-2.1047189481223598e-15,1.0
16:12:20.989,4.000000000000001,0.8703977717817042,3.129602228218297,9500.0,9.0,1.0799999999999996,5.75551280641163,1.0
16:12:21.009,4.000000000000001,2.6111933153451123,1.3888066846548888,9500.0,18.0,3.1104,16.5758768824655,1.0
16:12:21.029,4.000000000000001,4.700147967621203,-0.7001479676212014,-5999.569905147663,19.0,5.017151999999999,26.737298692327528,1.0
16:12:21.049,4.000000000000001,6.440943511184611,-2.4409435111846096,-9500.0,4.0,4.89509376,26.08682854098673,1.0
16:12:21.070,4.000000000000001,6.26686395682827,-2.266863956828269,-9500.0,-5.0,3.7076825088,19.758902001395192,1.0
16:12:21.089,4.000000000000001,5.309426407868395,-1.3094264078683944,-9500.0,-2.0,3.022760607744,16.108830915358517,1.0
16:12:21.109,4.000000000000001,5.222386630690225,-1.2223866306902238,-9310.552339692164,1.0,2.7800293348147203,14.815272628450124,1.0
16:12:21.130,4.000000000000001,4.526068413264862,-0.5260684132648605,-4921.6156816960565,-16.0,0.526425814636954,2.8054171460820974,1.0
16:12:21.149,4.000000000000001,2.4371137609887716,1.5628862390112295,9500.0,-16.0,-1.4567452831194805,-7.763255678401768,1.0
16:12:21.169,4.000000000000001,1.2185568804943858,2.7814431195056155,9500.0,-2.0,-1.521935849145143,-8.110667842862807,1.0
16:12:21.189,4.000000000000001,1.3926364348507267,2.6073635651492744,9500.0,2.0,-1.0993035472477257,-5.8583848558500184,1.0
16:12:21.209,4.000000000000001,1.479676212028897,2.5203237879711042,9500.0,0.0,-0.9673871215779987,-5.155378673148016,1.0
16:12:21.229,4.000000000000001,1.653755766385238,2.346244233614763,9500.0,1.0,-0.7313006669886388,-3.897231809435629,1.0
16:12:21.249,4.000000000000001,3.4815910871268168,0.5184089128731845,4883.833651769983,19.0,1.6364554130499975,8.720963043454535,1.0
16:12:21.269,4.000000000000001,5.918704848115588,-1.9187048481155873,-9500.0,19.0,3.7200807634839976,19.82497451399788,1.0
16:12:21.289,4.000000000000001,7.050221951431804,-3.0502219514318027,-9500.0,2.0,3.513671071865918,18.724980418187386,1.0
16:12:21.309,4.000000000000001,6.35390373400644,-2.3539037340064395,-9500.0,-11.0,1.7720305432420083,9.443467115724019,1.0
16:12:21.329,4.000000000000001,5.918704848115588,-1.9187048481155873,-9500.0,2.0,1.7993868780529674,9.58925390770639,1.0
16:12:21.349,4.000000000000001,5.831665070937418,-1.8316650709374167,-9500.0,1.0,1.7034604526866115,9.078044861716249,1.0
16:12:21.369,4.000000000000001,4.09086952737401,-0.09086952737400841,0.0,-19.0,-0.7809548016357817,-4.16184755744759,1.0
16:12:21.389,4.000000000000001,2.0889546522760902,1.911045347723911,9500.0,-16.0,-2.607240225439488,-13.894448617507893,1.0
16:12:21.409,4.000000000000001,1.479676212028897,2.5203237879711042,9500.0,0.0,-2.2943713983867493,-12.227114783406945,1.0
16:12:21.429,4.000000000000001,1.8278353207415787,2.1721646792584224,9500.0,5.0,-1.4190468305803394,-7.562353894724983,1.0
16:12:21.449,4.000000000000001,1.9148750979197493,2.0851249020802523,9500.0,0.0,-1.2487612109106987,-6.6548714273579845,1.0
16:12:21.469,4.000000000000001,2.1759944294542604,1.8240055705457408,9500.0,18.0,1.0610901343985852,5.654738756748238,1.0
16:12:21.490,4.000000000000001,4.526068413264862,-0.5260684132648605,-4905.477574657295,24.0,3.8137593182707548,20.324204256369466,1.0
16:12:21.509,4.000000000000001,6.702062842719122,-2.702062842719121,-9500.0,15.0,5.156108200078264,27.477821089624516,1.0
16:12:21.529,4.000000000000001,6.702062842719122,-2.702062842719121,-9500.0,-3.0,4.177375216068872,22.261978290065695,1.0
16:12:21.549,4.000000000000001,5.918704848115588,-1.9187048481155873,-9500.0,-4.0,3.196090190140607,17.03253520351931,1.0
16:12:21.569,4.000000000000001,5.831665070937418,-1.8316650709374167,-9500.0,1.0,2.9325593673237345,15.628132402031618,1.0
16:12:21.589,4.000000000000001,5.309426407868395,-1.3094264078683944,-9500.0,-11.0,1.2606522432448863,6.71824086150694,1.0
16:12:21.610,4.000000000000001,3.133431978414135,0.8665680215858662,7070.642289276208,-18.0,-1.0506260259445002,-5.598973654697158,1.0
16:12:21.630,4.000000000000001,1.3055966576725562,2.694403342327445,9500.0,-11.0,-2.24455090283116,-11.961612468414382,1.0
16:12:21.649,4.000000000000001,1.3055966576725562,2.694403342327445,9500.0,3.0,-1.6152047944914205,-8.607714703400777,1.0
16:12:21.669,4.000000000000001,1.7407955435634084,2.259204456436593,9500.0,5.0,-0.8213802191524501,-4.377281824319555,1.0
16:12:21.689,4.000000000000001,1.7407955435634084,2.259204456436593,9500.0,1.0,-0.6028145928541561,-3.2125065824665824,1.0
16:12:21.709,4.000000000000001,2.7852728697014535,1.2147271302985478,9284.977822939649,20.0,1.8695231582883425,9.963022666121923,1.0
16:12:21.730,4.000000000000001,5.222386630690225,-1.2223866306902238,-9303.163284508544,22.0,4.285180379293741,22.836491250749056,1.0
16:12:21.750,4.000000000000001,7.050221951431804,-3.0502219514318027,-9500.0,5.0,4.370958733778492,23.293619415332298,1.0
16:12:21.769,4.000000000000001,6.789102619897292,-2.7891026198972915,-9500.0,-15.0,2.046443685725073,10.905863741473038,1.0
16:12:21.790,4.000000000000001,6.1798241796501,-2.1798241796500983,-9500.0,2.0,2.0408704434380645,10.876162938365525,1.0
16:12:21.809,4.000000000000001,6.0927844024719295,-2.092784402471928,-9500.0,0.0,1.7959659902254967,9.571023385761661,1.0
16:12:21.829,4.000000000000001,4.874227521977543,-0.8742275219775422,-7131.757925446808,-26.0,-1.539549928601563,-8.20453641683001,1.0
16:12:21.849,4.000000000000001,2.7852728697014535,1.2147271302985478,9258.545199993987,-18.0,-3.5148039371693756,-18.73101765963367,1.0
16:12:21.869,4.000000000000001,1.479676212028897,2.5203237879711042,9500.0,0.0,-3.0930274647090505,-16.483295540477634,1.0
16:12:21.889,4.000000000000001,1.653755766385238,2.346244233614763,9500.0,5.0,-2.1218641689439646,-11.307792960947188,1.0
16:12:21.909,4.000000000000001,1.9148750979197493,2.0851249020802523,9500.0,-1.0,-1.9872404686706888,-10.59035922856815,1.0
16:12:21.930,4.000000000000001,2.0019148750979197,1.9980851249020817,9500.0,1.0,-1.628771612430206,-8.680014698205348,1.0
16:12:21.949,4.000000000000001,3.5686308643049873,0.4313691356950141,4330.545609512235,20.0,0.9666809810614185,5.1516155242718105,1.0
16:12:21.969,4.000000000000001,6.0927844024719295,-2.092784402471928,-9500.0,11.0,2.170679263334048,11.567937313640076,1.0
16:12:21.989,4.000000000000001,7.137261728609975,-3.137261728609973,-9500.0,-4.0,1.4301977517339624,7.621779144264764,1.0
16:12:22.009,4.000000000000001,6.615023065540952,-2.6150230655409503,-9500.0,-9.0,0.17857402152588686,0.9516528405413596,1.0
16:12:22.029,4.000000000000001,6.1798241796501,-2.1798241796500983,-9500.0,2.0,0.3971451389427804,2.1164573455456477,1.0
16:12:22.050,4.000000000000001,6.0927844024719295,-2.092784402471928,-9500.0,-1.0,0.22948772226964675,1.2229810411455442,1.0
16:12:22.069,4.000000000000001,4.439028636086691,-0.43902863608669007,-4384.990623804626,-20.0,-2.198050804402711,-11.713805142484437,1.0
16:12:22.089,4.000000000000001,2.4371137609887716,1.5628862390112295,9500.0,-16.0,-3.8542847078743856,-20.540171292340318,1.0
16:12:22.109,4.000000000000001,1.479676212028897,2.5203237879711042,9500.0,-4.0,-3.8717705429294593,-20.63335642899798,1.0
16:12:22.129,4.000000000000001,1.8278353207415787,2.1721646792584224,9500.0,4.0,-2.927158077777924,-15.599347965779721,1.0
16:12:22.149,4.000000000000001,2.0019148750979197,1.9980851249020817,9500.0,3.0,-2.215899108444573,-11.808921941082277,1.0
16:12:22.169,4.000000000000001,2.0889546522760902,1.911045347723911,9500.0,0.0,-1.9499912154312244,-10.391851308152404,1.0
16:12:22.189,4.000000000000001,3.9167899730176687,0.08321002698233243,0.0,24.0,1.1640077304205223,6.2032049992569025,1.0
16:12:22.209,4.000000000000001,6.35390373400644,-2.3539037340064395,-9500.0,13.0,2.5843268027700597,13.77233889749621,1.0
16:12:22.229,4.000000000000001,6.9631821742536335,-2.963182174253632,-9500.0,0.0,2.2742075864376523,12.119658229796665,1.0
16:12:22.250,4.000000000000001,6.26686395682827,-2.266863956828269,-9500.0,-8.0,1.041302676065134,5.549287858744058,1.0
16:12:22.269,4.000000000000001,6.0927844024719295,-2.092784402471928,-9500.0,-2.0,0.676346354937318,3.6043704698255192,1.0
16:12:22.289,4.000000000000001,5.918704848115588,-1.9187048481155873,-9500.0,-2.0,0.3551847923448398,1.8928431675772053,1.0
16:12:22.309,4.000000000000001,3.8297501958394986,0.17024980416050284,0.0,-18.0,-1.8474373827365411,-9.845323625355325,1.0
16:12:22.329,4.000000000000001,2.0019148750979197,1.9980851249020817,9500.0,-11.0,-2.945744896808156,-15.698400442593568,1.0
16:12:22.350,4.000000000000001,1.479676212028897,2.5203237879711042,9500.0,-1.0,-2.7122555091911775,-14.454093812416968,1.0
16:12:22.369,4.000000000000001,1.9148750979197493,2.0851249020802523,9500.0,4.0,-1.9067848480882361,-10.161596863188427,1.0
16:12:22.390,4.000000000000001,2.0019148750979197,1.9980851249020817,9500.0,0.0,-1.6779706663176477,-8.942205239605816,1.0
16:12:22.409,4.000000000000001,2.263034206632431,1.7369657933675704,9500.0,9.0,-0.39661418635952983,-2.1136278044414847,1.0
16:12:22.429,4.000000000000001,4.439028636086691,-0.43902863608669007,-4363.542273982994,21.0,2.1709795160036136,11.569537413718635,1.0
16:12:22.449,4.000000000000001,6.789102619897292,-2.7891026198972915,-9500.0,15.0,3.71046197408318,19.773714268091783,1.0
16:12:22.469,4.000000000000001,6.876142397075463,-2.8761423970754616,-9500.0,-4.0,2.7852065371931984,14.842862864182267,1.0
16:12:22.489,4.000000000000001,6.1798241796501,-2.1798241796500983,-9500.0,-5.0,1.8509817527300148,9.864212205807268,1.0
16:12:22.509,4.000000000000001,6.0927844024719295,-2.092784402471928,-9500.0,1.0,1.748863942402413,9.320008164045023,1.0
16:12:22.529,4.000000000000001,5.570545739402907,-1.5705457394029054,-9500.0,-15.0,-0.26099973068587623,-1.3909141596597663,1.0
16:12:22.549,4.000000000000001,3.394551309948646,0.6054486900513549,5414.068635427147,-18.0,-2.389679763003571,-12.735030073323859,1.0
16:12:22.569,4.000000000000001,1.653755766385238,2.346244233614763,9500.0,-11.0,-3.4229181914431424,-18.24134211680588,1.0
16:12:22.590,4.000000000000001,1.5667159892070674,2.4332840107929337,9500.0,0.0,-3.012168008469965,-16.052381062789173,1.0
16:12:22.609,4.000000000000001,1.9148750979197493,2.0851249020802523,9500.0,0.0,-2.6507078474535692,-14.12609533525447,1.0
16:12:22.629,4.000000000000001,2.0019148750979197,1.9980851249020817,9500.0,-1.0,-2.452622905759141,-13.07046531795856,1.0
16:12:22.649,4.000000000000001,2.7852728697014535,1.2147271302985478,9274.041001290194,15.0,-0.358308157068044,-1.909488135784146,1.0
16:12:22.669,4.000000000000001,5.309426407868395,-1.3094264078683944,-9500.0,26.0,2.8046888217801214,14.946687436810222,1.0
16:12:22.689,4.000000000000001,7.137261728609975,-3.137261728609973,-9500.0,4.0,2.9481261631665068,15.711090636131498,1.0
16:12:22.709,4.000000000000001,6.876142397075463,-2.8761423970754616,-9500.0,-7.0,1.7543510235865263,9.34924979925334,1.0
16:12:22.729,4.000000000000001,6.1798241796501,-2.1798241796500983,-9500.0,-5.0,0.9438289007561432,5.029832708669811,1.0
16:12:22.750,8.000000000000002,6.0927844024719295,1.9072155975280731,9500.0,0.0,0.8305694326654061,4.426252783629434,1.0
16:12:22.769,8.000000000000002,5.135346853512055,2.8646531464879477,9500.0,-9.0,-0.3490988992544427,-1.8604103568177308,1.0
16:12:22.789,8.000000000000002,4.961267299155714,3.038732700844289,9500.0,1.0,-0.1872070313439096,-0.9976596910649773,1.0
16:12:22.809,8.000000000000002,4.961267299155714,3.038732700844289,9500.0,0.0,-0.16474218758264045,-0.87794052813718,1.0
16:12:22.829,8.000000000000002,5.048307076333884,2.9516929236661182,9500.0,1.0,-0.02497312507272359,-0.13308624182609263,1.0
16:12:22.849,8.000000000000002,6.702062842719122,1.2979371572808802,9500.0,16.0,1.8980236499360033,10.114906874147051,1.0
16:12:22.869,8.000000000000002,8.355818609104361,-0.35581860910435764,-3833.1311744165323,12.0,3.1102608119436828,16.575135124464914,1.0
16:12:22.889,8.000000000000002,9.400295935242406,-1.4002959352424027,-9500.0,2.0,2.9770295145104404,15.865121755398373,1.0
16:12:22.909,8.000000000000002,9.400295935242406,-1.4002959352424027,-9500.0,-3.0,2.259785972769188,12.042802875946693,1.0
16:12:22.929,8.000000000000002,8.44285838628253,-0.4428583862825281,-4393.939463171095,-9.0,0.9086116560368851,4.842153724421457,1.0
16:12:22.949,8.000000000000002,8.26877883192619,-0.26877883192618723,-3293.885626167627,1.0,0.9195782573124589,4.900596700425508,1.0
16:12:22.969,8.000000000000002,8.18173905474802,-0.18173905474801683,-2743.8382496045747,1.0,0.9292288664349638,4.952026519309072,1.0
16:12:22.989,8.000000000000002,7.920619723213508,0.07938027678649442,0.0,-9.0,-0.26227859753723193,-1.397729469419649,1.0
16:12:23.009,8.000000000000002,7.3983810601444855,0.601618939855517,5397.521429121907,-5.0,-0.8308051658327641,-4.42750904776242,1.0
16:12:23.029,8.000000000000002,7.224301505788144,0.7756984942118578,6496.243553358476,-3.0,-1.0911085459328325,-5.814712230834807,1.0
16:12:23.049,8.000000000000002,7.224301505788144,0.7756984942118578,6496.886326955461,0.0,-0.9601755204208926,-5.116946763134631,1.0
16:12:23.070,8.000000000000002,7.311341282966315,0.6886587170336873,5947.451967720807,0.0,-0.8449544579703855,-4.502913151558475,1.0
16:12:23.089,8.000000000000002,7.311341282966315,0.6886587170336873,5947.949731594313,0.0,-0.7435599230139393,-3.962563573371458,1.0
16:12:23.109,8.000000000000002,7.3983810601444855,0.601618939855517,5398.387763802998,0.0,-0.6543327322522665,-3.4870559445668827,1.0
16:12:23.130,8.000000000000002,8.5298981634607,-0.5298981634606985,-4945.924855046948,9.0,0.5041871956180055,2.6869035751927757,1.0
16:12:23.149,8.000000000000002,9.052136826529724,-1.052136826529721,-8247.400075287182,-2.0,0.20368473214384486,1.0854723003003908,1.0
16:12:23.169,8.000000000000002,8.791017494995213,-0.7910174949952098,-6600.465573367391,-5.0,-0.4207574357134165,-2.242291490408785,1.0
16:12:23.190,8.000000000000002,8.26877883192619,-0.26877883192618723,-3301.985008832105,-3.0,-0.7302665434278065,-3.8917207803636082,1.0
16:12:23.209,8.000000000000002,8.18173905474802,-0.18173905474801683,-2751.5548077722497,0.0,-0.6426345582164698,-3.424714286719975,1.0
16:12:23.229,8.000000000000002,8.18173905474802,-0.18173905474801683,-2751.176230839578,0.0,-0.5655184112304934,-3.0137485723135784,1.0
16:12:23.249,8.000000000000002,8.094699277569848,-0.0946992775698464,0.0,0.0,-0.4976562018828342,-2.652098743635949,1.0
16:12:23.270,8.000000000000002,7.746540168857167,0.25345983114283527,3197.093681146097,-4.0,-0.9179374576568942,-4.891852586138139,1.0
16:12:23.290,8.000000000000002,7.572460614500827,0.4275393854991761,4298.223540831503,1.0,-0.6877849627380669,-3.6653288528669363,1.0
16:12:23.309,8.000000000000002,7.572460614500827,0.4275393854991761,4298.6287159317235,0.0,-0.6052507672094989,-3.2254893905229043,1.0
16:12:23.330,8.000000000000002,7.572460614500827,0.4275393854991761,4298.98527001992,0.0,-0.5326206751443591,-2.838430663660156,1.0
16:12:23.349,8.000000000000002,7.572460614500827,0.4275393854991761,4299.299037617531,0.0,-0.46870619412703596,-2.497818984020937,1.0
16:12:23.369,8.000000000000002,7.572460614500827,0.4275393854991761,4299.57515310343,0.0,-0.41246145083179164,-2.1980807059384246,1.0
16:12:23.390,8.000000000000002,7.572460614500827,0.4275393854991761,4299.818134731021,0.0,-0.3629660767319767,-1.9343110212258139,1.0
16:12:23.409,8.000000000000002,7.746540168857167,0.25345983114283527,3200.6210599862347,1.0,-0.1994101475241395,-1.0626922757440904,1.0
16:12:23.429,8.000000000000002,8.355818609104361,-0.35581860910435764,-3850.4396700579805,-2.0,-0.41548092982124274,-2.214172048524051,1.0
16:12:23.449,8.000000000000002,8.5298981634607,-0.5298981634606985,-4950.784011073955,-1.0,-0.4856232182426936,-2.5879728256357906,1.0
16:12:23.469,8.000000000000002,8.26877883192619,-0.26877883192618723,-3302.265234013882,-3.0,-0.7873484320535704,-4.1959203553633735,1.0
16:12:23.489,8.000000000000002,8.094699277569848,-0.0946992775698464,0.0,-2.0,-0.932866620207142,-4.97141275858902,1.0
16:12:23.509,8.000000000000002,8.094699277569848,-0.0946992775698464,0.0,0.0,-0.8209226257822849,-4.374843227558338,1.0
16:12:23.529,8.000000000000002,8.094699277569848,-0.0946992775698464,0.0,0.0,-0.7224119106884107,-3.8498620402513373,1.0
16:12:23.549,8.000000000000002,8.007659500391679,-0.007659500391675989,0.0,-1.0,-0.7557224814058014,-4.027380018355803,1.0
16:12:23.569,8.000000000000002,8.007659500391679,-0.007659500391675989,0.0,-1.0,-0.7850357836371052,-4.183595839087732,1.0
16:12:23.589,8.000000000000002,8.007659500391679,-0.007659500391675989,0.0,0.0,-0.6908314896006527,-3.6815643383972043,1.0
16:12:23.609,8.000000000000002,8.007659500391679,-0.007659500391675989,0.0,0.0,-0.6079317108485743,-3.23977661778954,1.0
16:12:23.629,8.000000000000002,8.007659500391679,-0.007659500391675989,0.0,0.0,-0.5349799055467455,-2.851003423654795,1.0
16:12:23.649,8.000000000000002,8.007659500391679,-0.007659500391675989,0.0,0.0,-0.47078231688113603,-2.50888301281622,1.0
16:12:23.669,8.000000000000002,8.007659500391679,-0.007659500391675989,0.0,0.0,-0.41428843885539973,-2.2078170512782735,1.0
16:12:23.689,8.000000000000002,8.007659500391679,-0.007659500391675989,0.0,0.0,-0.36457382619275175,-1.9428790051248808,1.0
16:12:23.709,8.000000000000002,8.007659500391679,-0.007659500391675989,0.0,0.0,-0.32082496704962155,-1.709733524509895,1.0
16:12:23.729,8.000000000000002,8.007659500391679,-0.007659500391675989,0.0,0.0,-0.28232597100366696,-1.5045655015687078,1.0
16:12:23.749,8.000000000000002,8.007659500391679,-0.007659500391675989,0.0,0.0,-0.24844685448322693,-1.3240176413804627,1.0
16:12:23.769,8.000000000000002,8.007659500391679,-0.007659500391675989,0.0,0.0,-0.2186332319452397,-1.1651355244148074,1.0
16:12:23.789,8.000000000000002,8.007659500391679,-0.007659500391675989,0.0,0.0,-0.19239724411181094,-1.0253192614850304,1.0
16:12:23.809,8.000000000000002,8.007659500391679,-0.007659500391675989,0.0,0.0,-0.16930957481839362,-0.9022809501068267,1.0
16:12:23.829,8.000000000000002,8.007659500391679,-0.007659500391675989,0.0,0.0,-0.14899242584018638,-0.7940072360940075,1.0
16:12:23.849,8.000000000000002,8.007659500391679,-0.007659500391675989,0.0,0.0,-0.131113334739364,-0.6987263677627266,1.0
16:12:23.869,8.000000000000002,8.007659500391679,-0.007659500391675989,0.0,0.0,-0.11537973457064034,-0.6148792036311994,1.0
16:12:23.889,8.000000000000002,8.007659500391679,-0.007659500391675989,0.0,0.0,-0.1015341664221635,-0.5410936991954555,1.0
16:12:23.909,8.000000000000002,8.007659500391679,-0.007659500391675989,0.0,0.0,-0.08935006645150388,-0.47616245529200085,1.0
16:12:23.929,8.000000000000002,8.007659500391679,-0.007659500391675989,0.0,0.0,-0.07862805847732342,-0.41902296065696076,1.0
16:12:23.949,8.000000000000002,8.007659500391679,-0.007659500391675989,0.0,0.0,-0.06919269146004461,-0.3687402053781255,1.0
16:12:23.969,8.000000000000002,8.007659500391679,-0.007659500391675989,0.0,0.0,-0.060889568484839264,-0.32449138073275047,1.0
16:12:23.990,8.000000000000002,8.007659500391679,-0.007659500391675989,0.0,0.0,-0.05358282026665855,-0.28555241504482043,1.0
16:12:24.009,8.000000000000002,8.007659500391679,-0.007659500391675989,0.0,0.0,-0.04715288183465953,-0.251286125239442,1.0
16:12:24.029,8.000000000000002,8.007659500391679,-0.007659500391675989,0.0,0.0,-0.041494536014500386,-0.22113179021070895,1.0
16:12:24.049,8.000000000000002,8.007659500391679,-0.007659500391675989,0.0,0.0,-0.03651519169276034,-0.19459597538542386,1.0
16:12:24.070,8.000000000000002,8.007659500391679,-0.007659500391675989,0.0,0.0,-0.0321333686896291,-0.171244458339173,1.0
16:12:24.090,8.000000000000002,8.007659500391679,-0.007659500391675989,0.0,0.0,-0.028277364446873607,-0.15069512333847224,1.0
16:12:24.109,8.000000000000002,8.007659500391679,-0.007659500391675989,0.0,0.0,-0.024884080713248775,-0.1326117085378556,1.0
16:12:24.129,8.000000000000002,8.007659500391679,-0.007659500391675989,0.0,0.0,-0.021897991027658922,-0.11669830351331291,1.0
16:12:24.150,8.000000000000002,8.007659500391679,-0.007659500391675989,0.0,0.0,-0.01927023210433985,-0.10269450709171536,1.0
16:12:24.170,8.000000000000002,8.007659500391679,-0.007659500391675989,0.0,0.0,-0.01695780425181907,-0.09037116624070951,1.0
16:12:24.190,8.000000000000002,8.007659500391679,-0.007659500391675989,0.0,0.0,-0.01492286774160078,-0.07952662629182437,1.0
16:12:24.209,8.000000000000002,8.007659500391679,-0.007659500391675989,0.0,0.0,-0.013132123612608687,-0.06998343113680545,1.0
16:12:24.229,8.000000000000002,8.007659500391679,-0.007659500391675989,0.0,0.0,-0.011556268779095644,-0.061585419400388794,1.0
16:12:24.249,8.000000000000002,7.920619723213508,0.07938027678649442,0.0,0.0,-0.010169516525604166,-0.054195169072342134,1.0
16:12:24.269,8.000000000000002,7.920619723213508,0.07938027678649442,0.0,0.0,-0.008949174542531666,-0.04769174878366108,1.0
16:12:24.290,8.000000000000002,7.920619723213508,0.07938027678649442,0.0,0.0,-0.007875273597427866,-0.041968738929621746,1.0
16:12:24.309,8.000000000000002,7.920619723213508,0.07938027678649442,0.0,0.0,-0.006930240765736523,-0.03693249025806714,1.0
16:12:24.329,8.000000000000002,8.007659500391679,-0.007659500391675989,0.0,0.0,-0.00609861187384814,-0.03250059142709909,1.0
16:12:24.349,8.000000000000002,8.007659500391679,-0.007659500391675989,0.0,0.0,-0.005366778448986363,-0.028600520455847194,1.0
16:12:24.369,8.000000000000002,8.007659500391679,-0.007659500391675989,0.0,0.0,-0.004722765035107999,-0.02516845800114553,1.0
16:12:24.389,8.000000000000002,8.007659500391679,-0.007659500391675989,0.0,0.0,-0.004156033230895039,-0.022148243041008063,1.0
16:12:24.409,8.000000000000002,8.007659500391679,-0.007659500391675989,0.0,0.0,-0.0036573092431876346,-0.019490453876087097,1.0
16:12:24.429,8.000000000000002,8.007659500391679,-0.007659500391675989,0.0,0.0,-0.0032184321340051184,-0.017151599410956647,1.0
16:12:24.449,8.000000000000002,8.007659500391679,-0.007659500391675989,0.0,0.0,-0.002832220277924504,-0.015093407481641848,1.0
16:12:24.469,8.000000000000002,8.007659500391679,-0.007659500391675989,0.0,0.0,-0.0024923538445735635,-0.013282198583844825,1.0
16:12:24.489,8.000000000000002,7.920619723213508,0.07938027678649442,0.0,0.0,-0.002193271383224736,-0.011688334753783447,1.0
16:12:24.509,8.000000000000002,7.920619723213508,0.07938027678649442,0.0,0.0,-0.0019300788172377677,-0.010285734583329433,1.0
16:12:24.529,8.000000000000002,7.920619723213508,0.07938027678649442,0.0,0.0,-0.0016984693591692356,-0.009051446433329901,1.0
16:12:24.549,8.000000000000002,7.920619723213508,0.07938027678649442,0.0,0.0,-0.0014946530360689272,-0.007965272861330313,1.0
16:12:24.569,8.000000000000002,7.920619723213508,0.07938027678649442,0.0,0.0,-0.001315294671740656,-0.007009440117970675,1.0
16:12:24.589,8.000000000000002,7.920619723213508,0.07938027678649442,0.0,0.0,-0.0011574593111317772,-0.006168307303814194,1.0
16:12:24.609,8.000000000000002,7.920619723213508,0.07938027678649442,0.0,0.0,-0.0010185641937959639,-0.00542811042735649,1.0
16:12:24.629,8.000000000000002,7.920619723213508,0.07938027678649442,0.0,0.0,-0.0008963364905404482,-0.004776737176073712,1.0
16:12:24.649,8.000000000000002,7.920619723213508,0.07938027678649442,0.0,0.0,-0.0007887761116755944,-0.004203528714944866,1.0
16:12:24.669,8.000000000000002,7.920619723213508,0.07938027678649442,0.0,0.0,-0.0006941229782745231,-0.003699105269151482,1.0
16:12:24.689,8.000000000000002,7.920619723213508,0.07938027678649442,0.0,0.0,-0.0006108282208815803,-0.003255212636853304,1.0
16:12:24.709,8.000000000000002,7.920619723213508,0.07938027678649442,0.0,0.0,-0.0005375288343757907,-0.002864587120430908,1.0
16:12:24.729,8.000000000000002,7.920619723213508,0.07938027678649442,0.0,0.0,-0.00047302537425069583,-0.002520836665979199,1.0
16:12:24.749,8.000000000000002,7.920619723213508,0.07938027678649442,0.0,0.0,-0.0004162623293406123,-0.0022183362660616953,1.0
16:12:24.769,8.000000000000002,7.920619723213508,0.07938027678649442,0.0,0.0,-0.00036631084981973884,-0.0019521359141342917,1.0
16:12:24.789,8.000000000000002,7.920619723213508,0.07938027678649442,0.0,0.0,-0.0003223535478413702,-0.0017178796044381767,1.0
16:12:24.809,8.000000000000002,7.920619723213508,0.07938027678649442,0.0,0.0,-0.0002836711221004058,-0.0015117340519055955,1.0
16:12:24.829,8.000000000000002,7.920619723213508,0.07938027678649442,0.0,0.0,-0.0002496305874483571,-0.001330325965676924,1.0
16:12:24.849,8.000000000000002,7.920619723213508,0.07938027678649442,0.0,0.0,-0.00021967491695455422,-0.0011706868497956932,1.0
16:12:24.869,8.000000000000002,7.920619723213508,0.07938027678649442,0.0,0.0,-0.0001933139269200077,-0.0010302044278202099,1.0
16:12:24.889,8.000000000000002,7.920619723213508,0.07938027678649442,0.0,0.0,-0.00017011625568960677,-0.0009065798964817847,1.0
16:12:24.909,8.000000000000002,7.920619723213508,0.07938027678649442,0.0,0.0,-0.00014970230500685396,-0.0007977903089039705,1.0
16:12:24.929,8.000000000000002,7.920619723213508,0.07938027678649442,0.0,0.0,-0.0001317380284060315,-0.0007020554718354941,1.0
16:12:24.949,8.000000000000002,7.920619723213508,0.07938027678649442,0.0,0.0,-0.00011592946499730772,-0.0006178088152152348,1.0
16:12:24.969,8.000000000000002,7.920619723213508,0.07938027678649442,0.0,0.0,-0.0001020179291976308,-0.0005436717573894066,1.0
16:12:24.989,8.000000000000002,7.920619723213508,0.07938027678649442,0.0,0.0,-8.97757776939151e-05,-0.00047843114650267786,1.0
16:12:25.009,8.000000000000002,7.920619723213508,0.07938027678649442,0.0,0.0,-7.900268437064529e-05,-0.00042101940892235655,1.0
16:12:25.030,8.000000000000002,7.920619723213508,0.07938027678649442,0.0,0.0,-6.952236224616785e-05,-0.00037049707985167374,1.0
16:12:25.049,8.000000000000002,7.920619723213508,0.07938027678649442,0.0,0.0,-6.117967877662771e-05,-0.0003260374302694729,1.0
16:12:25.069,8.000000000000002,7.920619723213508,0.07938027678649442,0.0,0.0,-5.3838117323432384e-05,-0.0002869129386371361,1.0
16:12:25.089,8.000000000000002,7.920619723213508,0.07938027678649442,0.0,0.0,-4.7377543244620495e-05,-0.0002524833860006798,1.0
16:12:25.109,8.000000000000002,7.920619723213508,0.07938027678649442,0.0,0.0,-4.169223805526604e-05,-0.00022218537968059823,1.0
16:12:25.129,8.000000000000002,7.920619723213508,0.07938027678649442,0.0,0.0,-3.668916948863411e-05,-0.00019552313411892643,1.0
16:12:25.149,8.000000000000002,7.920619723213508,0.07938027678649442,0.0,0.0,-3.228646914999802e-05,-0.00017206035802465528,1.0
16:12:25.169,8.000000000000002,7.920619723213508,0.07938027678649442,0.0,0.0,-2.8412092851998258e-05,-0.00015141311506169664,1.0
16:12:25.189,8.000000000000002,7.920619723213508,0.07938027678649442,0.0,0.0,-2.5002641709758467e-05,-0.00013324354125429305,1.0
16:12:25.209,8.000000000000002,7.920619723213508,0.07938027678649442,0.0,0.0,-2.200232470458745e-05,-0.00011725431630377787,1.0
16:12:25.230,8.000000000000002,7.920619723213508,0.07938027678649442,0.0,0.0,-1.9362045740036957e-05,-0.00010318379834732453,1.0
16:12:25.249,8.000000000000002,7.920619723213508,0.07938027678649442,0.0,0.0,-1.7038600251232523e-05,-9.080174254564559e-05,1.0
16:12:25.269,8.000000000000002,7.920619723213508,0.07938027678649442,0.0,0.0,-1.499396822108462e-05,-7.990553344016812e-05,1.0
16:12:25.289,8.000000000000002,7.920619723213508,0.07938027678649442,0.0,0.0,-1.3194692034554466e-05,-7.031686942734794e-05,1.0
16:12:25.309,8.000000000000002,7.920619723213508,0.07938027678649442,0.0,0.0,-1.161132899040793e-05,-6.18788450960662e-05,1.0
16:12:25.330,8.000000000000002,7.920619723213508,0.07938027678649442,0.0,0.0,-1.0217969511558979e-05,-5.445338368453825e-05,1.0
16:12:25.349,8.000000000000002,7.920619723213508,0.07938027678649442,0.0,0.0,-8.9918131701719e-06,-4.791897764239366e-05,1.0
16:12:25.369,8.000000000000002,7.920619723213508,0.07938027678649442,0.0,0.0,-7.912795589751273e-06,-4.216870032530642e-05,1.0
16:12:25.390,8.000000000000002,7.920619723213508,0.07938027678649442,0.0,0.0,-6.96326011898112e-06,-3.710845628626965e-05,1.0
16:12:25.409,8.000000000000002,7.920619723213508,0.07938027678649442,0.0,0.0,-6.127668904703386e-06,-3.2655441531917295e-05,1.0
16:12:25.429,8.000000000000002,7.920619723213508,0.07938027678649442,0.0,0.0,-5.392348636138979e-06,-2.8736788548087217e-05,1.0
16:12:25.449,8.000000000000002,7.920619723213508,0.07938027678649442,0.0,0.0,-4.745266799802302e-06,-2.528837392231675e-05,1.0
16:12:25.469,8.000000000000002,7.920619723213508,0.07938027678649442,0.0,0.0,-4.175834783826025e-06,-2.225376905163874e-05,1.0
16:12:25.489,8.000000000000002,7.920619723213508,0.07938027678649442,0.0,0.0,-3.674734609766902e-06,-1.958331676544209e-05,1.0
16:12:25.509,8.000000000000002,7.920619723213508,0.07938027678649442,0.0,0.0,-3.233766456594874e-06,-1.723331875358904e-05,1.0
16:12:25.529,8.000000000000002,7.920619723213508,0.07938027678649442,0.0,0.0,-2.845714481803489e-06,-1.5165320503158355e-05,1.0
16:12:25.549,8.000000000000002,7.920619723213508,0.07938027678649442,0.0,0.0,-2.5042287439870706e-06,-1.3345482042779354e-05,1.0
16:12:25.569,8.000000000000002,7.920619723213508,0.07938027678649442,0.0,0.0,-2.2037212947086224e-06,-1.1744024197645833e-05,1.0
16:12:25.589,8.000000000000002,7.920619723213508,0.07938027678649442,0.0,0.0,-1.9392747393435877e-06,-1.0334741293928332e-05,1.0
16:12:25.609,8.000000000000002,7.920619723213508,0.07938027678649442,0.0,0.0,-1.7065617706223572e-06,-9.094572338656933e-06,1.0
16:12:25.629,8.000000000000002,7.920619723213508,0.07938027678649442,0.0,0.0,-1.5017743581476744e-06,-8.0032236580181e-06,1.0
16:12:25.649,8.000000000000002,7.920619723213508,0.07938027678649442,0.0,0.0,-1.3215614351699535e-06,-7.042836819055929e-06,1.0
16:12:25.669,8.000000000000002,7.920619723213508,0.07938027678649442,0.0,0.0,-1.1629740629495591e-06,-6.197696400769218e-06,1.0
16:12:25.689,8.000000000000002,7.920619723213508,0.07938027678649442,0.0,0.0,-1.023417175395612e-06,-5.453972832676912e-06,1.0
16:12:25.709,8.000000000000002,7.920619723213508,0.07938027678649442,0.0,0.0,-9.006071143481386e-07,-4.799496092755682e-06,1.0
16:12:25.729,8.000000000000002,7.920619723213508,0.07938027678649442,0.0,0.0,-7.925342606263619e-07,-4.223556561625e-06,1.0
16:12:25.750,8.000000000000002,7.920619723213508,0.07938027678649442,0.0,0.0,-6.974301493511985e-07,-3.71672977423e-06,1.0
16:12:25.769,8.000000000000002,7.920619723213508,0.07938027678649442,0.0,0.0,-6.137385314290546e-07,-3.2707222013224e-06,1.0
16:12:25.789,8.000000000000002,7.920619723213508,0.07938027678649442,0.0,0.0,-5.400899076575681e-07,-2.8782355371637123e-06,1.0
16:12:25.809,8.000000000000002,7.920619723213508,0.07938027678649442,0.0,0.0,-4.7527911873866e-07,-2.532847272704067e-06,1.0
16:12:25.829,8.000000000000002,7.920619723213508,0.07938027678649442,0.0,0.0,-4.182456244900208e-07,-2.228905599979579e-06,1.0
16:12:25.849,8.000000000000002,7.920619723213508,0.07938027678649442,0.0,0.0,-3.6805614955121827e-07,-1.9614369279820294e-06,1.0
16:12:25.869,8.000000000000002,7.920619723213508,0.07938027678649442,0.0,0.0,-3.2388941160507206e-07,-1.7260644966241858e-06,1.0
16:12:25.889,8.000000000000002,7.920619723213508,0.07938027678649442,0.0,0.0,-2.8502268221246343e-07,-1.5189367570292834e-06,1.0
16:12:25.909,8.000000000000002,7.920619723213508,0.07938027678649442,0.0,0.0,-2.508199603469678e-07,-1.3366643461857695e-06,1.0
16:12:25.929,8.000000000000002,7.920619723213508,0.07938027678649442,0.0,0.0,-2.2072156510533166e-07,-1.176264624643477e-06,1.0
16:12:25.949,8.000000000000002,7.920619723213508,0.07938027678649442,0.0,0.0,-1.9423497729269185e-07,-1.0351128696862598e-06,1.0
16:12:25.970,8.000000000000002,7.920619723213508,0.07938027678649442,0.0,0.0,-1.7092678001756884e-07,-9.108993253239086e-07,1.0
16:12:25.989,8.000000000000002,7.920619723213508,0.07938027678649442,0.0,0.0,-1.5041556641546058e-07,-8.015914062850396e-07,1.0
16:12:26.009,8.000000000000002,7.920619723213508,0.07938027678649442,0.0,0.0,-1.3236569844560532e-07,-7.054004375308349e-07,1.0
16:12:26.029,8.000000000000002,7.920619723213508,0.07938027678649442,0.0,0.0,-1.1648181463213268e-07,-6.207523850271347e-07,1.0
16:12:26.049,8.000000000000002,7.920619723213508,0.07938027678649442,0.0,0.0,-1.0250399687627676e-07,-5.462620988238786e-07,1.0
16:12:26.069,8.000000000000002,7.920619723213508,0.07938027678649442,0.0,0.0,-9.020351725112355e-08,-4.807106469650132e-07,1.0
16:12:26.089,8.000000000000002,7.920619723213508,0.07938027678649442,0.0,0.0,-7.937909518098872e-08,-4.230253693292115e-07,1.0
16:12:26.109,8.000000000000002,7.920619723213508,0.07938027678649442,0.0,0.0,-6.985360375927008e-08,-3.722623250097062e-07,1.0
16:12:26.129,8.000000000000002,7.920619723213508,0.07938027678649442,0.0,0.0,-6.147117130815767e-08,-3.2759084600854146e-07,1.0
16:12:26.150,4.000000000000001,7.920619723213508,-3.9206197232135067,-9500.0,0.0,-5.409463075117875e-08,-2.882799444875165e-07,1.0
16:12:26.170,4.000000000000001,7.920619723213508,-3.9206197232135067,-9500.0,0.0,-4.7603275061037305e-08,-2.536863511490145e-07,1.0
16:12:26.189,4.000000000000001,7.920619723213508,-3.9206197232135067,-9500.0,0.0,-4.189088205371283e-08,-2.232439890111328e-07,1.0
16:12:26.209,4.000000000000001,7.485420837322656,-3.4854208373226547,-9500.0,-11.0,-1.3200000368639762,-7.034515848735594,1.0
16:12:26.229,4.000000000000001,5.483505962224736,-1.483505962224735,-9500.0,-18.0,-3.3216000324402994,-17.701399559710588,1.0
16:12:26.250,4.000000000000001,4.874227521977543,-0.8742275219775422,-7138.549568240545,0.0,-2.9230080285474633,-15.577231612545317,1.0
16:12:26.270,4.000000000000001,4.787187744799373,-0.7871877447993717,-6587.416721474614,-1.0,-2.692247065121768,-14.347465241974508,1.0
16:12:26.289,4.000000000000001,4.787187744799373,-0.7871877447993717,-6585.830714897659,0.0,-2.369177417307156,-12.625769412937567,1.0
16:12:26.310,4.000000000000001,4.787187744799373,-0.7871877447993717,-6584.435029109939,0.0,-2.0848761272302974,-11.11067708338506,1.0
16:12:26.329,4.000000000000001,4.787187744799373,-0.7871877447993717,-6583.206825616746,0.0,-1.8346909919626617,-9.777395833378852,1.0
16:12:26.349,4.000000000000001,4.787187744799373,-0.7871877447993717,-6582.126006542734,0.0,-1.6145280729271423,-8.60410833337339,1.0
16:12:26.370,4.000000000000001,4.787187744799373,-0.7871877447993717,-6581.174885757606,0.0,-1.4207847041758852,-7.571615333368583,1.0
16:12:26.389,4.000000000000001,4.787187744799373,-0.7871877447993717,-6580.337899466692,0.0,-1.250290539674779,-6.6630214933643535,1.0
16:12:26.410,4.000000000000001,4.787187744799373,-0.7871877447993717,-6579.601351530687,0.0,-1.1002556749138055,-5.86345891416063,1.0
16:12:26.429,4.000000000000001,4.787187744799373,-0.7871877447993717,-6578.953189347004,0.0,-0.9682249939241488,-5.1598438444613555,1.0
16:12:26.449,4.000000000000001,4.787187744799373,-0.7871877447993717,-6578.382806625362,0.0,-0.852037994653251,-4.540662583125993,1.0
16:12:26.470,4.000000000000001,4.787187744799373,-0.7871877447993717,-6577.880869830318,0.0,-0.7497934352948609,-3.995783073150873,1.0
16:12:26.489,4.000000000000001,4.787187744799373,-0.7871877447993717,-6577.439165450679,0.0,-0.6598182230594776,-3.5162891043727686,1.0
16:12:26.509,4.000000000000001,4.787187744799373,-0.7871877447993717,-6577.050465596596,0.0,-0.5806400362923403,-3.0943344118480365,1.0
16:12:26.530,4.000000000000001,4.787187744799373,-0.7871877447993717,-6576.708409725004,0.0,-0.5109632319372595,-2.723014282426272,1.0
16:12:26.549,4.000000000000001,4.787187744799373,-0.7871877447993717,-6576.407400558001,0.0,-0.4496476441047883,-2.3962525685351195,1.0
16:12:26.569,4.000000000000001,4.787187744799373,-0.7871877447993717,-6576.14251249104,0.0,-0.3956899268122137,-2.108702260310905,1.0
16:12:26.589,4.000000000000001,4.787187744799373,-0.7871877447993717,-6575.909410992114,0.0,-0.3482071355947481,-1.8556579890735965,1.0
16:12:26.609,4.000000000000001,4.787187744799373,-0.7871877447993717,-6575.704281673059,0.0,-0.30642227932337834,-1.632979030384765,1.0
16:12:26.629,4.000000000000001,4.787187744799373,-0.7871877447993717,-6575.5237678722915,0.0,-0.2696516058045729,-1.4370215467385932,1.0
16:12:26.649,4.000000000000001,4.787187744799373,-0.7871877447993717,-6575.364915727615,0.0,-0.23729341310802418,-1.264578961129962,1.0
16:12:26.669,4.000000000000001,4.787187744799373,-0.7871877447993717,-6575.2251258403,0.0,-0.20881820353506128,-1.1128294857943666,1.0
16:12:26.689,4.000000000000001,4.787187744799373,-0.7871877447993717,-6575.102110739463,0.0,-0.18376001911085393,-0.9792899474990426,1.0
16:12:26.709,4.000000000000001,4.787187744799373,-0.7871877447993717,-6574.993857450727,0.0,-0.16170881681755148,-0.8617751537991576,1.0
16:12:26.729,4.000000000000001,4.787187744799373,-0.7871877447993717,-6574.898594556638,0.0,-0.1423037587994453,-0.7583621353432587,1.0
16:12:26.749,4.000000000000001,4.787187744799373,-0.7871877447993717,-6574.814763209841,0.0,-0.12522730774351185,-0.6673586791020676,1.0
16:12:26.769,4.000000000000001,4.787187744799373,-0.7871877447993717,-6574.740991624659,0.0,-0.11020003081429043,-0.5872756376098195,1.0
16:12:26.789,4.000000000000001,4.787187744799373,-0.7871877447993717,-6574.676072629698,0.0,-0.09697602711657557,-0.5168025610966411,1.0
16:12:26.809,4.000000000000001,4.787187744799373,-0.7871877447993717,-6574.6189439141335,0.0,-0.08533890386258651,-0.4547862537650442,1.0
16:12:26.829,4.000000000000001,4.787187744799373,-0.7871877447993717,-6574.568670644436,0.0,-0.07509823539907613,-0.4002119033132389,1.0
16:12:26.850,4.000000000000001,4.787187744799373,-0.7871877447993717,-6574.524430167103,0.0,-0.066086447151187,-0.3521864749156503,1.0
16:12:26.869,4.000000000000001,4.787187744799373,-0.7871877447993717,-6574.485498547049,0.0,-0.05815607349304456,-0.30992409792577225,1.0
16:12:26.889,4.000000000000001,4.787187744799373,-0.7871877447993717,-6574.451238721403,0.0,-0.05117734467387921,-0.27273320617467955,1.0
16:12:26.909,4.000000000000001,4.787187744799373,-0.7871877447993717,-6574.421090074833,0.0,-0.045036063313013706,-0.24000522143371802,1.0
16:12:26.929,4.000000000000001,4.787187744799373,-0.7871877447993717,-6574.394559265852,0.0,-0.03963173571545206,-0.21120459486167184,1.0
16:12:26.949,4.000000000000001,4.787187744799373,-0.7871877447993717,-6574.371212153948,0.0,-0.03487592742959781,-0.1858600434782712,1.0
16:12:26.969,4.000000000000001,4.787187744799373,-0.7871877447993717,-6574.350666695474,0.0,-0.030690816138046074,-0.1635568382608787,1.0
16:12:26.989,4.000000000000001,4.787187744799373,-0.7871877447993717,-6574.332586692016,0.0,-0.027007918201480546,-0.14393001766957325,1.0
16:12:27.009,4.000000000000001,4.787187744799373,-0.7871877447993717,-6574.316676288972,0.0,-0.02376696801730288,-0.12665841554922444,1.0
16:12:27.029,4.000000000000001,4.787187744799373,-0.7871877447993717,-6574.302675134295,0.0,-0.020914931855226537,-0.11145940568331753,1.0
16:12:27.049,4.000000000000001,4.787187744799373,-0.7871877447993717,-6574.290354118179,0.0,-0.01840514003259935,-0.09808427700131941,1.0
16:12:27.069,4.000000000000001,4.787187744799373,-0.7871877447993717,-6574.279511623996,0.0,-0.016196523228687427,-0.08631416376116108,1.0
16:12:27.089,4.000000000000001,4.787187744799373,-0.7871877447993717,-6574.269970229115,0.0,-0.014252940441244937,-0.07595646410982175,1.0
16:12:27.109,4.000000000000001,4.787187744799373,-0.7871877447993717,-6574.26157380162,0.0,-0.012542587588295545,-0.06684168841664315,1.0
16:12:27.129,4.000000000000001,4.787187744799373,-0.7871877447993717,-6574.254184945425,0.0,-0.01103747707770008,-0.05882068580664597,1.0
16:12:27.149,4.000000000000001,4.787187744799373,-0.7871877447993717,-6574.247682751972,0.0,-0.00971297982837607,-0.05176220350984845,1.0
16:12:27.169,4.000000000000001,4.787187744799373,-0.7871877447993717,-6574.241960821735,0.0,-0.008547422248970942,-0.045550739088666636,1.0
16:12:27.189,4.000000000000001,4.787187744799373,-0.7871877447993717,-6574.236925523125,0.0,-0.007521731579094429,-0.040084650398026646,1.0
16:12:27.209,4.000000000000001,4.787187744799373,-0.7871877447993717,-6574.23249446035,0.0,-0.0066191237896030975,-0.03527449235026345,1.0
16:12:27.230,4.000000000000001,4.787187744799373,-0.7871877447993717,-6574.228595125107,0.0,-0.005824828934850726,-0.031041553268231836,1.0
16:12:27.250,5.000000000000004,4.787187744799373,0.21281225520063102,2944.724836289926,0.0,-0.005125849462668639,-0.027316566876044012,1.0
16:12:27.269,5.000000000000004,4.787187744799373,0.21281225520063102,2944.727855935138,0.0,-0.004510747527148402,-0.024038578850918733,1.0
16:12:27.289,5.000000000000004,4.787187744799373,0.21281225520063102,2944.7305132229244,0.0,-0.003969457823890594,-0.021153949388808484,1.0
16:12:27.309,5.000000000000004,4.787187744799373,0.21281225520063102,2944.732851636177,0.0,-0.0034931228850237227,-0.018615475462151466,1.0
16:12:27.329,5.000000000000004,4.787187744799373,0.21281225520063102,2944.734909439839,0.0,-0.003073948138820876,-0.01638161840669329,1.0
16:12:27.349,5.000000000000004,4.787187744799373,0.21281225520063102,2944.736720307062,0.0,-0.002705074362162371,-0.014415824197890096,1.0
16:12:27.369,5.000000000000004,4.787187744799373,0.21281225520063102,2944.7383138702176,0.0,-0.0023804654387028865,-0.012685925294143285,1.0
16:12:27.389,5.000000000000004,4.787187744799373,0.21281225520063102,2944.7397162057946,0.0,-0.0020948095860585402,-0.011163614258846091,1.0
16:12:27.410,5.000000000000004,4.787187744799373,0.21281225520063102,2944.7409502611026,0.0,-0.0018434324357315154,-0.00982398054778456,1.0
16:12:27.429,5.000000000000004,4.787187744799373,0.21281225520063102,2944.742036229774,0.0,-0.0016222205434437335,-0.008645102882050414,1.0
16:12:27.450,5.000000000000004,4.787187744799373,0.21281225520063102,2944.7429918822045,0.0,-0.0014275540782304856,-0.007607690536204364,1.0
16:12:27.469,5.000000000000004,4.787187744799373,0.21281225520063102,2944.743832856343,0.0,-0.0012562475888428274,-0.00669476767185984,1.0
16:12:27.489,5.000000000000004,4.787187744799373,0.21281225520063102,2944.7445729135848,0.0,-0.0011054978781816882,-0.00589139555123666,1.0
16:12:27.509,5.000000000000004,4.787187744799373,0.21281225520063102,2944.745224163958,0.0,-0.0009728381327998856,-0.005184428085088261,1.0
16:12:27.530,5.000000000000004,4.787187744799373,0.21281225520063102,2944.7457972642865,0.0,-0.0008560975568638994,-0.00456229671487767,1.0
16:12:27.550,5.000000000000004,4.787187744799373,0.21281225520063102,2944.746301592575,0.0,-0.0007533658500402314,-0.00401482110909235,1.0
16:12:27.569,5.000000000000004,4.787187744799373,0.21281225520063102,2944.74674540147,0.0,-0.0006629619480354037,-0.003533042576001267,1.0
16:12:27.589,5.000000000000004,4.787187744799373,0.21281225520063102,2944.747135953297,0.0,-0.0005834065142711552,-0.0031090774668811154,1.0
16:12:27.609,5.000000000000004,4.787187744799373,0.21281225520063102,2944.747479638904,0.0,-0.0005133977325586166,-0.0027359881708553815,1.0
16:12:27.629,5.000000000000004,4.787187744799373,0.21281225520063102,2944.747782082239,0.0,-0.0004517900046515826,-0.0024076695903527357,1.0
16:12:27.649,5.000000000000004,4.787187744799373,0.21281225520063102,2944.7480482323735,0.0,-0.0003975752040933927,-0.0021187492395104072,1.0
16:12:27.669,5.000000000000004,4.787187744799373,0.21281225520063102,2944.7482824444924,0.0,-0.00034986617960218556,-0.0018644993307691585,1.0
16:12:27.689,5.000000000000004,4.787187744799373,0.21281225520063102,2944.7484885511562,0.0,-0.0003078822380499233,-0.0016407594110768595,1.0
16:12:27.709,5.000000000000004,4.787187744799373,0.21281225520063102,2944.7486699250207,0.0,-0.0002709363694839325,-0.0014438682817476364,1.0
16:12:27.729,5.000000000000004,4.787187744799373,0.21281225520063102,2944.7488295340218,0.0,-0.0002384240051458606,-0.00127060408793792,1.0
16:12:27.749,5.000000000000004,4.787187744799373,0.21281225520063102,2944.748969989943,0.0,-0.00020981312452835732,-0.0011181315973853695,1.0
16:12:27.769,5.000000000000004,4.787187744799373,0.21281225520063102,2944.749093591153,0.0,-0.00018463554958495445,-0.0009839558056991252,1.0
16:12:27.789,5.000000000000004,4.787187744799373,0.21281225520063102,2944.7492023602176,0.0,-0.00016247928363475993,-0.0008658811090152303,1.0
16:12:27.809,5.000000000000004,4.787187744799373,0.21281225520063102,2944.749298076995,0.0,-0.00014298176959858875,-0.0007619753759334027,1.0
16:12:27.829,5.000000000000004,4.787187744799373,0.21281225520063102,2944.749382307759,0.0,-0.0001258239572467581,-0.0006705383308213944,1.0
16:12:27.849,5.000000000000004,4.787187744799373,0.21281225520063102,2944.7494564308313,0.0,-0.00011072508237714713,-0.0005900737311228271,1.0
16:12:27.869,5.000000000000004,4.787187744799373,0.21281225520063102,2944.7495216591346,0.0,-9.743807249188947e-05,-0.0005192648833880878,1.0
16:12:27.889,5.000000000000004,4.787187744799373,0.21281225520063102,2944.7495790600415,0.0,-8.574550379286273e-05,-0.00045695309738151725,1.0
16:12:27.909,5.000000000000004,4.787187744799373,0.21281225520063102,2944.74962957284,0.0,-7.54560433377192e-05,-0.00040211872569573514,1.0
16:12:27.929,5.000000000000004,4.787187744799373,0.21281225520063102,2944.749674024102,0.0,-6.64013181371929e-05,-0.00035386447861224696,1.0
16:12:27.949,5.000000000000004,4.787187744799373,0.21281225520063102,2944.7497131412133,0.0,-5.8433159960729756e-05,-0.00031140074117877735,1.0
16:12:27.969,5.000000000000004,4.787187744799373,0.21281225520063102,2944.7497475642713,0.0,-5.142118076544219e-05,-0.00027403265223732405,1.0
16:12:27.989,5.000000000000004,4.787187744799373,0.21281225520063102,2944.749777856562,0.0,-4.525063907358913e-05,-0.0002411487339688452,1.0
16:12:28.009,5.000000000000004,4.787187744799373,0.21281225520063102,2944.7498045137777,0.0,-3.9820562384758434e-05,-0.0002122108858925838,1.0
16:12:28.029,5.000000000000004,4.787187744799373,0.21281225520063102,2944.749827972128,0.0,-3.504209489858742e-05,-0.00018674557958547373,1.0
16:12:28.049,5.000000000000004,4.787187744799373,0.21281225520063102,2944.7498486154755,0.0,-3.083704351075693e-05,-0.0001643361100352169,1.0
16:12:28.069,5.000000000000004,4.787187744799373,0.21281225520063102,2944.749866781622,0.0,-2.7136598289466098e-05,-0.00014461577683099085,1.0
16:12:28.089,5.000000000000004,4.787187744799373,0.21281225520063102,2944.7498827678305,0.0,-2.3880206494730168e-05,-0.00012726188361127195,1.0
16:12:28.109,5.000000000000004,4.787187744799373,0.21281225520063102,2944.749896835694,0.0,-2.1014581715362548e-05,-0.00011199045757791932,1.0
16:12:28.129,5.000000000000004,4.787187744799373,0.21281225520063102,2944.7499092154144,0.0,-1.8492831909519044e-05,-9.855160266856902e-05,1.0
16:12:28.149,5.000000000000004,4.787187744799373,0.21281225520063102,2944.749920109568,0.0,-1.627369208037676e-05,-8.672541034834074e-05,1.0
16:12:28.169,5.000000000000004,4.787187744799373,0.21281225520063102,2944.749929696423,0.0,-1.4320849030731549e-05,-7.631836110653985e-05,1.0
16:12:28.189,5.000000000000004,4.787187744799373,0.21281225520063102,2944.7499381328557,0.0,-1.2602347147043762e-05,-6.716015777375507e-05,1.0
16:12:28.210,5.999999999999997,4.787187744799373,1.212812255200624,9263.699945556871,0.0,-1.1090065489398512e-05,-5.910093884090446e-05,1.0
16:12:28.229,5.999999999999997,4.787187744799373,1.212812255200624,9263.699952090044,0.0,-9.75925763067069e-06,-5.200882617999593e-05,1.0
16:12:28.249,5.999999999999997,4.787187744799373,1.212812255200624,9263.699957839237,0.0,-8.588146714990208e-06,-4.576776703839642e-05,1.0
16:12:28.269,5.999999999999997,4.787187744799373,1.212812255200624,9263.699962898529,0.0,-7.557569109191384e-06,-4.027563499378885e-05,1.0
16:12:28.289,5.999999999999997,4.787187744799373,1.212812255200624,9263.6999673507,0.0,-6.650660816088417e-06,-3.544255879453419e-05,1.0
16:12:28.309,5.999999999999997,4.787187744799373,1.212812255200624,9263.699971268616,0.0,-5.852581518157807e-06,-3.1189451739190084e-05,1.0
16:12:28.330,5.999999999999997,4.787187744799373,1.212812255200624,9263.699974716377,0.0,-5.15027173597887e-06,-2.7446717530487274e-05,1.0
16:12:28.349,5.999999999999997,4.787187744799373,1.212812255200624,9263.699977750412,0.0,-4.532239127661406e-06,-2.4153111426828804e-05,1.0
16:12:28.369,5.999999999999997,4.787187744799373,1.212812255200624,9263.699980420359,0.0,-3.988370432342038e-06,-2.125473805560935e-05,1.0
16:12:28.389,5.999999999999997,4.787187744799373,1.212812255200624,9263.699982769915,0.0,-3.5097659804609935e-06,-1.8704169488936228e-05,1.0
16:12:28.409,5.999999999999997,4.787187744799373,1.212812255200624,9263.699984837522,0.0,-3.0885940628056742e-06,-1.645966915026388e-05,1.0
16:12:28.429,5.999999999999997,4.787187744799373,1.212812255200624,9263.699986657017,0.0,-2.7179627752689933e-06,-1.4484508852232215e-05,1.0
16:12:28.449,5.999999999999997,4.787187744799373,1.212812255200624,9263.699988258173,0.0,-2.3918072422367143e-06,-1.274636778996435e-05,1.0
16:12:28.469,5.999999999999997,4.787187744799373,1.212812255200624,9263.69998966719,0.0,-2.1047903731683087e-06,-1.1216803655168628e-05,1.0
16:12:28.489,5.999999999999997,4.787187744799373,1.212812255200624,9263.699990907126,0.0,-1.8522155283881116e-06,-9.870787216548393e-06,1.0
16:12:28.509,5.999999999999997,4.787187744799373,1.212812255200624,9263.699991998268,0.0,-1.6299496649815382e-06,-8.686292750562586e-06,1.0
16:12:28.529,5.999999999999997,4.787187744799373,1.212812255200624,9263.699992958474,0.0,-1.4343557051837536e-06,-7.643937620495076e-06,1.0
16:12:28.549,5.999999999999997,4.787187744799373,1.212812255200624,9263.699993803455,0.0,-1.2622330205617032e-06,-6.726665106035667e-06,1.0
16:12:28.570,5.999999999999997,4.787187744799373,1.212812255200624,9263.69999454704,0.0,-1.1107650580942988e-06,-5.919465293311386e-06,1.0
16:12:28.589,5.999999999999997,4.787187744799373,1.212812255200624,9263.699995201392,0.0,-9.77473251122983e-07,-5.2091294581140205e-06,1.0
16:12:28.609,5.999999999999997,4.787187744799373,1.212812255200624,9263.699995777222,0.0,-8.601764609882251e-07,-4.584033923140338e-06,1.0
16:12:28.629,5.999999999999997,4.787187744799373,1.212812255200624,9263.699996283955,0.0,-7.569552856696381e-07,-4.033949852363498e-06,1.0
16:12:28.649,5.999999999999997,4.787187744799373,1.212812255200624,9263.699996729878,0.0,-6.661206513892815e-07,-3.549875870079878e-06,1.0
16:12:28.669,5.999999999999997,4.787187744799373,1.212812255200624,9263.69999712229,0.0,-5.861861732225678e-07,-3.123890765670293e-06,1.0
16:12:28.689,5.999999999999997,4.787187744799373,1.212812255200624,9263.699997467613,0.0,-5.158438324358596e-07,-2.7490238737898577e-06,1.0
16:12:28.709,5.999999999999997,4.787187744799373,1.212812255200624,9263.699997771497,0.0,-4.5394257254355646e-07,-2.4191410089350748e-06,1.0
16:12:28.729,5.999999999999997,4.787187744799373,1.212812255200624,9263.699998038916,0.0,-3.994694638383297e-07,-2.128844087862866e-06,1.0
16:12:28.749,5.999999999999997,4.787187744799373,1.212812255200624,9263.699998274244,0.0,-3.5153312817773016e-07,-1.873382797319322e-06,1.0
16:12:28.769,5.999999999999997,4.787187744799373,1.212812255200624,9263.699998481332,0.0,-3.0934915279640255e-07,-1.6485768616410034e-06,1.0
16:12:28.789,5.999999999999997,4.787187744799373,1.212812255200624,9263.69999866357,0.0,-2.7222725446083425e-07,-1.450747638244083e-06,1.0
16:12:28.809,5.999999999999997,4.787187744799373,1.212812255200624,9263.69999882394,0.0,-2.3955998392553416e-07,-1.2766579216547932e-06,1.0
16:12:28.829,5.999999999999997,4.787187744799373,1.212812255200624,9263.699998965065,0.0,-2.1081278585447007e-07,-1.123458971056218e-06,1.0
16:12:28.849,5.999999999999997,4.787187744799373,1.212812255200624,9263.699999089255,0.0,-1.8551525155193367e-07,-9.88643894529472e-07,1.0
16:12:28.869,5.999999999999997,4.787187744799373,1.212812255200624,9263.699999198543,0.0,-1.6325342136570164e-07,-8.700066271859353e-07,1.0
16:12:28.889,5.999999999999997,4.787187744799373,1.212812255200624,9263.699999294717,0.0,-1.4366301080181745e-07,-7.656058319236232e-07,1.0
16:12:28.909,5.999999999999997,4.787187744799373,1.212812255200624,9263.699999379347,0.0,-1.2642344950559935e-07,-6.737331320927883e-07,1.0
16:12:28.929,5.999999999999997,4.787187744799373,1.212812255200624,9263.699999453824,0.0,-1.1125263556492743e-07,-5.928851562416538e-07,1.0
16:12:28.949,5.999999999999997,4.787187744799373,1.212812255200624,9263.699999519364,0.0,-9.790231929713614e-08,-5.217389374926553e-07,1.0
16:12:28.969,5.999999999999997,4.787187744799373,1.212812255200624,9263.699999577035,0.0,-8.61540409814798e-08,-4.591302649935367e-07,1.0
16:12:28.989,5.999999999999997,4.787187744799373,1.212812255200624,9263.699999627792,0.0,-7.581555606370222e-08,-4.0403463319431224e-07,1.0
16:12:29.009,5.999999999999997,4.787187744799373,1.212812255200624,9263.699999672453,0.0,-6.671768933605795e-08,-3.5555047721099476e-07,1.0
16:12:29.029,5.999999999999997,4.787187744799373,1.212812255200624,9263.699999711756,0.0,-5.8711566615731e-08,-3.1288441994567536e-07,1.0
16:12:29.049,5.999999999999997,4.787187744799373,1.212812255200624,9263.699999746344,0.0,-5.166617862184328e-08,-2.7533828955219435e-07,1.0
16:12:29.069,5.999999999999997,4.787187744799373,1.212812255200624,9263.69999977678,0.0,-4.5466237187222086e-08,-2.4229769480593104e-07,1.0
16:12:29.090,5.999999999999997,4.787187744799373,1.212812255200624,9263.699999803564,0.0,-4.0010288724755435e-08,-2.1322197142921928e-07,1.0
16:12:29.109,5.999999999999997,4.787187744799373,1.212812255200624,9263.699999827135,0.0,-3.520905407778478e-08,-1.8763533485771297e-07,1.0
16:12:29.129,5.999999999999997,4.787187744799373,1.212812255200624,9263.699999847877,0.0,-3.098396758845061e-08,-1.6511909467478743e-07,1.0
16:12:29.149,5.999999999999997,4.787187744799373,1.212812255200624,9263.69999986613,0.0,-2.7265891477836537e-08,-1.4530480331381294e-07,1.0
16:12:29.169,5.999999999999997,4.787187744799373,1.212812255200624,9263.699999882192,0.0,-2.3993984500496153e-08,-1.2786822691615538e-07,1.0
16:12:29.189,5.999999999999997,4.787187744799373,1.212812255200624,9263.699999896327,0.0,-2.1114706360436613e-08,-1.1252403968621673e-07,1.0
16:12:29.209,5.999999999999997,4.787187744799373,1.212812255200624,9263.699999908766,0.0,-1.8580941597184218e-08,-9.902115492387072e-08,1.0
16:12:29.229,5.999999999999997,4.787187744799373,1.212812255200624,9263.699999919712,0.0,-1.635122860552211e-08,-8.713861633300623e-08,1.0
16:12:29.249,5.999999999999997,4.787187744799373,1.212812255200624,9263.699999929344,0.0,-1.4389081172859458e-08,-7.668198237304548e-08,1.0
16:12:29.269,5.999999999999997,4.787187744799373,1.212812255200624,9263.69999993782,0.0,-1.2662391432116323e-08,-6.748014448828003e-08,1.0
16:12:29.289,5.999999999999997,4.787187744799373,1.212812255200624,9263.69999994528,0.0,-1.1142904460262364e-08,-5.938252714968642e-08,1.0
16:12:29.310,2.9999999999999987,4.787187744799373,-1.7871877447993745,-9500.0,0.0,-9.805755925030881e-09,-5.225662389172405e-08,1.0
16:12:29.329,2.9999999999999987,4.787187744799373,-1.7871877447993745,-9500.0,0.0,-8.629065214027175e-09,-4.598582902471716e-08,1.0
16:12:29.349,2.9999999999999987,4.787187744799373,-1.7871877447993745,-9500.0,0.0,-7.593577388343914e-09,-4.046752954175111e-08,1.0
16:12:29.369,2.9999999999999987,4.787187744799373,-1.7871877447993745,-9500.0,0.0,-6.6823481017426446e-09,-3.561142599674097e-08,1.0
16:12:29.389,2.9999999999999987,4.787187744799373,-1.7871877447993745,-9500.0,0.0,-5.880466329533527e-09,-3.1338054877132054e-08,1.0
16:12:29.409,2.9999999999999987,4.787187744799373,-1.7871877447993745,-9500.0,0.0,-5.1748103699895035e-09,-2.7577488291876207e-08,1.0
16:12:29.429,2.9999999999999987,4.787187744799373,-1.7871877447993745,-9500.0,0.0,-4.553833125590763e-09,-2.4268189696851064e-08,1.0
16:12:29.449,2.9999999999999987,4.787187744799373,-1.7871877447993745,-9500.0,0.0,-4.007373150519872e-09,-2.1356006933228937e-08,1.0
16:12:29.469,2.9999999999999987,4.787187744799373,-1.7871877447993745,-9500.0,0.0,-3.5264883724574873e-09,-1.8793286101241464e-08,1.0
16:12:29.489,2.9999999999999987,4.787187744799373,-1.7871877447993745,-9500.0,0.0,-3.1033097677625886e-09,-1.6538091769092487e-08,1.0
16:12:29.509,2.9999999999999987,4.787187744799373,-1.7871877447993745,-9500.0,0.0,-2.730912595631078e-09,-1.455352075680139e-08,1.0
16:12:29.529,2.9999999999999987,4.787187744799373,-1.7871877447993745,-9500.0,0.0,-2.4032030841553486e-09,-1.2807098265985223e-08,1.0
16:12:29.549,2.9999999999999987,4.787187744799373,-1.7871877447993745,-9500.0,0.0,-2.114818714056707e-09,-1.1270246474066996e-08,1.0
16:12:29.569,2.9999999999999987,4.787187744799373,-1.7871877447993745,-9500.0,0.0,-1.861040468369902e-09,-9.917816897178958e-09,1.0
16:12:29.589,2.9999999999999987,4.787187744799373,-1.7871877447993745,-9500.0,0.0,-1.6377156121655139e-09,-8.727678869517482e-09,1.0
16:12:29.609,2.9999999999999987,4.700147967621203,-1.7001479676212041,-9500.0,0.0,-1.4411897387056521e-09,-7.680357405175384e-09,1.0
16:12:29.629,2.9999999999999987,4.787187744799373,-1.7871877447993745,-9500.0,0.0,-1.268246970060974e-09,-6.758714516554339e-09,1.0
16:12:29.649,2.9999999999999987,4.787187744799373,-1.7871877447993745,-9500.0,0.0,-1.116057333653657e-09,-5.947668774567818e-09,1.0
16:12:29.669,2.9999999999999987,4.787187744799373,-1.7871877447993745,-9500.0,0.0,-9.821304536152182e-10,-5.23394852161968e-09,1.0
16:12:29.689,2.9999999999999987,4.700147967621203,-1.7001479676212041,-9500.0,0.0,-8.64274799181392e-10,-4.605874699025318e-09,1.0
16:12:29.709,2.9999999999999987,4.700147967621203,-1.7001479676212041,-9500.0,0.0,-7.60561823279625e-10,-4.05316973514228e-09,1.0
16:12:29.729,2.9999999999999987,4.700147967621203,-1.7001479676212041,-9500.0,0.0,-6.692944044860699e-10,-3.566789366925206e-09,1.0
16:12:29.749,2.9999999999999987,4.700147967621203,-1.7001479676212041,-9500.0,0.0,-5.889790759477415e-10,-3.138774642894181e-09,1.0
16:12:29.769,2.9999999999999987,4.700147967621203,-1.7001479676212041,-9500.0,0.0,-5.183015868340125e-10,-2.7621216857468795e-09,1.0
16:12:29.789,2.9999999999999987,4.700147967621203,-1.7001479676212041,-9500.0,0.0,-4.5610539641393105e-10,-2.430667083457254e-09,1.0
16:12:29.809,2.9999999999999987,4.787187744799373,-1.7871877447993745,-9500.0,0.0,-4.0137274884425935e-10,-2.1389870334423838e-09,1.0
16:12:29.829,2.9999999999999987,4.787187744799373,-1.7871877447993745,-9500.0,0.0,-3.5320801898294823e-10,-1.8823085894292975e-09,1.0
16:12:29.849,2.9999999999999987,4.787187744799373,-1.7871877447993745,-9500.0,0.0,-3.1082305670499443e-10,-1.656431558697782e-09,1.0
16:12:29.869,2.9999999999999987,4.700147967621203,-1.7001479676212041,-9500.0,0.0,-2.735242899003951e-10,-1.4576597716540478e-09,1.0
16:12:29.889,2.9999999999999987,4.700147967621203,-1.7001479676212041,-9500.0,0.0,-2.4070137511234765e-10,-1.282740599055562e-09,1.0
16:12:29.909,2.9999999999999987,4.700147967621203,-1.7001479676212041,-9500.0,0.0,-2.1181721009886592e-10,-1.1288117271688945e-09,1.0
16:12:29.930,2.9999999999999987,4.700147967621203,-1.7001479676212041,-9500.0,0.0,-1.8639914488700202e-10,-9.933543199086273e-10,1.0
16:12:29.949,2.9999999999999987,4.700147967621203,-1.7001479676212041,-9500.0,0.0,-1.6403124750056179e-10,-8.741518015195921e-10,1.0
16:12:29.969,2.9999999999999987,4.700147967621203,-1.7001479676212041,-9500.0,0.0,-1.4434749780049436e-10,-7.69253585337241e-10,1.0
16:12:29.989,2.9999999999999987,4.700147967621203,-1.7001479676212041,-9500.0,0.0,-1.2702579806443503e-10,-6.76943155096772e-10,1.0
16:12:30.009,2.9999999999999987,4.700147967621203,-1.7001479676212041,-9500.0,0.0,-1.1178270229670283e-10,-5.957099764851594e-10,1.0
16:12:30.029,2.9999999999999987,4.700147967621203,-1.7001479676212041,-9500.0,0.0,-9.836877802109849e-11,-5.242247793069403e-10,1.0
16:12:30.049,2.9999999999999987,4.787187744799373,-1.7871877447993745,-9500.0,0.0,-8.656452465856668e-11,-4.6131780579010747e-10,1.0
16:12:30.069,2.9999999999999987,4.787187744799373,-1.7871877447993745,-9500.0,0.0,-7.617678169953868e-11,-4.0595966909529456e-10,1.0
16:12:30.089,2.9999999999999987,4.787187744799373,-1.7871877447993745,-9500.0,0.0,-6.703556789559403e-11,-3.572445088038592e-10,1.0
16:12:30.109,2.9999999999999987,4.787187744799373,-1.7871877447993745,-9500.0,0.0,-5.899129974812275e-11,-3.143751677473961e-10,1.0
16:12:30.130,2.9999999999999987,4.787187744799373,-1.7871877447993745,-9500.0,0.0,-5.191234377834802e-11,-2.7665014761770853e-10,1.0
16:12:30.149,2.9999999999999987,4.787187744799373,-1.7871877447993745,-9500.0,0.0,-4.5682862524946254e-11,-2.434521299035835e-10,1.0
16:12:30.169,2.9999999999999987,4.787187744799373,-1.7871877447993745,-9500.0,0.0,-4.02009190219527e-11,-2.142378743151535e-10,1.0
16:12:30.189,2.9999999999999987,4.787187744799373,-1.7871877447993745,-9500.0,0.0,-3.537680873931838e-11,-1.8852932939733506e-10,1.0
16:12:30.209,2.9999999999999987,4.787187744799373,-1.7871877447993745,-9500.0,0.0,-3.113159169060017e-11,-1.6590580986965484e-10,1.0
16:12:30.229,2.9999999999999987,4.787187744799373,-1.7871877447993745,-9500.0,0.0,-2.739580068772815e-11,-1.4599711268529626e-10,1.0
16:12:30.249,2.9999999999999987,4.787187744799373,-1.7871877447993745,-9500.0,0.0,-2.410830460520077e-11,-1.284774591630607e-10,1.0
16:12:30.269,2.9999999999999987,4.787187744799373,-1.7871877447993745,-9500.0,0.0,-2.1215308052576677e-11,-1.1306016406349341e-10,1.0
16:12:30.289,2.9999999999999987,4.700147967621203,-1.7001479676212041,-9500.0,0.0,-1.8669471086267477e-11,-9.949294437587421e-11,1.0
16:12:30.309,2.9999999999999987,4.700147967621203,-1.7001479676212041,-9500.0,0.0,-1.642913455591538e-11,-8.75537910507693e-11,1.0
16:12:30.329,2.9999999999999987,4.787187744799373,-1.7871877447993745,-9500.0,0.0,-1.4457638409205534e-11,-7.704733612467699e-11,1.0
16:12:30.349,2.9999999999999987,4.787187744799373,-1.7871877447993745,-9500.0,0.0,-1.272272180010087e-11,-6.780165578971576e-11,1.0
16:12:30.369,2.9999999999999987,4.787187744799373,-1.7871877447993745,-9500.0,0.0,-1.1195995184088767e-11,-5.966545709494987e-11,1.0
16:12:30.389,2.9999999999999987,4.787187744799373,-1.7871877447993745,-9500.0,0.0,-9.852475761998114e-12,-5.2505602243555876e-11,1.0
16:12:30.409,2.9999999999999987,4.787187744799373,-1.7871877447993745,-9500.0,0.0,-8.67017867055834e-12,-4.6204929974329175e-11,1.0
16:12:30.429,2.9999999999999987,4.787187744799373,-1.7871877447993745,-9500.0,0.0,-7.62975723009134e-12,-4.066033837740968e-11,1.0
16:12:30.449,2.9999999999999987,4.787187744799373,-1.7871877447993745,-9500.0,0.0,-6.714186362480379e-12,-3.5781097772120516e-11,1.0
16:12:30.469,2.9999999999999987,4.787187744799373,-1.7871877447993745,-9500.0,0.0,-5.908483998982734e-12,-3.148736603946605e-11,1.0
16:12:30.489,2.9999999999999987,4.787187744799373,-1.7871877447993745,-9500.0,0.0,-5.199465919104806e-12,-2.7708882114730127e-11,1.0
16:12:30.509,2.9999999999999987,4.787187744799373,-1.7871877447993745,-9500.0,0.0,-4.575530008812229e-12,-2.438381626096251e-11,1.0
16:12:30.529,2.9999999999999987,4.787187744799373,-1.7871877447993745,-9500.0,0.0,-4.026466407754761e-12,-2.1457758309647008e-11,1.0
16:12:30.549,2.9999999999999987,4.787187744799373,-1.7871877447993745,-9500.0,0.0,-3.54329043882419e-12,-1.8882827312489368e-11,1.0
16:12:30.569,2.9999999999999987,4.787187744799373,-1.7871877447993745,-9500.0,0.0,-3.1180955861652872e-12,-1.6616888034990645e-11,1.0
16:12:30.589,2.9999999999999987,4.787187744799373,-1.7871877447993745,-9500.0,0.0,-2.743924115825453e-12,-1.462286147079177e-11,1.0
16:12:30.610,2.9999999999999987,4.787187744799373,-1.7871877447993745,-9500.0,0.0,-2.4146532219263986e-12,-1.2868118094296755e-11,1.0
16:12:30.629,2.9999999999999987,4.787187744799373,-1.7871877447993745,-9500.0,0.0,-2.1248948352952307e-12,-1.1323943922981145e-11,1.0
16:12:30.649,2.9999999999999987,4.787187744799373,-1.7871877447993745,-9500.0,0.0,-1.869907455059803e-12,-9.965070652223407e-12,1.0
16:12:30.669,2.9999999999999987,4.700147967621203,-1.7001479676212041,-9500.0,0.0,-1.6455185604526266e-12,-8.769262173956598e-12,1.0
16:12:30.689,2.9999999999999987,4.700147967621203,-1.7001479676212041,-9500.0,0.0,-1.4480563331983113e-12,-7.716950713081806e-12,1.0
16:12:30.708,2.9999999999999987,4.700147967621203,-1.7001479676212041,-9500.0,0.0,-1.274289573214514e-12,-6.79091662751199e-12,1.0
16:12:30.729,2.9999999999999987,4.700147967621203,-1.7001479676212041,-9500.0,0.0,-1.1213748244287725e-12,-5.976006632210551e-12,1.0
16:12:30.749,2.9999999999999987,4.700147967621203,-1.7001479676212041,-9500.0,0.0,-9.868098454973197e-13,-5.258885836345285e-12,1.0
16:12:30.770,0.0,4.787187744799373,-4.787187744799373,-9500.0,0.0,-8.683926640376413e-13,-4.62781953598385e-12,1.0
16:12:30.789,0.0,4.787187744799373,-4.787187744799373,-9500.0,0.0,-7.641855443531244e-13,-4.072481191665789e-12,1.0
16:12:30.810,0.0,4.787187744799373,-4.787187744799373,-9500.0,0.0,-6.724832790307495e-13,-3.583783448665894e-12,1.0
16:12:30.829,0.0,4.787187744799373,-4.787187744799373,-9500.0,0.0,-5.917852855470595e-13,-3.153729434825987e-12,1.0
16:12:30.849,0.0,4.787187744799373,-4.787187744799373,-9500.0,0.0,-5.207710512814124e-13,-2.7752819026468687e-12,1.0
16:12:30.869,0.0,4.787187744799373,-4.787187744799373,-9500.0,0.0,-4.58278525127643e-13,-2.4422480743292447e-12,1.0
16:12:30.889,0.0,4.787187744799373,-4.787187744799373,-9500.0,0.0,-4.0328510211232584e-13,-2.1491783054097355e-12,1.0
16:12:30.909,0.0,4.787187744799373,-4.787187744799373,-9500.0,0.0,-3.5489088985884675e-13,-1.891276908760567e-12,1.0
16:12:30.929,0.0,4.700147967621203,-4.700147967621203,-9500.0,0.0,-3.1230398307578514e-13,-1.664323679709299e-12,1.0
16:12:30.949,0.0,4.700147967621203,-4.700147967621203,-9500.0,0.0,-2.748275051066909e-13,-1.464604838144183e-12,1.0
16:12:30.969,0.0,4.700147967621203,-4.700147967621203,-9500.0,0.0,-2.41848204493888e-13,-1.288852257566881e-12,1.0
16:12:30.989,0.0,4.700147967621203,-4.700147967621203,-9500.0,0.0,-2.1282641995462144e-13,-1.1341899866588555e-12,1.0
16:12:31.009,0.0,4.700147967621203,-4.700147967621203,-9500.0,0.0,-1.8728724956006687e-13,-9.980871882597927e-13,1.0
16:12:31.029,0.0,4.700147967621203,-4.700147967621203,-9500.0,0.0,-1.6481277961285884e-13,-8.783167256686176e-13,1.0
16:12:31.049,0.0,4.700147967621203,-4.700147967621203,-9500.0,0.0,-1.4503524605931577e-13,-7.729187185883834e-13,1.0
16:12:31.070,0.0,4.700147967621203,-4.700147967621203,-9500.0,0.0,-1.2763101653219788e-13,-6.801684723577775e-13,1.0
16:12:31.089,0.0,4.700147967621203,-4.700147967621203,-9500.0,0.0,-1.1231529454833413e-13,-5.985482556748441e-13,1.0
16:12:31.109,0.0,4.787187744799373,-4.787187744799373,-9500.0,0.0,-9.883745920253404e-14,-5.267224649938628e-13,1.0
16:12:31.129,0.0,4.787187744799373,-4.787187744799373,-9500.0,0.0,-8.697696409822995e-14,-4.635157691945993e-13,1.0
16:12:31.149,0.0,4.787187744799373,-4.787187744799373,-9500.0,0.0,-7.653972840644235e-14,-4.0789387689124735e-13,1.0
16:12:31.169,0.0,4.787187744799373,-4.787187744799373,-9500.0,0.0,-6.735496099766927e-14,-3.589466116642977e-13,1.0
16:12:31.189,0.0,4.787187744799373,-4.787187744799373,-9500.0,0.0,-5.927236567794896e-14,-3.1587301826458197e-13,1.0
16:12:31.209,0.0,4.787187744799373,-4.787187744799373,-9500.0,0.0,-5.215968179659508e-14,-2.779682560728321e-13,1.0
16:12:31.229,0.0,4.700147967621203,-4.700147967621203,-9500.0,0.0,-4.5900519981003674e-14,-2.446120653440923e-13,1.0
16:12:31.249,0.0,4.700147967621203,-4.700147967621203,-9500.0,0.0,-4.0392457583283234e-14,-2.152586175028012e-13,1.0
16:12:31.269,0.0,4.700147967621203,-4.700147967621203,-9500.0,0.0,-3.554536267328925e-14,-1.8942758340246506e-13,1.0
16:12:31.289,0.0,4.700147967621203,-4.700147967621203,-9500.0,0.0,-3.127991915249454e-14,-1.6669627339416928e-13,1.0
16:12:31.309,0.0,4.700147967621203,-4.700147967621203,-9500.0,0.0,-2.7526328854195194e-14,-1.4669272058686896e-13,1.0
16:12:31.330,0.0,4.700147967621203,-4.700147967621203,-9500.0,0.0,-2.422316939169177e-14,-1.2908959411644467e-13,1.0
16:12:31.349,0.0,4.700147967621203,-4.700147967621203,-9500.0,0.0,-2.131638906468876e-14,-1.1359884282247132e-13,1.0
16:12:31.370,0.0,4.700147967621203,-4.700147967621203,-9500.0,0.0,-1.875842237692611e-14,-9.996698168377477e-14,1.0
16:12:31.389,0.0,4.700147967621203,-4.700147967621203,-9500.0,0.0,-1.6507411691694976e-14,-8.79709438817218e-14,1.0
16:12:31.410,0.0,4.700147967621203,-4.700147967621203,-9500.0,0.0,-1.4526522288691578e-14,-7.741443061591517e-14,1.0
16:12:31.430,0.0,4.700147967621203,-4.700147967621203,-9500.0,0.0,-1.2783339614048589e-14,-6.812469894200535e-14,1.0
16:12:31.450,0.0,4.700147967621203,-4.700147967621203,-9500.0,0.0,-1.1249338860362758e-14,-5.994973506896471e-14,1.0
16:12:31.470,0.0,4.700147967621203,-4.700147967621203,-9500.0,0.0,-9.899418197119226e-15,-5.275576686068894e-14,1.0
16:12:31.489,0.0,4.700147967621203,-4.700147967621203,-9500.0,0.0,-8.711488013464919e-15,-4.642507483740627e-14,1.0
16:12:31.509,0.0,4.700147967621203,-4.700147967621203,-9500.0,0.0,-7.666109451849128e-15,-4.085406585691751e-14,1.0
16:12:31.530,0.0,4.700147967621203,-4.700147967621203,-9500.0,0.0,-6.746176317627233e-15,-3.595157795408741e-14,1.0
16:12:31.550,0.0,4.700147967621203,-4.700147967621203,-9500.0,0.0,-5.936635159511965e-15,-3.1637388599596925e-14,1.0
16:12:31.569,0.0,4.700147967621203,-4.700147967621203,-9500.0,0.0,-5.2242389403705296e-15,-2.7840901967645296e-14,1.0
16:12:31.590,0.0,4.700147967621203,-4.700147967621203,-9500.0,0.0,-4.597330267526066e-15,-2.449999373152786e-14,1.0
16:12:31.609,0.0,4.700147967621203,-4.700147967621203,-9500.0,0.0,-4.045650635422938e-15,-2.1559994483744517e-14,1.0
16:12:31.629,0.0,4.700147967621203,-4.700147967621203,-9500.0,0.0,-3.560172559172185e-15,-1.897279514569517e-14,1.0
16:12:31.649,0.0,4.700147967621203,-4.700147967621203,-9500.0,0.0,-3.132951852071523e-15,-1.6696059728211752e-14,1.0
16:12:31.669,0.0,4.700147967621203,-4.700147967621203,-9500.0,0.0,-2.7569976298229402e-15,-1.469253256082634e-14,1.0
16:12:31.689,0.0,4.700147967621203,-4.700147967621203,-9500.0,0.0,-2.4261579142441876e-15,-1.2929428653527182e-14,1.0
16:12:31.709,0.0,4.700147967621203,-4.700147967621203,-9500.0,0.0,-2.135018964534885e-15,-1.137789721510392e-14,1.0
16:12:31.729,0.0,4.700147967621203,-4.700147967621203,-9500.0,0.0,-1.878816688790699e-15,-1.001254954929145e-14,1.0
16:12:31.749,0.0,4.700147967621203,-4.700147967621203,-9500.0,0.0,-1.653358686135815e-15,-8.811043603376477e-15,1.0
16:12:31.769,0.0,4.700147967621203,-4.700147967621203,-9500.0,0.0,-1.4549556437995173e-15,-7.753718370971299e-15,1.0
16:12:31.789,0.0,4.700147967621203,-4.700147967621203,-9500.0,0.0,-1.2803609665435752e-15,-6.823272166454743e-15,1.0
16:12:31.809,0.0,4.700147967621203,-4.700147967621203,-9500.0,0.0,-1.1267176505583462e-15,-6.004479506480174e-15,1.0
16:12:31.829,0.0,4.700147967621203,-4.700147967621203,-9500.0,0.0,-9.915115324913447e-16,-5.283941965702553e-15,1.0
16:12:31.849,0.0,4.700147967621203,-4.700147967621203,-9500.0,0.0,-8.725301485923834e-16,-4.649868929818247e-15,1.0
16:12:31.869,0.0,4.700147967621203,-4.700147967621203,-9500.0,0.0,-7.678265307612973e-16,-4.091884658240057e-15,1.0
16:12:31.889,0.0,4.700147967621203,-4.700147967621203,-9500.0,0.0,-6.756873470699417e-16,-3.6008584992512505e-15,1.0
16:12:31.909,0.0,4.613108190443032,-4.613108190443032,-9500.0,0.0,-5.946048654215487e-16,-3.1687554793411006e-15,1.0
16:12:31.929,0.0,4.613108190443032,-4.613108190443032,-9500.0,0.0,-5.232522815709628e-16,-2.788504821820168e-15,1.0
16:12:31.950,0.0,4.613108190443032,-4.613108190443032,-9500.0,0.0,-4.604620077824472e-16,-2.4538842432017478e-15,1.0
16:12:31.969,0.0,4.613108190443032,-4.613108190443032,-9500.0,0.0,-4.0520656684855354e-16,-2.159418134017538e-15,1.0
16:12:31.989,0.0,4.613108190443032,-4.613108190443032,-9500.0,0.0,-3.565817788267271e-16,-1.9002879579354334e-15,1.0
16:12:32.009,0.0,4.613108190443032,-4.613108190443032,-9500.0,0.0,-3.1379196536751985e-16,-1.6722534029831813e-15,1.0
16:12:32.029,0.0,4.613108190443032,-4.613108190443032,-9500.0,0.0,-2.7613692952341747e-16,-1.4715829946251996e-15,1.0
16:12:32.049,0.0,4.613108190443032,-4.613108190443032,-9500.0,0.0,-2.4300049798060736e-16,-1.2949930352701756e-15,1.0
16:12:32.070,0.0,4.613108190443032,-4.613108190443032,-9500.0,0.0,-2.1384043822293448e-16,-1.1395938710377545e-15,1.0
16:12:32.089,0.0,4.613108190443032,-4.613108190443032,-9500.0,0.0,-1.8817958563618233e-16,-1.002842606513224e-15,1.0
16:12:32.110,0.0,4.613108190443032,-4.613108190443032,-9500.0,0.0,-1.6559803535984046e-16,-8.825014937316371e-16,1.0
16:12:32.130,0.0,4.613108190443032,-4.613108190443032,-9500.0,0.0,-1.4572627111665961e-16,-7.766013144838407e-16,1.0
16:12:32.150,0.0,4.613108190443032,-4.613108190443032,-9500.0,0.0,-1.2823911858266046e-16,-6.834091567457798e-16,1.0
16:12:32.170,0.0,4.613108190443032,-4.613108190443032,-9500.0,0.0,-1.128504243527412e-16,-6.014000579362862e-16,1.0
16:12:32.189,0.0,4.613108190443032,-4.613108190443032,-9500.0,0.0,-9.930837343041226e-17,-5.292320509839319e-16,1.0
16:12:32.209,0.0,4.613108190443032,-4.613108190443032,-9500.0,0.0,-8.739136861876278e-17,-4.657242048658601e-16,1.0
16:12:32.230,0.0,4.613108190443032,-4.613108190443032,-9500.0,0.0,-7.690440438451124e-17,-4.098373002819568e-16,1.0
16:12:32.250,0.0,4.613108190443032,-4.613108190443032,-9500.0,0.0,-6.767587585836989e-17,-3.60656824248122e-16,1.0
16:12:32.270,0.0,4.613108190443032,-4.613108190443032,-9500.0,0.0,-5.955477075536551e-17,-3.1737800533834733e-16,1.0
16:12:32.290,0.0,4.613108190443032,-4.613108190443032,-9500.0,0.0,-5.2408198264721646e-17,-2.7929264469774564e-16,1.0
16:12:32.310,0.0,4.526068413264862,-4.526068413264862,-9500.0,0.0,-4.611921447295505e-17,-2.457775273340162e-16,1.0
16:12:32.329,0.0,4.26494908173035,-4.26494908173035,-9500.0,-4.0,-0.48000000000000004,-2.5580056917385035,1.0
16:12:32.350,0.0,2.698233092523283,-2.698233092523283,-9500.0,-18.0,-2.5824000000000003,-13.762070621553148,1.0
16:12:32.369,0.0,0.5222386630690226,-0.5222386630690226,-4922.349094142724,-19.0,-4.552512,-24.26114918272466,1.0
16:12:32.389,0.0,-1.5667159892070674,1.5667159892070674,9500.0,-16.0,-5.92621056,-31.581834047751716,1.0
16:12:32.409,0.0,-3.307511532770476,3.307511532770476,9500.0,-4.0,-5.695065292800001,-30.350019653760015,1.0
16:12:32.429,0.0,-2.8723126468796236,2.8723126468796236,9500.0,13.0,-3.4516574576640005,-18.394498797158676,1.0
16:12:32.449,0.0,-1.2185568804943858,1.2185568804943858,9294.514196421807,16.0,-1.1174585627443205,-5.955136174545624,1.0
16:12:32.469,0.0,-0.08703977717817042,0.08703977717817042,0.0,2.0,-0.7433635352150021,-3.961516987730897,1.0
16:12:32.489,0.0,0.2611193315345113,-0.2611193315345113,-3252.033184940719,2.0,-0.4141599109892019,-2.2071321033339384,1.0
16:12:32.509,0.0,0.17407955435634084,-0.17407955435634084,0.0,-3.0,-0.7244607216704977,-3.860780519737743,1.0
16:12:32.529,0.0,0.17407955435634084,-0.17407955435634084,0.0,0.0,-0.637525435070038,-3.397486857369214,1.0
16:12:32.549,0.0,0.17407955435634084,-0.17407955435634084,0.0,0.0,-0.5610223828616334,-2.9897884344849084,1.0
16:12:32.569,0.0,0.17407955435634084,-0.17407955435634084,0.0,0.0,-0.4936996969182374,-2.6310138223467194,1.0
16:12:32.589,0.0,0.17407955435634084,-0.17407955435634084,0.0,0.0,-0.43445573328804893,-2.315292163665113,1.0
16:12:32.609,0.0,0.17407955435634084,-0.17407955435634084,0.0,0.0,-0.38232104529348304,-2.0374571040252993,1.0
16:12:32.629,0.0,0.17407955435634084,-0.17407955435634084,0.0,0.0,-0.33644251985826507,-1.7929622515422634,1.0
16:12:32.649,0.0,0.17407955435634084,-0.17407955435634084,0.0,0.0,-0.29606941747527327,-1.5778067813571919,1.0
16:12:32.669,0.0,0.17407955435634084,-0.17407955435634084,0.0,0.0,-0.2605410873782405,-1.3884699675943288,1.0
16:12:32.689,0.0,0.17407955435634084,-0.17407955435634084,0.0,0.0,-0.22927615689285163,-1.2218535714830094,1.0
16:12:32.709,0.0,0.17407955435634084,-0.17407955435634084,0.0,0.0,-0.20176301806570943,-1.0752311429050483,1.0
16:12:32.729,0.0,0.17407955435634084,-0.17407955435634084,0.0,0.0,-0.17755145589782428,-0.9462034057564424,1.0
16:12:32.749,0.0,0.17407955435634084,-0.17407955435634084,0.0,0.0,-0.15624528119008538,-0.8326589970656694,1.0
16:12:32.770,0.0,0.17407955435634084,-0.17407955435634084,0.0,0.0,-0.13749584744727514,-0.7327399174177891,1.0
16:12:32.789,0.0,0.17407955435634084,-0.17407955435634084,0.0,0.0,-0.12099634575360212,-0.6448111273276543,1.0
16:12:32.809,0.0,0.17407955435634084,-0.17407955435634084,0.0,0.0,-0.10647678426316987,-0.5674337920483359,1.0
16:12:32.829,0.0,0.17407955435634084,-0.17407955435634084,0.0,0.0,-0.09369957015158949,-0.4993417370025356,1.0
16:12:32.849,0.0,0.17407955435634084,-0.17407955435634084,0.0,0.0,-0.08245562173339875,-0.4394207285622313,1.0
16:12:32.869,0.0,0.17407955435634084,-0.17407955435634084,0.0,0.0,-0.0725609471253909,-0.3866902411347636,1.0
16:12:32.889,0.0,0.17407955435634084,-0.17407955435634084,0.0,0.0,-0.06385363347034399,-0.34028741219859193,1.0
16:12:32.909,0.0,0.17407955435634084,-0.17407955435634084,0.0,0.0,-0.05619119745390271,-0.2994529227347609,1.0
16:12:32.929,0.0,0.17407955435634084,-0.17407955435634084,0.0,0.0,-0.04944825375943439,-0.26351857200658957,1.0
16:12:32.950,0.0,0.17407955435634084,-0.17407955435634084,0.0,0.0,-0.04351446330830226,-0.23189634336579884,1.0
16:12:32.969,0.0,0.17407955435634084,-0.17407955435634084,0.0,0.0,-0.03829272771130599,-0.204068782161903,1.0
16:12:32.989,0.0,0.17407955435634084,-0.17407955435634084,0.0,0.0,-0.033697600385949274,-0.17958052830247465,1.0
16:12:33.009,0.0,0.17407955435634084,-0.17407955435634084,0.0,0.0,-0.02965388833963536,-0.15803086490617768,1.0
16:12:33.029,0.0,0.17407955435634084,-0.17407955435634084,0.0,0.0,-0.026095421738879118,-0.13906716111743636,1.0
16:12:33.049,0.0,0.17407955435634084,-0.17407955435634084,0.0,0.0,-0.022963971130213624,-0.122379101783344,1.0
16:12:33.069,0.0,0.17407955435634084,-0.17407955435634084,0.0,0.0,-0.020208294594587988,-0.10769360956934271,1.0
16:12:33.089,0.0,0.17407955435634084,-0.17407955435634084,0.0,0.0,-0.01778329924323743,-0.09477037642102158,1.0
16:12:33.109,0.0,0.17407955435634084,-0.17407955435634084,0.0,0.0,-0.015649303334048938,-0.08339793125049899,1.0
16:12:33.129,0.0,0.17407955435634084,-0.17407955435634084,0.0,0.0,-0.013771386933963065,-0.07339017950043912,1.0
16:12:33.149,0.0,0.17407955435634084,-0.17407955435634084,0.0,0.0,-0.012118820501887497,-0.06458335796038642,1.0
16:12:33.169,0.0,0.17407955435634084,-0.17407955435634084,0.0,0.0,-0.010664562041660998,-0.05683335500514006,1.0
16:12:33.189,0.0,0.17407955435634084,-0.17407955435634084,0.0,0.0,-0.009384814596661678,-0.050013352404523245,1.0
16:12:33.209,0.0,0.17407955435634084,-0.17407955435634084,0.0,0.0,-0.008258636845062277,-0.04401175011598046,1.0
16:12:33.229,0.0,0.17407955435634084,-0.17407955435634084,0.0,0.0,-0.007267600423654804,-0.038730340102062805,1.0
16:12:33.249,0.0,0.17407955435634084,-0.17407955435634084,0.0,0.0,-0.006395488372816227,-0.03408269928981526,1.0
16:12:33.269,0.0,0.17407955435634084,-0.17407955435634084,0.0,0.0,-0.0056280297680782795,-0.02999277537503743,1.0
16:12:33.289,0.0,0.17407955435634084,-0.17407955435634084,0.0,0.0,-0.004952666195908886,-0.02639364233003294,1.0
16:12:33.309,0.0,0.17407955435634084,-0.17407955435634084,0.0,0.0,-0.00435834625239982,-0.02322640525042899,1.0
16:12:33.329,0.0,0.17407955435634084,-0.17407955435634084,0.0,0.0,-0.0038353447021118414,-0.02043923662037751,1.0
16:12:33.349,0.0,0.17407955435634084,-0.17407955435634084,0.0,0.0,-0.0033751033378584205,-0.01798652822593221,1.0
16:12:33.369,0.0,0.17407955435634084,-0.17407955435634084,0.0,0.0,-0.00297009093731541,-0.015828144838820342,1.0
16:12:33.389,0.0,0.17407955435634084,-0.17407955435634084,0.0,0.0,-0.002613680024837561,-0.013928767458161902,1.0
16:12:33.410,0.0,0.17407955435634084,-0.17407955435634084,0.0,0.0,-0.0023000384218570535,-0.012257315363182473,1.0
16:12:33.429,0.0,0.17407955435634084,-0.17407955435634084,0.0,0.0,-0.002024033811234207,-0.010786437519600577,1.0
16:12:33.449,0.0,0.17407955435634084,-0.17407955435634084,0.0,0.0,-0.0017811497538861023,-0.009492065017248507,1.0
16:12:33.469,0.0,0.17407955435634084,-0.17407955435634084,0.0,0.0,-0.0015674117834197701,-0.008353017215178688,1.0
16:12:33.489,0.0,0.17407955435634084,-0.17407955435634084,0.0,0.0,-0.0013793223694093977,-0.007350655149357245,1.0
16:12:33.510,0.0,0.17407955435634084,-0.17407955435634084,0.0,0.0,-0.00121380368508027,-0.006468576531434375,1.0
16:12:33.530,0.0,0.17407955435634084,-0.17407955435634084,0.0,0.0,-0.0010681472428706376,-0.005692347347662251,1.0
16:12:33.550,0.0,0.17407955435634084,-0.17407955435634084,0.0,0.0,-0.0009399695737261611,-0.005009265665942781,1.0
16:12:33.570,0.0,0.17407955435634084,-0.17407955435634084,0.0,0.0,-0.0008271732248790218,-0.004408153786029647,1.0
16:12:33.589,0.0,0.17407955435634084,-0.17407955435634084,0.0,0.0,-0.0007279124378935392,-0.0038791753317060896,1.0
16:12:33.609,0.0,0.17407955435634084,-0.17407955435634084,0.0,0.0,-0.0006405629453463145,-0.0034136742919013588,1.0
16:12:33.629,0.0,0.17407955435634084,-0.17407955435634084,0.0,0.0,-0.0005636953919047567,-0.0030040333768731955,1.0
16:12:33.649,0.0,0.17407955435634084,-0.17407955435634084,0.0,0.0,-0.0004960519448761859,-0.0026435493716484124,1.0
16:12:33.670,0.0,0.17407955435634084,-0.17407955435634084,0.0,0.0,-0.0004365257114910436,-0.0023263234470506026,1.0
16:12:33.689,0.0,0.17407955435634084,-0.17407955435634084,0.0,0.0,-0.0003841426261121184,-0.0020471646334045304,1.0
16:12:33.710,0.0,0.17407955435634084,-0.17407955435634084,0.0,0.0,-0.0003380455109786642,-0.0018015048773959868,1.0
16:12:33.730,0.0,0.17407955435634084,-0.17407955435634084,0.0,0.0,-0.0002974800496612245,-0.0015853242921084684,1.0
16:12:33.750,0.0,0.17407955435634084,-0.17407955435634084,0.0,0.0,-0.00026178244370187755,-0.001395085377055452,1.0
16:12:33.770,0.0,0.17407955435634084,-0.17407955435634084,0.0,0.0,-0.00023036855045765225,-0.001227675131808798,1.0
16:12:33.789,0.0,0.17407955435634084,-0.17407955435634084,0.0,0.0,-0.00020272432440273397,-0.0010803541159917422,1.0
16:12:33.809,0.0,0.17407955435634084,-0.17407955435634084,0.0,0.0,-0.0001783974054744059,-0.0009507116220727332,1.0
16:12:33.829,0.0,0.17407955435634084,-0.17407955435634084,0.0,0.0,-0.00015698971681747719,-0.0008366262274240051,1.0
16:12:33.849,0.0,0.17407955435634084,-0.17407955435634084,0.0,0.0,-0.00013815095079937993,-0.0007362310801331245,1.0
16:12:33.869,0.0,0.17407955435634084,-0.17407955435634084,0.0,0.0,-0.00012157283670345433,-0.0006478833505171495,1.0
16:12:33.889,0.0,0.17407955435634084,-0.17407955435634084,0.0,0.0,-0.00010698409629903982,-0.0005701373484550917,1.0
16:12:33.910,0.0,0.17407955435634084,-0.17407955435634084,0.0,0.0,-9.414600474315504e-05,-0.0005017208666404806,1.0
16:12:33.929,0.0,0.17407955435634084,-0.17407955435634084,0.0,0.0,-8.284848417397643e-05,-0.0004415143626436229,1.0
16:12:33.949,0.0,0.17407955435634084,-0.17407955435634084,0.0,0.0,-7.290666607309926e-05,-0.0003885326391263882,1.0
16:12:33.969,0.0,0.17407955435634084,-0.17407955435634084,0.0,0.0,-6.415786614432735e-05,-0.00034190872243122165,1.0
16:12:33.989,0.0,0.17407955435634084,-0.17407955435634084,0.0,0.0,-5.645892220700807e-05,-0.00030087967573947505,1.0
16:12:34.010,0.0,0.17407955435634084,-0.17407955435634084,0.0,0.0,-4.96838515421671e-05,-0.000264774114650738,1.0
16:12:34.029,0.0,0.17407955435634084,-0.17407955435634084,0.0,0.0,-4.3721789357107046e-05,-0.00023300122089264946,1.0
16:12:34.049,0.0,0.17407955435634084,-0.17407955435634084,0.0,0.0,-3.84751746342542e-05,-0.00020504107438553152,1.0
16:12:34.069,0.0,0.17407955435634084,-0.17407955435634084,0.0,0.0,-3.38581536781437e-05,-0.00018043614545926775,1.0
16:12:34.089,0.0,0.17407955435634084,-0.17407955435634084,0.0,0.0,-2.9795175236766455e-05,-0.00015878380800415562,1.0
16:12:34.110,0.0,0.17407955435634084,-0.17407955435634084,0.0,0.0,-2.621975420835448e-05,-0.00013972975104365693,1.0
16:12:34.129,0.0,0.17407955435634084,-0.17407955435634084,0.0,0.0,-2.3073383703351943e-05,-0.0001229621809184181,1.0
16:12:34.149,0.0,0.17407955435634084,-0.17407955435634084,0.0,0.0,-2.030457765894971e-05,-0.00010820671920820795,1.0
16:12:34.170,0.0,0.17407955435634084,-0.17407955435634084,0.0,0.0,-1.7868028339875747e-05,-9.5221912903223e-05,1.0
16:12:34.189,0.0,0.17407955435634084,-0.17407955435634084,0.0,0.0,-1.5723864939090658e-05,-8.379528335483624e-05,1.0
16:12:34.209,0.0,0.17407955435634084,-0.17407955435634084,0.0,0.0,-1.383700114639978e-05,-7.373984935225589e-05,1.0
16:12:34.230,0.0,0.17407955435634084,-0.17407955435634084,0.0,0.0,-1.2176561008831805e-05,-6.489106742998518e-05,1.0
16:12:34.249,0.0,0.17407955435634084,-0.17407955435634084,0.0,0.0,-1.0715373687771988e-05,-5.710413933838696e-05,1.0
16:12:34.269,0.0,0.17407955435634084,-0.17407955435634084,0.0,0.0,-9.42952884523935e-06,-5.0251642617780526e-05,1.0
16:12:34.290,0.0,0.17407955435634084,-0.17407955435634084,0.0,0.0,-8.297985383810628e-06,-4.422144550364687e-05,1.0
16:12:34.309,0.0,0.17407955435634084,-0.17407955435634084,0.0,0.0,-7.302227137753353e-06,-3.891487204320924e-05,1.0
16:12:34.330,0.0,0.17407955435634084,-0.17407955435634084,0.0,0.0,-6.4259598812229505e-06,-3.424508739802413e-05,1.0
16:12:34.349,0.0,0.17407955435634084,-0.17407955435634084,0.0,0.0,-5.6548446954761965e-06,-3.0135676910261237e-05,1.0
16:12:34.369,0.0,0.17407955435634084,-0.17407955435634084,0.0,0.0,-4.976263332019053e-06,-2.6519395681029887e-05,1.0
16:12:34.390,0.0,0.17407955435634084,-0.17407955435634084,0.0,0.0,-4.379111732176766e-06,-2.33370681993063e-05,1.0
16:12:34.409,0.0,0.17407955435634084,-0.17407955435634084,0.0,0.0,-3.853618324315554e-06,-2.0536620015389542e-05,1.0
16:12:34.429,0.0,0.17407955435634084,-0.17407955435634084,0.0,0.0,-3.3911841253976876e-06,-1.8072225613542797e-05,1.0
16:12:34.449,0.0,0.17407955435634084,-0.17407955435634084,0.0,0.0,-2.984242030349965e-06,-1.5903558539917662e-05,1.0
16:12:34.469,0.0,0.17407955435634084,-0.17407955435634084,0.0,0.0,-2.6261329867079694e-06,-1.3995131515127543e-05,1.0
16:12:34.489,0.0,0.17407955435634084,-0.17407955435634084,0.0,0.0,-2.310997028303013e-06,-1.2315715733312237e-05,1.0
16:12:34.509,0.0,0.17407955435634084,-0.17407955435634084,0.0,0.0,-2.0336773849066516e-06,-1.083782984531477e-05,1.0
16:12:34.530,0.0,0.17407955435634084,-0.17407955435634084,0.0,0.0,-1.7896360987178535e-06,-9.537290263876998e-06,1.0
16:12:34.549,0.0,0.17407955435634084,-0.17407955435634084,0.0,0.0,-1.574879766871711e-06,-8.392815432211758e-06,1.0
16:12:34.569,0.0,0.17407955435634084,-0.17407955435634084,0.0,0.0,-1.3858941948471058e-06,-7.385677580346347e-06,1.0
16:12:34.589,0.0,0.17407955435634084,-0.17407955435634084,0.0,0.0,-1.2195868914654532e-06,-6.499396270704787e-06,1.0
16:12:34.609,0.0,0.17407955435634084,-0.17407955435634084,0.0,0.0,-1.0732364644895989e-06,-5.719468718220213e-06,1.0
16:12:34.629,0.0,0.17407955435634084,-0.17407955435634084,0.0,0.0,-9.44448088750847e-07,-5.033132472033787e-06,1.0
16:12:34.649,0.0,0.17407955435634084,-0.17407955435634084,0.0,0.0,-8.311143181007454e-07,-4.429156575389732e-06,1.0
16:12:34.669,0.0,0.17407955435634084,-0.17407955435634084,0.0,0.0,-7.313805999286559e-07,-3.8976577863429644e-06,1.0
16:12:34.689,0.0,0.17407955435634084,-0.17407955435634084,0.0,0.0,-6.436149279372172e-07,-3.4299388519818086e-06,1.0
16:12:34.709,0.0,0.17407955435634084,-0.17407955435634084,0.0,0.0,-5.663811365847512e-07,-3.018346189743992e-06,1.0
16:12:34.729,0.0,0.17407955435634084,-0.17407955435634084,0.0,0.0,-4.984154001945811e-07,-2.6561446469747132e-06,1.0
16:12:34.750,0.0,0.17407955435634084,-0.17407955435634084,0.0,0.0,-4.3860555217123136e-07,-2.3374072893377475e-06,1.0
16:12:34.769,0.0,0.17407955435634084,-0.17407955435634084,0.0,0.0,-3.859728859106836e-07,-2.056918414617218e-06,1.0
16:12:34.789,0.0,0.17407955435634084,-0.17407955435634084,0.0,0.0,-3.396561396014016e-07,-1.8100882048631518e-06,1.0
16:12:34.809,0.0,0.17407955435634084,-0.17407955435634084,0.0,0.0,-2.988974028492334e-07,-1.5928776202795735e-06,1.0
16:12:34.829,0.0,0.17407955435634084,-0.17407955435634084,0.0,0.0,-2.6302971450732537e-07,-1.4017323058460246e-06,1.0
16:12:34.849,0.0,0.17407955435634084,-0.17407955435634084,0.0,0.0,-2.3146614876644634e-07,-1.2335244291445018e-06,1.0
16:12:34.869,0.0,0.17407955435634084,-0.17407955435634084,0.0,0.0,-2.0369021091447277e-07,-1.0855014976471616e-06,1.0
16:12:34.889,0.0,0.17407955435634084,-0.17407955435634084,0.0,0.0,-1.7924738560473603e-07,-9.55241317929502e-07,1.0
16:12:34.909,0.0,0.17407955435634084,-0.17407955435634084,0.0,0.0,-1.577376993321677e-07,-8.406123597779618e-07,1.0
16:12:34.929,0.0,0.17407955435634084,-0.17407955435634084,0.0,0.0,-1.388091754123076e-07,-7.397388766046065e-07,1.0
16:12:34.949,0.0,0.17407955435634084,-0.17407955435634084,0.0,0.0,-1.221520743628307e-07,-6.509702114120537e-07,1.0
16:12:34.969,0.0,0.17407955435634084,-0.17407955435634084,0.0,0.0,-1.07493825439291e-07,-5.728537860426073e-07,1.0
16:12:34.989,0.0,0.17407955435634084,-0.17407955435634084,0.0,0.0,-9.459456638657608e-08,-5.041113317174944e-07,1.0
16:12:35.009,0.0,0.17407955435634084,-0.17407955435634084,0.0,0.0,-8.324321842018696e-08,-4.436179719113951e-07,1.0
16:12:35.030,0.0,0.17407955435634084,-0.17407955435634084,0.0,0.0,-7.325403220976452e-08,-3.9038381528202767e-07,1.0
16:12:35.049,0.0,0.17407955435634084,-0.17407955435634084,0.0,0.0,-6.446354834459278e-08,-3.435377574481844e-07,1.0
16:12:35.069,0.0,0.17407955435634084,-0.17407955435634084,0.0,0.0,-5.672792254324165e-08,-3.0231322655440224e-07,1.0
16:12:35.089,0.0,0.17407955435634084,-0.17407955435634084,0.0,0.0,-4.992057183805265e-08,-2.66035639367874e-07,1.0
16:12:35.109,0.0,0.17407955435634084,-0.17407955435634084,0.0,0.0,-4.393010321748633e-08,-2.341113626437291e-07,1.0
16:12:35.130,0.0,0.17407955435634084,-0.17407955435634084,0.0,0.0,-3.865849083138797e-08,-2.060179991264816e-07,1.0
16:12:35.149,0.0,0.17407955435634084,-0.17407955435634084,0.0,0.0,-3.401947193162141e-08,-1.812958392313038e-07,1.0
16:12:35.169,0.0,0.17407955435634084,-0.17407955435634084,0.0,0.0,-2.9937135299826845e-08,-1.5954033852354735e-07,1.0
16:12:35.190,0.0,0.17407955435634084,-0.17407955435634084,0.0,0.0,-2.6344679063847625e-08,-1.403954979007217e-07,1.0
16:12:35.209,0.0,0.17407955435634084,-0.17407955435634084,0.0,0.0,-2.318331757618591e-08,-1.2354803815263507e-07,1.0
16:12:35.230,0.0,0.17407955435634084,-0.17407955435634084,0.0,0.0,-2.04013194670436e-08,-1.0872227357431885e-07,1.0
16:12:35.249,0.0,0.17407955435634084,-0.17407955435634084,0.0,0.0,-1.7953161130998367e-08,-9.56756007454006e-08,1.0
16:12:35.269,0.0,0.17407955435634084,-0.17407955435634084,0.0,0.0,-1.5798781795278564e-08,-8.419452865595253e-08,1.0
16:12:35.289,0.0,0.17407955435634084,-0.17407955435634084,0.0,0.0,-1.3902927979845136e-08,-7.409118521723823e-08,1.0
16:12:35.310,0.0,0.17407955435634084,-0.17407955435634084,0.0,0.0,-1.223457662226372e-08,-6.520024299116964e-08,1.0
16:12:35.330,0.0,0.17407955435634084,-0.17407955435634084,0.0,0.0,-1.0766427427592074e-08,-5.737621383222929e-08,1.0
16:12:35.349,0.0,0.17407955435634084,-0.17407955435634084,0.0,0.0,-9.474456136281026e-09,-5.0491068172361775e-08,1.0
16:12:35.369,0.0,0.17407955435634084,-0.17407955435634084,0.0,0.0,-8.337521399927304e-09,-4.4432139991678367e-08,1.0
16:12:35.389,0.0,0.17407955435634084,-0.17407955435634084,0.0,0.0,-7.337018831936027e-09,-3.910028319267696e-08,1.0
16:12:35.409,0.0,0.17407955435634084,-0.17407955435634084,0.0,0.0,-6.456576572103704e-09,-3.440824920955573e-08,1.0
16:12:35.429,0.0,0.17407955435634084,-0.17407955435634084,0.0,0.0,-5.681787383451259e-09,-3.027925930440904e-08,1.0
16:12:35.449,0.0,0.17407955435634084,-0.17407955435634084,0.0,0.0,-4.999972897437108e-09,-2.6645748187879953e-08,1.0
16:12:35.469,0.0,0.17407955435634084,-0.17407955435634084,0.0,0.0,-4.399976149744655e-09,-2.3448258405334358e-08,1.0
16:12:35.489,0.0,0.17407955435634084,-0.17407955435634084,0.0,0.0,-3.871979011775296e-09,-2.0634467396694234e-08,1.0
16:12:35.509,0.0,0.17407955435634084,-0.17407955435634084,0.0,0.0,-3.4073415303622608e-09,-1.8158331309090928e-08,1.0
16:12:35.529,0.0,0.17407955435634084,-0.17407955435634084,0.0,0.0,-2.9984605467187893e-09,-1.5979331552000016e-08,1.0
16:12:35.549,0.0,0.17407955435634084,-0.17407955435634084,0.0,0.0,-2.6386452811125346e-09,-1.4061811765760013e-08,1.0
16:12:35.569,0.0,0.17407955435634084,-0.17407955435634084,0.0,0.0,-2.3220078473790303e-09,-1.2374394353868811e-08,1.0
16:12:35.589,0.0,0.17407955435634084,-0.17407955435634084,0.0,0.0,-2.0433669056935466e-09,-1.0889467031404553e-08,1.0
16:12:35.609,0.0,0.17407955435634084,-0.17407955435634084,0.0,0.0,-1.798162877010321e-09,-9.582730987636006e-09,1.0
16:12:35.629,0.0,0.17407955435634084,-0.17407955435634084,0.0,0.0,-1.5823833317690825e-09,-8.432803269119685e-09,1.0
16:12:35.649,0.0,0.17407955435634084,-0.17407955435634084,0.0,0.0,-1.3924973319567925e-09,-7.420866876825323e-09,1.0
16:12:35.669,0.0,0.17407955435634084,-0.17407955435634084,0.0,0.0,-1.2253976521219774e-09,-6.530362851606284e-09,1.0
16:12:35.689,0.0,0.17407955435634084,-0.17407955435634084,0.0,0.0,-1.07834993386734e-09,-5.7467193094135296e-09,1.0
16:12:35.709,0.0,0.17407955435634084,-0.17407955435634084,0.0,0.0,-9.489479418032594e-10,-5.057112992283907e-09,1.0
16:12:35.729,0.0,0.17407955435634084,-0.17407955435634084,0.0,0.0,-8.350741887868682e-10,-4.4502594332098384e-09,1.0
16:12:35.750,0.0,0.17407955435634084,-0.17407955435634084,0.0,0.0,-7.34865286132444e-10,-3.9162283012246575e-09,1.0
16:12:35.770,0.0,0.17407955435634084,-0.17407955435634084,0.0,0.0,-6.466814517965507e-10,-3.4462809050776983e-09,1.0
16:12:35.790,0.0,0.17407955435634084,-0.17407955435634084,0.0,0.0,-5.690796775809647e-10,-3.0327271964683748e-09,1.0
16:12:35.809,0.0,0.17407955435634084,-0.17407955435634084,0.0,0.0,-5.007901162712489e-10,-2.6687999328921696e-09,1.0
16:12:35.830,0.0,0.17407955435634084,-0.17407955435634084,0.0,0.0,-4.40695302318699e-10,-2.3485439409451093e-09,1.0
16:12:35.849,0.0,0.17407955435634084,-0.17407955435634084,0.0,0.0,-3.8781186604045514e-10,-2.066718668031696e-09,1.0
16:12:35.869,0.0,0.17407955435634084,-0.17407955435634084,0.0,0.0,-3.4127444211560053e-10,-1.8187124278678926e-09,1.0
16:12:35.889,0.0,0.17407955435634084,-0.17407955435634084,0.0,0.0,-3.0032150906172847e-10,-1.6004669365237455e-09,1.0
16:12:35.909,0.0,0.17407955435634084,-0.17407955435634084,0.0,0.0,-2.6428292797432103e-10,-1.4084109041408961e-09,1.0
16:12:35.929,0.0,0.17407955435634084,-0.17407955435634084,0.0,0.0,-2.325689766174025e-10,-1.2394015956439885e-09,1.0
16:12:35.949,0.0,0.17407955435634084,-0.17407955435634084,0.0,0.0,-2.046606994233142e-10,-1.0906734041667097e-09,1.0
16:12:35.969,0.0,0.17407955435634084,-0.17407955435634084,0.0,0.0,-1.801014154925165e-10,-9.597925956667046e-10,1.0
16:12:35.989,0.0,0.17407955435634084,-0.17407955435634084,0.0,0.0,-1.5848924563341452e-10,-8.446174841867001e-10,1.0
16:12:36.009,0.0,0.17407955435634084,-0.17407955435634084,0.0,0.0,-1.3947053615740478e-10,-7.432633860842961e-10,1.0
16:12:36.029,0.0,0.17407955435634084,-0.17407955435634084,0.0,0.0,-1.227340718185162e-10,-6.540717797541806e-10,1.0
16:12:36.049,0.0,0.17407955435634084,-0.17407955435634084,0.0,0.0,-1.0800598320029426e-10,-5.755831661836789e-10,1.0
16:12:36.069,0.0,0.17407955435634084,-0.17407955435634084,0.0,0.0,-9.504526521625895e-11,-5.065131862416375e-10,1.0
16:12:36.089,0.0,0.17407955435634084,-0.17407955435634084,0.0,0.0,-8.363983339030788e-11,-4.45731603892641e-10,1.0
16:12:36.109,0.0,0.17407955435634084,-0.17407955435634084,0.0,0.0,-7.360305338347094e-11,-3.922438114255241e-10,1.0
16:12:36.130,0.0,0.17407955435634084,-0.17407955435634084,0.0,0.0,-6.477068697745442e-11,-3.4517455405446115e-10,1.0
16:12:36.149,0.0,0.17407955435634084,-0.17407955435634084,0.0,0.0,-5.699820454015989e-11,-3.037536075679258e-10,1.0
16:12:36.169,0.0,0.17407955435634084,-0.17407955435634084,0.0,0.0,-5.01584199953407e-11,-2.673031746597747e-10,1.0
16:12:36.189,0.0,0.17407955435634084,-0.17407955435634084,0.0,0.0,-4.413940959589982e-11,-2.3522679370060174e-10,1.0
16:12:36.209,0.0,0.17407955435634084,-0.17407955435634084,0.0,0.0,-3.884268044439184e-11,-2.0699957845652952e-10,1.0
16:12:36.229,0.0,0.17407955435634084,-0.17407955435634084,0.0,0.0,-3.4181558791064815e-11,-1.8215962904174598e-10,1.0
16:12:36.249,0.0,0.17407955435634084,-0.17407955435634084,0.0,0.0,-3.0079771736137035e-11,-1.6030047355673643e-10,1.0
16:12:36.269,0.0,0.17407955435634084,-0.17407955435634084,0.0,0.0,-2.647019912780059e-11,-1.4106441672992808e-10,1.0
16:12:36.289,0.0,0.17407955435634084,-0.17407955435634084,0.0,0.0,-2.329377523246452e-11,-1.241366867223367e-10,1.0
16:12:36.309,0.0,0.17407955435634084,-0.17407955435634084,0.0,0.0,-2.0498522204568777e-11,-1.092402843156563e-10,1.0
16:12:36.329,0.0,0.17407955435634084,-0.17407955435634084,0.0,0.0,-1.8038699540020525e-11,-9.613145019777755e-11,1.0
16:12:36.349,0.0,0.17407955435634084,-0.17407955435634084,0.0,0.0,-1.5874055595218063e-11,-8.459567617404425e-11,1.0
16:12:36.369,0.0,0.17407955435634084,-0.17407955435634084,0.0,0.0,-1.3969168923791895e-11,-7.444419503315893e-11,1.0
16:12:36.389,0.0,0.17407955435634084,-0.17407955435634084,0.0,0.0,-1.2292868652936868e-11,-6.551089162917987e-11,1.0
16:12:36.409,0.0,0.17407955435634084,-0.17407955435634084,0.0,0.0,-1.0817724414584444e-11,-5.764958463367828e-11,1.0
16:12:36.429,0.0,0.17407955435634084,-0.17407955435634084,0.0,0.0,-9.519597484834311e-12,-5.0731634477636887e-11,1.0
16:12:36.450,0.0,0.17407955435634084,-0.17407955435634084,0.0,0.0,-8.377245786654193e-12,-4.4643838340320456e-11,1.0
16:12:36.469,0.0,0.17407955435634084,-0.17407955435634084,0.0,0.0,-7.37197629225569e-12,-3.9286577739482e-11,1.0
16:12:36.489,0.0,0.17407955435634084,-0.17407955435634084,0.0,0.0,-6.4873391371850066e-12,-3.457218841074416e-11,1.0
16:12:36.509,0.0,0.17407955435634084,-0.17407955435634084,0.0,0.0,-5.708858440722806e-12,-3.042352580145486e-11,1.0
16:12:36.529,0.0,0.17407955435634084,-0.17407955435634084,0.0,0.0,-5.023795427836069e-12,-2.6772702705280276e-11,1.0
16:12:36.549,0.0,0.17407955435634084,-0.17407955435634084,0.0,0.0,-4.42093997649574e-12,-2.3559978380646644e-11,1.0
16:12:36.569,0.0,0.17407955435634084,-0.17407955435634084,0.0,0.0,-3.890427179316252e-12,-2.0732780974969048e-11,1.0
16:12:36.589,0.0,0.17407955435634084,-0.17407955435634084,0.0,0.0,-3.4235759177983018e-12,-1.8244847257972762e-11,1.0
16:12:36.609,0.0,0.17407955435634084,-0.17407955435634084,0.0,0.0,-3.0127468076625054e-12,-1.605546558701603e-11,1.0
16:12:36.629,0.0,0.17407955435634084,-0.17407955435634084,0.0,0.0,-2.651217190743005e-12,-1.4128809716574107e-11,1.0
16:12:36.649,0.0,0.17407955435634084,-0.17407955435634084,0.0,0.0,-2.3330711278538443e-12,-1.2433352550585215e-11,1.0
16:12:36.669,0.0,0.17407955435634084,-0.17407955435634084,0.0,0.0,-2.053102592511383e-12,-1.0941350244514989e-11,1.0
16:12:36.689,0.0,0.17407955435634084,-0.17407955435634084,0.0,0.0,-1.806730281410017e-12,-9.628388215173189e-12,1.0
16:12:36.710,0.0,0.17407955435634084,-0.17407955435634084,0.0,0.0,-1.589922647640815e-12,-8.472981629352407e-12,1.0
16:12:36.730,0.0,0.17407955435634084,-0.17407955435634084,0.0,0.0,-1.3991319299239172e-12,-7.456223833830119e-12,1.0
16:12:36.749,0.0,0.17407955435634084,-0.17407955435634084,0.0,0.0,-1.2312360983330472e-12,-6.561476973770504e-12,1.0
16:12:36.770,0.0,0.17407955435634084,-0.17407955435634084,0.0,0.0,-1.0834877665330814e-12,-5.774099736918043e-12,1.0
16:12:36.789,0.0,0.17407955435634084,-0.17407955435634084,0.0,0.0,-9.534692345491117e-13,-5.081207768487878e-12,1.0
16:12:36.809,0.0,0.17407955435634084,-0.17407955435634084,0.0,0.0,-8.390529264032182e-13,-4.471462836269332e-12,1.0
16:12:36.828,0.0,0.17407955435634084,-0.17407955435634084,0.0,0.0,-7.38366575234832e-13,-3.934887295917012e-12,1.0
16:12:36.849,0.0,0.17407955435634084,-0.17407955435634084,0.0,0.0,-6.497625862066521e-13,-3.462700820406971e-12,1.0
16:12:36.869,0.0,0.17407955435634084,-0.17407955435634084,0.0,0.0,-5.717910758618539e-13,-3.0471767219581342e-12,1.0
16:12:36.889,0.0,0.17407955435634084,-0.17407955435634084,0.0,0.0,-5.031761467584314e-13,-2.6815155153231584e-12,1.0
16:12:36.909,0.0,0.17407955435634084,-0.17407955435634084,0.0,0.0,-4.4279500914741965e-13,-2.3597336534843794e-12,1.0
16:12:36.929,0.0,0.17407955435634084,-0.17407955435634084,0.0,0.0,-3.896596080497293e-13,-2.0765656150662537e-12,1.0
16:12:36.949,0.0,0.17407955435634084,-0.17407955435634084,0.0,0.0,-3.4290045508376176e-13,-1.8273777412583033e-12,1.0
16:12:36.969,0.0,0.17407955435634084,-0.17407955435634084,0.0,0.0,-3.0175240047371037e-13,-1.608092412307307e-12,1.0
16:12:36.989,0.0,0.17407955435634084,-0.17407955435634084,0.0,0.0,-2.655421124168651e-13,-1.4151213228304301e-12,1.0
16:12:37.009,0.0,0.17407955435634084,-0.17407955435634084,0.0,0.0,-2.336770589268413e-13,-1.2453067640907786e-12,1.0
16:12:37.029,0.0,0.17407955435634084,-0.17407955435634084,0.0,0.0,-2.0563581185562037e-13,-1.0958699523998852e-12,1.0
16:12:37.049,0.0,0.17407955435634084,-0.17407955435634084,0.0,0.0,-1.8095951443294592e-13,-9.643655581118989e-13,1.0
16:12:37.069,0.0,0.17407955435634084,-0.17407955435634084,0.0,0.0,-1.592443727009924e-13,-8.48641691138471e-13,1.0
16:12:37.089,0.0,0.17407955435634084,-0.17407955435634084,0.0,0.0,-1.4013504797687333e-13,-7.468046882018546e-13,1.0
16:12:37.109,0.0,0.17407955435634084,-0.17407955435634084,0.0,0.0,-1.2331884221964853e-13,-6.571881256176321e-13,1.0
16:12:37.129,0.0,0.17407955435634084,-0.17407955435634084,0.0,0.0,-1.0852058115329071e-13,-5.783255505435162e-13,1.0
16:12:37.149,0.0,0.17407955435634084,-0.17407955435634084,0.0,0.0,-9.549811141489583e-14,-5.089264844782943e-13,1.0
16:12:37.169,0.0,0.17407955435634084,-0.17407955435634084,0.0,0.0,-8.403833804510833e-14,-4.4785530634089893e-13,1.0
16:12:37.189,0.0,0.17407955435634084,-0.17407955435634084,0.0,0.0,-7.395373747969533e-14,-3.941126695799911e-13,1.0
16:12:37.209,0.0,0.17407955435634084,-0.17407955435634084,0.0,0.0,-6.507928898213189e-14,-3.4681914923039214e-13,1.0
16:12:37.229,0.0,0.17407955435634084,-0.17407955435634084,0.0,0.0,-5.726977430427607e-14,-3.052008513227451e-13,1.0
16:12:37.249,0.0,0.17407955435634084,-0.17407955435634084,0.0,0.0,-5.0397401387762937e-14,-2.685767491640157e-13,1.0
16:12:37.269,0.0,0.17407955435634084,-0.17407955435634084,0.0,0.0,-4.4349713221231386e-14,-2.3634753926433383e-13,1.0
16:12:37.289,0.0,0.17407955435634084,-0.17407955435634084,0.0,0.0,-3.902774763468362e-14,-2.0798583455261376e-13,1.0
16:12:37.310,0.0,0.17407955435634084,-0.17407955435634084,0.0,0.0,-3.434441791852159e-14,-1.8302753440630013e-13,1.0
16:12:37.329,0.0,0.17407955435634084,-0.17407955435634084,0.0,0.0,-3.0223087768298996e-14,-1.610642302775441e-13,1.0
16:12:37.349,0.0,0.17407955435634084,-0.17407955435634084,0.0,0.0,-2.6596317236103117e-14,-1.4173652264423881e-13,1.0
16:12:37.370,0.0,0.17407955435634084,-0.17407955435634084,0.0,0.0,-2.3404759167770742e-14,-1.2472813992693015e-13,1.0
16:12:37.389,0.0,0.17407955435634084,-0.17407955435634084,0.0,0.0,-2.0596188067638253e-14,-1.0976076313569853e-13,1.0
16:12:37.410,0.0,0.17407955435634084,-0.17407955435634084,0.0,0.0,-1.8124645499521662e-14,-9.658947155941471e-14,1.0
16:12:37.429,0.0,0.17407955435634084,-0.17407955435634084,0.0,0.0,-1.5949688039579064e-14,-8.499873497228494e-14,1.0
16:12:37.449,0.0,0.17407955435634084,-0.17407955435634084,0.0,0.0,-1.4035725474829576e-14,-7.479888677561075e-14,1.0
16:12:37.469,0.0,0.17407955435634084,-0.17407955435634084,0.0,0.0,-1.2351438417850026e-14,-6.582302036253745e-14,1.0
16:12:37.489,0.0,0.17407955435634084,-0.17407955435634084,0.0,0.0,-1.0869265807708023e-14,-5.792425791903297e-14,1.0
16:12:37.510,0.0,0.17407955435634084,-0.17407955435634084,0.0,0.0,-9.56495391078306e-15,-5.0973346968749003e-14,1.0
16:12:37.530,0.0,0.17407955435634084,-0.17407955435634084,0.0,0.0,-8.417159441489092e-15,-4.4856545332499124e-14,1.0
16:12:37.549,0.0,0.17407955435634084,-0.17407955435634084,0.0,0.0,-7.407100308510402e-15,-3.947375989259923e-14,1.0
16:12:37.570,0.0,0.17407955435634084,-0.17407955435634084,0.0,0.0,-6.518248271489153e-15,-3.473690870548732e-14,1.0
16:12:37.589,0.0,0.17407955435634084,-0.17407955435634084,0.0,0.0,-5.736058478910455e-15,-3.056847966082884e-14,1.0
16:12:37.610,0.0,0.17407955435634084,-0.17407955435634084,0.0,0.0,-5.0477314614412e-15,-2.690026210152938e-14,1.0
16:12:37.630,0.0,0.17407955435634084,-0.17407955435634084,0.0,0.0,-4.442003686068256e-15,-2.3672230649345854e-14,1.0
16:12:37.649,0.0,0.17407955435634084,-0.17407955435634084,0.0,0.0,-3.908963243740065e-15,-2.083156297142435e-14,1.0
16:12:37.669,0.0,0.17407955435634084,-0.17407955435634084,0.0,0.0,-3.4398876544912573e-15,-1.833177541485343e-14,1.0
16:12:37.689,0.0,0.17407955435634084,-0.17407955435634084,0.0,0.0,-3.0271011359523066e-15,-1.613196236507102e-14,1.0
16:12:37.709,0.0,0.17407955435634084,-0.17407955435634084,0.0,0.0,-2.66384899963803e-15,-1.4196126881262497e-14,1.0
16:12:37.729,0.0,0.17407955435634084,-0.17407955435634084,0.0,0.0,-2.3441871196814663e-15,-1.2492591655510997e-14,1.0
16:12:37.749,0.0,0.17407955435634084,-0.17407955435634084,0.0,0.0,-2.0628846653196903e-15,-1.0993480656849676e-14,1.0
16:12:37.769,0.0,0.17407955435634084,-0.17407955435634084,0.0,0.0,-1.8153385054813273e-15,-9.674262978027716e-15,1.0
16:12:37.789,0.0,0.17407955435634084,-0.17407955435634084,0.0,0.0,-1.5974978848235681e-15,-8.51335142066439e-15,1.0
16:12:37.809,0.0,0.17407955435634084,-0.17407955435634084,0.0,0.0,-1.40579813864474e-15,-7.491749250184663e-15,1.0
16:12:37.829,0.0,0.17407955435634084,-0.17407955435634084,0.0,0.0,-1.2371023620073712e-15,-6.592739340162504e-15,1.0
16:12:37.849,0.0,0.17407955435634084,-0.17407955435634084,0.0,0.0,-1.0886500785664867e-15,-5.8016106193430034e-15,1.0
16:12:37.869,0.0,0.17407955435634084,-0.17407955435634084,0.0,0.0,-9.580120691385083e-16,-5.1054173450218425e-15,1.0
16:12:37.889,0.0,0.17407955435634084,-0.17407955435634084,0.0,0.0,-8.430506208418873e-16,-4.4927672636192216e-15,1.0
16:12:37.909,0.0,0.17407955435634084,-0.17407955435634084,0.0,0.0,-7.418845463408608e-16,-3.9536351919849154e-15,1.0
16:12:37.929,0.0,0.17407955435634084,-0.17407955435634084,0.0,0.0,-6.528584007799575e-16,-3.4791989689467255e-15,1.0
16:12:37.949,0.0,0.17407955435634084,-0.17407955435634084,0.0,0.0,-5.745153926863626e-16,-3.0616950926731184e-15,1.0
16:12:37.970,0.0,0.17407955435634084,-0.17407955435634084,0.0,0.0,-5.055735455639992e-16,-2.6942916815523445e-15,1.0
16:12:37.989,0.0,0.17407955435634084,-0.17407955435634084,0.0,0.0,-4.449047200963193e-16,-2.3709766797660632e-15,1.0
16:12:38.009,0.0,0.17407955435634084,-0.17407955435634084,0.0,0.0,-3.9151615368476096e-16,-2.0864594781941358e-15,1.0
16:12:38.029,0.0,0.17407955435634084,-0.17407955435634084,0.0,0.0,-3.4453421524258965e-16,-1.8360843408108394e-15,1.0
16:12:38.049,0.0,0.17407955435634084,-0.17407955435634084,0.0,0.0,-3.031901094134789e-16,-1.6157542199135386e-15,1.0
16:12:38.069,0.0,0.17407955435634084,-0.17407955435634084,0.0,0.0,-2.6680729628386144e-16,-1.4218637135239142e-15,1.0
16:12:38.089,0.0,0.17407955435634084,-0.17407955435634084,0.0,0.0,-2.347904207297981e-16,-1.2512400679010444e-15,1.0
16:12:38.110,0.0,0.17407955435634084,-0.17407955435634084,0.0,0.0,-2.0661557024222233e-16,-1.1010912597529192e-15,1.0
16:12:38.129,0.0,0.17407955435634084,-0.17407955435634084,0.0,0.0,-1.8182170181315565e-16,-9.689603085825688e-16,1.0
16:12:38.149,0.0,0.17407955435634084,-0.17407955435634084,0.0,0.0,-1.6000309759557698e-16,-8.526850715526606e-16,1.0
16:12:38.170,0.0,0.17407955435634084,-0.17407955435634084,0.0,0.0,-1.4080272588410774e-16,-7.503628629663414e-16,1.0
16:12:38.189,0.0,0.17407955435634084,-0.17407955435634084,0.0,0.0,-1.2390639877801483e-16,-6.603193194103805e-16,1.0
16:12:38.209,0.0,0.17407955435634084,-0.17407955435634084,0.0,0.0,-1.0903763092465304e-16,-5.810810010811348e-16,1.0
16:12:38.230,0.0,0.17407955435634084,-0.17407955435634084,0.0,0.0,-9.595311521369468e-17,-5.113512809513987e-16,1.0
16:12:38.249,0.0,0.17407955435634084,-0.17407955435634084,0.0,0.0,-8.443874138805133e-17,-4.499891272372308e-16,1.0
16:12:38.269,0.0,0.17407955435634084,-0.17407955435634084,0.0,0.0,-7.430609242148516e-17,-3.9599043196876314e-16,1.0
16:12:38.289,0.0,0.17407955435634084,-0.17407955435634084,0.0,0.0,-6.538936133090695e-17,-3.484715801325116e-16,1.0
16:12:38.309,0.0,0.17407955435634084,-0.17407955435634084,0.0,0.0,-5.754263797119812e-17,-3.066549905166102e-16,1.0
16:12:38.330,0.0,0.17407955435634084,-0.17407955435634084,0.0,0.0,-5.0637521414654343e-17,-2.69856391654617e-16,1.0
16:12:38.349,0.0,0.17407955435634084,-0.17407955435634084,0.0,0.0,-4.4561018844895824e-17,-2.3747362465606294e-16,1.0
16:12:38.370,0.0,0.17407955435634084,-0.17407955435634084,0.0,0.0,-3.921369658350833e-17,-2.0897678969733543e-16,1.0
16:12:38.390,0.0,0.17407955435634084,-0.17407955435634084,0.0,0.0,-3.4508052993487327e-17,-1.8389957493365516e-16,1.0
16:12:38.409,0.0,0.17407955435634084,-0.17407955435634084,0.0,0.0,-3.036708663426885e-17,-1.6183162594161653e-16,1.0
16:12:38.430,0.0,0.17407955435634084,-0.17407955435634084,0.0,0.0,-2.6723036238156586e-17,-1.4241183082862255e-16,1.0
16:12:38.449,0.0,0.17407955435634084,-0.17407955435634084,0.0,0.0,-2.3516271889577796e-17,-1.2532241112918784e-16,1.0
16:12:38.469,0.0,0.17407955435634084,-0.17407955435634084,0.0,0.0,-2.0694319262828462e-17,-1.1028372179368531e-16,1.0
16:12:38.490,0.0,0.17407955435634084,-0.17407955435634084,0.0,0.0,-1.8211000951289048e-17,-9.704967517844309e-17,1.0
16:12:38.510,0.0,0.17407955435634084,-0.17407955435634084,0.0,0.0,-1.602568083713436e-17,-8.540371415702991e-17,1.0
16:12:38.529,0.0,0.17407955435634084,-0.17407955435634084,0.0,0.0,-1.4102599136678237e-17,-7.515526845818632e-17,1.0
16:12:38.550,0.0,0.17407955435634084,-0.17407955435634084,0.0,0.0,-1.2410287240276848e-17,-6.613663624320395e-17,1.0
16:12:38.569,0.0,0.17407955435634084,-0.17407955435634084,0.0,0.0,-1.0921052771443627e-17,-5.820023989401948e-17,1.0
16:12:38.589,0.0,0.17407955435634084,-0.17407955435634084,0.0,0.0,-9.610526438870392e-18,-5.121621110673715e-17,1.0
16:12:38.609,0.0,0.17407955435634084,-0.17407955435634084,0.0,0.0,-8.457263266205944e-18,-4.5070265773928686e-17,1.0
16:12:38.629,0.0,0.17407955435634084,-0.17407955435634084,0.0,0.0,-7.44239167426123e-18,-3.966183388105724e-17,1.0
16:12:38.649,0.0,0.17407955435634084,-0.17407955435634084,0.0,0.0,-6.549304673349883e-18,-3.4902413815330373e-17,1.0
16:12:38.669,0.0,0.17407955435634084,-0.17407955435634084,0.0,0.0,-5.763388112547897e-18,-3.071412415749073e-17,1.0
16:12:38.689,0.0,0.17407955435634084,-0.17407955435634084,0.0,0.0,-5.07178153904215e-18,-2.7028429258591843e-17,1.0
16:12:38.710,0.0,0.17407955435634084,-0.17407955435634084,0.0,0.0,-4.4631677543570916e-18,-2.378501774756082e-17,1.0
16:12:38.729,0.0,0.17407955435634084,-0.17407955435634084,0.0,0.0,-3.927587623834241e-18,-2.0930815617853524e-17,1.0
16:12:38.749,0.0,0.17407955435634084,-0.17407955435634084,0.0,0.0,-3.4562771089741317e-18,-1.84191177437111e-17,1.0
16:12:38.769,0.0,0.17407955435634084,-0.17407955435634084,0.0,0.0,-3.041523855897236e-18,-1.620882361446577e-17,1.0
16:12:38.789,0.0,0.17407955435634084,-0.17407955435634084,0.0,0.0,-2.6765409931895677e-18,-1.4263764780729877e-17,1.0
16:12:38.809,0.0,0.17407955435634084,-0.17407955435634084,0.0,0.0,-2.3553560740068195e-18,-1.255211300704229e-17,1.0
16:12:38.830,0.0,0.17407955435634084,-0.17407955435634084,0.0,0.0,-2.0727133451260012e-18,-1.1045859446197216e-17,1.0
16:12:38.849,0.0,0.17407955435634084,-0.17407955435634084,0.0,0.0,-1.823987743710881e-18,-9.72035631265355e-18,1.0
16:12:38.869,0.0,0.17407955435634084,-0.17407955435634084,0.0,0.0,-1.6051092144655754e-18,-8.553913555135124e-18,1.0
16:12:38.889,0.0,0.17407955435634084,-0.17407955435634084,0.0,0.0,-1.4124961087297064e-18,-7.52744392851891e-18,1.0
16:12:38.909,0.0,0.17407955435634084,-0.17407955435634084,0.0,0.0,-1.2429965756821416e-18,-6.62415065709664e-18,1.0
16:12:38.929,0.0,0.17407955435634084,-0.17407955435634084,0.0,0.0,-1.0938369866002846e-18,-5.8292525782450435e-18,1.0
16:12:38.949,0.0,0.17407955435634084,-0.17407955435634084,0.0,0.0,-9.625765482082505e-19,-5.129742268855639e-18,1.0
16:12:38.969,0.0,0.17407955435634084,-0.17407955435634084,0.0,0.0,-8.470673624232604e-19,-4.514173196592962e-18,1.0
16:12:38.989,0.0,0.17407955435634084,-0.17407955435634084,0.0,0.0,-7.454192789324692e-19,-3.972472413001806e-18,1.0
16:12:39.009,0.0,0.17407955435634084,-0.17407955435634084,0.0,0.0,-6.559689654605729e-19,-3.4957757234415896e-18,1.0
16:12:39.030,0.0,0.17407955435634084,-0.17407955435634084,0.0,0.0,-5.772526896053041e-19,-3.0762826366285988e-18,1.0
16:12:39.049,0.0,0.17407955435634084,-0.17407955435634084,0.0,0.0,-5.079823668526676e-19,-2.707128720233167e-18,1.0
16:12:39.069,0.0,0.17407955435634084,-0.17407955435634084,0.0,0.0,-4.470244828303475e-19,-2.382273273805187e-18,1.0
16:12:39.089,0.0,0.17407955435634084,-0.17407955435634084,0.0,0.0,-3.9338154489070585e-19,-2.0964004809485647e-18,1.0
16:12:39.110,0.0,0.17407955435634084,-0.17407955435634084,0.0,0.0,-3.4617575950382114e-19,-1.844832423234737e-18,1.0
16:12:39.129,0.0,0.17407955435634084,-0.17407955435634084,0.0,0.0,-3.046346683633626e-19,-1.6234525324465685e-18,1.0
16:12:39.149,0.0,0.17407955435634084,-0.17407955435634084,0.0,0.0,-2.680785081597591e-19,-1.4286382285529802e-18,1.0
16:12:39.169,0.0,0.17407955435634084,-0.17407955435634084,0.0,0.0,-2.35909087180588e-19,-1.2572016411266225e-18,1.0
16:12:39.189,0.0,0.17407955435634084,-0.17407955435634084,0.0,0.0,-2.0759999671891743e-19,-1.1063374441914278e-18,1.0
16:12:39.209,0.0,0.17407955435634084,-0.17407955435634084,0.0,0.0,-1.8268799711264735e-19,-9.735769508884565e-19,1.0
16:12:39.229,0.0,0.17407955435634084,-0.17407955435634084,0.0,0.0,-1.6076543745912966e-19,-8.567477167818417e-19,1.0
16:12:39.250,0.0,0.17407955435634084,-0.17407955435634084,0.0,0.0,-1.414735849640341e-19,-7.539379907680207e-19,1.0
16:12:39.269,0.0,0.17407955435634084,-0.17407955435634084,0.0,0.0,-1.2449675476835e-19,-6.634654318758582e-19,1.0
16:12:39.290,0.0,0.17407955435634084,-0.17407955435634084,0.0,0.0,-1.09557144196148e-19,-5.838495800507552e-19,1.0
16:12:39.309,0.0,0.17407955435634084,-0.17407955435634084,0.0,0.0,-9.641028689261024e-20,-5.137876304446646e-19,1.0
16:12:39.329,0.0,0.17407955435634084,-0.17407955435634084,0.0,0.0,-8.484105246549701e-20,-4.521331147913049e-19,1.0
16:12:39.349,0.0,0.17407955435634084,-0.17407955435634084,0.0,0.0,-7.466012616963737e-20,-3.9787714101634827e-19,1.0
16:12:39.369,0.0,0.17407955435634084,-0.17407955435634084,0.0,0.0,-6.570091102928089e-20,-3.501318840943865e-19,1.0
16:12:39.389,0.0,0.17407955435634084,-0.17407955435634084,0.0,0.0,-5.781680170576718e-20,-3.081160580030601e-19,1.0
16:12:39.409,0.0,0.17407955435634084,-0.17407955435634084,0.0,0.0,-5.087878550107512e-20,-2.711421310426929e-19,1.0
16:12:39.429,0.0,0.17407955435634084,-0.17407955435634084,0.0,0.0,-4.4773331240946105e-20,-2.3860507531756973e-19,1.0
16:12:39.449,0.0,0.17407955435634084,-0.17407955435634084,0.0,0.0,-3.9400531492032574e-20,-2.0997246627946138e-19,1.0
16:12:39.469,0.0,0.17407955435634084,-0.17407955435634084,0.0,0.0,-3.4672467712988664e-20,-1.8477577032592602e-19,1.0
16:12:39.489,0.0,0.17407955435634084,-0.17407955435634084,0.0,0.0,-3.0511771587430024e-20,-1.6260267788681488e-19,1.0
16:12:39.509,0.0,0.17407955435634084,-0.17407955435634084,0.0,0.0,-2.685035899693842e-20,-1.430903565403971e-19,1.0
16:12:39.530,0.0,0.17407955435634084,-0.17407955435634084,0.0,0.0,-2.362831591730581e-20,-1.2591951375554944e-19,1.0
16:12:39.550,0.0,0.17407955435634084,-0.17407955435634084,0.0,0.0,-2.0792918007229112e-20,-1.1080917210488352e-19,1.0
16:12:39.569,0.0,0.17407955435634084,-0.17407955435634084,0.0,0.0,-1.829776784636162e-20,-9.75120714522975e-20,1.0
16:12:39.590,0.0,0.17407955435634084,-0.17407955435634084,0.0,0.0,-1.6102035704798225e-20,-8.58106228780218e-20,1.0
16:12:39.609,0.0,0.17407955435634084,-0.17407955435634084,0.0,0.0,-1.4169791420222438e-20,-7.551334813265918e-20,1.0
16:12:39.629,0.0,0.17407955435634084,-0.17407955435634084,0.0,0.0,-1.2469416449795746e-20,-6.645174635674008e-20,1.0
16:12:39.650,0.0,0.17407955435634084,-0.17407955435634084,0.0,0.0,-1.0973086475820256e-20,-5.847753679393127e-20,1.0
16:12:39.669,0.0,0.17407955435634084,-0.17407955435634084,0.0,0.0,-9.656316098721826e-21,-5.146023237865952e-20,1.0
16:12:39.689,0.0,0.17407955435634084,-0.17407955435634084,0.0,0.0,-8.497558166875206e-21,-4.528500449322037e-20,1.0
16:12:39.709,0.0,0.17407955435634084,-0.17407955435634084,0.0,0.0,-7.477851186850182e-21,-3.985080395403393e-20,1.0
16:12:39.729,0.0,0.17407955435634084,-0.17407955435634084,0.0,0.0,-6.58050904442816e-21,-3.5068707479549856e-20,1.0
16:12:39.749,0.0,0.17407955435634084,-0.17407955435634084,0.0,0.0,-5.7908479590967805e-21,-3.0860462582003874e-20,1.0
16:12:39.769,0.0,0.17407955435634084,-0.17407955435634084,0.0,0.0,-5.095946204005167e-21,-2.715720707216341e-20,1.0
16:12:39.789,0.0,0.17407955435634084,-0.17407955435634084,0.0,0.0,-4.4844326595245465e-21,-2.3898342223503798e-20,1.0
16:12:39.809,0.0,0.17407955435634084,-0.17407955435634084,0.0,0.0,-3.946300740381601e-21,-2.103054115668334e-20,1.0
16:12:39.829,0.0,0.17407955435634084,-0.17407955435634084,0.0,0.0,-3.472744651535809e-21,-1.8506876217881342e-20,1.0
16:12:39.849,0.0,0.17407955435634084,-0.17407955435634084,0.0,0.0,-3.0560152933515116e-21,-1.6286051071735578e-20,1.0
16:12:39.869,0.0,0.17407955435634084,-0.17407955435634084,0.0,0.0,-2.68929345814933e-21,-1.433172494312731e-20,1.0
16:12:39.890,0.0,0.17407955435634084,-0.17407955435634084,0.0,0.0,-2.3665782431714103e-21,-1.2611917949952032e-20,1.0
16:12:39.909,0.0,0.17407955435634084,-0.17407955435634084,0.0,0.0,-2.082588853990841e-21,-1.1098487795957787e-20,1.0
16:12:39.929,0.0,0.17407955435634084,-0.17407955435634084,0.0,0.0,-1.8326781915119402e-21,-9.766669260442853e-21,1.0
16:12:39.949,0.0,0.17407955435634084,-0.17407955435634084,0.0,0.0,-1.6127568085305075e-21,-8.594668949189712e-21,1.0
16:12:39.969,0.0,0.17407955435634084,-0.17407955435634084,0.0,0.0,-1.4192259915068466e-21,-7.563308675286946e-21,1.0
16:12:39.989,0.0,0.17407955435634084,-0.17407955435634084,0.0,0.0,-1.248918872526025e-21,-6.655711634252512e-21,1.0
16:12:40.009,0.0,0.17407955435634084,-0.17407955435634084,0.0,0.0,-1.099048607822902e-21,-5.857026238142211e-21,1.0
16:12:40.029,0.0,0.17407955435634084,-0.17407955435634084,0.0,0.0,-9.671627748841538e-22,-5.1541830895651456e-21,1.0
16:12:40.049,0.0,0.17407955435634084,-0.17407955435634084,0.0,0.0,-8.511032418980553e-22,-4.535681118817328e-21,1.0
16:12:40.069,0.0,0.17407955435634084,-0.17407955435634084,0.0,0.0,-7.489708528702886e-22,-3.991399384559249e-21,1.0
16:12:40.089,0.0,0.17407955435634084,-0.17407955435634084,0.0,0.0,-6.59094350525854e-22,-3.512431458412139e-21,1.0
16:12:40.109,0.0,0.17407955435634084,-0.17407955435634084,0.0,0.0,-5.800030284627515e-22,-3.0909396834026825e-21,1.0
16:12:40.129,0.0,0.17407955435634084,-0.17407955435634084,0.0,0.0,-5.104026650472213e-22,-2.7200269213943603e-21,1.0
16:12:40.150,0.0,0.17407955435634084,-0.17407955435634084,0.0,0.0,-4.491543452415548e-22,-2.393623690827037e-21,1.0
16:12:40.169,0.0,0.17407955435634084,-0.17407955435634084,0.0,0.0,-3.9525582381256817e-22,-2.1063888479277924e-21,1.0
16:12:40.189,0.0,0.17407955435634084,-0.17407955435634084,0.0,0.0,-3.4782512495506e-22,-1.8536221861764573e-21,1.0
16:12:40.209,0.0,0.17407955435634084,-0.17407955435634084,0.0,0.0,-3.060861099604528e-22,-1.6311875238352825e-21,1.0
16:12:40.229,0.0,0.17407955435634084,-0.17407955435634084,0.0,0.0,-2.693557767651985e-22,-1.4354450209750487e-21,1.0
16:12:40.249,0.0,0.17407955435634084,-0.17407955435634084,0.0,0.0,-2.370330835533747e-22,-1.263191618458043e-21,1.0
16:12:40.269,0.0,0.17407955435634084,-0.17407955435634084,0.0,0.0,-2.0858911352696972e-22,-1.1116086242430778e-21,1.0
16:12:40.290,0.0,0.17407955435634084,-0.17407955435634084,0.0,0.0,-1.8355841990373336e-22,-9.782155893339085e-22,1.0
16:12:40.310,0.0,0.17407955435634084,-0.17407955435634084,0.0,0.0,-1.6153140951528536e-22,-8.608297186138395e-22,1.0
16:12:40.329,0.0,0.17407955435634084,-0.17407955435634084,0.0,0.0,-1.421476403734511e-22,-7.575301523801787e-22,1.0
16:12:40.350,0.0,0.17407955435634084,-0.17407955435634084,0.0,0.0,-1.2508992352863699e-22,-6.666265340945574e-22,1.0
16:12:40.369,0.0,0.17407955435634084,-0.17407955435634084,0.0,0.0,-1.1007913270520054e-22,-5.866313500032104e-22,1.0
16:12:40.389,0.0,0.17407955435634084,-0.17407955435634084,0.0,0.0,-9.686963678057647e-23,-5.162355880028252e-22,1.0
16:12:40.409,0.0,0.17407955435634084,-0.17407955435634084,0.0,0.0,-8.52452803669073e-23,-4.542873174424862e-22,1.0
16:12:40.430,0.0,0.17407955435634084,-0.17407955435634084,0.0,0.0,-7.501584672287841e-23,-3.997728393493878e-22,1.0
16:12:40.449,0.0,0.17407955435634084,-0.17407955435634084,0.0,0.0,-6.6013945116133e-23,-3.518000986274612e-22,1.0
16:12:40.469,0.0,0.17407955435634084,-0.17407955435634084,0.0,0.0,-5.809227170219704e-23,-3.0958408679216585e-22,1.0
16:12:40.489,0.0,0.17407955435634084,-0.17407955435634084,0.0,0.0,-5.1121199097933395e-23,-2.7243399637710594e-22,1.0
16:12:40.510,0.0,0.17407955435634084,-0.17407955435634084,0.0,0.0,-4.498665520618139e-23,-2.3974191681185327e-22,1.0
16:12:40.529,0.0,0.17407955435634084,-0.17407955435634084,0.0,0.0,-3.958825658143962e-23,-2.1097288679443086e-22,1.0
16:12:40.549,0.0,0.17407955435634084,-0.17407955435634084,0.0,0.0,-3.4837665791666864e-23,-1.8565614037909914e-22,1.0
16:12:40.570,0.0,0.17407955435634084,-0.17407955435634084,0.0,0.0,-3.065714589666684e-23,-1.6337740353360722e-22,1.0
16:12:40.589,0.0,0.17407955435634084,-0.17407955435634084,0.0,0.0,-2.6978288389066816e-23,-1.4377211510957436e-22,1.0
16:12:40.609,0.0,0.17407955435634084,-0.17407955435634084,0.0,0.0,-2.37408937823788e-23,-1.2651946129642543e-22,1.0
16:12:40.630,0.0,0.17407955435634084,-0.17407955435634084,0.0,0.0,-2.0891986528493343e-23,-1.1133712594085437e-22,1.0
16:12:40.649,0.0,0.17407955435634084,-0.17407955435634084,0.0,0.0,-1.838494814507414e-23,-9.797667082795185e-23,1.0
16:12:40.669,0.0,0.17407955435634084,-0.17407955435634084,0.0,0.0,-1.6178754367665246e-23,-8.621947032859764e-23,1.0
16:12:40.689,0.0,0.17407955435634084,-0.17407955435634084,0.0,0.0,-1.4237303843545417e-23,-7.587313388916593e-23,1.0
16:12:40.709,0.0,0.17407955435634084,-0.17407955435634084,0.0,0.0,-1.2528827382319967e-23,-6.676835782246601e-23,1.0
16:12:40.729,0.0,0.17407955435634084,-0.17407955435634084,0.0,0.0,-1.1025368096441571e-23,-5.875615488377009e-23,1.0
16:12:40.750,0.0,0.17407955435634084,-0.17407955435634084,0.0,0.0,-9.702323924868583e-24,-5.170541629771769e-23,1.0
16:12:40.769,0.0,0.17407955435634084,-0.17407955435634084,0.0,0.0,-8.538045053884354e-24,-4.550076634199157e-23,1.0
16:12:40.789,0.0,0.17407955435634084,-0.17407955435634084,0.0,0.0,-7.513479647418231e-24,-4.004067438095258e-23,1.0
16:12:40.809,0.0,0.17407955435634084,-0.17407955435634084,0.0,0.0,-6.611862089728044e-24,-3.523579345523827e-23,1.0
16:12:40.829,0.0,0.17407955435634084,-0.17407955435634084,0.0,0.0,-5.818438638960679e-24,-3.100749824060968e-23,1.0
16:12:40.849,0.0,0.17407955435634084,-0.17407955435634084,0.0,0.0,-5.1202260022853974e-24,-2.728659845173652e-23,1.0
16:12:40.869,0.0,0.17407955435634084,-0.17407955435634084,0.0,0.0,-4.5057988820111494e-24,-2.4012206637528135e-23,1.0
16:12:40.889,0.0,0.17407955435634084,-0.17407955435634084,0.0,0.0,-3.965103016169811e-24,-2.1130741841024757e-23,1.0
16:12:40.909,0.0,0.17407955435634084,-0.17407955435634084,0.0,0.0,-3.489290654229434e-24,-1.8595052820101788e-23,1.0
16:12:40.929,0.0,0.17407955435634084,-0.17407955435634084,0.0,0.0,-3.070575775721902e-24,-1.6363646481689573e-23,1.0
16:12:40.949,0.0,0.17407955435634084,-0.17407955435634084,0.0,0.0,-2.7021066826352736e-24,-1.4400008903886824e-23,1.0
16:12:40.969,0.0,0.17407955435634084,-0.17407955435634084,0.0,0.0,-2.377853880719041e-24,-1.2672007835420405e-23,1.0
16:12:40.989,0.0,0.17407955435634084,-0.17407955435634084,0.0,0.0,-2.092511415032756e-24,-1.1151366895169955e-23,1.0
16:12:41.009,0.0,0.17407955435634084,-0.17407955435634084,0.0,0.0,-1.8414100452288252e-24,-9.813202867749562e-24,1.0
16:12:41.029,0.0,0.17407955435634084,-0.17407955435634084,0.0,0.0,-1.6204408398013663e-24,-8.635618523619614e-24,1.0
16:12:41.049,0.0,0.17407955435634084,-0.17407955435634084,0.0,0.0,-1.4259879390252024e-24,-7.599344300785262e-24,1.0
16:12:41.070,0.0,0.17407955435634084,-0.17407955435634084,0.0,0.0,-1.2548693863421781e-24,-6.68742298469103e-24,1.0
16:12:41.089,0.0,0.17407955435634084,-0.17407955435634084,0.0,0.0,-1.1042850599811168e-24,-5.8849322265281065e-24,1.0
16:12:41.109,0.0,0.17407955435634084,-0.17407955435634084,0.0,0.0,-9.717708527833829e-25,-5.178740359344735e-24,1.0
16:12:41.129,0.0,0.17407955435634084,-0.17407955435634084,0.0,0.0,-8.55158350449377e-25,-4.557291516223366e-24,1.0
16:12:41.149,0.0,0.17407955435634084,-0.17407955435634084,0.0,0.0,-7.525393483954518e-25,-4.010416534276563e-24,1.0
16:12:41.169,0.0,0.17407955435634084,-0.17407955435634084,0.0,0.0,-6.622346265879976e-25,-3.529166550163375e-24,1.0
16:12:41.190,0.0,0.17407955435634084,-0.17407955435634084,0.0,0.0,-5.827664713974378e-25,-3.10566656414377e-24,1.0
16:12:41.209,0.0,0.17407955435634084,-0.17407955435634084,0.0,0.0,-5.128344948297453e-25,-2.7329865764465173e-24,1.0
16:12:41.229,0.0,0.17407955435634084,-0.17407955435634084,0.0,0.0,-4.512943554501758e-25,-2.4050281872729354e-24,1.0
16:12:41.249,0.0,0.17407955435634084,-0.17407955435634084,0.0,0.0,-3.971390327961547e-25,-2.1164248048001832e-24,1.0
16:12:41.269,0.0,0.17407955435634084,-0.17407955435634084,0.0,0.0,-3.4948234886061616e-25,-1.862453828224161e-24,1.0
16:12:41.289,0.0,0.17407955435634084,-0.17407955435634084,0.0,0.0,-3.0754446699734224e-25,-1.638959368837262e-24,1.0
16:12:41.309,0.0,0.17407955435634084,-0.17407955435634084,0.0,0.0,-2.706391309576612e-25,-1.4422842445767906e-24,1.0
16:12:41.329,0.0,0.17407955435634084,-0.17407955435634084,0.0,0.0,-2.3816243524274183e-25,-1.2692101352275756e-24,1.0
16:12:41.349,0.0,0.17407955435634084,-0.17407955435634084,0.0,0.0,-2.095829430136128e-25,-1.1169049190002665e-24,1.0
16:12:41.369,0.0,0.17407955435634084,-0.17407955435634084,0.0,0.0,-1.8443298985197927e-25,-9.828763287202345e-25,1.0
16:12:41.389,0.0,0.17407955435634084,-0.17407955435634084,0.0,0.0,-1.6230103106974176e-25,-8.649311692738065e-25,1.0
16:12:41.409,0.0,0.17407955435634084,-0.17407955435634084,0.0,0.0,-1.4282490734137275e-25,-7.611394289609496e-25,1.0
16:12:41.429,0.0,0.17407955435634084,-0.17407955435634084,0.0,0.0,-1.25685918460408e-25,-6.698026974856356e-25,1.0
16:12:41.449,0.0,0.17407955435634084,-0.17407955435634084,0.0,0.0,-1.1060360824515905e-25,-5.894263737873593e-25,1.0
16:12:41.469,0.0,0.17407955435634084,-0.17407955435634084,0.0,0.0,-9.733117525573996e-26,-5.186952089328762e-25,1.0
16:12:41.489,0.0,0.17407955435634084,-0.17407955435634084,0.0,0.0,-8.565143422505117e-26,-4.564517838609311e-25,1.0
16:12:41.510,0.0,0.17407955435634084,-0.17407955435634084,0.0,0.0,-7.537326211804502e-26,-4.0167756979761934e-25,1.0
16:12:41.529,0.0,0.17407955435634084,-0.17407955435634084,0.0,0.0,-6.632847066387962e-26,-3.53476261421905e-25,1.0
16:12:41.549,0.0,0.17407955435634084,-0.17407955435634084,0.0,0.0,-5.836905418421407e-26,-3.1105911005127645e-25,1.0
16:12:41.570,0.0,0.17407955435634084,-0.17407955435634084,0.0,0.0,-5.1364767682108383e-26,-2.737320168451233e-25,1.0
16:12:41.590,0.0,0.17407955435634084,-0.17407955435634084,0.0,0.0,-4.520099556025538e-26,-2.408841748237085e-25,1.0
16:12:41.610,0.0,0.17407955435634084,-0.17407955435634084,0.0,0.0,-3.9776876093024734e-26,-2.119780738448635e-25,1.0
16:12:41.629,0.0,0.17407955435634084,-0.17407955435634084,0.0,0.0,-3.5003650961861763e-26,-1.8654070498347985e-25,1.0
16:12:41.649,0.0,0.17407955435634084,-0.17407955435634084,0.0,0.0,-3.080321284643835e-26,-1.6415582038546226e-25,1.0
16:12:41.669,0.0,0.17407955435634084,-0.17407955435634084,0.0,0.0,-2.710682730486575e-26,-1.4445712193920679e-25,1.0
16:12:41.689,0.0,0.17407955435634084,-0.17407955435634084,0.0,0.0,-2.385400802828186e-26,-1.2712226730650198e-25,1.0
16:12:41.709,0.0,0.17407955435634084,-0.17407955435634084,0.0,0.0,-2.0991527064888036e-26,-1.1186759522972173e-25,1.0
16:12:41.729,0.0,0.17407955435634084,-0.17407955435634084,0.0,0.0,-1.8472543817101472e-26,-9.844348380215513e-26,1.0
16:12:41.749,0.0,0.17407955435634084,-0.17407955435634084,0.0,0.0,-1.6255838559049296e-26,-8.663026574589652e-26,1.0
16:12:41.769,0.0,0.17407955435634084,-0.17407955435634084,0.0,0.0,-1.430513793196338e-26,-7.623463385638893e-26,1.0
16:12:41.789,0.0,0.17407955435634084,-0.17407955435634084,0.0,0.0,-1.2588521380127775e-26,-6.708647779362226e-26,1.0
16:12:41.809,0.0,0.17407955435634084,-0.17407955435634084,0.0,0.0,-1.1077898814512442e-26,-5.903610045838759e-26,1.0
16:12:41.830,0.0,0.17407955435634084,-0.17407955435634084,0.0,0.0,-9.74855095677095e-27,-5.195176840338108e-26,1.0
16:12:41.849,0.0,0.17407955435634084,-0.17407955435634084,0.0,0.0,-8.578724841958436e-27,-4.5717556194975354e-26,1.0
16:12:41.869,0.0,0.17407955435634084,-0.17407955435634084,0.0,0.0,-7.549277860923423e-27,-4.0231449451578313e-26,1.0
16:12:41.889,0.0,0.17407955435634084,-0.17407955435634084,0.0,0.0,-6.643364517612612e-27,-3.5403675517388914e-26,1.0
16:12:41.909,0.0,0.17407955435634084,-0.17407955435634084,0.0,0.0,-5.846160775499099e-27,-3.1155234455302247e-26,1.0
16:12:41.929,0.0,0.17407955435634084,-0.17407955435634084,0.0,0.0,-5.144621482439207e-27,-2.7416606320665973e-26,1.0
16:12:41.949,0.0,0.17407955435634084,-0.17407955435634084,0.0,0.0,-4.527266904546503e-27,-2.412661356218606e-26,1.0
16:12:41.970,0.0,0.17407955435634084,-0.17407955435634084,0.0,0.0,-3.9839948760009224e-27,-2.1231419934723732e-26,1.0
16:12:41.989,0.0,0.17407955435634084,-0.17407955435634084,0.0,0.0,-3.505915490880812e-27,-1.8683649542556886e-26,1.0
16:12:42.009,0.0,0.17407955435634084,-0.17407955435634084,0.0,0.0,-3.0852056319751145e-27,-1.644161159745006e-26,1.0
16:12:42.029,0.0,0.17407955435634084,-0.17407955435634084,0.0,0.0,-2.7149809561381008e-27,-1.4468618205756054e-26,1.0
16:12:42.049,0.0,0.17407955435634084,-0.17407955435634084,0.0,0.0,-2.389183241401529e-27,-1.2732384021065328e-26,1.0
16:12:42.069,0.0,0.17407955435634084,-0.17407955435634084,0.0,0.0,-2.1024812524333453e-27,-1.1204497938537488e-26,1.0
16:12:42.089,0.0,0.17407955435634084,-0.17407955435634084,0.0,0.0,-1.8501835021413437e-27,-9.859958185912988e-27,1.0
16:12:42.109,0.0,0.17407955435634084,-0.17407955435634084,0.0,0.0,-1.6281614818843825e-27,-8.67676320360343e-27,1.0
16:12:42.129,0.0,0.17407955435634084,-0.17407955435634084,0.0,0.0,-1.4327821040582567e-27,-7.635551619171019e-27,1.0
16:12:42.149,0.0,0.17407955435634084,-0.17407955435634084,0.0,0.0,-1.260848251571266e-27,-6.719285424870497e-27,1.0
16:12:42.169,0.0,0.17407955435634084,-0.17407955435634084,0.0,0.0,-1.109546461382714e-27,-5.912971173886037e-27,1.0
16:12:42.189,0.0,0.17407955435634084,-0.17407955435634084,0.0,0.0,-9.764008860167884e-28,-5.203414633019713e-27,1.0
16:12:42.209,0.0,0.17407955435634084,-0.17407955435634084,0.0,0.0,-8.592327796947738e-28,-4.579004877057347e-27,1.0
16:12:42.229,0.0,0.17407955435634084,-0.17407955435634084,0.0,0.0,-7.5612484613140095e-28,-4.029524291810466e-27,1.0
16:12:42.249,0.0,0.17407955435634084,-0.17407955435634084,0.0,0.0,-6.653898645956328e-28,-3.5459813767932095e-27,1.0
16:12:42.269,0.0,0.17407955435634084,-0.17407955435634084,0.0,0.0,-5.855430808441569e-28,-3.1204636115780246e-27,1.0
16:12:42.289,0.0,0.17407955435634084,-0.17407955435634084,0.0,0.0,-5.15277911142858e-28,-2.7460079781886615e-27,1.0
16:12:42.309,0.0,0.17407955435634084,-0.17407955435634084,0.0,0.0,-4.53444561805715e-28,-2.416487020806022e-27,1.0
16:12:42.329,0.0,0.17407955435634084,-0.17407955435634084,0.0,0.0,-3.990312143890292e-28,-2.1265085783092993e-27,1.0
16:12:42.349,0.0,0.17407955435634084,-0.17407955435634084,0.0,0.0,-3.5114746866234573e-28,-1.8713275489121835e-27,1.0
16:12:42.369,0.0,0.17407955435634084,-0.17407955435634084,0.0,0.0,-3.0900977242286423e-28,-1.6467682430427214e-27,1.0
16:12:42.389,0.0,0.17407955435634084,-0.17407955435634084,0.0,0.0,-2.719285997321205e-28,-1.4491560538775947e-27,1.0
16:12:42.409,0.0,0.17407955435634084,-0.17407955435634084,0.0,0.0,-2.3929716776426604e-28,-1.2752573274122833e-27,1.0
16:12:42.429,0.0,0.17407955435634084,-0.17407955435634084,0.0,0.0,-2.105815076325541e-28,-1.1222264481228093e-27,1.0
16:12:42.449,0.0,0.17407955435634084,-0.17407955435634084,0.0,0.0,-1.8531172671664762e-28,-9.875592743480723e-28,1.0
16:12:42.470,0.0,0.17407955435634084,-0.17407955435634084,0.0,0.0,-1.630743195106499e-28,-8.690521614263036e-28,1.0
16:12:42.489,0.0,0.17407955435634084,-0.17407955435634084,0.0,0.0,-1.435054011693719e-28,-7.647659020551471e-28,1.0
16:12:42.509,0.0,0.17407955435634084,-0.17407955435634084,0.0,0.0,-1.2628475302904727e-28,-6.729939938085294e-28,1.0
16:12:42.529,0.0,0.17407955435634084,-0.17407955435634084,0.0,0.0,-1.111305826655616e-28,-5.922347145515059e-28,1.0
16:12:42.549,0.0,0.17407955435634084,-0.17407955435634084,0.0,0.0,-9.779491274569421e-29,-5.211665488053252e-28,1.0
16:12:42.569,0.0,0.17407955435634084,-0.17407955435634084,0.0,0.0,-8.605952321621091e-29,-4.586265629486862e-28,1.0
16:12:42.589,0.0,0.17407955435634084,-0.17407955435634084,0.0,0.0,-7.573238043026561e-29,-4.035913753948439e-28,1.0
16:12:42.609,0.0,0.17407955435634084,-0.17407955435634084,0.0,0.0,-6.664449477863374e-29,-3.5516041034746263e-28,1.0
16:12:42.629,0.0,0.17407955435634084,-0.17407955435634084,0.0,0.0,-5.864715540519769e-29,-3.125411611057671e-28,1.0
16:12:42.649,0.0,0.17407955435634084,-0.17407955435634084,0.0,0.0,-5.160949675657397e-29,-2.750362217730751e-28,1.0
16:12:42.669,0.0,0.17407955435634084,-0.17407955435634084,0.0,0.0,-4.5416357145785093e-29,-2.420318751603061e-28,1.0
16:12:42.689,0.0,0.17407955435634084,-0.17407955435634084,0.0,0.0,-3.996639428829088e-29,-2.1298805014106935e-28,1.0
16:12:42.709,0.0,0.17407955435634084,-0.17407955435634084,0.0,0.0,-3.517042697369598e-29,-1.8742948412414102e-28,1.0
16:12:42.729,0.0,0.17407955435634084,-0.17407955435634084,0.0,0.0,-3.094997573685246e-29,-1.6493794602924408e-28,1.0
16:12:42.749,0.0,0.17407955435634084,-0.17407955435634084,0.0,0.0,-2.723597864843016e-29,-1.451453925057348e-28,1.0
16:12:42.769,0.0,0.17407955435634084,-0.17407955435634084,0.0,0.0,-2.3967661210618543e-29,-1.2772794540504662e-28,1.0
16:12:42.789,0.0,0.17407955435634084,-0.17407955435634084,0.0,0.0,-2.109154186534432e-29,-1.1240059195644103e-28,1.0
16:12:42.810,0.0,0.17407955435634084,-0.17407955435634084,0.0,0.0,-1.8560556841503e-29,-9.89125209216681e-29,1.0
16:12:42.829,0.0,0.17407955435634084,-0.17407955435634084,0.0,0.0,-1.633329002052264e-29,-8.704301841106794e-29,1.0
16:12:42.849,0.0,0.17407955435634084,-0.17407955435634084,0.0,0.0,-1.4373295218059923e-29,-7.659785620173978e-29,1.0
16:12:42.869,0.0,0.17407955435634084,-0.17407955435634084,0.0,0.0,-1.2648499791892732e-29,-6.740611345753101e-29,1.0
16:12:42.889,0.0,0.17407955435634084,-0.17407955435634084,0.0,0.0,-1.1130679816865604e-29,-5.931737984262728e-29,1.0
16:12:42.910,0.0,0.17407955435634084,-0.17407955435634084,0.0,0.0,-9.794998238841732e-30,-5.219929426151201e-29,1.0
16:12:42.929,0.0,0.17407955435634084,-0.17407955435634084,0.0,0.0,-8.619598450180724e-30,-4.593537895013057e-29,1.0
16:12:42.949,0.0,0.17407955435634084,-0.17407955435634084,0.0,0.0,-7.585246636159038e-30,-4.04231334761149e-29,1.0
16:12:42.969,0.0,0.17407955435634084,-0.17407955435634084,0.0,0.0,-6.675017039819953e-30,-3.557235745898111e-29,1.0
16:12:42.989,0.0,0.17407955435634084,-0.17407955435634084,0.0,0.0,-5.874014995041559e-30,-3.130367456390338e-29,1.0
16:12:43.009,0.0,0.17407955435634084,-0.17407955435634084,0.0,0.0,-5.1691331956365716e-30,-2.7547233616234975e-29,1.0
16:12:43.029,0.0,0.17407955435634084,-0.17407955435634084,0.0,0.0,-4.548837212160183e-30,-2.4241565582286777e-29,1.0
16:12:43.049,0.0,0.17407955435634084,-0.17407955435634084,0.0,0.0,-4.002976746700961e-30,-2.1332577712412362e-29,1.0
16:12:43.070,0.0,0.17407955435634084,-0.17407955435634084,0.0,0.0,-3.5226195370968454e-30,-1.8772668386922878e-29,1.0
16:12:43.089,0.0,0.17407955435634084,-0.17407955435634084,0.0,0.0,-3.099905192645224e-30,-1.6519948180492132e-29,1.0
16:12:43.109,0.0,0.17407955435634084,-0.17407955435634084,0.0,0.0,-2.727916569527797e-30,-1.4537554398833078e-29,1.0
16:12:43.130,0.0,0.17407955435634084,-0.17407955435634084,0.0,0.0,-2.4005665811844615e-30,-1.2793047870973107e-29,1.0
16:12:43.149,0.0,0.17407955435634084,-0.17407955435634084,0.0,0.0,-2.112498591442326e-30,-1.1257882126456335e-29,1.0
16:12:43.170,0.0,0.17407955435634084,-0.17407955435634084,0.0,0.0,-1.858998760469247e-30,-9.906936271281575e-30,1.0
16:12:43.189,0.0,0.17407955435634084,-0.17407955435634084,0.0,0.0,-1.6359189092129374e-30,-8.718103918727786e-30,1.0
16:12:43.209,0.0,0.17407955435634084,-0.17407955435634084,0.0,0.0,-1.439608640107385e-30,-7.671931448480452e-30,1.0
16:12:43.229,0.0,0.17407955435634084,-0.17407955435634084,0.0,0.0,-1.2668556032944988e-30,-6.751299674662798e-30,1.0
16:12:43.249,0.0,0.17407955435634084,-0.17407955435634084,0.0,0.0,-1.114832930899159e-30,-5.941143713703263e-30,1.0
16:12:43.269,0.0,0.17407955435634084,-0.17407955435634084,0.0,0.0,-9.810529791912599e-31,-5.2282064680588714e-30,1.0
16:12:43.289,0.0,0.17407955435634084,-0.17407955435634084,0.0,0.0,-8.633266216883087e-31,-4.600821691891807e-30,1.0
16:12:43.309,0.0,0.17407955435634084,-0.17407955435634084,0.0,0.0,-7.597274270857117e-31,-4.04872308886479e-30,1.0
16:12:43.330,0.0,0.17407955435634084,-0.17407955435634084,0.0,0.0,-6.685601358354263e-31,-3.562876318201015e-30,1.0
16:12:43.349,0.0,0.17407955435634084,-0.17407955435634084,0.0,0.0,-5.8833291953517514e-31,-3.1353311600168935e-30,1.0
16:12:43.369,0.0,0.17407955435634084,-0.17407955435634084,0.0,0.0,-5.1773296919095415e-31,-2.7590914208148663e-30,1.0
16:12:43.389,0.0,0.17407955435634084,-0.17407955435634084,0.0,0.0,-4.556050128880397e-31,-2.4280004503170824e-30,1.0
16:12:43.409,0.0,0.17407955435634084,-0.17407955435634084,0.0,0.0,-4.009324113414749e-31,-2.1366403962790326e-30,1.0
16:12:43.430,0.0,0.17407955435634084,-0.17407955435634084,0.0,0.0,-3.5282052198049792e-31,-1.8802435487255487e-30,1.0
16:12:43.449,0.0,0.17407955435634084,-0.17407955435634084,0.0,0.0,-3.1048205934283817e-31,-1.6546143228784827e-30,1.0
16:12:43.469,0.0,0.17407955435634084,-0.17407955435634084,0.0,0.0,-2.732242122216976e-31,-1.456060604133065e-30,1.0
16:12:43.489,0.0,0.17407955435634084,-0.17407955435634084,0.0,0.0,-2.404373067550939e-31,-1.2813333316370972e-30,1.0
16:12:43.509,0.0,0.17407955435634084,-0.17407955435634084,0.0,0.0,-2.1158482994448265e-31,-1.1275733318406457e-30,1.0
16:12:43.529,0.0,0.17407955435634084,-0.17407955435634084,0.0,0.0,-1.8619465035114472e-31,-9.92264532019768e-31,1.0
16:12:43.549,0.0,0.17407955435634084,-0.17407955435634084,0.0,0.0,-1.6385129230900735e-31,-8.731927881773959e-31,1.0
16:12:43.569,0.0,0.17407955435634084,-0.17407955435634084,0.0,0.0,-1.4418913723192647e-31,-7.684096535961084e-31,1.0
16:12:43.589,0.0,0.17407955435634084,-0.17407955435634084,0.0,0.0,-1.268864407640953e-31,-6.762004951645754e-31,1.0
16:12:43.609,0.0,0.17407955435634084,-0.17407955435634084,0.0,0.0,-1.1166006787240386e-31,-5.950564357448263e-31,1.0
16:12:43.630,0.0,0.17407955435634084,-0.17407955435634084,0.0,0.0,-9.826085972771539e-32,-5.236496634554472e-31,1.0
16:12:43.650,0.0,0.17407955435634084,-0.17407955435634084,0.0,0.0,-8.646955656038954e-32,-4.608117038407935e-31,1.0
16:12:43.669,0.0,0.17407955435634084,-0.17407955435634084,0.0,0.0,-7.60932097731428e-32,-4.055142993798982e-31,1.0
16:12:43.689,0.0,0.17407955435634084,-0.17407955435634084,0.0,0.0,-6.696202460036567e-32,-3.5685258345431052e-31,1.0
16:12:43.710,0.0,0.17407955435634084,-0.17407955435634084,0.0,0.0,-5.892658164832178e-32,-3.1403027343979323e-31,1.0
16:12:43.729,0.0,0.17407955435634084,-0.17407955435634084,0.0,0.0,-5.185539185052317e-32,-2.7634664062701803e-31,1.0
16:12:43.750,0.0,0.17407955435634084,-0.17407955435634084,0.0,0.0,-4.563274482846039e-32,-2.431850437517759e-31,1.0
16:12:43.769,0.0,0.17407955435634084,-0.17407955435634084,0.0,0.0,-4.0156815449045144e-32,-2.1400283850156277e-31,1.0
16:12:43.789,0.0,0.17407955435634084,-0.17407955435634084,0.0,0.0,-3.5337997595159725e-32,-1.8832249788137525e-31,1.0
16:12:43.809,0.0,0.17407955435634084,-0.17407955435634084,0.0,0.0,-3.1097437883740557e-32,-1.657237981356102e-31,1.0
16:12:43.829,0.0,0.17407955435634084,-0.17407955435634084,0.0,0.0,-2.736574533769169e-32,-1.4583694235933699e-31,1.0
16:12:43.849,0.0,0.17407955435634084,-0.17407955435634084,0.0,0.0,-2.4081855897168687e-32,-1.2833650927621653e-31,1.0
16:12:43.869,0.0,0.17407955435634084,-0.17407955435634084,0.0,0.0,-2.1192033189508444e-32,-1.1293612816307056e-31,1.0
16:12:43.889,0.0,0.17407955435634084,-0.17407955435634084,0.0,0.0,-1.864898920676743e-32,-9.938379278350207e-32,1.0
16:12:43.909,0.0,0.17407955435634084,-0.17407955435634084,0.0,0.0,-1.641111050195534e-32,-8.745773764948184e-32,1.0
16:12:43.929,0.0,0.17407955435634084,-0.17407955435634084,0.0,0.0,-1.44417772417207e-32,-7.696280913154401e-32,1.0
16:12:43.949,0.0,0.17407955435634084,-0.17407955435634084,0.0,0.0,-1.2708763972714215e-32,-6.772727203575873e-32,1.0
16:12:43.969,0.0,0.17407955435634084,-0.17407955435634084,0.0,0.0,-1.118371229598851e-32,-5.959999939146769e-32,1.0
16:12:43.989,0.0,0.17407955435634084,-0.17407955435634084,0.0,0.0,-9.841666820469889e-33,-5.244799946449157e-32,1.0
16:12:44.009,0.0,0.17407955435634084,-0.17407955435634084,0.0,0.0,-8.660666802013502e-33,-4.615423952875258e-32,1.0
16:12:44.029,0.0,0.17407955435634084,-0.17407955435634084,0.0,0.0,-7.621386785771881e-33,-4.061573078530227e-32,1.0
16:12:44.049,0.0,0.17407955435634084,-0.17407955435634084,0.0,0.0,-6.706820371479255e-33,-3.574184309106599e-32,1.0
16:12:44.069,0.0,0.17407955435634084,-0.17407955435634084,0.0,0.0,-5.902001926901745e-33,-3.1452821920138076e-32,1.0
16:12:44.089,0.0,0.17407955435634084,-0.17407955435634084,0.0,0.0,-5.1937616956735356e-33,-2.7678483289721505e-32,1.0
16:12:44.109,0.0,0.17407955435634084,-0.17407955435634084,0.0,0.0,-4.570510292192711e-33,-2.4357065294954926e-32,1.0
16:12:44.129,0.0,0.17407955435634084,-0.17407955435634084,0.0,0.0,-4.022049057129586e-33,-2.1434217459560335e-32,1.0
16:12:44.149,0.0,0.17407955435634084,-0.17407955435634084,0.0,0.0,-3.539403170274036e-33,-1.8862111364413097e-32,1.0
16:12:44.169,0.0,0.17407955435634084,-0.17407955435634084,0.0,0.0,-3.1146747898411516e-33,-1.6598658000683525e-32,1.0
16:12:44.190,0.0,0.17407955435634084,-0.17407955435634084,0.0,0.0,-2.7409138150602134e-33,-1.4606819040601502e-32,1.0
16:12:44.209,0.0,0.17407955435634084,-0.17407955435634084,0.0,0.0,-2.412004157252988e-33,-1.2854000755729322e-32,1.0
16:12:44.229,0.0,0.17407955435634084,-0.17407955435634084,0.0,0.0,-2.1225636583826293e-33,-1.1311520665041804e-32,1.0
16:12:44.249,0.0,0.17407955435634084,-0.17407955435634084,0.0,0.0,-1.867856019376714e-33,-9.954138185236788e-33,1.0
16:12:44.269,0.0,0.17407955435634084,-0.17407955435634084,0.0,0.0,-1.6437132970515082e-33,-8.759641603008373e-33,1.0
16:12:44.289,0.0,0.17407955435634084,-0.17407955435634084,0.0,0.0,-1.4464677014053272e-33,-7.708484610647368e-33,1.0
16:12:44.309,0.0,0.17407955435634084,-0.17407955435634084,0.0,0.0,-1.2728915772366878e-33,-6.783466457369684e-33,1.0
16:12:44.330,0.0,0.17407955435634084,-0.17407955435634084,0.0,0.0,-1.1201445879682852e-33,-5.969450482485321e-33,1.0
16:12:44.349,0.0,0.17407955435634084,-0.17407955435634084,0.0,0.0,-9.85727237412091e-34,-5.253116424587083e-33,1.0
16:12:44.369,0.0,0.17407955435634084,-0.17407955435634084,0.0,0.0,-8.6743996892264e-34,-4.6227424536366325e-33,1.0
16:12:44.389,0.0,0.17407955435634084,-0.17407955435634084,0.0,0.0,-7.633471726519232e-34,-4.0680133592002364e-33,1.0
16:12:44.409,0.0,0.17407955435634084,-0.17407955435634084,0.0,0.0,-6.717455119336925e-34,-3.579851756096208e-33,1.0
16:12:44.429,0.0,0.17407955435634084,-0.17407955435634084,0.0,0.0,-5.911360505016494e-34,-3.1502695453646636e-33,1.0
16:12:44.449,0.0,0.17407955435634084,-0.17407955435634084,0.0,0.0,-5.201997244414515e-34,-2.7722371999209038e-33,1.0
16:12:44.469,0.0,0.17407955435634084,-0.17407955435634084,0.0,0.0,-4.577757575084773e-34,-2.4395687359303954e-33,1.0
16:12:44.489,0.0,0.17407955435634084,-0.17407955435634084,0.0,0.0,-4.0284266660746e-34,-2.146820487618748e-33,1.0
16:12:44.509,0.0,0.17407955435634084,-0.17407955435634084,0.0,0.0,-3.545015466145648e-34,-1.889202029104498e-33,1.0
16:12:44.529,0.0,0.17407955435634084,-0.17407955435634084,0.0,0.0,-3.1196136102081703e-34,-1.6624977856119583e-33,1.0
16:12:44.549,0.0,0.17407955435634084,-0.17407955435634084,0.0,0.0,-2.74525997698319e-34,-1.4629980513385234e-33,1.0
16:12:44.569,0.0,0.17407955435634084,-0.17407955435634084,0.0,0.0,-2.415828779745207e-34,-1.2874382851779005e-33,1.0
16:12:44.589,0.0,0.17407955435634084,-0.17407955435634084,0.0,0.0,-2.125929326175782e-34,-1.1329456909565524e-33,1.0
16:12:44.609,0.0,0.17407955435634084,-0.17407955435634084,0.0,0.0,-1.8708178070346884e-34,-9.969922080417662e-34,1.0
16:12:44.629,0.0,0.17407955435634084,-0.17407955435634084,0.0,0.0,-1.6463196701905259e-34,-8.773531430767542e-34,1.0
16:12:44.650,0.0,0.17407955435634084,-0.17407955435634084,0.0,0.0,-1.4487613097676627e-34,-7.720707659075438e-34,1.0
16:12:44.670,0.0,0.17407955435634084,-0.17407955435634084,0.0,0.0,-1.2749099525955433e-34,-6.794222739986386e-34,1.0
16:12:44.689,0.0,0.17407955435634084,-0.17407955435634084,0.0,0.0,-1.1219207582840782e-34,-5.97891601118802e-34,1.0
16:12:44.709,0.0,0.17407955435634084,-0.17407955435634084,0.0,0.0,-9.872902672899888e-35,-5.261446089845457e-34,1.0
16:12:44.729,0.0,0.17407955435634084,-0.17407955435634084,0.0,0.0,-8.688154352151901e-35,-4.630072559064003e-34,1.0
16:12:44.749,0.0,0.17407955435634084,-0.17407955435634084,0.0,0.0,-7.645575829893673e-35,-4.074463851976322e-34,1.0
16:12:44.769,0.0,0.17407955435634084,-0.17407955435634084,0.0,0.0,-6.728106730306432e-35,-3.5855281897391634e-34,1.0
16:12:44.789,0.0,0.17407955435634084,-0.17407955435634084,0.0,0.0,-5.92073392266966e-35,-3.1552648069704638e-34,1.0
16:12:44.809,0.0,0.17407955435634084,-0.17407955435634084,0.0,0.0,-5.210245851949301e-35,-2.776633030134008e-34,1.0
16:12:44.829,0.0,0.17407955435634084,-0.17407955435634084,0.0,0.0,-4.5850163497153847e-35,-2.443437066517927e-34,1.0
16:12:44.849,0.0,0.17407955435634084,-0.17407955435634084,0.0,0.0,-4.0348143877495385e-35,-2.150224618535776e-34,1.0
16:12:44.869,0.0,0.17407955435634084,-0.17407955435634084,0.0,0.0,-3.550636661219594e-35,-1.8921976643114827e-34,1.0
16:12:44.889,0.0,0.17407955435634084,-0.17407955435634084,0.0,0.0,-3.124560261873243e-35,-1.665133944594105e-34,1.0
16:12:44.909,0.0,0.17407955435634084,-0.17407955435634084,0.0,0.0,-2.749613030448454e-35,-1.4653178712428126e-34,1.0
16:12:44.929,0.0,0.17407955435634084,-0.17407955435634084,0.0,0.0,-2.4196594667946395e-35,-1.289479726693675e-34,1.0
16:12:44.949,0.0,0.17407955435634084,-0.17407955435634084,0.0,0.0,-2.1293003307792829e-35,-1.134742159490434e-34,1.0
16:12:44.969,0.0,0.17407955435634084,-0.17407955435634084,0.0,0.0,-1.873784291085769e-35,-9.98573100351582e-35,1.0
16:12:44.989,0.0,0.17407955435634084,-0.17407955435634084,0.0,0.0,-1.6489301761554766e-35,-8.787443283093921e-35,1.0
16:12:45.009,0.0,0.17407955435634084,-0.17407955435634084,0.0,0.0,-1.4510585550168195e-35,-7.73295008912265e-35,1.0
16:12:45.029,0.0,0.17407955435634084,-0.17407955435634084,0.0,0.0,-1.2769315284148012e-35,-6.804996078427933e-35,1.0
16:12:45.049,0.0,0.17407955435634084,-0.17407955435634084,0.0,0.0,-1.1236997450050251e-35,-5.988396549016582e-35,1.0
16:12:45.069,0.0,0.17407955435634084,-0.17407955435634084,0.0,0.0,-9.888557756044221e-36,-5.269788963134591e-35,1.0
16:12:45.089,0.0,0.17407955435634084,-0.17407955435634084,0.0,0.0,-8.701930825318915e-36,-4.6374142875584406e-35,1.0
16:12:45.109,0.0,0.17407955435634084,-0.17407955435634084,0.0,0.0,-7.657699126280645e-36,-4.080924573051428e-35,1.0
16:12:45.129,0.0,0.17407955435634084,-0.17407955435634084,0.0,0.0,-6.738775231126968e-36,-3.5912136242852565e-35,1.0
16:12:45.149,0.0,0.17407955435634084,-0.17407955435634084,0.0,0.0,-5.930122203391732e-36,-3.160267989371026e-35,1.0
16:12:45.169,0.0,0.17407955435634084,-0.17407955435634084,0.0,0.0,-5.218507538984724e-36,-2.7810358306465025e-35,1.0
16:12:45.189,0.0,0.17407955435634084,-0.17407955435634084,0.0,0.0,-4.592286634306557e-36,-2.4473115309689225e-35,1.0
16:12:45.209,0.0,0.17407955435634084,-0.17407955435634084,0.0,0.0,-4.0412122381897704e-36,-2.1536341472526517e-35,1.0
16:12:45.229,0.0,0.17407955435634084,-0.17407955435634084,0.0,0.0,-3.556266769606998e-36,-1.8951980495823334e-35,1.0
16:12:45.249,0.0,0.17407955435634084,-0.17407955435634084,0.0,0.0,-3.1295147572541585e-36,-1.6677742836324536e-35,1.0
16:12:45.269,0.0,0.17407955435634084,-0.17407955435634084,0.0,0.0,-2.7539729863836596e-36,-1.4676413695965593e-35,1.0
16:12:45.289,0.0,0.17407955435634084,-0.17407955435634084,0.0,0.0,-2.4234962280176205e-36,-1.291524405244972e-35,1.0
16:12:45.309,0.0,0.17407955435634084,-0.17407955435634084,0.0,0.0,-2.132676680655506e-36,-1.1365414766155755e-35,1.0
16:12:45.329,0.0,0.17407955435634084,-0.17407955435634084,0.0,0.0,-1.8767554789768453e-36,-1.0001564994217064e-35,1.0
16:12:45.349,0.0,0.17407955435634084,-0.17407955435634084,0.0,0.0,-1.651544821499624e-36,-8.801377194911018e-36,1.0
16:12:45.369,0.0,0.17407955435634084,-0.17407955435634084,0.0,0.0,-1.453359442919669e-36,-7.745211931521695e-36,1.0
16:12:45.389,0.0,0.17407955435634084,-0.17407955435634084,0.0,0.0,-1.2789563097693087e-36,-6.815786499739092e-36,1.0
16:12:45.409,0.0,0.17407955435634084,-0.17407955435634084,0.0,0.0,-1.1254815525969916e-36,-5.9978921197704e-36,1.0
16:12:45.429,0.0,0.17407955435634084,-0.17407955435634084,0.0,0.0,-9.904237662853527e-37,-5.278145065397952e-36,1.0
16:12:45.449,0.0,0.17407955435634084,-0.17407955435634084,0.0,0.0,-8.715729143311104e-37,-4.644767657550198e-36,1.0
16:12:45.469,0.0,0.17407955435634084,-0.17407955435634084,0.0,0.0,-7.66984164611377e-37,-4.087395538644174e-36,1.0
16:12:45.489,0.0,0.17407955435634084,-0.17407955435634084,0.0,0.0,-6.749460648580118e-37,-3.5969080740068734e-36,1.0
16:12:45.509,0.0,0.17407955435634084,-0.17407955435634084,0.0,0.0,-5.939525370750504e-37,-3.165279105126049e-36,1.0
16:12:45.529,0.0,0.17407955435634084,-0.17407955435634084,0.0,0.0,-5.226782326260444e-37,-2.785445612510923e-36,1.0
16:12:45.549,0.0,0.17407955435634084,-0.17407955435634084,0.0,0.0,-4.599568447109191e-37,-2.4511921390096123e-36,1.0
16:12:45.569,0.0,0.17407955435634084,-0.17407955435634084,0.0,0.0,-4.047620233456088e-37,-2.1570490823284587e-36,1.0
16:12:45.589,0.0,0.17407955435634084,-0.17407955435634084,0.0,0.0,-3.5619058054413574e-37,-1.8982031924490437e-36,1.0
16:12:45.609,0.0,0.17407955435634084,-0.17407955435634084,0.0,0.0,-3.1344771087883947e-37,-1.6704188093551587e-36,1.0
16:12:45.629,0.0,0.17407955435634084,-0.17407955435634084,0.0,0.0,-2.7583398557337876e-37,-1.4699685522325397e-36,1.0
16:12:45.649,0.0,0.17407955435634084,-0.17407955435634084,0.0,0.0,-2.427339073045733e-37,-1.293572325964635e-36,1.0
16:12:45.669,0.0,0.17407955435634084,-0.17407955435634084,0.0,0.0,-2.136058384280245e-37,-1.1383436468488786e-36,1.0
16:12:45.689,0.0,0.17407955435634084,-0.17407955435634084,0.0,0.0,-1.8797313781666157e-37,-1.0017424092270132e-36,1.0
16:12:45.710,0.0,0.17407955435634084,-0.17407955435634084,0.0,0.0,-1.654163612786622e-37,-8.815333201197718e-37,1.0
16:12:45.729,0.0,0.17407955435634084,-0.17407955435634084,0.0,0.0,-1.4556639792522273e-37,-7.75749321705399e-37,1.0
16:12:45.749,0.0,0.17407955435634084,-0.17407955435634084,0.0,0.0,-1.28098430174196e-37,-6.826594031007513e-37,1.0
16:12:45.769,0.0,0.17407955435634084,-0.17407955435634084,0.0,0.0,-1.127266185532925e-37,-6.007402747286611e-37,1.0
16:12:45.789,0.0,0.17407955435634084,-0.17407955435634084,0.0,0.0,-9.91994243268974e-38,-5.286514417612218e-37,1.0
16:12:45.809,0.0,0.17407955435634084,-0.17407955435634084,0.0,0.0,-8.729549340766971e-38,-4.652132687498752e-37,1.0
16:12:45.829,0.0,0.17407955435634084,-0.17407955435634084,0.0,0.0,-7.682003419874934e-38,-4.0938767649989016e-37,1.0
16:12:45.849,0.0,0.17407955435634084,-0.17407955435634084,0.0,0.0,-6.760163009489942e-38,-3.6026115531990335e-37,1.0
16:12:45.869,0.0,0.17407955435634084,-0.17407955435634084,0.0,0.0,-5.948943448351149e-38,-3.1702981668151497e-37,1.0
16:12:45.889,0.0,0.17407955435634084,-0.17407955435634084,0.0,0.0,-5.235070234549011e-38,-2.7898623867973316e-37,1.0
16:12:45.909,0.0,0.17407955435634084,-0.17407955435634084,0.0,0.0,-4.60686180640313e-38,-2.455078900381652e-37,1.0
16:12:45.929,0.0,0.17407955435634084,-0.17407955435634084,0.0,0.0,-4.054038389634754e-38,-2.1604694323358534e-37,1.0
16:12:45.949,0.0,0.17407955435634084,-0.17407955435634084,0.0,0.0,-3.567553782878584e-38,-1.9012131004555514e-37,1.0
16:12:45.969,0.0,0.17407955435634084,-0.17407955435634084,0.0,0.0,-3.139447328933154e-38,-1.6730675284008852e-37,1.0
16:12:45.989,0.0,0.17407955435634084,-0.17407955435634084,0.0,0.0,-2.7627136494611754e-38,-1.4722994249927788e-37,1.0
16:12:46.009,0.0,0.17407955435634084,-0.17407955435634084,0.0,0.0,-2.431188011525834e-38,-1.2956234939936452e-37,1.0
16:12:46.029,0.0,0.17407955435634084,-0.17407955435634084,0.0,0.0,-2.1394454501427341e-38,-1.140148674714408e-37,1.0
16:12:46.049,0.0,0.17407955435634084,-0.17407955435634084,0.0,0.0,-1.882711996125606e-38,-1.003330833748679e-37,1.0
16:12:46.069,0.0,0.17407955435634084,-0.17407955435634084,0.0,0.0,-1.6567865565905335e-38,-8.829311336988376e-38,1.0
16:12:46.089,0.0,0.17407955435634084,-0.17407955435634084,0.0,0.0,-1.4579721697996695e-38,-7.769793976549771e-38,1.0
16:12:46.109,0.0,0.17407955435634084,-0.17407955435634084,0.0,0.0,-1.2830155094237092e-38,-6.837418699363799e-38,1.0
16:12:46.129,0.0,0.17407955435634084,-0.17407955435634084,0.0,0.0,-1.1290536482928641e-38,-6.016928455440143e-38,1.0
16:12:46.149,0.0,0.17407955435634084,-0.17407955435634084,0.0,0.0,-9.935672104977204e-39,-5.294897040787325e-38,1.0
16:12:46.169,0.0,0.17407955435634084,-0.17407955435634084,0.0,0.0,-8.743391452379939e-39,-4.659509395892846e-38,1.0
16:12:46.189,0.0,0.17407955435634084,-0.17407955435634084,0.0,0.0,-7.694184478094346e-39,-4.1003682683857045e-38,1.0
16:12:46.209,0.0,0.17407955435634084,-0.17407955435634084,0.0,0.0,-6.770882340723025e-39,-3.6083240761794204e-38,1.0
16:12:46.229,0.0,0.17407955435634084,-0.17407955435634084,0.0,0.0,-5.958376459836262e-39,-3.1753251870378896e-38,1.0
16:12:46.249,0.0,0.17407955435634084,-0.17407955435634084,0.0,0.0,-5.2433712846559105e-39,-2.794286164593343e-38,1.0
16:12:46.269,0.0,0.17407955435634084,-0.17407955435634084,0.0,0.0,-4.614166730497201e-39,-2.458971824842142e-38,1.0
16:12:46.289,0.0,0.17407955435634084,-0.17407955435634084,0.0,0.0,-4.060466722837537e-39,-2.1638952058610846e-38,1.0
16:12:46.309,0.0,0.17407955435634084,-0.17407955435634084,0.0,0.0,-3.5732107160970326e-39,-1.9042277811577547e-38,1.0
16:12:46.329,0.0,0.17407955435634084,-0.17407955435634084,0.0,0.0,-3.144425430165389e-39,-1.6757204474188243e-38,1.0
16:12:46.349,0.0,0.17407955435634084,-0.17407955435634084,0.0,0.0,-2.7670943785455423e-39,-1.4746339937285654e-38,1.0
16:12:46.369,0.0,0.17407955435634084,-0.17407955435634084,0.0,0.0,-2.4350430531200772e-39,-1.2976779144811376e-38,1.0
16:12:46.390,0.0,0.17407955435634084,-0.17407955435634084,0.0,0.0,-2.1428378867456678e-39,-1.1419565647434009e-38,1.0
16:12:46.409,0.0,0.17407955435634084,-0.17407955435634084,0.0,0.0,-1.8856973403361877e-39,-1.0049217769741928e-38,1.0
16:12:46.430,0.0,0.17407955435634084,-0.17407955435634084,0.0,0.0,-1.659413659495845e-39,-8.843311637372896e-39,1.0
16:12:46.450,0.0,0.17407955435634084,-0.17407955435634084,0.0,0.0,-1.4602840203563436e-39,-7.782114240888149e-39,1.0
16:12:46.469,0.0,0.17407955435634084,-0.17407955435634084,0.0,0.0,-1.2850499379135823e-39,-6.84826053198157e-39,1.0
16:12:46.490,0.0,0.17407955435634084,-0.17407955435634084,0.0,0.0,-1.1308439453639525e-39,-6.026469268143782e-39,1.0
16:12:46.510,0.0,0.17407955435634084,-0.17407955435634084,0.0,0.0,-9.951426719202782e-40,-5.303292955966528e-39,1.0
16:12:46.529,0.0,0.17407955435634084,-0.17407955435634084,0.0,0.0,-8.757255512898449e-40,-4.6668978012505454e-39,1.0
16:12:46.549,0.0,0.17407955435634084,-0.17407955435634084,0.0,0.0,-7.706384851350634e-40,-4.106870065100479e-39,1.0
16:12:46.570,0.0,0.17407955435634084,-0.17407955435634084,0.0,0.0,-6.781618669188558e-40,-3.614045657288422e-39,1.0
16:12:46.590,0.0,0.17407955435634084,-0.17407955435634084,0.0,0.0,-5.967824428885931e-40,-3.180360178413811e-39,1.0
16:12:46.609,0.0,0.17407955435634084,-0.17407955435634084,0.0,0.0,-5.251685497419619e-40,-2.7987169570041536e-39,1.0
16:12:46.629,0.0,0.17407955435634084,-0.17407955435634084,0.0,0.0,-4.621483237729265e-40,-2.4628709221636554e-39,1.0
16:12:46.649,0.0,0.17407955435634084,-0.17407955435634084,0.0,0.0,-4.066905249201753e-40,-2.1673264115040166e-39,1.0
16:12:46.669,0.0,0.17407955435634084,-0.17407955435634084,0.0,0.0,-3.5788766192975425e-40,-1.9072472421235346e-39,1.0
16:12:46.689,0.0,0.17407955435634084,-0.17407955435634084,0.0,0.0,-3.1494114249818374e-40,-1.6783775730687106e-39,1.0
16:12:46.709,0.0,0.17407955435634084,-0.17407955435634084,0.0,0.0,-2.771482053984017e-40,-1.4769722643004652e-39,1.0
16:12:46.729,0.0,0.17407955435634084,-0.17407955435634084,0.0,0.0,-2.438904207505935e-40,-1.2997355925844095e-39,1.0
16:12:46.749,0.0,0.17407955435634084,-0.17407955435634084,0.0,0.0,-2.1462357026052228e-40,-1.1437673214742804e-39,1.0
16:12:46.769,0.0,0.17407955435634084,-0.17407955435634084,0.0,0.0,-1.888687418292596e-40,-1.0065152428973667e-39,1.0
16:12:46.789,0.0,0.17407955435634084,-0.17407955435634084,0.0,0.0,-1.6620449280974845e-40,-8.857334137496826e-40,1.0
16:12:46.809,0.0,0.17407955435634084,-0.17407955435634084,0.0,0.0,-1.4625995367257864e-40,-7.794454040997207e-40,1.0
16:12:46.829,0.0,0.17407955435634084,-0.17407955435634084,0.0,0.0,-1.2870875923186921e-40,-6.859119556077543e-40,1.0
16:12:46.849,0.0,0.17407955435634084,-0.17407955435634084,0.0,0.0,-1.1326370812404491e-40,-6.036025209348238e-40,1.0
16:12:46.869,0.0,0.17407955435634084,-0.17407955435634084,0.0,0.0,-9.967206314915952e-41,-5.31170218422645e-40,1.0
16:12:46.889,0.0,0.17407955435634084,-0.17407955435634084,0.0,0.0,-8.771141557126038e-41,-4.674297922119276e-40,1.0
16:12:46.909,0.0,0.17407955435634084,-0.17407955435634084,0.0,0.0,-7.718604570270914e-41,-4.113382171464963e-40,1.0
16:12:46.929,0.0,0.17407955435634084,-0.17407955435634084,0.0,0.0,-6.792372021838404e-41,-3.6197763108891673e-40,1.0
16:12:46.949,0.0,0.17407955435634084,-0.17407955435634084,0.0,0.0,-5.977287379217796e-41,-3.1854031535824677e-40,1.0
16:12:46.969,0.0,0.17407955435634084,-0.17407955435634084,0.0,0.0,-5.260012893711661e-41,-2.8031547751525717e-40,1.0
16:12:46.989,0.0,0.17407955435634084,-0.17407955435634084,0.0,0.0,-4.628811346466262e-41,-2.4667762021342635e-40,1.0
16:12:47.009,0.0,0.17407955435634084,-0.17407955435634084,0.0,0.0,-4.073353984890311e-41,-2.1707630578781516e-40,1.0
16:12:47.029,0.0,0.17407955435634084,-0.17407955435634084,0.0,0.0,-3.5845515067034736e-41,-1.9102714909327736e-40,1.0
16:12:47.049,0.0,0.17407955435634084,-0.17407955435634084,0.0,0.0,-3.154405325899057e-41,-1.6810389120208408e-40,1.0
16:12:47.069,0.0,0.17407955435634084,-0.17407955435634084,0.0,0.0,-2.7758766867911703e-41,-1.47931424257834e-40,1.0
16:12:47.089,0.0,0.17407955435634084,-0.17407955435634084,0.0,0.0,-2.4427714843762297e-41,-1.301796533468939e-40,1.0
16:12:47.110,0.0,0.17407955435634084,-0.17407955435634084,0.0,0.0,-2.149638906251082e-41,-1.1455809494526664e-40,1.0
16:12:47.129,0.0,0.17407955435634084,-0.17407955435634084,0.0,0.0,-1.8916822375009524e-41,-1.0081112355183465e-40,1.0
16:12:47.150,0.0,0.17407955435634084,-0.17407955435634084,0.0,0.0,-1.664680369000838e-41,-8.871378872561449e-41,1.0
16:12:47.169,0.0,0.17407955435634084,-0.17407955435634084,0.0,0.0,-1.4649187247207374e-41,-7.806813407854075e-41,1.0
16:12:47.189,0.0,0.17407955435634084,-0.17407955435634084,0.0,0.0,-1.2891284777542489e-41,-6.869995798911585e-41,1.0
16:12:47.209,0.0,0.17407955435634084,-0.17407955435634084,0.0,0.0,-1.134433060423739e-41,-6.045596303042195e-41,1.0
16:12:47.230,0.0,0.17407955435634084,-0.17407955435634084,0.0,0.0,-9.983010931728903e-42,-5.320124746677131e-41,1.0
16:12:47.249,0.0,0.17407955435634084,-0.17407955435634084,0.0,0.0,-8.785049619921434e-42,-4.681709777075876e-41,1.0
16:12:47.269,0.0,0.17407955435634084,-0.17407955435634084,0.0,0.0,-7.730843665530862e-42,-4.119904603826771e-41,1.0
16:12:47.289,0.0,0.17407955435634084,-0.17407955435634084,0.0,0.0,-6.803142425667158e-42,-3.625516051367558e-41,1.0
16:12:47.309,0.0,0.17407955435634084,-0.17407955435634084,0.0,0.0,-5.9867653345871e-42,-3.190454125203451e-41,1.0
16:12:47.329,0.0,0.17407955435634084,-0.17407955435634084,0.0,0.0,-5.2683534944366475e-42,-2.807599630179037e-41,1.0
16:12:47.349,0.0,0.17407955435634084,-0.17407955435634084,0.0,0.0,-4.63615107510425e-42,-2.4706876745575526e-41,1.0
16:12:47.369,0.0,0.17407955435634084,-0.17407955435634084,0.0,0.0,-4.07981294609174e-42,-2.1742051536106463e-41,1.0
16:12:47.389,0.0,0.17407955435634084,-0.17407955435634084,0.0,0.0,-3.5902353925607314e-42,-1.9133005351773687e-41,1.0
16:12:47.409,0.0,0.17407955435634084,-0.17407955435634084,0.0,0.0,-3.159407145453444e-42,-1.6837044709560846e-41,1.0
16:12:47.429,0.0,0.17407955435634084,-0.17407955435634084,0.0,0.0,-2.7802782879990308e-42,-1.4816599344413546e-41,1.0
16:12:47.449,0.0,0.17407955435634084,-0.17407955435634084,0.0,0.0,-2.446644893439147e-42,-1.303860742308392e-41,1.0
16:12:47.469,0.0,0.17407955435634084,-0.17407955435634084,0.0,0.0,-2.1530475062264493e-42,-1.1473974532313849e-41,1.0
16:12:47.489,0.0,0.17407955435634084,-0.17407955435634084,0.0,0.0,-1.8946818054792752e-42,-1.0097097588436187e-41,1.0
16:12:47.509,0.0,0.17407955435634084,-0.17407955435634084,0.0,0.0,-1.667319988821762e-42,-8.885445877823844e-42,1.0
16:12:47.529,0.0,0.17407955435634084,-0.17407955435634084,0.0,0.0,-1.4672415901631507e-42,-7.819192372484983e-42,1.0
16:12:47.549,0.0,0.17407955435634084,-0.17407955435634084,0.0,0.0,-1.2911725993435726e-42,-6.880889287786785e-42,1.0
16:12:47.569,0.0,0.17407955435634084,-0.17407955435634084,0.0,0.0,-1.136231887422344e-42,-6.055182573252371e-42,1.0
16:12:47.589,0.0,0.17407955435634084,-0.17407955435634084,0.0,0.0,-9.998840609316628e-43,-5.328560664462087e-42,1.0
16:12:47.610,0.0,0.17407955435634084,-0.17407955435634084,0.0,0.0,-8.798979736198632e-43,-4.689133384726636e-42,1.0
16:12:47.629,0.0,0.17407955435634084,-0.17407955435634084,0.0,0.0,-7.743102167854796e-43,-4.1264373785594396e-42,1.0
16:12:47.649,0.0,0.17407955435634084,-0.17407955435634084,0.0,0.0,-6.8139299077122205e-43,-3.631264893132307e-42,1.0
16:12:47.669,0.0,0.17407955435634084,-0.17407955435634084,0.0,0.0,-5.996258318786754e-43,-3.1955131059564305e-42,1.0
16:12:47.689,0.0,0.17407955435634084,-0.17407955435634084,0.0,0.0,-5.276707320532343e-43,-2.8120515332416583e-42,1.0
16:12:47.709,0.0,0.17407955435634084,-0.17407955435634084,0.0,0.0,-4.643502442068462e-43,-2.4746053492526595e-42,1.0
16:12:47.729,0.0,0.17407955435634084,-0.17407955435634084,0.0,0.0,-4.0862821490202466e-43,-2.1776527073423403e-42,1.0
16:12:47.749,0.0,0.17407955435634084,-0.17407955435634084,0.0,0.0,-3.595928291137817e-43,-1.9163343824612596e-42,1.0
16:12:47.770,0.0,0.17407955435634084,-0.17407955435634084,0.0,0.0,-3.1644168962012794e-43,-1.6863742565659085e-42,1.0
16:12:47.789,0.0,0.17407955435634084,-0.17407955435634084,0.0,0.0,-2.784686868657126e-43,-1.4840093457779996e-42,1.0
16:12:47.809,0.0,0.17407955435634084,-0.17407955435634084,0.0,0.0,-2.450524444418271e-43,-1.3059282242846396e-42,1.0
16:12:47.829,0.0,0.17407955435634084,-0.17407955435634084,0.0,0.0,-2.1564615110880783e-43,-1.1492168373704829e-42,1.0
16:12:47.849,0.0,0.17407955435634084,-0.17407955435634084,0.0,0.0,-1.897686129757509e-43,-1.0113108168860248e-42,1.0
16:12:47.869,0.0,0.17407955435634084,-0.17407955435634084,0.0,0.0,-1.6699637941866077e-43,-8.899535188597019e-43,1.0
16:12:47.889,0.0,0.17407955435634084,-0.17407955435634084,0.0,0.0,-1.4695681388842149e-43,-7.831590965965377e-43,1.0
16:12:47.909,0.0,0.17407955435634084,-0.17407955435634084,0.0,0.0,-1.293219962218109e-43,-6.891800050049531e-43,1.0
16:12:47.929,0.0,0.17407955435634084,-0.17407955435634084,0.0,0.0,-1.138033566751936e-43,-6.0647840440435875e-43,1.0
16:12:47.949,0.0,0.17407955435634084,-0.17407955435634084,0.0,0.0,-1.0014695387417036e-43,-5.337009958758357e-43,1.0
16:12:47.969,0.0,0.17407955435634084,-0.17407955435634084,0.0,0.0,-8.812931940926991e-44,-4.696568763707354e-43,1.0
16:12:47.989,0.0,0.17407955435634084,-0.17407955435634084,0.0,0.0,-7.755380108015753e-44,-4.132980512062471e-43,1.0
16:12:48.010,0.0,0.17407955435634084,-0.17407955435634084,0.0,0.0,-6.824734495053863e-44,-3.6370228506149755e-43,1.0
16:12:48.029,0.0,0.17407955435634084,-0.17407955435634084,0.0,0.0,-6.005766355647399e-44,-3.200580108541178e-43,1.0
16:12:48.049,0.0,0.17407955435634084,-0.17407955435634084,0.0,0.0,-5.285074392969711e-44,-2.8165104955162364e-43,1.0
16:12:48.069,0.0,0.17407955435634084,-0.17407955435634084,0.0,0.0,-4.650865465813346e-44,-2.4785292360542883e-43,1.0
16:12:48.089,0.0,0.17407955435634084,-0.17407955435634084,0.0,0.0,-4.0927616099157447e-44,-2.1811057277277737e-43,1.0
16:12:48.109,0.0,0.17407955435634084,-0.17407955435634084,0.0,0.0,-3.6016302167258555e-44,-1.919373040400441e-43,1.0
16:12:48.129,0.0,0.17407955435634084,-0.17407955435634084,0.0,0.0,-3.169434590718753e-44,-1.6890482755523884e-43,1.0
16:12:48.149,0.0,0.17407955435634084,-0.17407955435634084,0.0,0.0,-2.7891024398325027e-44,-1.4863624824861017e-43,1.0
16:12:48.169,0.0,0.17407955435634084,-0.17407955435634084,0.0,0.0,-2.4544101470526024e-44,-1.3079989845877694e-43,1.0
16:12:48.189,0.0,0.17407955435634084,-0.17407955435634084,0.0,0.0,-2.15988092940629e-44,-1.151039106437237e-43,1.0
16:12:48.210,0.0,0.17407955435634084,-0.17407955435634084,0.0,0.0,-1.9006952178775353e-44,-1.0129144136647686e-43,1.0
16:12:48.229,0.0,0.17407955435634084,-0.17407955435634084,0.0,0.0,-1.672611791732231e-44,-8.913646840249964e-44,1.0
16:12:48.249,0.0,0.17407955435634084,-0.17407955435634084,0.0,0.0,-1.4718983767243633e-44,-7.844009219419968e-44,1.0
16:12:48.269,0.0,0.17407955435634084,-0.17407955435634084,0.0,0.0,-1.2952705715174397e-44,-6.902728113089572e-44,1.0
16:12:48.289,0.0,0.17407955435634084,-0.17407955435634084,0.0,0.0,-1.139838102935347e-44,-6.074400739518823e-44,1.0
16:12:48.309,0.0,0.17407955435634084,-0.17407955435634084,0.0,0.0,-1.0030575305831053e-44,-5.345472650776565e-44,1.0
16:12:48.329,0.0,0.17407955435634084,-0.17407955435634084,0.0,0.0,-8.826906269131326e-45,-4.704015932683377e-44,1.0
16:12:48.349,0.0,0.17407955435634084,-0.17407955435634084,0.0,0.0,-7.767677516835567e-45,-4.1395340207613715e-44,1.0
16:12:48.369,0.0,0.17407955435634084,-0.17407955435634084,0.0,0.0,-6.835556214815298e-45,-3.642789938270007e-44,1.0
16:12:48.389,0.0,0.17407955435634084,-0.17407955435634084,0.0,0.0,-6.015289469037462e-45,-3.205655145677606e-44,1.0
16:12:48.410,0.0,0.17407955435634084,-0.17407955435634084,0.0,0.0,-5.293454732752967e-45,-2.8209765281962934e-44,1.0
16:12:48.429,0.0,0.17407955435634084,-0.17407955435634084,0.0,0.0,-4.658240164822611e-45,-2.482459344812738e-44,1.0
16:12:48.449,0.0,0.17407955435634084,-0.17407955435634084,0.0,0.0,-4.0992513450438975e-45,-2.1845642234352094e-44,1.0
16:12:48.469,0.0,0.17407955435634084,-0.17407955435634084,0.0,0.0,-3.60734118363863e-45,-1.9224165166229841e-44,1.0
16:12:48.490,0.0,0.17407955435634084,-0.17407955435634084,0.0,0.0,-3.1744602416019946e-45,-1.6917265346282262e-44,1.0
16:12:48.509,0.0,0.17407955435634084,-0.17407955435634084,0.0,0.0,-2.7935250126097554e-45,-1.488719350472839e-44,1.0
16:12:48.529,0.0,0.17407955435634084,-0.17407955435634084,0.0,0.0,-2.4583020110965847e-45,-1.3100730284160986e-44,1.0
16:12:48.549,0.0,0.17407955435634084,-0.17407955435634084,0.0,0.0,-2.1633057697649947e-45,-1.1528642650061668e-44,1.0
16:12:48.570,0.0,0.17407955435634084,-0.17407955435634084,0.0,0.0,-1.9037090773931953e-45,-1.0145205532054267e-44,1.0
16:12:48.589,0.0,0.17407955435634084,-0.17407955435634084,0.0,0.0,-1.6752639881060118e-45,-8.927780868207755e-45,1.0
16:12:48.610,0.0,0.17407955435634084,-0.17407955435634084,0.0,0.0,-1.4742323095332904e-45,-7.856447164022824e-45,1.0
16:12:48.629,0.0,0.17407955435634084,-0.17407955435634084,0.0,0.0,-1.2973244323892956e-45,-6.913673504340085e-45,1.0
16:12:48.649,0.0,0.17407955435634084,-0.17407955435634084,0.0,0.0,-1.1416455005025802e-45,-6.084032683819275e-45,1.0
16:12:48.669,0.0,0.17407955435634084,-0.17407955435634084,0.0,0.0,-1.0046480404422706e-45,-5.3539487617609627e-45,1.0
16:12:48.689,0.0,0.17407955435634084,-0.17407955435634084,0.0,0.0,-8.840902755891981e-46,-4.7114749103496474e-45,1.0
16:12:48.709,0.0,0.17407955435634084,-0.17407955435634084,0.0,0.0,-7.779994425184943e-46,-4.1460979211076895e-45,1.0
16:12:48.729,0.0,0.17407955435634084,-0.17407955435634084,0.0,0.0,-6.84639509416275e-46,-3.6485661705747666e-45,1.0
16:12:48.749,0.0,0.17407955435634084,-0.17407955435634084,0.0,0.0,-6.02482768286322e-46,-3.210738230105794e-45,1.0
16:12:48.769,0.0,0.17407955435634084,-0.17407955435634084,0.0,0.0,-5.301848360919633e-46,-2.825449642493099e-45,1.0
16:12:48.789,0.0,0.17407955435634084,-0.17407955435634084,0.0,0.0,-4.6656265576092774e-46,-2.4863956853939275e-45,1.0
16:12:48.809,0.0,0.17407955435634084,-0.17407955435634084,0.0,0.0,-4.105751370696164e-46,-2.188028203146656e-45,1.0
16:12:48.830,0.0,0.17407955435634084,-0.17407955435634084,0.0,0.0,-3.613061206212624e-46,-1.9254648187690572e-45,1.0
16:12:48.849,0.0,0.17407955435634084,-0.17407955435634084,0.0,0.0,-3.179493861467109e-46,-1.6944090405167703e-45,1.0
16:12:48.869,0.0,0.17407955435634084,-0.17407955435634084,0.0,0.0,-2.797954598091056e-46,-1.4910799556547578e-45,1.0
16:12:48.889,0.0,0.17407955435634084,-0.17407955435634084,0.0,0.0,-2.4622000463201292e-46,-1.3121503609761868e-45,1.0
16:12:48.909,0.0,0.17407955435634084,-0.17407955435634084,0.0,0.0,-2.166736040761714e-46,-1.1546923176590445e-45,1.0
16:12:48.929,0.0,0.17407955435634084,-0.17407955435634084,0.0,0.0,-1.9067277158703084e-46,-1.0161292395399593e-45,1.0
16:12:48.949,0.0,0.17407955435634084,-0.17407955435634084,0.0,0.0,-1.6779203899658714e-46,-8.941937307951642e-46,1.0
16:12:48.969,0.0,0.17407955435634084,-0.17407955435634084,0.0,0.0,-1.4765699431699669e-46,-7.868904830997445e-46,1.0
16:12:48.989,0.0,0.17407955435634084,-0.17407955435634084,0.0,0.0,-1.299381549989571e-46,-6.924636251277752e-46,1.0
16:12:49.009,0.0,0.17407955435634084,-0.17407955435634084,0.0,0.0,-1.1434557639908225e-46,-6.093679901124422e-46,1.0
16:12:49.030,0.0,0.17407955435634084,-0.17407955435634084,0.0,0.0,-1.0062410723119239e-46,-5.362438312989492e-46,1.0
16:12:49.049,0.0,0.17407955435634084,-0.17407955435634084,0.0,0.0,-8.85492143634493e-47,-4.718945715430753e-46,1.0
16:12:49.069,0.0,0.17407955435634084,-0.17407955435634084,0.0,0.0,-7.792330863983538e-47,-4.152672229579062e-46,1.0
16:12:49.088,0.0,0.17407955435634084,-0.17407955435634084,0.0,0.0,-6.857251160305514e-47,-3.654351562029575e-46,1.0
16:12:49.109,0.0,0.17407955435634084,-0.17407955435634084,0.0,0.0,-6.034381021068852e-47,-3.2158293745860257e-46,1.0
16:12:49.129,0.0,0.17407955435634084,-0.17407955435634084,0.0,0.0,-5.31025529854059e-47,-2.829929849635703e-46,1.0
16:12:49.149,0.0,0.17407955435634084,-0.17407955435634084,0.0,0.0,-4.673024662715719e-47,-2.4903382676794183e-46,1.0
16:12:49.169,0.0,0.17407955435634084,-0.17407955435634084,0.0,0.0,-4.1122617031898327e-47,-2.1914976755578883e-46,1.0
16:12:49.189,0.0,0.17407955435634084,-0.17407955435634084,0.0,0.0,-3.618790298807053e-47,-1.9285179544909415e-46,1.0
16:12:49.209,0.0,0.17407955435634084,-0.17407955435634084,0.0,0.0,-3.1845354629502066e-47,-1.6970957999520288e-46,1.0
16:12:49.229,0.0,0.17407955435634084,-0.17407955435634084,0.0,0.0,-2.802391207396182e-47,-1.4934443039577853e-46,1.0
16:12:49.249,0.0,0.17407955435634084,-0.17407955435634084,0.0,0.0,-2.46610426250864e-47,-1.3142309874828512e-46,1.0
16:12:49.269,0.0,0.17407955435634084,-0.17407955435634084,0.0,0.0,-2.1701717510076033e-47,-1.156523268984909e-46,1.0
16:12:49.289,0.0,0.17407955435634084,-0.17407955435634084,0.0,0.0,-1.9097511408866908e-47,-1.0177404767067198e-46,1.0
16:12:49.309,0.0,0.17407955435634084,-0.17407955435634084,0.0,0.0,-1.6805810039802879e-47,-8.956116195019135e-47,1.0
16:12:49.329,0.0,0.17407955435634084,-0.17407955435634084,0.0,0.0,-1.4789112835026534e-47,-7.881382251616839e-47,1.0
16:12:49.349,0.0,0.17407955435634084,-0.17407955435634084,0.0,0.0,-1.301441929482335e-47,-6.935616381422818e-47,1.0
16:12:49.369,0.0,0.17407955435634084,-0.17407955435634084,0.0,0.0,-1.1452688979444548e-47,-6.10334241565208e-47,1.0
16:12:49.389,0.0,0.17407955435634084,-0.17407955435634084,0.0,0.0,-1.0078366301911203e-47,-5.37094132577383e-47,1.0
16:12:49.409,0.0,0.17407955435634084,-0.17407955435634084,0.0,0.0,-8.868962345681859e-48,-4.726428366680971e-47,1.0
16:12:49.429,0.0,0.17407955435634084,-0.17407955435634084,0.0,0.0,-7.804686864200036e-48,-4.159256962679255e-47,1.0
16:12:49.449,0.0,0.17407955435634084,-0.17407955435634084,0.0,0.0,-6.868124440496031e-48,-3.660146127157744e-47,1.0
16:12:49.469,0.0,0.17407955435634084,-0.17407955435634084,0.0,0.0,-6.043949507636507e-48,-3.2209285918988146e-47,1.0
16:12:49.489,0.0,0.17407955435634084,-0.17407955435634084,0.0,0.0,-5.318675566720126e-48,-2.834417160870957e-47,1.0
16:12:49.509,0.0,0.17407955435634084,-0.17407955435634084,0.0,0.0,-4.680434498713711e-48,-2.4942871015664416e-47,1.0
16:12:49.529,0.0,0.17407955435634084,-0.17407955435634084,0.0,0.0,-4.1187823588680655e-48,-2.1949726493784687e-47,1.0
16:12:49.549,0.0,0.17407955435634084,-0.17407955435634084,0.0,0.0,-3.6245284758038975e-48,-1.9315759314530524e-47,1.0
16:12:49.570,0.0,0.17407955435634084,-0.17407955435634084,0.0,0.0,-3.1895850587074296e-48,-1.699786819678686e-47,1.0
16:12:49.589,0.0,0.17407955435634084,-0.17407955435634084,0.0,0.0,-2.806834851662538e-48,-1.495812401317244e-47,1.0
16:12:49.610,0.0,0.17407955435634084,-0.17407955435634084,0.0,0.0,-2.4700146694630338e-48,-1.3163149131591745e-47,1.0
16:12:49.629,0.0,0.17407955435634084,-0.17407955435634084,0.0,0.0,-2.1736129091274698e-48,-1.1583571235800737e-47,1.0
16:12:49.649,0.0,0.17407955435634084,-0.17407955435634084,0.0,0.0,-1.9127793600321735e-48,-1.0193542687504649e-47,1.0
16:12:49.670,0.0,0.17407955435634084,-0.17407955435634084,0.0,0.0,-1.6832458368283126e-48,-8.97031756500409e-48,1.0
16:12:49.689,0.0,0.17407955435634084,-0.17407955435634084,0.0,0.0,-1.4812563364089152e-48,-7.8938794572036e-48,1.0
16:12:49.710,0.0,0.17407955435634084,-0.17407955435634084,0.0,0.0,-1.3035055760398454e-48,-6.946613922339168e-48,1.0
16:12:49.729,0.0,0.17407955435634084,-0.17407955435634084,0.0,0.0,-1.147084906915064e-48,-6.113020251658469e-48,1.0
16:12:49.750,0.0,0.17407955435634084,-0.17407955435634084,0.0,0.0,-1.0094347180852564e-48,-5.3794578214594526e-48,1.0
16:12:49.769,0.0,0.17407955435634084,-0.17407955435634084,0.0,0.0,-8.883025519150257e-49,-4.7339228828843185e-48,1.0
16:12:49.789,0.0,0.17407955435634084,-0.17407955435634084,0.0,0.0,-7.817062456852227e-49,-4.1658521369382006e-48,1.0
16:12:49.810,0.0,0.17407955435634084,-0.17407955435634084,0.0,0.0,-6.87901496202996e-49,-3.665949880505617e-48,1.0
16:12:49.829,0.0,0.17407955435634084,-0.17407955435634084,0.0,0.0,-6.053533166586365e-49,-3.226035894844943e-48,1.0
16:12:49.849,0.0,0.17407955435634084,-0.17407955435634084,0.0,0.0,-5.327109186596001e-49,-2.83891158746355e-48,1.0
16:12:49.869,0.0,0.17407955435634084,-0.17407955435634084,0.0,0.0,-4.6878560842044806e-49,-2.4982421969679237e-48,1.0
16:12:49.889,0.0,0.17407955435634084,-0.17407955435634084,0.0,0.0,-4.125313354099943e-49,-2.1984531333317727e-48,1.0
16:12:49.909,0.0,0.17407955435634084,-0.17407955435634084,0.0,0.0,-3.6302757516079495e-49,-1.93463875733196e-48,1.0
16:12:49.930,0.0,0.17407955435634084,-0.17407955435634084,0.0,0.0,-3.1946426614149956e-49,-1.7024821064521248e-48,1.0
16:12:49.949,0.0,0.17407955435634084,-0.17407955435634084,0.0,0.0,-2.8112855420451963e-49,-1.4981842536778697e-48,1.0
16:12:49.969,0.0,0.17407955435634084,-0.17407955435634084,0.0,0.0,-2.4739312769997727e-49,-1.3184021432365254e-48,1.0
16:12:49.989,0.0,0.17407955435634084,-0.17407955435634084,0.0,0.0,-2.1770595237597998e-49,-1.1601938860481424e-48,1.0
16:12:50.009,0.0,0.17407955435634084,-0.17407955435634084,0.0,0.0,-1.9158123809086237e-49,-1.0209706197223652e-48,1.0
16:12:50.030,0.0,0.17407955435634084,-0.17407955435634084,0.0,0.0,-1.6859148951995888e-49,-8.984541453556814e-49,1.0
16:12:50.049,0.0,0.17407955435634084,-0.17407955435634084,0.0,0.0,-1.4836051077756381e-49,-7.906396479129995e-49,1.0
16:12:50.069,0.0,0.17407955435634084,-0.17407955435634084,0.0,0.0,-1.3055724948425616e-49,-6.957628901634396e-49,1.0
16:12:50.089,0.0,0.17407955435634084,-0.17407955435634084,0.0,0.0,-1.1489037954614543e-49,-6.122713433438269e-49,1.0
16:12:50.109,0.0,0.17407955435634084,-0.17407955435634084,0.0,0.0,-1.0110353400060798e-49,-5.387987821425677e-49,1.0
16:12:50.129,0.0,0.17407955435634084,-0.17407955435634084,0.0,0.0,-8.897110992053502e-50,-4.741429282854596e-49,1.0
16:12:50.149,0.0,0.17407955435634084,-0.17407955435634084,0.0,0.0,-7.829457673007082e-50,-4.172457768912045e-49,1.0
16:12:50.169,0.0,0.17407955435634084,-0.17407955435634084,0.0,0.0,-6.889922752246232e-50,-3.671762836642599e-49,1.0
16:12:50.189,0.0,0.17407955435634084,-0.17407955435634084,0.0,0.0,-6.063132021976685e-50,-3.2311512962454874e-49,1.0
16:12:50.209,0.0,0.17407955435634084,-0.17407955435634084,0.0,0.0,-5.3355561793394825e-50,-2.8434131406960286e-49,1.0
16:12:50.229,0.0,0.17407955435634084,-0.17407955435634084,0.0,0.0,-4.695289437818744e-50,-2.5022035638125053e-49,1.0
16:12:50.249,0.0,0.17407955435634084,-0.17407955435634084,0.0,0.0,-4.131854705280495e-50,-2.2019391361550048e-49,1.0
16:12:50.269,0.0,0.17407955435634084,-0.17407955435634084,0.0,0.0,-3.6360321406468356e-50,-1.937706439816404e-49,1.0
16:12:50.289,0.0,0.17407955435634084,-0.17407955435634084,0.0,0.0,-3.1997082837692153e-50,-1.7051816670384354e-49,1.0
16:12:50.310,0.0,0.17407955435634084,-0.17407955435634084,0.0,0.0,-2.8157432897169096e-50,-1.5005598669938233e-49,1.0
16:12:50.329,0.0,0.17407955435634084,-0.17407955435634084,0.0,0.0,-2.4778540949508803e-50,-1.3204926829545644e-49,1.0
16:12:50.349,0.0,0.17407955435634084,-0.17407955435634084,0.0,0.0,-2.1805116035567747e-50,-1.1620335610000167e-49,1.0
16:12:50.369,0.0,0.17407955435634084,-0.17407955435634084,0.0,0.0,-1.9188502111299618e-50,-1.0225895336800148e-49,1.0
16:12:50.389,0.0,0.17407955435634084,-0.17407955435634084,0.0,0.0,-1.6885881857943664e-50,-8.99878789638413e-50,1.0
16:12:50.409,0.0,0.17407955435634084,-0.17407955435634084,0.0,0.0,-1.4859576034990426e-50,-7.918933348818035e-50,1.0
16:12:50.429,0.0,0.17407955435634084,-0.17407955435634084,0.0,0.0,-1.3076426910791574e-50,-6.968661346959871e-50,1.0
16:12:50.449,0.0,0.17407955435634084,-0.17407955435634084,0.0,0.0,-1.1507255681496586e-50,-6.132421985324686e-50,1.0
16:12:50.469,0.0,0.17407955435634084,-0.17407955435634084,0.0,0.0,-1.0126384999716996e-50,-5.396531347085724e-50,1.0
16:12:50.489,0.0,0.17407955435634084,-0.17407955435634084,0.0,0.0,-8.911218799750956e-51,-4.748947585435437e-50,1.0
16:12:50.509,0.0,0.17407955435634084,-0.17407955435634084,0.0,0.0,-7.841872543780841e-51,-4.1790738751831842e-50,1.0
16:12:50.530,0.0,0.17407955435634084,-0.17407955435634084,0.0,0.0,-6.90084783852714e-51,-3.6775850101612025e-50,1.0
16:12:50.549,0.0,0.17407955435634084,-0.17407955435634084,0.0,0.0,-6.072746097903884e-51,-3.2362748089418586e-50,1.0
16:12:50.569,0.0,0.17407955435634084,-0.17407955435634084,0.0,0.0,-5.344016566155418e-51,-2.8479218318688356e-50,1.0
16:12:50.589,0.0,0.17407955435634084,-0.17407955435634084,0.0,0.0,-4.7027345782167677e-51,-2.5061712120445754e-50,1.0
16:12:50.609,0.0,0.17407955435634084,-0.17407955435634084,0.0,0.0,-4.1384064288307556e-51,-2.205430666599226e-50,1.0
16:12:50.630,0.0,0.17407955435634084,-0.17407955435634084,0.0,0.0,-3.641797657371065e-51,-1.940778986607319e-50,1.0
16:12:50.649,0.0,0.17407955435634084,-0.17407955435634084,0.0,0.0,-3.2047819384865373e-51,-1.707885508214441e-50,1.0
16:12:50.669,0.0,0.17407955435634084,-0.17407955435634084,0.0,0.0,-2.820208105868153e-51,-1.502939247228708e-50,1.0
16:12:50.689,0.0,0.17407955435634084,-0.17407955435634084,0.0,0.0,-2.4817831331639745e-51,-1.322586537561263e-50,1.0
16:12:50.709,0.0,0.17407955435634084,-0.17407955435634084,0.0,0.0,-2.1839691571842978e-51,-1.1638761530539117e-50,1.0
16:12:50.730,0.0,0.17407955435634084,-0.17407955435634084,0.0,0.0,-1.921892858322182e-51,-1.0242110146874421e-50,1.0
16:12:50.749,0.0,0.17407955435634084,-0.17407955435634084,0.0,0.0,-1.6912657153235202e-51,-9.013056929249491e-51,1.0
16:12:50.769,0.0,0.17407955435634084,-0.17407955435634084,0.0,0.0,-1.4883138294846978e-51,-7.931490097739552e-51,1.0
16:12:50.789,0.0,0.17407955435634084,-0.17407955435634084,0.0,0.0,-1.3097161699465341e-51,-6.979711286010806e-51,1.0
16:12:50.809,0.0,0.17407955435634084,-0.17407955435634084,0.0,0.0,-1.15255022955295e-51,-6.142145931689509e-51,1.0
16:12:50.829,0.0,0.17407955435634084,-0.17407955435634084,0.0,0.0,-1.014244202006596e-51,-5.405088419886768e-51,1.0
16:12:50.849,0.0,0.17407955435634084,-0.17407955435634084,0.0,0.0,-8.925348977658044e-52,-4.7564778095003556e-51,1.0
16:12:50.869,0.0,0.17407955435634084,-0.17407955435634084,0.0,0.0,-7.854307100339079e-52,-4.185700472360313e-51,1.0
16:12:50.889,0.0,0.17407955435634084,-0.17407955435634084,0.0,0.0,-6.91179024829839e-52,-3.683416415677076e-51,1.0
16:12:50.909,0.0,0.17407955435634084,-0.17407955435634084,0.0,0.0,-6.082375418502583e-52,-3.241406445795827e-51,1.0
16:12:50.929,0.0,0.17407955435634084,-0.17407955435634084,0.0,0.0,-5.3524903682822735e-52,-2.8524376723003275e-51,1.0
16:12:50.949,0.0,0.17407955435634084,-0.17407955435634084,0.0,0.0,-4.710191524088401e-52,-2.5101451516242886e-51,1.0
16:12:50.970,0.0,0.17407955435634084,-0.17407955435634084,0.0,0.0,-4.144968541197793e-52,-2.2089277334293738e-51,1.0
16:12:50.989,0.0,0.17407955435634084,-0.17407955435634084,0.0,0.0,-3.6475723162540576e-52,-1.943856405417849e-51,1.0
16:12:51.009,0.0,0.17407955435634084,-0.17407955435634084,0.0,0.0,-3.2098636383035708e-52,-1.7105936367677072e-51,1.0
16:12:51.029,0.0,0.17407955435634084,-0.17407955435634084,0.0,0.0,-2.824680001707142e-52,-1.5053224003555822e-51,1.0
16:12:51.049,0.0,0.17407955435634084,-0.17407955435634084,0.0,0.0,-2.4857184015022852e-52,-1.3246837123129124e-51,1.0
16:12:51.069,0.0,0.17407955435634084,-0.17407955435634084,0.0,0.0,-2.187432193322011e-52,-1.1657216668353628e-51,1.0
16:12:51.089,0.0,0.17407955435634084,-0.17407955435634084,0.0,0.0,-1.9249403301233696e-52,-1.0258350668151192e-51,1.0
16:12:51.109,0.0,0.17407955435634084,-0.17407955435634084,0.0,0.0,-1.693947490508565e-52,-9.027348587973049e-52,1.0
16:12:51.129,0.0,0.17407955435634084,-0.17407955435634084,0.0,0.0,-1.4906737916475373e-52,-7.944066757416283e-52,1.0
16:12:51.149,0.0,0.17407955435634084,-0.17407955435634084,0.0,0.0,-1.3117929366498328e-52,-6.99077874652633e-52,1.0
16:12:51.169,0.0,0.17407955435634084,-0.17407955435634084,0.0,0.0,-1.1543777842518528e-52,-6.151885296943169e-52,1.0
16:12:51.189,0.0,0.17407955435634084,-0.17407955435634084,0.0,0.0,-1.0158524501416306e-52,-5.41365906130999e-52,1.0
16:12:51.209,0.0,0.17407955435634084,-0.17407955435634084,0.0,0.0,-8.93950156124635e-53,-4.764019973952791e-52,1.0
16:12:51.229,0.0,0.17407955435634084,-0.17407955435634084,0.0,0.0,-7.866761373896787e-53,-4.192337577078456e-52,1.0
16:12:51.249,0.0,0.17407955435634084,-0.17407955435634084,0.0,0.0,-6.9227500090291725e-53,-3.689257067829041e-52,1.0
16:12:51.269,0.0,0.17407955435634084,-0.17407955435634084,0.0,0.0,-6.092020007945672e-53,-3.2465462196895562e-52,1.0
16:12:51.289,0.0,0.17407955435634084,-0.17407955435634084,0.0,0.0,-5.360977606992191e-53,-2.8569606733268093e-52,1.0
16:12:51.310,0.0,0.17407955435634084,-0.17407955435634084,0.0,0.0,-4.717660294153128e-53,-2.514125392527592e-52,1.0
16:12:51.329,0.0,0.17407955435634084,-0.17407955435634084,0.0,0.0,-4.1515410588547526e-53,-2.2124303454242812e-52,1.0
16:12:51.349,0.0,0.17407955435634084,-0.17407955435634084,0.0,0.0,-3.6533561317921823e-53,-1.9469387039733673e-52,1.0
16:12:51.369,0.0,0.17407955435634084,-0.17407955435634084,0.0,0.0,-3.2149533959771205e-53,-1.7133060594965634e-52,1.0
16:12:51.389,0.0,0.17407955435634084,-0.17407955435634084,0.0,0.0,-2.829158988459866e-53,-1.5077093323569758e-52,1.0
16:12:51.409,0.0,0.17407955435634084,-0.17407955435634084,0.0,0.0,-2.489659909844682e-53,-1.3267842124741386e-52,1.0
16:12:51.429,0.0,0.17407955435634084,-0.17407955435634084,0.0,0.0,-2.19090072066332e-53,-1.167570106977242e-52,1.0
16:12:51.449,0.0,0.17407955435634084,-0.17407955435634084,0.0,0.0,-1.9279926341837218e-53,-1.027461694139973e-52,1.0
16:12:51.469,0.0,0.17407955435634084,-0.17407955435634084,0.0,0.0,-1.6966335180816752e-53,-9.041662908431762e-53,1.0
16:12:51.489,0.0,0.17407955435634084,-0.17407955435634084,0.0,0.0,-1.4930374959118742e-53,-7.95666335941995e-53,1.0
16:12:51.510,0.0,0.17407955435634084,-0.17407955435634084,0.0,0.0,-1.3138729964024493e-53,-7.001863756289557e-53,1.0
16:12:51.529,0.0,0.17407955435634084,-0.17407955435634084,0.0,0.0,-1.1562082368341554e-53,-6.16164010553481e-53,1.0
16:12:51.550,0.0,0.17407955435634084,-0.17407955435634084,0.0,0.0,-1.0174632484140567e-53,-5.422243292870633e-53,1.0
16:12:51.569,0.0,0.17407955435634084,-0.17407955435634084,0.0,0.0,-8.9536765860437e-54,-4.771574097726157e-53,1.0
16:12:51.589,0.0,0.17407955435634084,-0.17407955435634084,0.0,0.0,-7.879235395718455e-54,-4.198985205999018e-53,1.0
16:12:51.610,0.0,0.17407955435634084,-0.17407955435634084,0.0,0.0,-6.933727148232241e-54,-3.695106981279136e-53,1.0
16:12:51.630,0.0,0.17407955435634084,-0.17407955435634084,0.0,0.0,-6.101679890444373e-54,-3.2516941435256397e-53,1.0
16:12:51.649,0.0,0.17407955435634084,-0.17407955435634084,0.0,0.0,-5.369478303591048e-54,-2.8614908463025636e-53,1.0
16:12:51.669,0.0,0.17407955435634084,-0.17407955435634084,0.0,0.0,-4.725140907160123e-54,-2.518111944746256e-53,1.0
16:12:51.689,0.0,0.17407955435634084,-0.17407955435634084,0.0,0.0,-4.158123998300908e-54,-2.215938511376705e-53,1.0
16:12:51.709,0.0,0.17407955435634084,-0.17407955435634084,0.0,0.0,-3.659149118504799e-54,-1.9500258900115005e-53,1.0
16:12:51.729,0.0,0.17407955435634084,-0.17407955435634084,0.0,0.0,-3.220051224284223e-54,-1.7160227832101206e-53,1.0
16:12:51.749,0.0,0.17407955435634084,-0.17407955435634084,0.0,0.0,-2.833645077370116e-54,-1.510100049224906e-53,1.0
16:12:51.769,0.0,0.17407955435634084,-0.17407955435634084,0.0,0.0,-2.4936076680857022e-54,-1.3288880433179173e-53,1.0
16:12:51.789,0.0,0.17407955435634084,-0.17407955435634084,0.0,0.0,-2.194374747915418e-54,-1.1694214781197672e-53,1.0
16:12:51.809,0.0,0.17407955435634084,-0.17407955435634084,0.0,0.0,-1.9310497781655678e-54,-1.029090900745395e-53,1.0
16:12:51.829,0.0,0.17407955435634084,-0.17407955435634084,0.0,0.0,-1.6993238047856997e-54,-9.055999926559476e-54,1.0
16:12:51.849,0.0,0.17407955435634084,-0.17407955435634084,0.0,0.0,-1.4954049482114156e-54,-7.96927993537234e-54,1.0
16:12:51.869,0.0,0.17407955435634084,-0.17407955435634084,0.0,0.0,-1.3159563544260458e-54,-7.012966343127658e-54,1.0
16:12:51.889,0.0,0.17407955435634084,-0.17407955435634084,0.0,0.0,-1.1580415918949203e-54,-6.17141038195234e-54,1.0
16:12:51.909,0.0,0.17407955435634084,-0.17407955435634084,0.0,0.0,-1.0190766008675299e-54,-5.430841136118059e-54,1.0
16:12:51.929,0.0,0.17407955435634084,-0.17407955435634084,0.0,0.0,-8.967874087634264e-55,-4.7791401997838923e-54,1.0
16:12:51.949,0.0,0.17407955435634084,-0.17407955435634084,0.0,0.0,-7.891729197118153e-55,-4.205643375809826e-54,1.0
16:12:51.969,0.0,0.17407955435634084,-0.17407955435634084,0.0,0.0,-6.944721693463974e-55,-3.700966170712646e-54,1.0
16:12:51.989,0.0,0.17407955435634084,-0.17407955435634084,0.0,0.0,-6.111355090248297e-55,-3.2568502302271287e-54,1.0
16:12:52.009,0.0,0.17407955435634084,-0.17407955435634084,0.0,0.0,-5.377992479418502e-55,-2.866028202599873e-54,1.0
16:12:52.029,0.0,0.17407955435634084,-0.17407955435634084,0.0,0.0,-4.732633381888282e-55,-2.5221048182878886e-54,1.0
16:12:52.049,0.0,0.17407955435634084,-0.17407955435634084,0.0,0.0,-4.164717376061688e-55,-2.2194522400933422e-54,1.0
16:12:52.069,0.0,0.17407955435634084,-0.17407955435634084,0.0,0.0,-3.6649512909342854e-55,-1.953117971282141e-54,1.0
16:12:52.089,0.0,0.17407955435634084,-0.17407955435634084,0.0,0.0,-3.2251571360221712e-55,-1.718743814728284e-54,1.0
16:12:52.110,0.0,0.17407955435634084,-0.17407955435634084,0.0,0.0,-2.8381382796995106e-55,-1.51249455696089e-54,1.0
16:12:52.129,0.0,0.17407955435634084,-0.17407955435634084,0.0,0.0,-2.4975616861355695e-55,-1.3309952101255834e-54,1.0
16:12:52.149,0.0,0.17407955435634084,-0.17407955435634084,0.0,0.0,-2.197854283799301e-55,-1.1712757849105133e-54,1.0
16:12:52.169,0.0,0.17407955435634084,-0.17407955435634084,0.0,0.0,-1.934111769743385e-55,-1.0307226907212517e-54,1.0
16:12:52.189,0.0,0.17407955435634084,-0.17407955435634084,0.0,0.0,-1.702018357374179e-55,-9.070359678347016e-55,1.0
16:12:52.209,0.0,0.17407955435634084,-0.17407955435634084,0.0,0.0,-1.4977761544892773e-55,-7.981916516945373e-55,1.0
16:12:52.229,0.0,0.17407955435634084,-0.17407955435634084,0.0,0.0,-1.318043015950564e-55,-7.024086534911928e-55,1.0
16:12:52.249,0.0,0.17407955435634084,-0.17407955435634084,0.0,0.0,-1.1598778540364964e-55,-6.181196150722497e-55,1.0
16:12:52.269,0.0,0.17407955435634084,-0.17407955435634084,0.0,0.0,-1.0206925115521168e-55,-5.439452612635797e-55,1.0
16:12:52.289,0.0,0.17407955435634084,-0.17407955435634084,0.0,0.0,-8.982094101658629e-56,-4.786718299119502e-55,1.0
16:12:52.309,0.0,0.17407955435634084,-0.17407955435634084,0.0,0.0,-7.904242809459593e-56,-4.212312103225162e-55,1.0
16:12:52.329,0.0,0.17407955435634084,-0.17407955435634084,0.0,0.0,-6.955733672324442e-56,-3.7068346508381425e-55,1.0
16:12:52.349,0.0,0.17407955435634084,-0.17407955435634084,0.0,0.0,-6.121045631645509e-56,-3.2620144927375652e-55,1.0
16:12:52.369,0.0,0.17407955435634084,-0.17407955435634084,0.0,0.0,-5.386520155848048e-56,-2.8705727536090576e-55,1.0
16:12:52.389,0.0,0.17407955435634084,-0.17407955435634084,0.0,0.0,-4.740137737146282e-56,-2.5261040231759705e-55,1.0
16:12:52.409,0.0,0.17407955435634084,-0.17407955435634084,0.0,0.0,-4.171321208688729e-56,-2.2229715403948542e-55,1.0
16:12:52.429,0.0,0.17407955435634084,-0.17407955435634084,0.0,0.0,-3.6707626636460813e-56,-1.956214955547472e-55,1.0
16:12:52.450,0.0,0.17407955435634084,-0.17407955435634084,0.0,0.0,-3.2302711440085517e-56,-1.7214691608817753e-55,1.0
16:12:52.469,0.0,0.17407955435634084,-0.17407955435634084,0.0,0.0,-2.8426386067275257e-56,-1.5148928615759623e-55,1.0
16:12:52.489,0.0,0.17407955435634084,-0.17407955435634084,0.0,0.0,-2.5015219739202225e-56,-1.3331057181868469e-55,1.0
16:12:52.509,0.0,0.17407955435634084,-0.17407955435634084,0.0,0.0,-2.201339337049796e-56,-1.1731330320044253e-55,1.0
16:12:52.529,0.0,0.17407955435634084,-0.17407955435634084,0.0,0.0,-1.9371786166038204e-56,-1.0323570681638942e-55,1.0
16:12:52.549,0.0,0.17407955435634084,-0.17407955435634084,0.0,0.0,-1.704717182611362e-56,-9.084742199842269e-56,1.0
16:12:52.569,0.0,0.17407955435634084,-0.17407955435634084,0.0,0.0,-1.5001511206979985e-56,-7.994573135861196e-56,1.0
16:12:52.589,0.0,0.17407955435634084,-0.17407955435634084,0.0,0.0,-1.3201329862142386e-56,-7.035224359557853e-56,1.0
16:12:52.609,0.0,0.17407955435634084,-0.17407955435634084,0.0,0.0,-1.16171702786853e-56,-6.190997436410911e-56,1.0
16:12:52.629,0.0,0.17407955435634084,-0.17407955435634084,0.0,0.0,-1.0223109845243065e-56,-5.448077744041602e-56,1.0
16:12:52.649,0.0,0.17407955435634084,-0.17407955435634084,0.0,0.0,-8.996336663813897e-57,-4.794308414756609e-56,1.0
16:12:52.669,0.0,0.17407955435634084,-0.17407955435634084,0.0,0.0,-7.916776264156229e-57,-4.218991404985816e-56,1.0
16:12:52.689,0.0,0.17407955435634084,-0.17407955435634084,0.0,0.0,-6.966763112457481e-57,-3.712712436387518e-56,1.0
16:12:52.709,0.0,0.17407955435634084,-0.17407955435634084,0.0,0.0,-6.130751538962584e-57,-3.2671869440210162e-56,1.0
16:12:52.729,0.0,0.17407955435634084,-0.17407955435634084,0.0,0.0,-5.395061354287074e-57,-2.875124510738494e-56,1.0
16:12:52.749,0.0,0.17407955435634084,-0.17407955435634084,0.0,0.0,-4.7476539917726255e-57,-2.530109569449875e-56,1.0
16:12:52.769,0.0,0.17407955435634084,-0.17407955435634084,0.0,0.0,-4.1779355127599105e-57,-2.22649642111589e-56,1.0
16:12:52.790,0.0,0.17407955435634084,-0.17407955435634084,0.0,0.0,-3.676583251228721e-57,-1.9593168505819832e-56,1.0
16:12:52.809,0.0,0.17407955435634084,-0.17407955435634084,0.0,0.0,-3.2353932610812747e-57,-1.7241988285121453e-56,1.0
16:12:52.829,0.0,0.17407955435634084,-0.17407955435634084,0.0,0.0,-2.8471460697515216e-57,-1.5172949690906878e-56,1.0
16:12:52.849,0.0,0.17407955435634084,-0.17407955435634084,0.0,0.0,-2.505488541381339e-57,-1.3352195727998054e-56,1.0
16:12:52.869,0.0,0.17407955435634084,-0.17407955435634084,0.0,0.0,-2.2048299164155783e-57,-1.1749932240638286e-56,1.0
16:12:52.889,0.0,0.17407955435634084,-0.17407955435634084,0.0,0.0,-1.940250326445709e-57,-1.0339940371761693e-56,1.0
16:12:52.909,0.0,0.17407955435634084,-0.17407955435634084,0.0,0.0,-1.707420287272224e-57,-9.099147527150289e-57,1.0
16:12:52.930,0.0,0.17407955435634084,-0.17407955435634084,0.0,0.0,-1.502529852799557e-57,-8.007249823892254e-57,1.0
16:12:52.949,0.0,0.17407955435634084,-0.17407955435634084,0.0,0.0,-1.32222627046361e-57,-7.046379845025183e-57,1.0
16:12:52.969,0.0,0.17407955435634084,-0.17407955435634084,0.0,0.0,-1.1635591180079768e-57,-6.200814263622161e-57,1.0
16:12:52.990,0.0,0.17407955435634084,-0.17407955435634084,0.0,0.0,-1.0239320238470196e-57,-5.456716551987502e-57,1.0
16:12:53.009,0.0,0.17407955435634084,-0.17407955435634084,0.0,0.0,-9.010601809853772e-58,-4.8019105657490014e-57,1.0
16:12:53.029,0.0,0.17407955435634084,-0.17407955435634084,0.0,0.0,-7.92932959267132e-58,-4.225681297859121e-57,1.0
16:12:53.049,0.0,0.17407955435634084,-0.17407955435634084,0.0,0.0,-6.97781004155076e-58,-3.7185995421160263e-57,1.0
16:12:53.069,0.0,0.17407955435634084,-0.17407955435634084,0.0,0.0,-6.14047283656467e-58,-3.2723675970621034e-57,1.0
16:12:53.090,0.0,0.17407955435634084,-0.17407955435634084,0.0,0.0,-5.403616096176909e-58,-2.879683485414651e-57,1.0
16:12:53.109,0.0,0.17407955435634084,-0.17407955435634084,0.0,0.0,-4.75518216463568e-58,-2.5341214671648927e-57,1.0
16:12:53.130,0.0,0.17407955435634084,-0.17407955435634084,0.0,0.0,-4.1845603048793985e-58,-2.230026891105106e-57,1.0
16:12:53.149,0.0,0.17407955435634084,-0.17407955435634084,0.0,0.0,-3.682413068293871e-58,-1.9624236641724932e-57,1.0
16:12:53.169,0.0,0.17407955435634084,-0.17407955435634084,0.0,0.0,-3.240523500098606e-58,-1.726932824471794e-57,1.0
16:12:53.190,0.0,0.17407955435634084,-0.17407955435634084,0.0,0.0,-2.8516606800867734e-58,-1.5197008855351788e-57,1.0
16:12:53.209,0.0,0.17407955435634084,-0.17407955435634084,0.0,0.0,-2.5094613984763608e-58,-1.3373367792709573e-57,1.0
16:12:53.229,0.0,0.17407955435634084,-0.17407955435634084,0.0,0.0,-2.2083260306591973e-58,-1.1768563657584423e-57,1.0
16:12:53.249,0.0,0.17407955435634084,-0.17407955435634084,0.0,0.0,-1.9433269069800938e-58,-1.0356336018674292e-57,1.0
16:12:53.269,0.0,0.17407955435634084,-0.17407955435634084,0.0,0.0,-1.7101276781424825e-58,-9.113575696433377e-58,1.0
16:12:53.289,0.0,0.17407955435634084,-0.17407955435634084,0.0,0.0,-1.5049123567653847e-58,-8.019946612861373e-58,1.0
16:12:53.309,0.0,0.17407955435634084,-0.17407955435634084,0.0,0.0,-1.3243228739535385e-58,-7.057553019318009e-58,1.0
16:12:53.329,0.0,0.17407955435634084,-0.17407955435634084,0.0,0.0,-1.1654041290791138e-58,-6.2106466569998464e-58,1.0
16:12:53.349,0.0,0.17407955435634084,-0.17407955435634084,0.0,0.0,-1.0255556335896201e-58,-5.465369058159865e-58,1.0
16:12:53.369,0.0,0.17407955435634084,-0.17407955435634084,0.0,0.0,-9.024889575588658e-59,-4.8095247711806814e-58,1.0
16:12:53.389,0.0,0.17407955435634084,-0.17407955435634084,0.0,0.0,-7.941902826518019e-59,-4.2323817986389994e-58,1.0
16:12:53.411,-19.999999999999996,0.17407955435634084,-20.174079554356336,-9500.0,0.0,-6.988874487335857e-59,-3.72449598280232e-58,1.0
16:12:53.429,-19.999999999999996,0.17407955435634084,-20.174079554356336,-9500.0,0.0,-6.150209548855554e-59,-3.277556464866041e-58,1.0
16:12:53.449,-19.999999999999996,-0.5222386630690226,-19.477761336930975,-9500.0,-8.0,-0.96,-5.116011383477006,1.0
16:12:53.470,-19.999999999999996,-0.7833579946035337,-19.216642005396462,-9500.0,-3.0,-1.2048,-6.420594286263643,1.0
16:12:53.489,-19.999999999999996,-1.0444773261380451,-18.95552267386195,-9500.0,-9.0,-2.140224,-11.405635778323637,1.0
16:12:53.509,-19.999999999999996,-3.394551309948646,-16.60544869005135,-9500.0,-26.0,-5.00339712,-26.66399648122507,1.0
16:12:53.529,-19.999999999999996,-5.657585516581078,-14.342414483418919,-9500.0,-18.0,-6.5629894656,-34.97534251630133,1.0
16:12:53.549,-19.999999999999996,-7.311341282966315,-12.68865871703368,-9500.0,-12.0,-7.215430729728,-38.45231848956068,1.0
16:12:53.569,-19.999999999999996,-8.878057272173383,-11.121942727826614,-9500.0,-14.0,-8.029579042160641,-42.79106019189816,1.0
16:12:53.589,-19.999999999999996,-10.53181303855862,-9.468186961441376,-9500.0,-14.0,-8.746029557101364,-46.60915288995515,1.0
16:12:53.609,-19.999999999999996,-12.272608582122029,-7.727391417877968,-9500.0,-15.0,-9.4965060102492,-50.60857588717992,1.0
16:12:53.629,-19.999999999999996,-13.926364348507267,-6.073635651492729,-9500.0,-14.0,-10.036925289019296,-53.48856670180308,1.0
16:12:53.649,-19.999999999999996,-15.667159892070675,-4.332840107929321,-9500.0,-17.0,-10.872494254336981,-57.94146288747536,1.0
16:12:53.670,-19.999999999999996,-17.669074767168595,-2.3309252328314014,-9500.0,-16.0,-11.487794943816544,-61.22051010793233,1.0
16:12:53.689,-19.999999999999996,-19.758029419444686,-0.2419705805553114,-3188.6428840736194,-17.0,-12.149259550558558,-64.74557308486908,1.0
16:12:53.709,-19.999999999999996,-21.498824963008094,1.498824963008097,9500.0,-12.0,-12.131348404491531,-64.6501213899003,1.0
16:12:53.729,-19.999999999999996,-22.456262511967967,2.4562625119679717,9500.0,-4.0,-11.155586595952547,-59.45011251485077,1.0
16:12:53.749,-19.999999999999996,-21.934023848898946,1.934023848898949,9500.0,13.0,-8.256916204438241,-44.00258051491854,1.0
16:12:53.769,-19.999999999999996,-21.15066585429541,1.1506658542954153,8836.507688221916,2.0,-7.026086259905652,-37.443268007259064,1.0
16:12:53.789,-19.999999999999996,-21.06362607711724,1.063626077117245,8290.057664212352,-1.0,-6.3029559087169735,-33.5895772693226,1.0
16:12:53.809,-19.999999999999996,-19.845069196622855,-0.15493080337714096,0.0,20.0,-3.1466011996709367,-16.76879953831137,1.0
16:12:53.829,-19.999999999999996,-17.494995212812253,-2.505004787187742,-9500.0,13.0,-1.2090090557104243,-6.443025095563872,1.0
16:12:53.849,-19.999999999999996,-16.79867699538689,-3.201323004613106,-9500.0,-2.0,-1.3039279690251733,-6.948864929965458,1.0
16:12:53.869,-19.999999999999996,-17.0597963269214,-2.9402036730785945,-9500.0,-2.0,-1.3874566127421524,-7.3940039842388545,1.0
16:12:53.889,-19.999999999999996,-17.0597963269214,-2.9402036730785945,-9500.0,0.0,-1.220961819213094,-6.506723506130191,1.0
16:12:53.909,-19.999999999999996,-17.930194098703105,-2.06980590129689,-9500.0,-20.0,-3.4744464009075227,-18.515945144087084,1.0
16:12:53.929,-19.999999999999996,-20.280268082513707,0.2802680825137111,3345.3862980501704,-18.0,-5.21751283279862,-27.8050573396199,1.0
16:12:53.949,-19.999999999999996,-21.934023848898946,1.934023848898949,9500.0,-9.0,-5.6714112928627864,-30.22396326527715,1.0
16:12:53.969,-19.999999999999996,-22.19514318043346,2.1951431804334605,9500.0,1.0,-4.870841937719252,-25.957586250509262,1.0
16:12:53.989,-19.999999999999996,-21.498824963008094,1.498824963008097,9500.0,5.0,-3.686340905192942,-19.645168785775024,1.0
16:12:54.010,-19.999999999999996,-21.32474540865175,1.324745408651756,9500.0,2.0,-3.0039799965697886,-16.00874568561277,1.0
16:12:54.029,-19.999999999999996,-21.06362607711724,1.063626077117245,8318.626400416231,18.0,-0.48350239698141406,-2.5766705905159717,1.0
16:12:54.049,-19.999999999999996,-18.5394725389503,-1.4605274610496972,-9500.0,25.0,2.5745178906563555,13.72006545371159,1.0
16:12:54.069,-19.999999999999996,-16.53755766385238,-3.4624423361476167,-9500.0,7.0,3.105575743777593,16.55016755980858,1.0
16:12:54.089,-19.999999999999996,-16.97275654974323,-3.0272434502567647,-9500.0,-15.0,0.9329066545242819,4.971626108612163,1.0
16:12:54.109,-19.999999999999996,-17.146836104099574,-2.853163895900424,-9500.0,1.0,0.940957855981368,5.01453239851333,1.0
16:12:54.129,-19.999999999999996,-17.320915658455913,-2.6790843415440833,-9500.0,-1.0,0.7080429132636039,3.7732870877571045,1.0
16:12:54.149,-19.999999999999996,-19.322830533553834,-0.6771694664461635,-5890.079634173932,-24.0,-2.2569222363280286,-12.027541513204767,1.0
16:12:54.169,-19.999999999999996,-21.411785185829924,1.4117851858299266,9500.0,-13.0,-3.5460915679686655,-18.897755029770334,1.0
16:12:54.189,-19.999999999999996,-22.543302289146137,2.543302289146142,9500.0,-5.0,-3.720560579812426,-19.827531540871025,1.0
16:12:54.209,-19.999999999999996,-22.19514318043346,2.1951431804334605,9500.0,7.0,-2.434093310234935,-12.971717795424121,1.0
16:12:54.229,-19.999999999999996,-21.759944294542606,1.7599442945426083,9500.0,1.0,-2.0220021130067427,-10.7756102370386,1.0
16:12:54.249,-19.999999999999996,-21.672904517364433,1.672904517364438,9500.0,0.0,-1.7793618594459335,-9.482537008593967,1.0
16:12:54.269,-19.999999999999996,-20.280268082513707,0.2802680825137111,3373.916845188527,18.0,0.5941615636875786,3.1663930452605733,1.0
16:12:54.290,-19.999999999999996,-17.582034989990426,-2.417965010009572,-9500.0,18.0,2.6828621760450693,14.29745149265257,1.0
16:12:54.310,-19.999999999999996,-16.53755766385238,-3.4624423361476167,-9500.0,-4.0,1.8809187149196611,10.023751621795759,1.0
16:12:54.329,-19.999999999999996,-17.320915658455913,-2.6790843415440833,-9500.0,-10.0,0.4552084691293019,2.4258871978340104,1.0
16:12:54.349,-19.999999999999996,-17.494995212812253,-2.505004787187742,-9500.0,1.0,0.5205834528337856,2.7742821570285545,1.0
16:12:54.370,-19.999999999999996,-17.669074767168595,-2.3309252328314014,-9500.0,-2.0,0.21811343849373133,1.1623654523158764,1.0
16:12:54.389,-19.999999999999996,-19.932108973801025,-0.06789102619897056,0.0,-20.0,-2.2080601741255164,-11.767146860654544,1.0
16:12:54.409,-19.999999999999996,-21.759944294542606,1.7599442945426083,9500.0,-11.0,-3.263092953230454,-17.38960488965688,1.0
16:12:54.429,-19.999999999999996,-22.282182957611628,2.2821829576116306,9500.0,0.0,-2.8715217988427995,-15.302852302898055,1.0
16:12:54.450,-19.999999999999996,-21.846984071720776,1.8469840717207786,9500.0,3.0,-2.1669391829816638,-11.548005757746411,1.0
16:12:54.469,-19.999999999999996,-21.672904517364433,1.672904517364438,9500.0,-1.0,-2.026906481023864,-10.80174648975147,1.0
16:12:54.489,-19.999999999999996,-21.585864740186263,1.5858647401862673,9500.0,-1.0,-1.9036777033010006,-10.145038333915918,1.0
16:12:54.510,-19.999999999999996,-19.235790756375664,-0.7642092436243338,-6421.907397458391,26.0,1.4447636210951196,7.699403262454263,1.0
16:12:54.529,-19.999999999999996,-16.97275654974323,-3.0272434502567647,-9500.0,7.0,2.111391986563705,11.251984831502131,1.0
16:12:54.549,-19.999999999999996,-16.97275654974323,-3.0272434502567647,-9500.0,-5.0,1.2580249481760606,6.704239537048747,1.0
16:12:54.570,-19.999999999999996,-17.494995212812253,-2.505004787187742,-9500.0,-4.0,0.6270619543949334,3.3417251008643944,1.0
16:12:54.589,-19.999999999999996,-17.582034989990426,-2.417965010009572,-9500.0,-2.0,0.3118145198675414,1.6617152428914155,1.0
16:12:54.609,-19.999999999999996,-18.800591870484812,-1.199408129515186,-9191.791371383215,-24.0,-2.6056032225165633,-13.885724736686573,1.0
16:12:54.630,-19.999999999999996,-20.976586299939072,0.9765862999390744,7748.550666147014,-19.0,-4.572930835814576,-24.369964804042077,1.0
16:12:54.650,-19.999999999999996,-22.63034206632431,2.6303420663243124,9500.0,-9.0,-5.104179135516827,-27.20108183396866,1.0
16:12:54.669,-19.999999999999996,-22.456262511967967,2.4562625119679717,9500.0,9.0,-3.4116776392548083,-18.18143920748079,1.0
16:12:54.689,-19.999999999999996,-21.846984071720776,1.8469840717207786,9500.0,5.0,-2.4022763225442314,-12.802159387909967,1.0
16:12:54.710,-19.999999999999996,-21.759944294542606,1.7599442945426083,9500.0,2.0,-1.8740031638389236,-9.98689741549152,1.0
16:12:54.729,-19.999999999999996,-21.15066585429541,1.1506658542954153,8873.50798745656,18.0,0.5108772158217474,2.7225558871907283,1.0
16:12:54.749,-19.999999999999996,-18.365392984593957,-1.6346070154060381,-9500.0,24.0,3.3295719499231375,17.74388333115886,1.0
16:12:54.769,-19.999999999999996,-16.45051788667421,-3.5494821133257872,-9500.0,4.0,3.410023315932361,18.172623023158298,1.0
16:12:54.789,-19.999999999999996,-16.88571677256506,-3.1142832274349352,-9500.0,-9.0,1.9208205180204776,10.23639545396767,1.0
16:12:54.809,-19.999999999999996,-17.407955435634083,-2.5920445643659127,-9500.0,0.0,1.6903220558580203,9.008027999491551,1.0
16:12:54.829,-19.999999999999996,-17.494995212812253,-2.505004787187742,-9500.0,1.0,1.607483409155058,8.56656606248719,1.0
16:12:54.849,-19.999999999999996,-19.14875097919749,-0.8512490208025043,-6985.015779037582,-22.0,-1.2254145999435486,-6.530453169573038,1.0
16:12:54.869,-19.999999999999996,-21.23770563147358,1.2377056314735857,9408.04779594878,-13.0,-2.6383648479503226,-14.060317287374408,1.0
16:12:54.889,-19.999999999999996,-22.63034206632431,2.6303420663243124,9500.0,4.0,-1.841761066196284,-9.815073521150977,1.0
16:12:54.909,-19.999999999999996,-22.19514318043346,2.1951431804334605,9500.0,7.0,-0.7807497382527299,-4.160754738070478,1.0
16:12:54.929,-19.999999999999996,-21.846984071720776,1.8469840717207786,9500.0,1.0,-0.5670597696624022,-3.021962746567395,1.0
16:12:54.949,-19.999999999999996,-21.759944294542606,1.7599442945426083,9500.0,1.0,-0.379012597302914,-2.0198257940446815,1.0
16:12:54.970,-19.999999999999996,-20.54138741404822,0.5413874140482223,5034.6792733535185,26.0,2.786468914373436,14.849590297540951,1.0
16:12:54.989,-19.999999999999996,-17.843154321524935,-2.1568456784750607,-9500.0,16.0,4.372092644648623,23.299662228790048,1.0
16:12:55.009,-19.999999999999996,-16.53755766385238,-3.4624423361476167,-9500.0,0.0,3.8474415272907883,20.50370276133524,1.0
16:12:55.029,-19.999999999999996,-17.233875881277744,-2.7661241187222534,-9500.0,-11.0,2.065748544015894,11.00874277769413,1.0
16:12:55.049,-19.999999999999996,-17.494995212812253,-2.505004787187742,-9500.0,-2.0,1.5778587187339865,8.408690798501583,1.0
16:12:55.069,-19.999999999999996,-17.582034989990426,-2.417965010009572,-9500.0,-1.0,1.2685156724859081,6.7601464797467665,1.0
16:12:55.089,-19.999999999999996,-19.670989642266516,-0.3290103577334818,-3687.6583486407894,-24.0,-1.7637062082124007,-9.399105248253864,1.0
16:12:55.109,-19.999999999999996,-21.585864740186263,1.5858647401862673,9500.0,-14.0,-3.2320614632269127,-17.22423253954816,1.0
16:12:55.129,-19.999999999999996,-22.543302289146137,2.543302289146142,9500.0,4.0,-2.364214087639683,-12.599318943063878,1.0
16:12:55.149,-19.999999999999996,-22.021063626077115,2.0210636260771193,9500.0,8.0,-1.1205083971229213,-5.971389286419208,1.0
16:12:55.169,-19.999999999999996,-21.759944294542606,1.7599442945426083,9500.0,2.0,-0.7460473894681707,-3.975819726179651,1.0
16:12:55.189,-19.999999999999996,-21.672904517364433,1.672904517364438,9500.0,1.0,-0.5365217027319903,-2.8592199361034676,1.0
16:12:55.209,-19.999999999999996,-20.193228305335538,0.1932283053355407,2832.8206190280043,24.0,2.4078609015958485,12.831920606659967,1.0
16:12:55.229,-19.999999999999996,-17.582034989990426,-2.417965010009572,-9500.0,13.0,3.6789175934043468,19.605608632010906,1.0
16:12:55.249,-19.999999999999996,-16.62459744103055,-3.3754025589694465,-9500.0,-2.0,2.997447482195825,15.973932750300344,1.0
16:12:55.269,-19.999999999999996,-17.320915658455913,-2.6790843415440833,-9500.0,-11.0,1.317753784332326,7.02254516798342,1.0
16:12:55.289,-19.999999999999996,-17.494995212812253,-2.505004787187742,-9500.0,1.0,1.2796233302124467,6.819341170760035,1.0
16:12:55.309,-19.999999999999996,-17.582034989990426,-2.417965010009572,-9500.0,-1.0,1.006068530586953,5.361518807334204,1.0
16:12:55.329,-19.999999999999996,-19.845069196622855,-0.15493080337714096,0.0,-20.0,-1.5146596930834813,-8.071891908238415,1.0
16:12:55.349,-19.999999999999996,-21.759944294542606,1.7599442945426083,9500.0,-14.0,-3.0129005299134635,-16.056284800334566,1.0
16:12:55.369,-19.999999999999996,-22.282182957611628,2.2821829576116306,9500.0,0.0,-2.6513524663238477,-14.129530624294418,1.0
16:12:55.389,-19.999999999999996,-21.846984071720776,1.8469840717207786,9500.0,3.0,-1.973190170364986,-10.515482680575209,1.0
16:12:55.409,-19.999999999999996,-21.672904517364433,1.672904517364438,9500.0,-1.0,-1.8564073499211875,-9.89312618184081,1.0
16:12:55.429,-19.999999999999996,-21.585864740186263,1.5858647401862673,9500.0,1.0,-1.5136384679306452,-8.066449617085288,1.0
16:12:55.449,-19.999999999999996,-19.322830533553834,-0.6771694664461635,-5866.098687928431,33.0,2.627998148221032,14.005071293807598,1.0
16:12:55.469,-19.999999999999996,-17.0597963269214,-2.9402036730785945,-9500.0,4.0,2.792638370434508,14.882468430289189,1.0
16:12:55.489,-19.999999999999996,-17.0597963269214,-2.9402036730785945,-9500.0,-4.0,1.9775217659823672,10.538566526915982,1.0
16:12:55.510,-19.999999999999996,-17.494995212812253,-2.505004787187742,-9500.0,-4.0,1.2602191540644831,6.715932851947562,1.0
16:12:55.529,-19.999999999999996,-17.582034989990426,-2.417965010009572,-9500.0,-1.0,0.9889928555767452,5.270519486779229,1.0
16:12:55.549,-19.999999999999996,-18.62651231612847,-1.3734876838715269,-9500.0,-26.0,-2.249686287092464,-11.98897984793455,1.0
16:12:55.570,-19.999999999999996,-20.8895465227609,0.8895465227609041,7200.088254749784,-19.0,-4.259723932641368,-22.700829301940292,1.0
16:12:55.589,-19.999999999999996,-22.63034206632431,2.6303420663243124,9500.0,-11.0,-5.0685570607244035,-27.01124543798834,1.0
16:12:55.610,-19.999999999999996,-22.456262511967967,2.4562625119679717,9500.0,2.0,-4.2203302134374745,-22.490893139560484,1.0
16:12:55.630,-19.999999999999996,-21.934023848898946,1.934023848898949,9500.0,3.0,-3.353890587824978,-17.87348169400935,1.0
16:12:55.649,-19.999999999999996,-21.759944294542606,1.7599442945426083,9500.0,2.0,-2.7114237172859808,-14.449661044858978,1.0
16:12:55.669,-19.999999999999996,-21.32474540865175,1.324745408651756,9500.0,0.0,-2.386052871211663,-12.7157017194759,1.0
16:12:55.690,-19.999999999999996,-18.5394725389503,-1.4605274610496972,-9500.0,27.0,1.1402734733337363,6.076720906096104,1.0
16:12:55.709,-19.999999999999996,-16.53755766385238,-3.4624423361476167,-9500.0,7.0,1.843440656533688,9.824024357906952,1.0
16:12:55.729,-19.999999999999996,-16.88571677256506,-3.1142832274349352,-9500.0,-7.0,0.7822277777496455,4.168631474415737,1.0
16:12:55.750,-19.999999999999996,-17.407955435634083,-2.5920445643659127,-9500.0,2.0,0.928360444419688,4.9473985433551,1.0
16:12:55.770,-19.999999999999996,-17.494995212812253,-2.505004787187742,-9500.0,1.0,0.9369571910893254,4.993212141087114,1.0
16:12:55.789,-19.999999999999996,-19.06171120201932,-0.9382887979806748,-7537.912503998217,-22.0,-1.8154776718413932,-9.675004620405105,1.0
16:12:55.809,-19.999999999999996,-21.15066585429541,1.1506658542954153,8854.32047513755,-15.0,-3.397620351220426,-18.10652540997588,1.0
16:12:55.829,-19.999999999999996,-22.63034206632431,2.6303420663243124,9500.0,-5.0,-3.589905909073975,-19.131249475451902,1.0
16:12:55.849,-19.999999999999996,-22.282182957611628,2.2821829576116306,9500.0,7.0,-2.319117199985098,-12.358989577855295,1.0
16:12:55.869,-19.999999999999996,-21.846984071720776,1.8469840717207786,9500.0,1.0,-1.9208231359868861,-10.236409405578033,1.0
16:12:55.889,-19.999999999999996,-21.759944294542606,1.7599442945426083,9500.0,1.0,-1.5703243596684597,-8.368538853974043,1.0
16:12:55.910,-19.999999999999996,-20.80250674558273,0.8025067455827336,6675.998106150543,20.0,1.0181145634917554,5.425714267195358,1.0
16:12:55.929,-19.999999999999996,-18.017233875881278,-1.9827661241187198,-9500.0,16.0,2.815940815872745,15.00665132208593,1.0
16:12:55.949,-19.999999999999996,-16.45051788667421,-3.5494821133257872,-9500.0,11.0,3.798027917968015,20.2403688157165,1.0
16:12:55.969,-19.999999999999996,-17.0597963269214,-2.9402036730785945,-9500.0,-11.0,2.0222645678118534,10.777008905549636,1.0
16:12:55.989,-19.999999999999996,-17.494995212812253,-2.505004787187742,-9500.0,-2.0,1.539592819674431,8.204764991014429,1.0
16:12:56.010,-19.999999999999996,-17.494995212812253,-2.505004787187742,-9500.0,0.0,1.3548416813134994,7.220193192092697,1.0
16:12:56.030,-19.999999999999996,-19.322830533553834,-0.6771694664461635,-5886.10721078092,-22.0,-1.4477393204441202,-7.715261295520192,1.0
16:12:56.049,-19.999999999999996,-21.411785185829924,1.4117851858299266,9500.0,-16.0,-3.1940106019908256,-17.021452707011782,1.0
16:12:56.070,-19.999999999999996,-22.63034206632431,2.6303420663243124,9500.0,-5.0,-3.4107293297519266,-18.176385496843498,1.0
16:12:56.089,-19.999999999999996,-22.19514318043346,2.1951431804334605,9500.0,6.0,-2.281441810181695,-12.158210699614521,1.0
16:12:56.109,-19.999999999999996,-21.846984071720776,1.8469840717207786,9500.0,2.0,-1.7676687929598918,-9.420222569791527,1.0
16:12:56.129,-19.999999999999996,-21.759944294542606,1.7599442945426083,9500.0,-1.0,-1.6755485378047048,-8.92929728435117,1.0
16:12:56.149,-19.999999999999996,-20.54138741404822,0.5413874140482223,5024.365326742181,18.0,0.68551728673186,3.653244002594236,1.0
16:12:56.170,-19.999999999999996,-17.843154321524935,-2.1568456784750607,-9500.0,18.0,2.763255212324037,14.725880335106194,1.0
16:12:56.189,-19.999999999999996,-16.45051788667421,-3.5494821133257872,-9500.0,0.0,2.4316645868451525,12.95877469489345,1.0
16:12:56.210,-19.999999999999996,-17.146836104099574,-2.853163895900424,-9500.0,-11.0,0.8198648364237342,4.369206079225352,1.0
16:12:56.229,-19.999999999999996,-17.494995212812253,-2.505004787187742,-9500.0,-2.0,0.48148105605288616,2.5658985038490587,1.0
16:12:56.250,-19.999999999999996,-17.582034989990426,-2.417965010009572,-9500.0,-1.0,0.3037033293265398,1.6184892604525456,1.0
16:12:56.269,-19.999999999999996,-19.496910087910173,-0.5030899120898227,-4790.648209505867,-22.0,-2.3727410701926446,-12.644760755363526,1.0
16:12:56.289,-19.999999999999996,-21.498824963008094,1.498824963008097,9500.0,-13.0,-3.6480121417695273,-19.44090796287004,1.0
16:12:56.310,-19.999999999999996,-22.63034206632431,2.6303420663243124,9500.0,-6.0,-3.9302506847571843,-20.94500754493339,1.0
16:12:56.330,-19.999999999999996,-22.108103403255285,2.10810340325529,9500.0,9.0,-2.3786206025863224,-12.676093833129752,1.0
16:12:56.350,-19.999999999999996,-21.759944294542606,1.7599442945426083,9500.0,1.0,-1.9731861302759635,-10.515461150219554,1.0
16:12:56.370,-19.999999999999996,-21.759944294542606,1.7599442945426083,9500.0,-1.0,-1.8564037946428478,-9.893107235127834,1.0
16:12:56.389,-19.999999999999996,-20.367307859691877,0.36730785969188157,3927.1186266260333,24.0,1.2463646607142937,6.642099783518525,1.0
16:12:56.410,-19.999999999999996,-17.756114544346765,-2.243885455653231,-9500.0,11.0,2.4168009014285783,12.879563461777185,1.0
16:12:56.429,-19.999999999999996,-16.53755766385238,-3.4624423361476167,-9500.0,2.0,2.366784793257149,12.613018692233174,1.0
16:12:56.450,-19.999999999999996,-17.233875881277744,-2.7661241187222534,-9500.0,-11.0,0.7627706180662912,4.0649407968843105,1.0
16:12:56.470,-19.999999999999996,-17.494995212812253,-2.505004787187742,-9500.0,-3.0,0.31123814389833626,1.6586436324543155,1.0
16:12:56.489,-19.999999999999996,-17.582034989990426,-2.417965010009572,-9500.0,-1.0,0.15388956663053593,0.820104973625172,1.0
16:12:56.510,-19.999999999999996,-19.583949865088343,-0.4160501349116522,-4240.117213665713,-20.0,-2.2645771813651283,-12.068336081902364,1.0
16:12:56.530,-19.999999999999996,-21.585864740186263,1.5858647401862673,9500.0,-13.0,-3.552827919601313,-18.933654250224215,1.0
16:12:56.549,-19.999999999999996,-22.63034206632431,2.6303420663243124,9500.0,-2.0,-3.3664885692491557,-17.940618586066563,1.0
16:12:56.570,-19.999999999999996,-22.108103403255285,2.10810340325529,9500.0,5.0,-2.362509940939257,-12.590237241065447,1.0
16:12:56.589,-19.999999999999996,-21.846984071720776,1.8469840717207786,9500.0,-2.0,-2.3190087480265458,-12.358411618006842,1.0
16:12:56.610,-19.999999999999996,-21.759944294542606,1.7599442945426083,9500.0,-1.0,-2.1607276982633605,-11.514903646780649,1.0
16:12:56.629,-19.999999999999996,-20.367307859691877,0.36730785969188157,3925.803923898557,24.0,0.9785596255282427,5.214918941264048,1.0
16:12:56.649,-19.999999999999996,-17.756114544346765,-2.243885455653231,-9500.0,18.0,3.021132470464854,16.10015428113563,1.0
16:12:56.669,-19.999999999999996,-16.53755766385238,-3.4624423361476167,-9500.0,2.0,2.898596574009072,15.447138613268606,1.0
16:12:56.689,-19.999999999999996,-17.233875881277744,-2.7661241187222534,-9500.0,-11.0,1.2307649851279834,6.558966327395491,1.0
16:12:56.709,-19.999999999999996,-17.494995212812253,-2.505004787187742,-9500.0,-3.0,0.7230731869126253,3.8533860993041547,1.0
16:12:56.729,-19.999999999999996,-17.582034989990426,-2.417965010009572,-9500.0,-1.0,0.5163044044831103,2.75147834445303,1.0
16:12:56.749,-19.999999999999996,-19.583949865088343,-0.4160501349116522,-4238.551553623455,-20.0,-1.9456521240548628,-10.368727515573848,1.0
16:12:56.770,-19.999999999999996,-21.585864740186263,1.5858647401862673,9500.0,-16.0,-3.6321738691682794,-19.356502980659002,1.0
16:12:56.789,-19.999999999999996,-22.63034206632431,2.6303420663243124,9500.0,-4.0,-3.676313004868086,-19.591728314718424,1.0
16:12:56.809,-19.999999999999996,-22.108103403255285,2.10810340325529,9500.0,9.0,-2.1551554442839156,-11.485208110540581,1.0
16:12:56.829,-19.999999999999996,-21.846984071720776,1.8469840717207786,9500.0,-2.0,-2.1365367909698456,-11.385985983144963,1.0
16:12:56.849,-19.999999999999996,-21.759944294542606,1.7599442945426083,9500.0,-1.0,-2.0001523760534643,-10.659169088102193,1.0
16:12:56.870,-19.999999999999996,-20.367307859691877,0.36730785969188157,3921.7848102876283,16.0,0.15986590907295128,0.8519539694240821,1.0
16:12:56.889,-19.999999999999996,-17.756114544346765,-2.243885455653231,-9500.0,18.0,2.300681999984197,12.260745105916458,1.0
16:12:56.909,-19.999999999999996,-16.53755766385238,-3.4624423361476167,-9500.0,-4.0,1.5446001599860937,8.23145000146798,1.0
16:12:56.929,-19.999999999999996,-17.233875881277744,-2.7661241187222534,-9500.0,-11.0,0.03924814078776251,0.20916034901093875,1.0
16:12:56.949,-19.999999999999996,-17.494995212812253,-2.505004787187742,-9500.0,-3.0,-0.325461636106769,-1.7344431616742513,1.0
16:12:56.969,-19.999999999999996,-17.582034989990426,-2.417965010009572,-9500.0,-1.0,-0.4064062397739567,-2.165811405207967,1.0
16:12:56.989,-19.999999999999996,-19.583949865088343,-0.4160501349116522,-4244.894140440779,-24.0,-3.237637491001082,-17.25394818701403,1.0
16:12:57.009,-19.999999999999996,-21.585864740186263,1.5858647401862673,9500.0,-14.0,-4.529120992080952,-24.136494325657107,1.0
16:12:57.029,-19.999999999999996,-22.543302289146137,2.543302289146142,9500.0,4.0,-3.505626473031238,-18.682109314839753,1.0
16:12:57.049,-19.999999999999996,-22.021063626077115,2.0210636260771193,9500.0,9.0,-2.0049512962674894,-10.68474339064735,1.0
16:12:57.070,-19.999999999999996,-21.759944294542606,1.7599442945426083,9500.0,2.0,-1.5243571407153906,-8.123571337900415,1.0
16:12:57.090,-24.99999999999999,-21.672904517364433,-3.3270954826355563,-9500.0,1.0,-1.2214342838295438,-6.509241354417741,1.0
16:12:57.109,-24.99999999999999,-20.54138741404822,-4.458612585951772,-9500.0,7.0,-0.23486216976999852,-1.2516224313452309,1.0
16:12:57.129,-24.99999999999999,-20.280268082513707,-4.719731917486283,-9500.0,-1.0,-0.3266787093975987,-1.7409291625184289,1.0
16:12:57.149,-24.99999999999999,-20.280268082513707,-4.719731917486283,-9500.0,0.0,-0.28747726426988685,-1.5320176630162174,1.0
16:12:57.169,-24.99999999999999,-20.280268082513707,-4.719731917486283,-9500.0,0.0,-0.2529799925575004,-1.3481755434542713,1.0
16:12:57.190,-24.99999999999999,-21.498824963008094,-3.501175036991897,-9500.0,-20.0,-2.6226223934506003,-13.976422936932275,1.0
16:12:57.209,-24.99999999999999,-23.32666028374967,-1.6733397162503183,-9500.0,-16.0,-4.227907706236529,-22.531274951454417,1.0
16:12:57.229,-24.99999999999999,-24.89337627295674,-0.10662372704325085,0.0,-12.0,-5.160558781488145,-27.501539032495398,1.0
16:12:57.249,-24.99999999999999,-25.241535381669422,0.24153538166943084,3105.1341910229617,2.0,-4.301291727709567,-22.922351502726695,1.0
16:12:57.269,-24.99999999999999,-25.241535381669422,0.24153538166943084,3107.668088100212,0.0,-3.7851367203844193,-20.17166932239949,1.0
16:12:57.289,-24.99999999999999,-25.241535381669422,0.24153538166943084,3109.8979175281925,0.0,-3.330920313938289,-17.751069003711553,1.0
16:12:57.310,-24.99999999999999,-25.241535381669422,0.24153538166943084,3111.8601674248152,0.0,-2.931209876265694,-15.620940723266166,1.0
16:12:57.329,-24.99999999999999,-25.241535381669422,0.24153538166943084,3113.5869473338435,0.0,-2.579464691113811,-13.746427836474226,1.0
16:12:57.349,-24.99999999999999,-25.241535381669422,0.24153538166943084,3115.1065136537886,0.0,-2.2699289281801533,-12.096856496097317,1.0
16:12:57.370,-24.99999999999999,-25.241535381669422,0.24153538166943084,3116.4437320153397,0.0,-1.997537456798535,-10.645233716565638,1.0
16:12:57.389,-24.99999999999999,-25.241535381669422,0.24153538166943084,3117.6204841735052,0.0,-1.7578329619827107,-9.367805670577763,1.0
16:12:57.409,-24.99999999999999,-25.241535381669422,0.24153538166943084,3118.6560260726906,0.0,-1.5468930065447855,-8.24366899010843,1.0
16:12:57.429,-24.99999999999999,-25.241535381669422,0.24153538166943084,3119.5673029439736,0.0,-1.3612658457594111,-7.254428711295419,1.0
16:12:57.449,-24.99999999999999,-25.241535381669422,0.24153538166943084,3120.3692265907025,0.0,-1.1979139442682818,-6.383897265939969,1.0
16:12:57.470,-24.99999999999999,-25.241535381669422,0.24153538166943084,3121.0749193998245,0.0,-1.054164270956088,-5.617829594027172,1.0
16:12:57.490,-24.99999999999999,-25.241535381669422,0.24153538166943084,3121.6959290718514,0.0,-0.9276645584413573,-4.943690042743911,1.0
16:12:57.509,-24.99999999999999,-25.241535381669422,0.24153538166943084,3122.2424175832352,0.0,-0.8163448114283944,-4.350447237614642,1.0
16:12:57.530,-24.99999999999999,-25.241535381669422,0.24153538166943084,3122.723327473253,0.0,-0.7183834340569871,-3.828393569100885,1.0
16:12:57.549,-24.99999999999999,-25.241535381669422,0.24153538166943084,3123.1465281764686,0.0,-0.6321774219701487,-3.368986340808779,1.0
16:12:57.570,-24.99999999999999,-25.241535381669422,0.24153538166943084,3123.518944795299,0.0,-0.5563161313337308,-2.9647079799117253,1.0
16:12:57.589,-24.99999999999999,-25.241535381669422,0.24153538166943084,3123.846671419869,0.0,-0.48955819557368313,-2.6089430223223182,1.0
16:12:57.609,-24.99999999999999,-25.241535381669422,0.24153538166943084,3124.1350708494906,0.0,-0.43081121210484113,-2.29586985964364,1.0
16:12:57.629,-24.99999999999999,-25.241535381669422,0.24153538166943084,3124.3888623475577,0.0,-0.3791138666522602,-2.020365476486403,1.0
16:12:57.649,-24.99999999999999,-25.241535381669422,0.24153538166943084,3124.6121988658565,0.0,-0.333620202653989,-1.777921619308035,1.0
16:12:57.669,-24.99999999999999,-25.241535381669422,0.24153538166943084,3124.80873500196,0.0,-0.2935857783355103,-1.5645710249910707,1.0
16:12:57.689,-24.99999999999999,-25.241535381669422,0.24153538166943084,3124.9816868017306,0.0,-0.25835548493524907,-1.376822501992142,1.0
16:12:57.709,-24.99999999999999,-25.241535381669422,0.24153538166943084,3125.133884385529,0.0,-0.22735282674301918,-1.211603801753085,1.0
16:12:57.729,-24.99999999999999,-25.241535381669422,0.24153538166943084,3125.2678182592717,0.0,-0.2000704875338569,-1.066211345542715,1.0
16:12:57.749,-24.99999999999999,-25.241535381669422,0.24153538166943084,3125.385680068165,0.0,-0.17606202902979406,-0.9382659840775892,1.0
16:12:57.769,-24.99999999999999,-25.241535381669422,0.24153538166943084,3125.489398459991,0.0,-0.15493458554621878,-0.8256740659882784,1.0
16:12:57.789,-24.99999999999999,-25.241535381669422,0.24153538166943084,3125.580670644798,0.0,-0.13634243528067252,-0.726593178069685,1.0
16:12:57.809,-24.99999999999999,-25.241535381669422,0.24153538166943084,3125.6609901674283,0.0,-0.11998134304699182,-0.6394019967013228,1.0
16:12:57.829,-24.99999999999999,-25.241535381669422,0.24153538166943084,3125.7316713473433,0.0,-0.1055835818813528,-0.5626737570971642,1.0
16:12:57.849,-24.99999999999999,-25.241535381669422,0.24153538166943084,3125.793870785668,0.0,-0.09291355205559047,-0.49515290624550445,1.0
16:12:57.869,-24.99999999999999,-25.241535381669422,0.24153538166943084,3125.848606291394,0.0,-0.08176392580891961,-0.4357345574960439,1.0
16:12:57.889,-24.99999999999999,-25.241535381669422,0.24153538166943084,3125.896773536432,0.0,-0.07195225471184925,-0.38344641059651857,1.0
16:12:57.909,-24.99999999999999,-25.241535381669422,0.24153538166943084,3125.9391607120665,0.0,-0.06331798414642735,-0.3374328413249364,1.0
16:12:57.929,-24.99999999999999,-25.241535381669422,0.24153538166943084,3125.9764614266246,0.0,-0.055719826048856065,-0.296940900365944,1.0
16:12:57.949,-24.99999999999999,-25.241535381669422,0.24153538166943084,3126.0092860554355,0.0,-0.049033446922993336,-0.2613079923220307,1.0
16:12:57.969,-24.99999999999999,-25.241535381669422,0.24153538166943084,3126.0381717287896,0.0,-0.043149433292234134,-0.22995103324338703,1.0
16:12:57.989,-24.99999999999999,-25.241535381669422,0.24153538166943084,3126.0635911213403,0.0,-0.03797150129716604,-0.2023569092541806,1.0
16:12:58.009,-24.99999999999999,-25.241535381669422,0.24153538166943084,3126.0859601867855,0.0,-0.03341492114150611,-0.17807408014367893,1.0
16:12:58.029,-24.99999999999999,-25.241535381669422,0.24153538166943084,3126.105644964378,0.0,-0.02940513060452538,-0.15670519052643744,1.0
16:12:58.049,-24.99999999999999,-25.241535381669422,0.24153538166943084,3126.1229675686586,0.0,-0.025876514931982335,-0.13790056766326494,1.0
16:12:58.069,-24.99999999999999,-25.241535381669422,0.24153538166943084,3126.138211460425,0.0,-0.022771333140144456,-0.12135249954367316,1.0
16:12:58.089,-24.99999999999999,-25.241535381669422,0.24153538166943084,3126.1516260851804,0.0,-0.020038773163327122,-0.10679019959843239,1.0
16:12:58.109,-24.99999999999999,-25.241535381669422,0.24153538166943084,3126.1634309549645,0.0,-0.01763412038372787,-0.09397537564662051,1.0
16:12:58.129,-24.99999999999999,-25.241535381669422,0.24153538166943084,3126.1738192403745,0.0,-0.015518025937680525,-0.08269833056902605,1.0
16:12:58.149,-24.99999999999999,-25.241535381669422,0.24153538166943084,3126.182960931536,0.0,-0.013655862825158863,-0.07277453090074293,1.0
16:12:58.169,-24.99999999999999,-25.241535381669422,0.24153538166943084,3126.1910056197576,0.0,-0.012017159286139799,-0.06404158719265378,1.0
16:12:58.189,-24.99999999999999,-25.241535381669422,0.24153538166943084,3126.1980849453926,0.0,-0.010575100171803024,-0.05635659672953533,1.0
16:12:58.209,-24.99999999999999,-25.241535381669422,0.24153538166943084,3126.204314751951,0.0,-0.009306088151186661,-0.04959380512199109,1.0
16:12:58.229,-24.99999999999999,-25.241535381669422,0.24153538166943084,3126.2097969817237,0.0,-0.008189357573044261,-0.04364254850735216,1.0
16:12:58.249,-24.99999999999999,-25.241535381669422,0.24153538166943084,3126.2146213439228,0.0,-0.0072066346642789495,-0.03840544268646989,1.0
16:12:58.269,-24.99999999999999,-25.241535381669422,0.24153538166943084,3126.218866782658,0.0,-0.006341838504565476,-0.03379678956409351,1.0
16:12:58.289,-24.99999999999999,-25.241535381669422,0.24153538166943084,3126.2226027687448,0.0,-0.005580817884017619,-0.029741174816402288,1.0
16:12:58.309,-24.99999999999999,-25.241535381669422,0.24153538166943084,3126.2258904365017,0.0,-0.004911119737935505,-0.026172233838434016,1.0
16:12:58.329,-24.99999999999999,-25.241535381669422,0.24153538166943084,3126.2287835841275,0.0,-0.004321785369383244,-0.023031565777821936,1.0
16:12:58.349,-24.99999999999999,-25.241535381669422,0.24153538166943084,3126.231329554038,0.0,-0.003803171125057255,-0.020267777884483303,1.0
16:12:58.369,-24.99999999999999,-25.241535381669422,0.24153538166943084,3126.233570007559,0.0,-0.0033467905900503845,-0.017835644538345307,1.0
16:12:58.389,-24.99999999999999,-25.241535381669422,0.24153538166943084,3126.235541606659,0.0,-0.0029451757192443385,-0.01569536719374387,1.0
16:12:58.409,-24.99999999999999,-25.241535381669422,0.24153538166943084,3126.237276613865,0.0,-0.002591754632935018,-0.013811923130494607,1.0
16:12:58.429,-24.99999999999999,-25.241535381669422,0.24153538166943084,3126.2388034202077,0.0,-0.002280744076982816,-0.012154492354835254,1.0
16:12:58.449,-24.99999999999999,-25.241535381669422,0.24153538166943084,3126.2401470097884,0.0,-0.002007054787744878,-0.010695953272255023,1.0
16:12:58.469,-24.99999999999999,-25.241535381669422,0.24153538166943084,3126.2413293686195,0.0,-0.0017662082132154926,-0.009412438879584421,1.0
16:12:58.489,-24.99999999999999,-25.241535381669422,0.24153538166943084,3126.2423698443918,0.0,-0.0015542632276296334,-0.00828294621403429,1.0
16:12:58.510,-24.99999999999999,-25.241535381669422,0.24153538166943084,3126.2432854630706,0.0,-0.0013677516403140773,-0.007288992668350175,1.0
16:12:58.529,-24.99999999999999,-25.241535381669422,0.24153538166943084,3126.244091207508,0.0,-0.001203621443476388,-0.006414313548148153,1.0
16:12:58.549,-24.99999999999999,-25.241535381669422,0.24153538166943084,3126.2448002626134,0.0,-0.0010591868702592214,-0.005644595922370375,1.0
16:12:58.570,-24.99999999999999,-25.241535381669422,0.24153538166943084,3126.2454242311055,0.0,-0.0009320844458281148,-0.004967244411685929,1.0
16:12:58.589,-24.99999999999999,-25.241535381669422,0.24153538166943084,3126.245973323379,0.0,-0.000820234312328741,-0.004371175082283618,1.0
16:12:58.609,-24.99999999999999,-25.241535381669422,0.24153538166943084,3126.2464565245796,0.0,-0.000721806194849292,-0.003846634072409584,1.0
16:12:58.629,-24.99999999999999,-25.241535381669422,0.24153538166943084,3126.246881741636,0.0,-0.000635189451467377,-0.0033850379837204337,1.0
16:12:58.649,-24.99999999999999,-25.241535381669422,0.24153538166943084,3126.2472559326457,0.0,-0.0005589667172912918,-0.002978833425673982,1.0
16:12:58.669,-24.99999999999999,-25.241535381669422,0.24153538166943084,3126.2475852207344,0.0,-0.0004918907112163368,-0.0026213734145931044,1.0
16:12:58.688,-24.99999999999999,-25.241535381669422,0.24153538166943084,3126.247874994252,0.0,-0.0004328638258703764,-0.002306808604841932,1.0
16:12:58.709,-24.99999999999999,-25.241535381669422,0.24153538166943084,3126.2481299949477,0.0,-0.00038092016676593123,-0.0020299915722608998,1.0
16:12:58.729,-24.99999999999999,-25.241535381669422,0.24153538166943084,3126.24835439556,0.0,-0.0003352097467540195,-0.001786392583589592,1.0
16:12:58.749,-24.99999999999999,-25.241535381669422,0.24153538166943084,3126.2485518680987,0.0,-0.00029498457714353715,-0.001572025473558841,1.0
16:12:58.769,-24.99999999999999,-25.241535381669422,0.24153538166943084,3126.2487256439326,0.0,-0.0002595864278863127,-0.00138338241673178,1.0
16:12:58.790,-24.99999999999999,-25.241535381669422,0.24153538166943084,3126.248878566667,0.0,-0.0002284360565399552,-0.0012173765267239666,1.0
16:12:58.809,-24.99999999999999,-25.241535381669422,0.24153538166943084,3126.249013138673,0.0,-0.00020102372975516056,-0.0010712913435170905,1.0
16:12:58.829,-24.99999999999999,-25.241535381669422,0.24153538166943084,3126.2491315620377,0.0,-0.00017690088218454128,-0.0009427363822950395,1.0
16:12:58.850,-24.99999999999999,-25.241535381669422,0.24153538166943084,3126.2492357746,0.0,-0.00015567277632239632,-0.0008296080164196348,1.0
16:12:58.869,-24.99999999999999,-25.241535381669422,0.24153538166943084,3126.249327481654,0.0,-0.00013699204316370878,-0.0007300550544492787,1.0
16:12:58.889,-24.99999999999999,-25.241535381669422,0.24153538166943084,3126.2494081838618,0.0,-0.00012055299798406372,-0.0006424484479153652,1.0
16:12:58.909,-24.99999999999999,-25.241535381669422,0.24153538166943084,3126.249479201804,0.0,-0.00010608663822597607,-0.0005653546341655213,1.0
16:12:58.929,-24.99999999999999,-25.241535381669422,0.24153538166943084,3126.2495416975935,0.0,-9.335624163885894e-05,-0.0004975120780656587,1.0
16:12:58.949,-24.99999999999999,-25.241535381669422,0.24153538166943084,3126.249596693888,0.0,-8.215349264219586e-05,-0.0004378106286977797,1.0
16:12:58.969,-24.99999999999999,-25.241535381669422,0.24153538166943084,3126.2496450906274,0.0,-7.229507352513236e-05,-0.0003852733532540462,1.0
16:12:58.989,-24.99999999999999,-25.241535381669422,0.24153538166943084,3126.2496876797586,0.0,-6.361966470211648e-05,-0.00033904055086356064,1.0
16:12:59.010,-24.99999999999999,-25.241535381669422,0.24153538166943084,3126.2497251581935,0.0,-5.5985304937862504e-05,-0.00029835568475993337,1.0
16:12:59.029,-24.99999999999999,-25.241535381669422,0.24153538166943084,3126.249758139216,0.0,-4.9267068345319e-05,-0.00026255300258874135,1.0
16:12:59.049,-24.99999999999999,-25.241535381669422,0.24153538166943084,3126.2497871625164,0.0,-4.3355020143880725e-05,-0.00023104664227809242,1.0
16:12:59.070,-24.99999999999999,-25.241535381669422,0.24153538166943084,3126.24981270302,0.0,-3.815241772661504e-05,-0.00020332104520472133,1.0
16:12:59.090,-24.99999999999999,-25.241535381669422,0.24153538166943084,3126.2498351786635,0.0,-3.357412759942124e-05,-0.00017892251978015477,1.0
16:12:59.109,-24.99999999999999,-25.241535381669422,0.24153538166943084,3126.24985495723,0.0,-2.9545232287490687e-05,-0.0001574518174065362,1.0
16:12:59.130,-24.99999999999999,-25.241535381669422,0.24153538166943084,3126.249872362369,0.0,-2.5999804412991804e-05,-0.00013855759931775185,1.0
16:12:59.149,-24.99999999999999,-25.241535381669422,0.24153538166943084,3126.2498876788904,0.0,-2.2879827883432787e-05,-0.00012193068739962162,1.0
16:12:59.169,-24.99999999999999,-25.241535381669422,0.24153538166943084,3126.2499011574296,0.0,-2.0134248537420852e-05,-0.00010729900491166702,1.0
16:12:59.189,-24.99999999999999,-25.241535381669422,0.24153538166943084,3126.2499130185442,0.0,-1.771813871293035e-05,-9.442312432226697e-05,1.0
16:12:59.209,-24.99999999999999,-25.241535381669422,0.24153538166943084,3126.2499234563243,0.0,-1.5591962067378708e-05,-8.309234940359495e-05,1.0
16:12:59.229,-24.99999999999999,-25.241535381669422,0.24153538166943084,3126.249932641572,0.0,-1.3720926619293263e-05,-7.312126747516355e-05,1.0
16:12:59.249,-24.99999999999999,-25.241535381669422,0.24153538166943084,3126.2499407245887,0.0,-1.2074415424978071e-05,-6.434671537814393e-05,1.0
16:12:59.269,-24.99999999999999,-25.241535381669422,0.24153538166943084,3126.2499478376444,0.0,-1.0625485573980703e-05,-5.662510953276666e-05,1.0
16:12:59.289,-24.99999999999999,-25.241535381669422,0.24153538166943084,3126.249954097133,0.0,-9.35042730510302e-06,-4.983009638883466e-05,1.0
16:12:59.309,-24.99999999999999,-25.241535381669422,0.24153538166943084,3126.249959605483,0.0,-8.228376028490656e-06,-4.3850484822174495e-05,1.0
16:12:59.329,-24.99999999999999,-25.241535381669422,0.24153538166943084,3126.2499644528307,0.0,-7.240970905071777e-06,-3.858842664351356e-05,1.0
16:12:59.349,-24.99999999999999,-25.241535381669422,0.24153538166943084,3126.2499687184973,0.0,-6.372054396463164e-06,-3.395781544629193e-05,1.0
16:12:59.369,-24.99999999999999,-25.241535381669422,0.24153538166943084,3126.2499724722834,0.0,-5.607407868887585e-06,-2.98828775927369e-05,1.0
16:12:59.389,-24.99999999999999,-25.241535381669422,0.24153538166943084,3126.2499757756154,0.0,-4.934518924621075e-06,-2.6296932281608473e-05,1.0
16:12:59.409,-24.99999999999999,-25.241535381669422,0.24153538166943084,3126.2499786825474,0.0,-4.3423766536665455e-06,-2.3141300407815456e-05,1.0
16:12:59.429,-24.99999999999999,-25.241535381669422,0.24153538166943084,3126.249981240648,0.0,-3.82129145522656e-06,-2.0364344358877602e-05,1.0
16:12:59.449,-24.99999999999999,-25.241535381669422,0.24153538166943084,3126.249983491776,0.0,-3.362736480599373e-06,-1.792062303581229e-05,1.0
16:12:59.470,-24.99999999999999,-25.241535381669422,0.24153538166943084,3126.249985472769,0.0,-2.959208102927448e-06,-1.5770148271514813e-05,1.0
16:12:59.489,-24.99999999999999,-25.241535381669422,0.24153538166943084,3126.249987216043,0.0,-2.6041031305761542e-06,-1.3877730478933036e-05,1.0
16:12:59.509,-24.99999999999999,-25.241535381669422,0.24153538166943084,3126.2499887501235,0.0,-2.2916107549070156e-06,-1.221240282146107e-05,1.0
16:12:59.529,-24.99999999999999,-25.241535381669422,0.24153538166943084,3126.249990100115,0.0,-2.0166174643181737e-06,-1.0746914482885742e-05,1.0
16:12:59.549,-24.99999999999999,-25.241535381669422,0.24153538166943084,3126.249991288107,0.0,-1.7746233685999928e-06,-9.457284744939452e-06,1.0
16:12:59.569,-24.99999999999999,-25.241535381669422,0.24153538166943084,3126.2499923335404,0.0,-1.5616685643679936e-06,-8.322410575546718e-06,1.0
16:12:59.589,-24.99999999999999,-25.241535381669422,0.24153538166943084,3126.2499932535216,0.0,-1.3742683366438344e-06,-7.323721306481112e-06,1.0
16:12:59.609,-24.99999999999999,-25.241535381669422,0.24153538166943084,3126.249994063105,0.0,-1.2093561362465744e-06,-6.444874749703379e-06,1.0
16:12:59.629,-24.99999999999999,-25.241535381669422,0.24153538166943084,3126.249994775538,0.0,-1.0642333998969855e-06,-5.671489779738974e-06,1.0
16:12:59.649,-24.99999999999999,-25.241535381669422,0.24153538166943084,3126.24999540248,0.0,-9.365253919093472e-07,-4.990911006170297e-06,1.0
16:12:59.669,-24.99999999999999,-25.241535381669422,0.24153538166943084,3126.2499959541883,0.0,-8.241423448802256e-07,-4.392001685429861e-06,1.0
16:12:59.689,-24.99999999999999,-25.241535381669422,0.24153538166943084,3126.2499964396916,0.0,-7.252452634945986e-07,-3.864961483178278e-06,1.0
16:12:59.709,-24.99999999999999,-25.241535381669422,0.24153538166943084,3126.249996866935,0.0,-6.382158318752467e-07,-3.4011661051968847e-06,1.0
16:12:59.729,-24.99999999999999,-25.241535381669422,0.24153538166943084,3126.2499972429086,0.0,-5.616299320502171e-07,-2.9930261725732584e-06,1.0
16:12:59.749,-24.99999999999999,-25.241535381669422,0.24153538166943084,3126.2499975737655,0.0,-4.942343402041911e-07,-2.6338630318644676e-06,1.0
16:12:59.769,-24.99999999999999,-25.241535381669422,0.24153538166943084,3126.24999786492,0.0,-4.3492621937968817e-07,-2.3177994680407315e-06,1.0
16:12:59.789,-24.99999999999999,-25.241535381669422,0.24153538166943084,3126.249998121135,0.0,-3.827350730541256e-07,-2.039663531875844e-06,1.0
16:12:59.809,-24.99999999999999,-25.241535381669422,0.24153538166943084,3126.2499983466055,0.0,-3.3680686428763054e-07,-1.7949039080507427e-06,1.0
16:12:59.829,-24.99999999999999,-25.241535381669422,0.24153538166943084,3126.2499985450186,0.0,-2.963900405731149e-07,-1.5795154390846536e-06,1.0
16:12:59.849,-24.99999999999999,-25.241535381669422,0.24153538166943084,3126.2499987196225,0.0,-2.608232357043411e-07,-1.3899735863944951e-06,1.0
16:12:59.869,-24.99999999999999,-25.241535381669422,0.24153538166943084,3126.2499988732734,0.0,-2.2952444741982017e-07,-1.2231767560271558e-06,1.0
16:12:59.890,-24.99999999999999,-25.241535381669422,0.24153538166943084,3126.2499990084866,0.0,-2.0198151372944174e-07,-1.076395545303897e-06,1.0
16:12:59.909,-24.99999999999999,-25.241535381669422,0.24153538166943084,3126.249999127474,0.0,-1.7774373208190874e-07,-9.472280798674294e-07,1.0
16:12:59.929,-24.99999999999999,-25.241535381669422,0.24153538166943084,3126.2499992321837,0.0,-1.564144842320797e-07,-8.33560710283338e-07,1.0
16:12:59.949,-24.99999999999999,-25.241535381669422,0.24153538166943084,3126.2499993243277,0.0,-1.3764474612423013e-07,-7.335334250493374e-07,1.0
16:12:59.970,-24.99999999999999,-25.241535381669422,0.24153538166943084,3126.249999405414,0.0,-1.2112737658932252e-07,-6.45509414043417e-07,1.0
16:12:59.989,-24.99999999999999,-25.241535381669422,0.24153538166943084,3126.249999476771,0.0,-1.0659209139860382e-07,-5.68048284358207e-07,1.0
16:13:00.010,-25.999999999999993,-25.241535381669422,-0.758464618330572,-6392.700000460454,0.0,-9.380104043077137e-08,-4.998824902352221e-07,1.0
16:13:00.029,-25.999999999999993,-25.241535381669422,-0.758464618330572,-6392.700000405195,0.0,-8.254491557907881e-08,-4.398965914069955e-07,1.0
16:13:00.050,-25.999999999999993,-25.241535381669422,-0.758464618330572,-6392.700000356568,0.0,-7.263952570958935e-08,-3.87109000438156e-07,1.0
16:13:00.069,-25.999999999999993,-25.241535381669422,-0.758464618330572,-6392.700000313776,0.0,-6.392278262443863e-08,-3.4065592038557734e-07,1.0
16:13:00.089,-25.999999999999993,-25.241535381669422,-0.758464618330572,-6392.70000027612,0.0,-5.625204870950599e-08,-2.99777209939308e-07,1.0
16:13:00.109,-25.999999999999993,-25.241535381669422,-0.758464618330572,-6392.700000242981,0.0,-4.950180286436527e-08,-2.6380394474659107e-07,1.0
16:13:00.129,-25.999999999999993,-25.241535381669422,-0.758464618330572,-6392.700000213819,0.0,-4.356158652064144e-08,-2.321474713770001e-07,1.0
16:13:00.149,-25.999999999999993,-25.241535381669422,-0.758464618330572,-6392.700000188157,0.0,-3.833419613816447e-08,-2.0428977481176013e-07,1.0
16:13:00.169,-25.999999999999993,-25.241535381669422,-0.758464618330572,-6392.700000165575,0.0,-3.3734092601584735e-08,-1.7977500183434893e-07,1.0
16:13:00.189,-25.999999999999993,-25.241535381669422,-0.758464618330572,-6392.700000145702,0.0,-2.9686001489394566e-08,-1.5820200161422706e-07,1.0
16:13:00.209,-25.999999999999993,-25.241535381669422,-0.758464618330572,-6392.700000128214,0.0,-2.6123681310667217e-08,-1.392177614205198e-07,1.0
16:13:00.229,-25.999999999999993,-25.241535381669422,-0.758464618330572,-6392.7000001128245,0.0,-2.298883955338715e-08,-1.2251163005005744e-07,1.0
16:13:00.249,-25.999999999999993,-25.241535381669422,-0.758464618330572,-6392.700000099282,0.0,-2.0230178806980694e-08,-1.0781023444405054e-07,1.0
16:13:00.269,-25.999999999999993,-25.241535381669422,-0.758464618330572,-6392.700000087364,0.0,-1.780255735014301e-08,-9.487300631076448e-08,1.0
16:13:00.289,-25.999999999999993,-25.241535381669422,-0.758464618330572,-6392.700000076876,0.0,-1.566625046812585e-08,-8.348824555347274e-08,1.0
16:13:00.309,-25.999999999999993,-25.241535381669422,-0.758464618330572,-6392.700000067648,0.0,-1.3786300411950748e-08,-7.346965608705601e-08,1.0
16:13:00.329,-25.999999999999993,-25.241535381669422,-0.758464618330572,-6392.700000059526,0.0,-1.2131944362516659e-08,-6.46532973566093e-08,1.0
16:13:00.349,-25.999999999999993,-25.241535381669422,-0.758464618330572,-6392.700000052379,0.0,-1.067611103901466e-08,-5.689490167381618e-08,1.0
16:13:00.369,-25.999999999999993,-25.241535381669422,-0.758464618330572,-6392.700000046089,0.0,-9.394977714332901e-09,-5.006751347295824e-08,1.0
16:13:00.390,-25.999999999999993,-25.241535381669422,-0.758464618330572,-6392.700000040555,0.0,-8.267580388612953e-09,-4.405941185620325e-08,1.0
16:13:00.409,-25.999999999999993,-25.241535381669422,-0.758464618330572,-6392.700000035685,0.0,-7.275470741979398e-09,-3.8772282433458856e-08,1.0
16:13:00.429,-25.999999999999993,-25.241535381669422,-0.758464618330572,-6392.700000031398,0.0,-6.40241425294187e-09,-3.411960854144379e-08,1.0
16:13:00.449,-25.999999999999993,-25.241535381669422,-0.758464618330572,-6392.700000027627,0.0,-5.634124542588846e-09,-3.0025255516470535e-08,1.0
16:13:00.469,-25.999999999999993,-25.241535381669422,-0.758464618330572,-6392.700000024308,0.0,-4.958029597478184e-09,-2.6422224854494075e-08,1.0
16:13:00.489,-25.999999999999993,-25.241535381669422,-0.758464618330572,-6392.700000021387,0.0,-4.363066045780803e-09,-2.3251557871954787e-08,1.0
16:13:00.509,-25.999999999999993,-25.241535381669422,-0.758464618330572,-6392.700000018817,0.0,-3.839498120287106e-09,-2.0461370927320212e-08,1.0
16:13:00.529,-25.999999999999993,-25.241535381669422,-0.758464618330572,-6392.700000016555,0.0,-3.3787583458526536e-09,-1.8006006416041786e-08,1.0
16:13:00.549,-25.999999999999993,-25.241535381669422,-0.758464618330572,-6392.7000000145645,0.0,-2.9733073443503352e-09,-1.5845285646116774e-08,1.0
16:13:00.569,-25.999999999999993,-25.241535381669422,-0.758464618330572,-6392.700000012813,0.0,-2.616510463028295e-09,-1.394385136858276e-08,1.0
16:13:00.590,-25.999999999999993,-25.241535381669422,-0.758464618330572,-6392.700000011272,0.0,-2.3025292074648998e-09,-1.227058920435283e-08,1.0
16:13:00.609,-25.999999999999993,-25.241535381669422,-0.758464618330572,-6392.700000009915,0.0,-2.026225702569112e-09,-1.079811849983049e-08,1.0
16:13:00.629,-25.999999999999993,-25.241535381669422,-0.758464618330572,-6392.700000008722,0.0,-1.7830786182608185e-09,-9.502344279850832e-09,1.0
16:13:00.649,-25.999999999999993,-25.241535381669422,-0.758464618330572,-6392.7000000076705,0.0,-1.5691091840695202e-09,-8.362062966268732e-09,1.0
16:13:00.669,-25.999999999999993,-25.241535381669422,-0.758464618330572,-6392.700000006746,0.0,-1.3808160819811777e-09,-7.358615410316484e-09,1.0
16:13:00.689,-25.999999999999993,-25.241535381669422,-0.758464618330572,-6392.700000005933,0.0,-1.2151181521434364e-09,-6.475581561078505e-09,1.0
16:13:00.709,-25.999999999999993,-25.241535381669422,-0.758464618330572,-6392.700000005218,0.0,-1.069303973886224e-09,-5.698511773749085e-09,1.0
16:13:00.729,-25.999999999999993,-25.241535381669422,-0.758464618330572,-6392.700000004587,0.0,-9.409874970198772e-10,-5.014690360899195e-09,1.0
16:13:00.749,-25.999999999999993,-25.241535381669422,-0.758464618330572,-6392.700000004033,0.0,-8.280689973774919e-10,-4.4129275175912915e-09,1.0
16:13:00.769,-25.999999999999993,-25.241535381669422,-0.758464618330572,-6392.700000003545,0.0,-7.287007176921928e-10,-3.883376215480337e-09,1.0
16:13:00.790,-25.999999999999993,-25.241535381669422,-0.758464618330572,-6392.700000003116,0.0,-6.412566315691297e-10,-3.417371069622696e-09,1.0
16:13:00.809,-25.999999999999993,-25.241535381669422,-0.758464618330572,-6392.700000002738,0.0,-5.643058357808341e-10,-3.0072865412679725e-09,1.0
16:13:00.829,-25.999999999999993,-25.241535381669422,-0.758464618330572,-6392.700000002406,0.0,-4.96589135487134e-10,-2.6464121563158156e-09,1.0
16:13:00.849,-25.999999999999993,-25.241535381669422,-0.758464618330572,-6392.7000000021135,0.0,-4.3699843922867793e-10,-2.328842697557918e-09,1.0
16:13:00.869,-25.999999999999993,-25.241535381669422,-0.758464618330572,-6392.700000001855,0.0,-3.845586265212366e-10,-2.049381573850968e-09,1.0
16:13:00.889,-25.999999999999993,-25.241535381669422,-0.758464618330572,-6392.70000000163,0.0,-3.384115913386882e-10,-1.8034557849888515e-09,1.0
16:13:00.910,-25.999999999999993,-25.241535381669422,-0.758464618330572,-6392.7000000014295,0.0,-2.978022003780456e-10,-1.5870410907901893e-09,1.0
16:13:00.929,-25.999999999999993,-25.241535381669422,-0.758464618330572,-6392.700000001255,0.0,-2.6206593633268014e-10,-1.3965961598953666e-09,1.0
16:13:00.950,-25.999999999999993,-25.241535381669422,-0.758464618330572,-6392.7000000011,0.0,-2.306180239727585e-10,-1.2290046207079226e-09,1.0
16:13:00.969,-25.999999999999993,-25.241535381669422,-0.758464618330572,-6392.700000000964,0.0,-2.029438610960275e-10,-1.0815240662229719e-09,1.0
16:13:00.989,-25.999999999999993,-25.241535381669422,-0.758464618330572,-6392.700000000845,0.0,-1.785905977645042e-10,-9.517411782762153e-10,1.0
16:13:01.009,-25.999999999999993,-25.241535381669422,-0.758464618330572,-6392.700000000739,0.0,-1.571597260327637e-10,-8.375322368830696e-10,1.0
16:13:01.029,-25.999999999999993,-25.241535381669422,-0.758464618330572,-6392.7000000006465,0.0,-1.3830055890883205e-10,-7.370283684571011e-10,1.0
16:13:01.049,-25.999999999999993,-25.241535381669422,-0.758464618330572,-6392.7000000005655,0.0,-1.217044918397722e-10,-6.48584964242249e-10,1.0
16:13:01.069,-25.999999999999993,-25.241535381669422,-0.758464618330572,-6392.700000000495,0.0,-1.0709995281899955e-10,-5.707547685331791e-10,1.0
16:13:01.089,-25.999999999999993,-25.241535381669422,-0.758464618330572,-6392.70000000043,0.0,-9.42479584807196e-11,-5.022641963091976e-10,1.0
16:13:01.109,-25.999999999999993,-25.241535381669422,-0.758464618330572,-6392.700000000375,0.0,-8.293820346303325e-11,-4.419924927520939e-10,1.0
16:13:01.129,-25.999999999999993,-25.241535381669422,-0.758464618330572,-6392.700000000326,0.0,-7.298561904746925e-11,-3.889533936218426e-10,1.0
16:13:01.149,-25.999999999999993,-25.241535381669422,-0.758464618330572,-6392.700000000283,0.0,-6.422734476177295e-11,-3.4227898638722155e-10,1.0
16:13:01.169,-25.999999999999993,-25.241535381669422,-0.758464618330572,-6392.700000000245,0.0,-5.652006339036019e-11,-3.0120550802075495e-10,1.0
16:13:01.189,-25.999999999999993,-25.241535381669422,-0.758464618330572,-6392.700000000212,0.0,-4.973765578351697e-11,-2.6506084705826437e-10,1.0
16:13:01.209,-25.999999999999993,-25.241535381669422,-0.758464618330572,-6392.700000000183,0.0,-4.376913708949493e-11,-2.332535454112726e-10,1.0
16:13:01.229,-25.999999999999993,-25.241535381669422,-0.758464618330572,-6392.700000000157,0.0,-3.851684063875554e-11,-2.0526311996191993e-10,1.0
16:13:01.249,-25.999999999999993,-25.241535381669422,-0.758464618330572,-6392.700000000134,0.0,-3.389481976210488e-11,-1.8063154556648956e-10,1.0
16:13:01.269,-25.999999999999993,-25.241535381669422,-0.758464618330572,-6392.700000000114,0.0,-2.9827441390652295e-11,-1.589557600985108e-10,1.0
16:13:01.289,-25.999999999999993,-25.241535381669422,-0.758464618330572,-6392.700000000097,0.0,-2.624814842377402e-11,-1.3988106888668952e-10,1.0
16:13:01.309,-25.999999999999993,-25.241535381669422,-0.758464618330572,-6392.700000000081,0.0,-2.309837061292114e-11,-1.2309534062028678e-10,1.0
16:13:01.328,-25.999999999999993,-25.241535381669422,-0.758464618330572,-6392.700000000068,0.0,-2.0326566139370602e-11,-1.0832389974585236e-10,1.0
16:13:01.349,-25.999999999999993,-25.241535381669422,-0.758464618330572,-6392.700000000056,0.0,-1.788737820264613e-11,-9.532503177635007e-11,1.0
16:13:01.369,-25.999999999999993,-25.241535381669422,-0.758464618330572,-6392.700000000045,0.0,-1.5740892818328594e-11,-8.388602796318807e-11,1.0
16:13:01.389,-25.999999999999993,-25.241535381669422,-0.758464618330572,-6392.700000000036,0.0,-1.3851985680129162e-11,-7.38197046076055e-11,1.0
16:13:01.409,-25.999999999999993,-25.241535381669422,-0.758464618330572,-6392.700000000027,0.0,-1.2189747398513663e-11,-6.496134005469283e-11,1.0
16:13:01.429,-25.999999999999993,-25.241535381669422,-0.758464618330572,-6392.700000000021,0.0,-1.0726977710692023e-11,-5.71659792481297e-11,1.0
16:13:01.449,-25.999999999999993,-25.241535381669422,-0.758464618330572,-6392.700000000014,0.0,-9.43974038540898e-12,-5.030606173835413e-11,1.0
16:13:01.470,-25.999999999999993,-25.241535381669422,-0.758464618330572,-6392.700000000009,0.0,-8.306971539159903e-12,-4.426933432975164e-11,1.0
16:13:01.489,-25.999999999999993,-25.241535381669422,-0.758464618330572,-6392.700000000004,0.0,-7.310134954460714e-12,-3.895701421018144e-11,1.0
16:13:01.509,-25.999999999999993,-25.241535381669422,-0.758464618330572,-6392.7,0.0,-6.432918759925429e-12,-3.4282172504959666e-11,1.0
16:13:01.529,-25.999999999999993,-25.241535381669422,-0.758464618330572,-6392.699999999995,0.0,-5.660968508734378e-12,-3.016831180436451e-11,1.0
16:13:01.550,-25.999999999999993,-25.241535381669422,-0.758464618330572,-6392.6999999999925,0.0,-4.9816522876862525e-12,-2.654811438784077e-11,1.0
16:13:01.569,-25.999999999999993,-25.241535381669422,-0.758464618330572,-6392.69999999999,0.0,-4.383854013163902e-12,-2.3362340661299878e-11,1.0
16:13:01.590,-25.999999999999993,-25.241535381669422,-0.758464618330572,-6392.699999999987,0.0,-3.857791531584234e-12,-2.0558859781943893e-11,1.0
16:13:01.609,-25.999999999999993,-25.241535381669422,-0.758464618330572,-6392.699999999984,0.0,-3.3948565477941258e-12,-1.8091796608110624e-11,1.0
16:13:01.630,-25.999999999999993,-25.241535381669422,-0.758464618330572,-6392.699999999983,0.0,-2.9874737620588306e-12,-1.5920781015137347e-11,1.0
16:13:01.649,-25.999999999999993,-25.241535381669422,-0.758464618330572,-6392.699999999981,0.0,-2.628976910611771e-12,-1.4010287293320867e-11,1.0
16:13:01.669,-25.999999999999993,-25.241535381669422,-0.758464618330572,-6392.69999999998,0.0,-2.3134996813383587e-12,-1.2329052818122364e-11,1.0
16:13:01.689,-25.999999999999993,-25.241535381669422,-0.758464618330572,-6392.699999999978,0.0,-2.035879719577756e-12,-1.0849566479947682e-11,1.0
16:13:01.709,-25.999999999999993,-25.241535381669422,-0.758464618330572,-6392.699999999976,0.0,-1.7915741532284251e-12,-9.54761850235396e-12,1.0
16:13:01.729,-25.999999999999993,-25.241535381669422,-0.758464618330572,-6392.699999999975,0.0,-1.576585254841014e-12,-8.401904282071484e-12,1.0
16:13:01.750,-25.999999999999993,-25.241535381669422,-0.758464618330572,-6392.699999999974,0.0,-1.3873950242600925e-12,-7.393675768222907e-12,1.0
16:13:01.770,-25.999999999999993,-25.241535381669422,-0.758464618330572,-6392.699999999973,0.0,-1.2209076213488815e-12,-6.506434676036158e-12,1.0
16:13:01.789,-25.999999999999993,-25.241535381669422,-0.758464618330572,-6392.699999999973,0.0,-1.0743987067870157e-12,-5.7256625149118195e-12,1.0
16:13:01.810,-25.999999999999993,-25.241535381669422,-0.758464618330572,-6392.699999999973,0.0,-9.45470861972574e-13,-5.038583013122402e-12,1.0
16:13:01.829,-25.999999999999993,-25.241535381669422,-0.758464618330572,-6392.6999999999725,0.0,-8.320143585358651e-13,-4.433953051547713e-12,1.0
16:13:01.849,-25.999999999999993,-25.241535381669422,-0.758464618330572,-6392.699999999972,0.0,-7.321726355115612e-13,-3.901878685361988e-12,1.0
16:13:01.870,-25.999999999999993,-25.241535381669422,-0.758464618330572,-6392.699999999972,0.0,-6.443119192501739e-13,-3.433653243118549e-12,1.0
16:13:01.889,-25.999999999999993,-25.241535381669422,-0.758464618330572,-6392.699999999971,0.0,-5.66994488940153e-13,-3.021614853944323e-12,1.0
16:13:01.909,-25.999999999999993,-25.241535381669422,-0.758464618330572,-6392.699999999971,0.0,-4.989551502673347e-13,-2.6590210714710047e-12,1.0
16:13:01.930,-25.999999999999993,-25.241535381669422,-0.758464618330572,-6392.699999999971,0.0,-4.3908053223525454e-13,-2.3399385428944844e-12,1.0
16:13:01.949,-25.999999999999993,-25.241535381669422,-0.758464618330572,-6392.69999999997,0.0,-3.86390868367024e-13,-2.059145917747146e-12,1.0
16:13:01.969,-25.999999999999993,-25.241535381669422,-0.758464618330572,-6392.69999999997,0.0,-3.400239641629811e-13,-1.8120484076174885e-12,1.0
16:13:01.990,-25.999999999999993,-25.241535381669422,-0.758464618330572,-6392.69999999997,0.0,-2.9922108846342336e-13,-1.59460259870339e-12,1.0
16:13:02.009,-25.999999999999993,-25.241535381669422,-0.758464618330572,-6392.69999999997,0.0,-2.6331455784781257e-13,-1.4032502868589832e-12,1.0
16:13:02.030,-25.999999999999993,-25.241535381669422,-0.758464618330572,-6392.699999999969,0.0,-2.3171681090607504e-13,-1.2348602524359051e-12,1.0
16:13:02.050,-25.999999999999993,-25.241535381669422,-0.758464618330572,-6392.699999999969,0.0,-2.0391079359734604e-13,-1.0866770221435964e-12,1.0
16:13:02.069,-25.999999999999993,-25.241535381669422,-0.758464618330572,-6392.699999999969,0.0,-1.794414983656645e-13,-9.56275779486365e-13,1.0
16:13:02.090,-25.999999999999993,-25.241535381669422,-0.758464618330572,-6392.699999999969,0.0,-1.5790851856178476e-13,-8.41522685948001e-13,1.0
16:13:02.110,-25.999999999999993,-25.241535381669422,-0.758464618330572,-6392.699999999969,0.0,-1.3895949633437058e-13,-7.405399636342409e-13,1.0
16:13:02.129,-25.999999999999993,-25.241535381669422,-0.758464618330572,-6392.699999999969,0.0,-1.222843567742461e-13,-6.516751679981319e-13,1.0
16:13:02.150,-25.999999999999993,-25.241535381669422,-0.758464618330572,-6392.699999999969,0.0,-1.0761023396133658e-13,-5.734741478383562e-13,1.0
16:13:02.170,-25.999999999999993,-25.241535381669422,-0.758464618330572,-6392.699999999969,0.0,-9.469700588597619e-14,-5.046572500977534e-13,1.0
16:13:02.190,-25.999999999999993,-25.241535381669422,-0.758464618330572,-6392.699999999968,0.0,-8.333336517965905e-14,-4.44098380086023e-13,1.0
16:13:02.209,-25.999999999999993,-25.241535381669422,-0.758464618330572,-6392.699999999968,0.0,-7.333336135809996e-14,-3.9080657447570024e-13,1.0
16:13:02.229,-25.999999999999993,-25.241535381669422,-0.758464618330572,-6392.699999999968,0.0,-6.453335799512796e-14,-3.439097855386162e-13,1.0
16:13:02.249,-25.999999999999993,-25.241535381669422,-0.758464618330572,-6392.699999999968,0.0,-5.678935503571261e-14,-3.026406112739823e-13,1.0
16:13:02.270,-25.999999999999993,-25.241535381669422,-0.758464618330572,-6392.699999999968,0.0,-4.9974632431427095e-14,-2.6632373792110436e-13,1.0
16:13:02.290,-25.999999999999993,-25.241535381669422,-0.758464618330572,-6392.699999999968,0.0,-4.3977676539655846e-14,-2.343648893705719e-13,1.0
16:13:02.309,-25.999999999999993,-25.241535381669422,-0.758464618330572,-6392.699999999968,0.0,-3.8700355354897144e-14,-2.0624110264610324e-13,1.0
16:13:02.329,-25.999999999999993,-25.241535381669422,-0.758464618330572,-6392.699999999968,0.0,-3.4056312712309487e-14,-1.8149217032857086e-13,1.0
16:13:02.349,-25.999999999999993,-25.241535381669422,-0.758464618330572,-6392.699999999968,0.0,-2.996955518683235e-14,-1.5971310988914234e-13,1.0
16:13:02.370,-25.999999999999993,-25.241535381669422,-0.758464618330572,-6392.699999999968,0.0,-2.6373208564412467e-14,-1.4054753670244528e-13,1.0
16:13:02.390,-25.999999999999993,-25.241535381669422,-0.758464618330572,-6392.699999999968,0.0,-2.3208423536682972e-14,-1.2368183229815184e-13,1.0
16:13:02.409,-25.999999999999993,-25.241535381669422,-0.758464618330572,-6392.699999999968,0.0,-2.0423412712281016e-14,-1.0884001242237363e-13,1.0
16:13:02.429,-25.999999999999993,-25.241535381669422,-0.758464618330572,-6392.699999999968,0.0,-1.7972603186807295e-14,-9.577921093168879e-14,1.0
16:13:02.449,-25.999999999999993,-25.241535381669422,-0.758464618330572,-6392.699999999968,0.0,-1.581589080439042e-14,-8.428570561988614e-14,1.0
16:13:02.470,-2.9999999999999987,-25.241535381669422,22.241535381669422,9500.0,0.0,-1.3917983907863568e-14,-7.41714209454998e-14,1.0
16:13:02.489,-2.9999999999999987,-25.241535381669422,22.241535381669422,9500.0,0.0,-1.224782583891994e-14,-6.527085043203983e-14,1.0
16:13:02.509,-2.9999999999999987,-24.197058055531375,21.19705805553138,9500.0,15.0,1.799999999999989,9.592521344019328,1.0
16:13:02.529,-2.9999999999999987,-23.761859169640523,20.761859169640527,9500.0,1.0,1.7039999999999904,9.080920205671635,1.0
16:13:02.549,-2.9999999999999987,-23.674819392462354,20.674819392462354,9500.0,0.0,1.4995199999999915,7.9912097809910385,1.0
16:13:02.569,-2.9999999999999987,-22.282182957611628,19.282182957611628,9500.0,26.0,4.439577599999993,23.659301603572384,1.0
16:13:02.590,-2.9999999999999987,-19.758029419444686,16.758029419444686,9500.0,27.0,7.146828287999993,38.086723830378595,1.0
16:13:02.609,-2.9999999999999987,-17.494995212812253,14.494995212812256,9500.0,15.0,8.089208893439993,43.108838314752546,1.0
16:13:02.629,-2.9999999999999987,-15.754199669248846,12.754199669248846,9500.0,12.0,8.558503826227193,45.60979479219775,1.0
16:13:02.649,-2.9999999999999987,-14.448603011576289,11.44860301157629,9500.0,10.0,8.73148336707993,46.53163364648027,1.0
16:13:02.669,-2.9999999999999987,-12.881887022369222,9.881887022369224,9500.0,14.0,9.363705363030338,49.9008575299874,1.0
16:13:02.689,-2.9999999999999987,-11.228131255983984,8.228131255983985,9500.0,16.0,10.160060719466697,54.14477739334293,1.0
16:13:02.709,-2.9999999999999987,-9.574375489598745,6.574375489598747,9500.0,13.0,10.500853433130695,55.960922604291916,1.0
16:13:02.729,-2.9999999999999987,-8.094699277569848,5.09469927756985,9500.0,11.0,10.560751021155012,56.28012754405777,1.0
16:13:02.749,-2.9999999999999987,-6.615023065540952,3.6150230655409534,9500.0,11.0,10.613460898616411,56.56102789105173,1.0
16:13:02.769,-2.9999999999999987,-5.048307076333884,2.0483070763338858,9500.0,12.0,10.779845590782442,57.447721619341024,1.0
16:13:02.789,-2.9999999999999987,-3.394551309948646,0.39455130994864784,4149.14538686163,16.0,11.406264119888549,60.78601779197412,1.0
16:13:02.809,-2.9999999999999987,-2.4371137609887716,-0.5628862390112267,-5109.930465253503,-4.0,9.557512425501923,50.93368996519872,1.0
16:13:02.829,-2.9999999999999987,-2.4371137609887716,-0.5628862390112267,-5115.560809423082,0.0,8.410610934441692,44.82164716937488,1.0
16:13:02.849,-2.9999999999999987,-2.6111933153451123,-0.38880668465488594,-4022.282816561115,-3.0,7.0413376223086885,37.524545240246006,1.0
16:13:02.869,-2.9999999999999987,-3.2204717555923055,0.22047175559230703,3018.267208619808,-9.0,5.116377107631646,27.266087005004856,1.0
16:13:02.890,-2.9999999999999987,-3.742710418661328,0.7427104186613295,6315.253143585432,0.0,4.502411854715849,23.994156564404275,1.0
16:13:02.909,-2.9999999999999987,-3.8297501958394986,0.8297501958394999,6862.600766355181,0.0,3.962122432149947,21.114857776675763,1.0
16:13:02.929,-2.9999999999999987,-3.394551309948646,0.39455130994864784,4114.390384353103,7.0,4.326667740291954,23.057584804017054,1.0
16:13:02.949,-2.9999999999999987,-2.959352424057794,-0.04064757594220424,0.0,0.0,3.8074676114569193,20.290674627535008,1.0
16:13:02.969,-2.9999999999999987,-2.8723126468796236,-0.12768735312037466,0.0,1.0,3.470571498082089,18.49529509516543,1.0
16:13:02.989,-2.9999999999999987,-2.8723126468796236,-0.12768735312037466,0.0,0.0,3.054102918312238,16.27585968374558,1.0
16:13:03.009,-2.9999999999999987,-2.8723126468796236,-0.12768735312037466,0.0,0.0,2.6876105681147697,14.32275652169611,1.0
16:13:03.029,-2.9999999999999987,-2.8723126468796236,-0.12768735312037466,0.0,0.0,2.3650972999409974,12.604025739092577,1.0
16:13:03.049,-2.9999999999999987,-2.8723126468796236,-0.12768735312037466,0.0,0.0,2.081285623948078,11.09154265040147,1.0
16:13:03.069,-2.9999999999999987,-2.8723126468796236,-0.12768735312037466,0.0,0.0,1.8315313490743086,9.760557532353292,1.0
16:13:03.089,-2.9999999999999987,-2.8723126468796236,-0.12768735312037466,0.0,0.0,1.6117475871853915,8.589290628470897,1.0
16:13:03.109,-2.9999999999999987,-2.8723126468796236,-0.12768735312037466,0.0,0.0,1.4183378767231445,7.55857575305439,1.0
16:13:03.129,-2.9999999999999987,-2.8723126468796236,-0.12768735312037466,0.0,0.0,1.248137331516367,6.6515466626878625,1.0
16:13:03.149,-2.9999999999999987,-2.8723126468796236,-0.12768735312037466,0.0,0.0,1.098360851734403,5.853361063165319,1.0
16:13:03.169,-2.9999999999999987,-2.8723126468796236,-0.12768735312037466,0.0,0.0,0.9665575495262747,5.150957735585481,1.0
16:13:03.189,-2.9999999999999987,-2.8723126468796236,-0.12768735312037466,0.0,0.0,0.8505706435831217,4.532842807315223,1.0
16:13:03.209,-2.9999999999999987,-2.8723126468796236,-0.12768735312037466,0.0,0.0,0.7485021663531471,3.9889016704373965,1.0
16:13:03.229,-2.9999999999999987,-2.8723126468796236,-0.12768735312037466,0.0,0.0,0.6586819063907695,3.510233469984909,1.0
16:13:03.249,-2.9999999999999987,-2.8723126468796236,-0.12768735312037466,0.0,0.0,0.5796400776238771,3.08900545358672,1.0
16:13:03.269,-2.9999999999999987,-2.8723126468796236,-0.12768735312037466,0.0,0.0,0.5100832683090119,2.718324799156313,1.0
16:13:03.289,-2.9999999999999987,-2.8723126468796236,-0.12768735312037466,0.0,0.0,0.44887327611193045,2.392125823257556,1.0
16:13:03.309,-2.9999999999999987,-2.8723126468796236,-0.12768735312037466,0.0,0.0,0.3950084829784988,2.105070724466649,1.0
16:13:03.329,-2.9999999999999987,-2.8723126468796236,-0.12768735312037466,0.0,0.0,0.3476074650210789,1.8524622375306512,1.0
16:13:03.350,-2.9999999999999987,-2.8723126468796236,-0.12768735312037466,0.0,0.0,0.30589456921854946,1.630166769026973,1.0
16:13:03.369,-2.9999999999999987,-2.8723126468796236,-0.12768735312037466,0.0,0.0,0.26918722091232355,1.4345467567437364,1.0
16:13:03.389,-2.9999999999999987,-2.8723126468796236,-0.12768735312037466,0.0,0.0,0.23688475440284473,1.2624011459344882,1.0
16:13:03.409,-2.9999999999999987,-2.8723126468796236,-0.12768735312037466,0.0,0.0,0.20845858387450336,1.1109130084223495,1.0
16:13:03.429,-2.9999999999999987,-2.8723126468796236,-0.12768735312037466,0.0,0.0,0.18344355380956295,0.9776034474116675,1.0
16:13:03.449,-2.9999999999999987,-2.8723126468796236,-0.12768735312037466,0.0,0.0,0.1614303273524154,0.8602910337222673,1.0
16:13:03.469,-2.9999999999999987,-2.8723126468796236,-0.12768735312037466,0.0,0.0,0.14205868807012553,0.7570561096755952,1.0
16:13:03.490,-2.9999999999999987,-2.8723126468796236,-0.12768735312037466,0.0,0.0,0.12501164550171048,0.6662093765145239,1.0
16:13:03.509,-2.9999999999999987,-2.8723126468796236,-0.12768735312037466,0.0,0.0,0.11001024804150522,0.586264251332781,1.0
16:13:03.529,-2.9999999999999987,-2.8723126468796236,-0.12768735312037466,0.0,0.0,0.09680901827652459,0.5159125411728472,1.0
16:13:03.549,-2.9999999999999987,-2.8723126468796236,-0.12768735312037466,0.0,0.0,0.08519193608334164,0.4540030362321056,1.0
16:13:03.569,-2.9999999999999987,-2.8723126468796236,-0.12768735312037466,0.0,0.0,0.07496890375334064,0.39952267188425294,1.0
16:13:03.589,-2.9999999999999987,-2.8723126468796236,-0.12768735312037466,0.0,0.0,0.06597263530293977,0.3515799512581426,1.0
16:13:03.609,-2.9999999999999987,-2.8723126468796236,-0.12768735312037466,0.0,0.0,0.058055919066587,0.3093903571071655,1.0
16:13:03.629,-2.9999999999999987,-2.8723126468796236,-0.12768735312037466,0.0,0.0,0.05108920877859656,0.2722635142543056,1.0
16:13:03.649,-2.9999999999999987,-2.8723126468796236,-0.12768735312037466,0.0,0.0,0.044958503725164974,0.23959189254378896,1.0
16:13:03.670,-2.9999999999999987,-2.8723126468796236,-0.12768735312037466,0.0,0.0,0.03956348327814518,0.21084086543853428,1.0
16:13:03.689,-2.9999999999999987,-2.8723126468796236,-0.12768735312037466,0.0,0.0,0.03481586528476776,0.18553996158591018,1.0
16:13:03.709,-2.9999999999999987,-2.8723126468796236,-0.12768735312037466,0.0,0.0,0.03063796145059563,0.16327516619560098,1.0
16:13:03.729,-2.9999999999999987,-2.8723126468796236,-0.12768735312037466,0.0,0.0,0.026961406076524152,0.14368214625212886,1.0
16:13:03.749,-2.9999999999999987,-2.8723126468796236,-0.12768735312037466,0.0,0.0,0.023726037347341255,0.1264402887018734,1.0
16:13:03.769,-2.9999999999999987,-2.8723126468796236,-0.12768735312037466,0.0,0.0,0.020878912865660303,0.11126745405764858,1.0
16:13:03.789,-2.9999999999999987,-2.8723126468796236,-0.12768735312037466,0.0,0.0,0.018373443321781067,0.09791535957073075,1.0
16:13:03.809,-2.9999999999999987,-2.8723126468796236,-0.12768735312037466,0.0,0.0,0.016168630123167337,0.08616551642224306,1.0
16:13:03.829,-2.9999999999999987,-2.8723126468796236,-0.12768735312037466,0.0,0.0,0.014228394508387256,0.07582565445157388,1.0
16:13:03.850,-2.9999999999999987,-2.8723126468796236,-0.12768735312037466,0.0,0.0,0.012520987167380785,0.06672657591738501,1.0
16:13:03.869,-2.9999999999999987,-2.8723126468796236,-0.12768735312037466,0.0,0.0,0.01101846870729509,0.05871938680729881,1.0
16:13:03.889,-2.9999999999999987,-2.8723126468796236,-0.12768735312037466,0.0,0.0,0.00969625246241968,0.05167306039042295,1.0
16:13:03.909,-2.9999999999999987,-2.8723126468796236,-0.12768735312037466,0.0,0.0,0.008532702166929319,0.04547229314357221,1.0
16:13:03.929,-2.9999999999999987,-2.8723126468796236,-0.12768735312037466,0.0,0.0,0.007508777906897801,0.04001561796634354,1.0
16:13:03.949,-2.9999999999999987,-2.8723126468796236,-0.12768735312037466,0.0,0.0,0.006607724558070065,0.035213743810382316,1.0
16:13:03.969,-2.9999999999999987,-2.8723126468796236,-0.12768735312037466,0.0,0.0,0.005814797611101657,0.030988094553136437,1.0
16:13:03.989,-2.9999999999999987,-2.8723126468796236,-0.12768735312037466,0.0,0.0,0.005117021897769458,0.027269523206760064,1.0
16:13:04.009,-2.9999999999999987,-2.8723126468796236,-0.12768735312037466,0.0,0.0,0.004502979270037123,0.023997180421948854,1.0
16:13:04.029,-2.9999999999999987,-2.8723126468796236,-0.12768735312037466,0.0,0.0,0.003962621757632668,0.021117518771314993,1.0
16:13:04.049,-2.9999999999999987,-2.8723126468796236,-0.12768735312037466,0.0,0.0,0.003487107146716748,0.018583416518757192,1.0
16:13:04.069,-2.9999999999999987,-2.8723126468796236,-0.12768735312037466,0.0,0.0,0.003068654289110738,0.01635340653650633,1.0
16:13:04.089,-2.9999999999999987,-2.8723126468796236,-0.12768735312037466,0.0,0.0,0.0027004157744174493,0.01439099775212557,1.0
16:13:04.109,-2.9999999999999987,-2.8723126468796236,-0.12768735312037466,0.0,0.0,0.0023763658814873554,0.0126640780218705,1.0
16:13:04.129,-2.9999999999999987,-2.8723126468796236,-0.12768735312037466,0.0,0.0,0.0020912019757088726,0.01114438865924604,1.0
16:13:04.149,-2.9999999999999987,-2.8723126468796236,-0.12768735312037466,0.0,0.0,0.0018402577386238078,0.009807062020136514,1.0
16:13:04.169,-2.9999999999999987,-2.8723126468796236,-0.12768735312037466,0.0,0.0,0.001619426809988951,0.008630214577720133,1.0
16:13:04.189,-2.9999999999999987,-2.8723126468796236,-0.12768735312037466,0.0,0.0,0.0014250955927902769,0.0075945888283937175,1.0
16:13:04.210,-2.9999999999999987,-2.8723126468796236,-0.12768735312037466,0.0,0.0,0.0012540841216554437,0.006683238168986472,1.0
16:13:04.229,-2.9999999999999987,-2.8723126468796236,-0.12768735312037466,0.0,0.0,0.0011035940270567905,0.005881249588708095,1.0
16:13:04.249,-2.9999999999999987,-2.8723126468796236,-0.12768735312037466,0.0,0.0,0.0009711627438099757,0.005175499638063124,1.0
16:13:04.270,-2.9999999999999987,-2.8723126468796236,-0.12768735312037466,0.0,0.0,0.0008546232145527785,0.004554439681495549,1.0
16:13:04.289,-2.9999999999999987,-2.8723126468796236,-0.12768735312037466,0.0,0.0,0.0007520684288064452,0.004007906919716083,1.0
16:13:04.309,-2.9999999999999987,-2.8723126468796236,-0.12768735312037466,0.0,0.0,0.0006618202173496717,0.0035269580893501533,1.0
16:13:04.330,-2.9999999999999987,-2.8723126468796236,-0.12768735312037466,0.0,0.0,0.0005824017912677112,0.003103723118628135,1.0
16:13:04.350,-2.9999999999999987,-2.8723126468796236,-0.12768735312037466,0.0,0.0,0.0005125135763155858,0.0027312763443927586,1.0
16:13:04.369,-2.9999999999999987,-2.8723126468796236,-0.12768735312037466,0.0,0.0,0.0004510119471577155,0.0024035231830656276,1.0
16:13:04.390,-2.9999999999999987,-2.8723126468796236,-0.12768735312037466,0.0,0.0,0.00039689051349878966,0.0021151004010977526,1.0
16:13:04.409,-2.9999999999999987,-2.8723126468796236,-0.12768735312037466,0.0,0.0,0.0003492636518789349,0.001861288352966022,1.0
16:13:04.429,-2.9999999999999987,-2.8723126468796236,-0.12768735312037466,0.0,0.0,0.0003073520136534627,0.0016379337506100993,1.0
16:13:04.449,-2.9999999999999987,-2.8723126468796236,-0.12768735312037466,0.0,0.0,0.0002704697720150472,0.0014413817005368874,1.0
16:13:04.470,-2.9999999999999987,-2.8723126468796236,-0.12768735312037466,0.0,0.0,0.0002380133993732415,0.0012684158964724609,1.0
16:13:04.490,-2.9999999999999987,-2.8723126468796236,-0.12768735312037466,0.0,0.0,0.00020945179144845252,0.0011162059888957657,1.0
16:13:04.509,-2.9999999999999987,-2.8723126468796236,-0.12768735312037466,0.0,0.0,0.0001843175764746382,0.0009822612702282737,1.0
16:13:04.529,-2.9999999999999987,-2.8723126468796236,-0.12768735312037466,0.0,0.0,0.00016219946729768164,0.0008643899178008809,1.0
16:13:04.549,-2.9999999999999987,-2.8723126468796236,-0.12768735312037466,0.0,0.0,0.00014273553122195985,0.0007606631276647753,1.0
16:13:04.569,-2.9999999999999987,-2.8723126468796236,-0.12768735312037466,0.0,0.0,0.00012560726747532468,0.0006693835523450023,1.0
16:13:04.590,-2.9999999999999987,-2.8723126468796236,-0.12768735312037466,0.0,0.0,0.00011053439537828572,0.000589057526063602,1.0
16:13:04.609,-2.9999999999999987,-2.8723126468796236,-0.12768735312037466,0.0,0.0,9.727026793289143e-05,0.0005183706229359698,1.0
16:13:04.630,-2.9999999999999987,-2.8723126468796236,-0.12768735312037466,0.0,0.0,8.559783578094447e-05,0.00045616614818365343,1.0
16:13:04.649,-2.9999999999999987,-2.8723126468796236,-0.12768735312037466,0.0,0.0,7.532609548723114e-05,0.00040142621040161505,1.0
16:13:04.669,-2.9999999999999987,-2.8723126468796236,-0.12768735312037466,0.0,0.0,6.62869640287634e-05,0.00035325506515342125,1.0
16:13:04.689,-2.9999999999999987,-2.8723126468796236,-0.12768735312037466,0.0,0.0,5.833252834531179e-05,0.0003108644573350107,1.0
16:13:04.709,-2.9999999999999987,-2.8723126468796236,-0.12768735312037466,0.0,0.0,5.1332624943874376e-05,0.0002735607224548094,1.0
16:13:04.729,-2.9999999999999987,-2.8723126468796236,-0.12768735312037466,0.0,0.0,4.517270995060945e-05,0.0002407334357602323,1.0
16:13:04.749,-2.9999999999999987,-2.8723126468796236,-0.12768735312037466,0.0,0.0,3.975198475653632e-05,0.0002118454234690044,1.0
16:13:04.769,-2.9999999999999987,-2.8723126468796236,-0.12768735312037466,0.0,0.0,3.498174658575196e-05,0.00018642397265272387,1.0
16:13:04.789,-2.9999999999999987,-2.8723126468796236,-0.12768735312037466,0.0,0.0,3.078393699546172e-05,0.000164053095934397,1.0
16:13:04.809,-2.9999999999999987,-2.8723126468796236,-0.12768735312037466,0.0,0.0,2.7089864556006316e-05,0.00014436672442226937,1.0
16:13:04.829,-2.9999999999999987,-2.8723126468796236,-0.12768735312037466,0.0,0.0,2.3839080809285556e-05,0.00012704271749159704,1.0
16:13:04.849,-2.9999999999999987,-2.8723126468796236,-0.12768735312037466,0.0,0.0,2.097839111217129e-05,0.00011179759139260539,1.0
16:13:04.869,-2.9999999999999987,-2.8723126468796236,-0.12768735312037466,0.0,0.0,1.8460984178710736e-05,9.838188042549274e-05,1.0
16:13:04.889,-2.9999999999999987,-2.8723126468796236,-0.12768735312037466,0.0,0.0,1.6245666077265447e-05,8.657605477443361e-05,1.0
16:13:04.909,-2.9999999999999987,-2.8723126468796236,-0.12768735312037466,0.0,0.0,1.4296186147993594e-05,7.618692820150159e-05,1.0
16:13:04.929,-2.9999999999999987,-2.8723126468796236,-0.12768735312037466,0.0,0.0,1.2580643810234362e-05,6.704449681732139e-05,1.0
16:13:04.949,-2.9999999999999987,-2.8723126468796236,-0.12768735312037466,0.0,0.0,1.1070966553006239e-05,5.899915719924283e-05,1.0
16:13:04.969,-2.9999999999999987,-2.8723126468796236,-0.12768735312037466,0.0,0.0,9.74245056664549e-06,5.191925833533369e-05,1.0
16:13:04.989,-2.9999999999999987,-2.8723126468796236,-0.12768735312037466,0.0,0.0,8.573356498648031e-06,4.5688947335093645e-05,1.0
16:13:05.009,-2.9999999999999987,-2.8723126468796236,-0.12768735312037466,0.0,0.0,7.544553718810267e-06,4.0206273654882406e-05,1.0
16:13:05.029,-2.9999999999999987,-2.8723126468796236,-0.12768735312037466,0.0,0.0,6.6392072725530354e-06,3.5381520816296515e-05,1.0
16:13:05.049,-2.9999999999999987,-2.8723126468796236,-0.12768735312037466,0.0,0.0,5.8425023998466716e-06,3.113573831834094e-05,1.0
16:13:05.069,-2.9999999999999987,-2.8723126468796236,-0.12768735312037466,0.0,0.0,5.141402111865071e-06,2.7399449720140024e-05,1.0
16:13:05.089,-2.9999999999999987,-2.8723126468796236,-0.12768735312037466,0.0,0.0,4.524433858441262e-06,2.411151575372322e-05,1.0
16:13:05.109,-2.9999999999999987,-2.8723126468796236,-0.12768735312037466,0.0,0.0,3.9815017954283104e-06,2.1218133863276433e-05,1.0
16:13:05.129,-2.9999999999999987,-2.8723126468796236,-0.12768735312037466,0.0,0.0,3.5037215799769132e-06,1.8671957799683263e-05,1.0
16:13:05.149,-2.9999999999999987,-2.8723126468796236,-0.12768735312037466,0.0,0.0,3.0832749903796837e-06,1.643132286372127e-05,1.0
16:13:05.169,-2.9999999999999987,-2.8723126468796236,-0.12768735312037466,0.0,0.0,2.7132819915341215e-06,1.4459564120074718e-05,1.0
16:13:05.189,-2.9999999999999987,-2.8723126468796236,-0.12768735312037466,0.0,0.0,2.387688152550027e-06,1.2724416425665752e-05,1.0
16:13:05.209,-2.9999999999999987,-2.8723126468796236,-0.12768735312037466,0.0,0.0,2.101165574244024e-06,1.1197486454585861e-05,1.0
16:13:05.229,-2.9999999999999987,-2.8723126468796236,-0.12768735312037466,0.0,0.0,1.849025705334741e-06,9.853788080035558e-06,1.0
16:13:05.250,-2.9999999999999987,-2.8723126468796236,-0.12768735312037466,0.0,0.0,1.6271426206945722e-06,8.671333510431291e-06,1.0
16:13:05.269,-2.9999999999999987,-2.8723126468796236,-0.12768735312037466,0.0,0.0,1.4318855062112235e-06,7.630773489179536e-06,1.0
16:13:05.290,-2.9999999999999987,-2.8723126468796236,-0.12768735312037466,0.0,0.0,1.2600592454658767e-06,6.715080670477992e-06,1.0
16:13:05.309,-2.9999999999999987,-2.8723126468796236,-0.12768735312037466,0.0,0.0,1.1088521360099716e-06,5.909270990020634e-06,1.0
16:13:05.329,-2.9999999999999987,-2.8723126468796236,-0.12768735312037466,0.0,0.0,9.75789879688775e-07,5.200158471218158e-06,1.0
16:13:05.349,-2.9999999999999987,-2.8723126468796236,-0.12768735312037466,0.0,0.0,8.586950941261221e-07,4.5761394546719795e-06,1.0
16:13:05.369,-2.9999999999999987,-2.8723126468796236,-0.12768735312037466,0.0,0.0,7.556516828309874e-07,4.027002720111341e-06,1.0
16:13:05.389,-2.9999999999999987,-2.8723126468796236,-0.12768735312037466,0.0,0.0,6.649734808912688e-07,3.5437623936979803e-06,1.0
16:13:05.409,-2.9999999999999987,-2.8723126468796236,-0.12768735312037466,0.0,0.0,5.851766631843166e-07,3.1185109064542225e-06,1.0
16:13:05.429,-2.9999999999999987,-2.8723126468796236,-0.12768735312037466,0.0,0.0,5.149554636021986e-07,2.7442895976797156e-06,1.0
16:13:05.449,-2.9999999999999987,-2.8723126468796236,-0.12768735312037466,0.0,0.0,4.531608079699347e-07,2.4149748459581496e-06,1.0
16:13:05.469,-2.9999999999999987,-2.8723126468796236,-0.12768735312037466,0.0,0.0,3.987815110135425e-07,2.1251778644431716e-06,1.0
16:13:05.489,-2.9999999999999987,-2.8723126468796236,-0.12768735312037466,0.0,0.0,3.5092772969191745e-07,1.8701565207099912e-06,1.0
16:13:05.509,-2.9999999999999987,-2.8723126468796236,-0.12768735312037466,0.0,0.0,3.0881640212888735e-07,1.6457377382247922e-06,1.0
16:13:05.529,-2.9999999999999987,-2.8723126468796236,-0.12768735312037466,0.0,0.0,2.7175843387342086e-07,1.4482492096378171e-06,1.0
16:13:05.549,-2.9999999999999987,-2.8723126468796236,-0.12768735312037466,0.0,0.0,2.3914742180861035e-07,1.274459304481279e-06,1.0
16:13:05.569,-2.9999999999999987,-2.8723126468796236,-0.12768735312037466,0.0,0.0,2.104497311915771e-07,1.1215241879435256e-06,1.0
16:13:05.589,-2.9999999999999987,-2.8723126468796236,-0.12768735312037466,0.0,0.0,1.8519576344858785e-07,9.869412853903024e-07,1.0
16:13:05.609,-2.9999999999999987,-2.8723126468796236,-0.12768735312037466,0.0,0.0,1.629722718347573e-07,8.685083311434662e-07,1.0
16:13:05.629,-2.9999999999999987,-2.8723126468796236,-0.12768735312037466,0.0,0.0,1.4341559921458645e-07,7.642873314062503e-07,1.0
16:13:05.649,-2.9999999999999987,-2.8723126468796236,-0.12768735312037466,0.0,0.0,1.2620572730883608e-07,6.725728516375003e-07,1.0
16:13:05.669,-2.9999999999999987,-2.8723126468796236,-0.12768735312037466,0.0,0.0,1.1106104003177574e-07,5.918641094410002e-07,1.0
16:13:05.689,-2.9999999999999987,-2.8723126468796236,-0.12768735312037466,0.0,0.0,9.773371522796266e-08,5.208404163080802e-07,1.0
16:13:05.709,-2.9999999999999987,-2.8723126468796236,-0.12768735312037466,0.0,0.0,8.600566940060714e-08,4.583395663511106e-07,1.0
16:13:05.729,-2.9999999999999987,-2.8723126468796236,-0.12768735312037466,0.0,0.0,7.568498907253428e-08,4.0333881838897734e-07,1.0
16:13:05.749,-2.9999999999999987,-2.8723126468796236,-0.12768735312037466,0.0,0.0,6.660279038383017e-08,3.5493816018230004e-07,1.0
16:13:05.769,-2.9999999999999987,-2.8723126468796236,-0.12768735312037466,0.0,0.0,5.8610455537770554e-08,3.1234558096042405e-07,1.0
16:13:05.789,-2.9999999999999987,-2.7852728697014535,-0.21472713029854507,-2956.8499997467893,0.0,5.1577200873238085e-08,2.7486411124517315e-07,1.0
16:13:05.809,-2.9999999999999987,-2.7852728697014535,-0.21472713029854507,-2956.8499997771737,0.0,4.5387936768449514e-08,2.418804178957524e-07,1.0
16:13:05.830,-2.9999999999999987,-2.7852728697014535,-0.21472713029854507,-2956.849999803912,0.0,3.994138435623557e-08,2.128547677482621e-07,1.0
16:13:05.850,-2.9999999999999987,-2.7852728697014535,-0.21472713029854507,-2956.8499998274415,0.0,3.5148418233487304e-08,1.8731219561847066e-07,1.0
16:13:05.870,-2.9999999999999987,-2.7852728697014535,-0.21472713029854507,-2956.849999848148,0.0,3.093060804546883e-08,1.6483473214425417e-07,1.0
16:13:05.889,-2.9999999999999987,-2.7852728697014535,-0.21472713029854507,-2956.849999866369,0.0,2.721893508001257e-08,1.450545642869437e-07,1.0
16:13:05.909,-2.9999999999999987,-2.7852728697014535,-0.21472713029854507,-2956.8499998824036,0.0,2.3952662870411064e-08,1.2764801657251045e-07,1.0
16:13:05.929,-2.9999999999999987,-2.7852728697014535,-0.21472713029854507,-2956.849999896514,0.0,2.1078343325961736e-08,1.123302545838092e-07,1.0
16:13:05.949,-2.9999999999999987,-2.7852728697014535,-0.21472713029854507,-2956.8499999089313,0.0,1.8548942126846328e-08,9.88506240337521e-08,1.0
16:13:05.969,-2.9999999999999987,-2.7852728697014535,-0.21472713029854507,-2956.8499999198584,0.0,1.6323069071624767e-08,8.698854914970183e-08,1.0
16:13:05.989,-2.9999999999999987,-2.7852728697014535,-0.21472713029854507,-2956.8499999294745,0.0,1.4364300783029795e-08,7.654992325173762e-08,1.0
16:13:06.010,-2.9999999999999987,-2.7852728697014535,-0.21472713029854507,-2956.8499999379364,0.0,1.264058468906622e-08,6.73639324615291e-08,1.0
16:13:06.029,-2.9999999999999987,-2.7852728697014535,-0.21472713029854507,-2956.849999945383,0.0,1.1123714526378273e-08,5.928026056614561e-08,1.0
16:13:06.049,-2.9999999999999987,-2.7852728697014535,-0.21472713029854507,-2956.8499999519363,0.0,9.78886878321288e-09,5.216662929820813e-08,1.0
16:13:06.070,-2.9999999999999987,-2.7852728697014535,-0.21472713029854507,-2956.8499999577025,0.0,8.614204529227334e-09,4.5906633782423154e-08,1.0
16:13:06.089,-2.9999999999999987,-2.7852728697014535,-0.21472713029854507,-2956.8499999627775,0.0,7.580499985720055e-09,4.039783772853238e-08,1.0
16:13:06.109,-2.9999999999999987,-2.7852728697014535,-0.21472713029854507,-2956.8499999672435,0.0,6.6708399874336484e-09,3.55500972011085e-08,1.0
16:13:06.129,-2.9999999999999987,-2.7852728697014535,-0.21472713029854507,-2956.849999971173,0.0,5.8703391889416105e-09,3.128408553697547e-08,1.0
16:13:06.150,-2.9999999999999987,-2.7852728697014535,-0.21472713029854507,-2956.8499999746314,0.0,5.165898486268617e-09,2.7529995272538417e-08,1.0
16:13:06.170,-2.9999999999999987,-2.7852728697014535,-0.21472713029854507,-2956.8499999776745,0.0,4.545990667916383e-09,2.4226395839833807e-08,1.0
16:13:06.189,-2.9999999999999987,-2.7852728697014535,-0.21472713029854507,-2956.849999980353,0.0,4.000471787766417e-09,2.1319228339053753e-08,1.0
16:13:06.209,-2.9999999999999987,-2.7852728697014535,-0.21472713029854507,-2956.849999982709,0.0,3.5204151732344473e-09,1.87609209383673e-08,1.0
16:13:06.230,-2.9999999999999987,-2.7852728697014535,-0.21472713029854507,-2956.849999984783,0.0,3.097965352446314e-09,1.6509610425763227e-08,1.0
16:13:06.250,-2.9999999999999987,-2.7852728697014535,-0.21472713029854507,-2956.849999986608,0.0,2.726209510152756e-09,1.452845717467164e-08,1.0
16:13:06.270,-2.9999999999999987,-2.7852728697014535,-0.21472713029854507,-2956.8499999882138,0.0,2.3990643689344255e-09,1.2785042313711043e-08,1.0
16:13:06.289,-2.9999999999999987,-2.7852728697014535,-0.21472713029854507,-2956.849999989627,0.0,2.1111766446622944e-09,1.1250837236065719e-08,1.0
16:13:06.309,-2.9999999999999987,-2.7852728697014535,-0.21472713029854507,-2956.849999990871,0.0,1.857835447302819e-09,9.900736767737831e-09,1.0
16:13:06.329,-2.9999999999999987,-2.7852728697014535,-0.21472713029854507,-2956.8499999919654,0.0,1.6348951936264809e-09,8.712648355609292e-09,1.0
16:13:06.350,-2.9999999999999987,-2.7852728697014535,-0.21472713029854507,-2956.849999992929,0.0,1.4387077703913032e-09,7.667130552936178e-09,1.0
16:13:06.369,-2.9999999999999987,-2.7852728697014535,-0.21472713029854507,-2956.8499999937762,0.0,1.2660628379443469e-09,6.747074886583837e-09,1.0
16:13:06.390,-2.9999999999999987,-2.7852728697014535,-0.21472713029854507,-2956.849999994522,0.0,1.1141352973910252e-09,5.937425900193776e-09,1.0
16:13:06.410,-2.9999999999999987,-2.7852728697014535,-0.21472713029854507,-2956.849999995178,0.0,9.804390617041022e-10,5.224934792170523e-09,1.0
16:13:06.430,-2.9999999999999987,-2.7852728697014535,-0.21472713029854507,-2956.849999995756,0.0,8.627863742996099e-10,4.59794261711006e-09,1.0
16:13:06.449,-2.9999999999999987,-2.7852728697014535,-0.21472713029854507,-2956.849999996264,0.0,7.592520093836568e-10,4.046189503056853e-09,1.0
16:13:06.469,-2.9999999999999987,-2.7852728697014535,-0.21472713029854507,-2956.8499999967116,0.0,6.681417682576179e-10,3.5606467626900304e-09,1.0
16:13:06.490,-2.9999999999999987,-2.7852728697014535,-0.21472713029854507,-2956.8499999971054,0.0,5.879647560667038e-10,3.1333691511672267e-09,1.0
16:13:06.510,-2.9999999999999987,-2.7852728697014535,-0.21472713029854507,-2956.849999997451,0.0,5.174089853386993e-10,2.7573648530271597e-09,1.0
16:13:06.529,-2.9999999999999987,-2.7852728697014535,-0.21472713029854507,-2956.849999997756,0.0,4.553199070980554e-10,2.4264810706639006e-09,1.0
16:13:06.549,-2.9999999999999987,-2.7852728697014535,-0.21472713029854507,-2956.849999998024,0.0,4.0068151824628875e-10,2.1353033421842323e-09,1.0
16:13:06.569,-2.9999999999999987,-2.7852728697014535,-0.21472713029854507,-2956.8499999982605,0.0,3.525997360567341e-10,1.8790669411221245e-09,1.0
16:13:06.589,-2.9999999999999987,-2.7852728697014535,-0.21472713029854507,-2956.8499999984683,0.0,3.10287767729926e-10,1.6535789081874695e-09,1.0
16:13:06.609,-2.9999999999999987,-2.7852728697014535,-0.21472713029854507,-2956.8499999986507,0.0,2.730532356023349e-10,1.4551494392049734e-09,1.0
16:13:06.629,-2.9999999999999987,-2.7852728697014535,-0.21472713029854507,-2956.8499999988117,0.0,2.4028684733005473e-10,1.2805315065003767e-09,1.0
16:13:06.650,-2.9999999999999987,-2.7852728697014535,-0.21472713029854507,-2956.8499999989535,0.0,2.1145242565044818e-10,1.1268677257203314e-09,1.0
16:13:06.669,-2.9999999999999987,-2.7852728697014535,-0.21472713029854507,-2956.8499999990777,0.0,1.860781345723944e-10,9.916435986338916e-10,1.0
16:13:06.689,-2.9999999999999987,-2.7852728697014535,-0.21472713029854507,-2956.8499999991877,0.0,1.6374875842370706e-10,8.726463667978247e-10,1.0
16:13:06.709,-2.9999999999999987,-2.7852728697014535,-0.21472713029854507,-2956.849999999284,0.0,1.440989074128622e-10,7.679288027820856e-10,1.0
16:13:06.729,-2.9999999999999987,-2.7852728697014535,-0.21472713029854507,-2956.849999999369,0.0,1.2680703852331874e-10,6.757773464482353e-10,1.0
16:13:06.749,-2.9999999999999987,-2.7852728697014535,-0.21472713029854507,-2956.8499999994438,0.0,1.115901939005205e-10,5.946840648744472e-10,1.0
16:13:06.770,-2.9999999999999987,-2.7852728697014535,-0.21472713029854507,-2956.8499999995092,0.0,9.819937063245804e-11,5.233219770895135e-10,1.0
16:13:06.790,-2.9999999999999987,-2.7852728697014535,-0.21472713029854507,-2956.849999999567,0.0,8.641544615656308e-11,4.605233398387719e-10,1.0
16:13:06.809,-2.9999999999999987,-2.7852728697014535,-0.21472713029854507,-2956.849999999618,0.0,7.604559261777551e-11,4.052605390581193e-10,1.0
16:13:06.829,-2.9999999999999987,-2.7852728697014535,-0.21472713029854507,-2956.849999999663,0.0,6.692012150364245e-11,3.5662927437114495e-10,1.0
16:13:06.849,-2.9999999999999987,-2.7852728697014535,-0.21472713029854507,-2956.8499999997025,0.0,5.888970692320535e-11,3.138337614466075e-10,1.0
16:13:06.869,-2.9999999999999987,-2.7852728697014535,-0.21472713029854507,-2956.849999999737,0.0,5.182294209242071e-11,2.7617371007301464e-10,1.0
16:13:06.890,-2.9999999999999987,-2.7852728697014535,-0.21472713029854507,-2956.8499999997675,0.0,4.5604189041330226e-11,2.430328648642529e-10,1.0
16:13:06.909,-2.9999999999999987,-2.7852728697014535,-0.21472713029854507,-2956.849999999795,0.0,4.0131686356370597e-11,2.1386892108054255e-10,1.0
16:13:06.929,-2.9999999999999987,-2.7852728697014535,-0.21472713029854507,-2956.849999999818,0.0,3.531588399360612e-11,1.882046505508774e-10,1.0
16:13:06.949,-2.9999999999999987,-2.7852728697014535,-0.21472713029854507,-2956.849999999839,0.0,3.107797791437339e-11,1.6562009248477214e-10,1.0
16:13:06.969,-2.9999999999999987,-2.7852728697014535,-0.21472713029854507,-2956.8499999998576,0.0,2.7348620564648585e-11,1.457456813865995e-10,1.0
16:13:06.989,-2.9999999999999987,-2.7852728697014535,-0.21472713029854507,-2956.849999999873,0.0,2.4066786096890754e-11,1.2825619962020755e-10,1.0
16:13:07.009,-2.9999999999999987,-2.7852728697014535,-0.21472713029854507,-2956.8499999998876,0.0,2.1178771765263865e-11,1.1286545566578266e-10,1.0
16:13:07.029,-2.9999999999999987,-2.7852728697014535,-0.21472713029854507,-2956.8499999999003,0.0,1.86373191534322e-11,9.932160098588872e-11,1.0
16:13:07.049,-2.9999999999999987,-2.7852728697014535,-0.21472713029854507,-2956.8499999999112,0.0,1.6400840855020336e-11,8.740300886758207e-11,1.0
16:13:07.069,-2.9999999999999987,-2.7852728697014535,-0.21472713029854507,-2956.849999999921,0.0,1.4432739952417895e-11,7.691464780347223e-11,1.0
16:13:07.089,-2.9999999999999987,-2.7852728697014535,-0.21472713029854507,-2956.849999999929,0.0,1.2700811158127748e-11,6.768489006705556e-11,1.0
16:13:07.109,-2.9999999999999987,-2.7852728697014535,-0.21472713029854507,-2956.8499999999367,0.0,1.1176713819152417e-11,5.956270325900889e-11,1.0
16:13:07.129,-2.9999999999999987,-2.7852728697014535,-0.21472713029854507,-2956.8499999999435,0.0,9.835508160854127e-12,5.241517886792782e-11,1.0
16:13:07.149,-2.9999999999999987,-2.7852728697014535,-0.21472713029854507,-2956.849999999949,0.0,8.655247181551632e-12,4.612535740377648e-11,1.0
16:13:07.169,-2.9999999999999987,-2.7852728697014535,-0.21472713029854507,-2956.8499999999544,0.0,7.616617519765436e-12,4.059031451532331e-11,1.0
16:13:07.189,-2.9999999999999987,-2.7852728697014535,-0.21472713029854507,-2956.849999999958,0.0,6.702623417393584e-12,3.571947677348451e-11,1.0
16:13:07.210,-2.9999999999999987,-2.7852728697014535,-0.21472713029854507,-2956.8499999999626,0.0,5.898308607306354e-12,3.143313956066637e-11,1.0
16:13:07.229,-2.9999999999999987,-2.7852728697014535,-0.21472713029854507,-2956.8499999999663,0.0,5.190511574429591e-12,2.7661162813386403e-11,1.0
16:13:07.249,-2.9999999999999987,-2.7852728697014535,-0.21472713029854507,-2956.8499999999685,0.0,4.56765018549804e-12,2.4341823275780035e-11,1.0
16:13:07.269,-2.9999999999999987,-2.7852728697014535,-0.21472713029854507,-2956.8499999999717,0.0,4.019532163238275e-12,2.142080448268643e-11,1.0
16:13:07.289,-2.9999999999999987,-2.7852728697014535,-0.21472713029854507,-2956.8499999999744,0.0,3.537188303649682e-12,1.8850307944764056e-11,1.0
16:13:07.309,-2.9999999999999987,-2.7852728697014535,-0.21472713029854507,-2956.8499999999767,0.0,3.11272570721172e-12,1.658827099139237e-11,1.0
16:13:07.329,-2.9999999999999987,-2.7852728697014535,-0.21472713029854507,-2956.849999999978,0.0,2.7391986223463136e-12,1.4597678472425286e-11,1.0
16:13:07.349,-2.9999999999999987,-2.7852728697014535,-0.21472713029854507,-2956.8499999999794,0.0,2.410494787664756e-12,1.2845957055734252e-11,1.0
16:13:07.369,-2.9999999999999987,-2.7852728697014535,-0.21472713029854507,-2956.849999999981,0.0,2.1212354131449853e-12,1.1304442209046142e-11,1.0
16:13:07.389,-2.9999999999999987,-2.7852728697014535,-0.21472713029854507,-2956.849999999982,0.0,1.8666871635675872e-12,9.947909143960606e-12,1.0
16:13:07.409,-2.9999999999999987,-2.7852728697014535,-0.21472713029854507,-2956.8499999999835,0.0,1.6426847039394769e-12,8.754160046685333e-12,1.0
16:13:07.429,-2.9999999999999987,-2.7852728697014535,-0.21472713029854507,-2956.8499999999844,0.0,1.4455625394667396e-12,7.703660841083093e-12,1.0
16:13:07.450,-2.9999999999999987,-2.7852728697014535,-0.21472713029854507,-2956.8499999999854,0.0,1.272095034730731e-12,6.779221540153122e-12,1.0
16:13:07.469,-2.9999999999999987,-2.7852728697014535,-0.21472713029854507,-2956.8499999999863,0.0,1.1194436305630433e-12,5.9657149553347475e-12,1.0
16:13:07.489,-2.9999999999999987,-2.7852728697014535,-0.21472713029854507,-2956.8499999999867,0.0,9.85110394895478e-13,5.249829160694577e-12,1.0
16:13:07.509,-2.9999999999999987,-2.7852728697014535,-0.21472713029854507,-2956.8499999999876,0.0,8.668971475080206e-13,4.619849661411228e-12,1.0
16:13:07.529,-2.9999999999999987,-2.7852728697014535,-0.21472713029854507,-2956.8499999999876,0.0,7.628694898070581e-13,4.06546770204188e-12,1.0
16:13:07.550,-2.9999999999999987,-2.7852728697014535,-0.21472713029854507,-2956.849999999988,0.0,6.713251510302111e-13,3.5776115777968546e-12,1.0
16:13:07.569,-2.9999999999999987,-2.7852728697014535,-0.21472713029854507,-2956.8499999999885,0.0,5.907661329065858e-13,3.1482981884612323e-12,1.0
16:13:07.589,-2.9999999999999987,-2.7852728697014535,-0.21472713029854507,-2956.849999999989,0.0,5.198741969577955e-13,2.7705024058458842e-12,1.0
16:13:07.609,-2.9999999999999987,-2.7852728697014535,-0.21472713029854507,-2956.8499999999894,0.0,4.574892933228601e-13,2.4380421171443784e-12,1.0
16:13:07.629,-2.9999999999999987,-2.7852728697014535,-0.21472713029854507,-2956.8499999999894,0.0,4.0259057812411686e-13,2.1454770630870533e-12,1.0
16:13:07.649,-2.9999999999999987,-2.7852728697014535,-0.21472713029854507,-2956.84999999999,0.0,3.5427970874922284e-13,1.8880198155166067e-12,1.0
16:13:07.669,-2.9999999999999987,-2.7852728697014535,-0.21472713029854507,-2956.84999999999,0.0,3.117661436993161e-13,1.661457437654614e-12,1.0
16:13:07.689,-2.9999999999999987,-2.7852728697014535,-0.21472713029854507,-2956.8499999999904,0.0,2.7435420645539817e-13,1.4620825451360603e-12,1.0
16:13:07.709,-2.9999999999999987,-2.7852728697014535,-0.21472713029854507,-2956.84999999999,0.0,2.414317016807504e-13,1.2866326397197332e-12,1.0
16:13:07.729,-2.9999999999999987,-2.7852728697014535,-0.21472713029854507,-2956.8499999999904,0.0,2.1245989747906036e-13,1.132236722953365e-12,1.0
16:13:07.749,-2.9999999999999987,-2.7852728697014535,-0.21472713029854507,-2956.8499999999904,0.0,1.8696470978157312e-13,9.963683161989612e-13,1.0
16:13:07.769,-2.9999999999999987,-2.7852728697014535,-0.21472713029854507,-2956.8499999999904,0.0,1.6452894460778435e-13,8.76804118255086e-13,1.0
16:13:07.789,-2.9999999999999987,-2.7852728697014535,-0.21472713029854507,-2956.8499999999904,0.0,1.4478547125485023e-13,7.715876240644757e-13,1.0
16:13:07.809,-2.9999999999999987,-2.7852728697014535,-0.21472713029854507,-2956.849999999991,0.0,1.2741121470426821e-13,6.789971091767387e-13,1.0
16:13:07.829,-2.9999999999999987,-2.7852728697014535,-0.21472713029854507,-2956.849999999991,0.0,1.1212186893975602e-13,5.9751745607553e-13,1.0
16:13:07.849,-2.9999999999999987,-2.7852728697014535,-0.21472713029854507,-2956.849999999991,0.0,9.86672446669853e-14,5.258153613464665e-13,1.0
16:13:07.869,-2.9999999999999987,-2.7852728697014535,-0.21472713029854507,-2956.849999999991,0.0,8.682717530694707e-14,4.627175179848905e-13,1.0
16:13:07.889,-2.9999999999999987,-2.7852728697014535,-0.21472713029854507,-2956.849999999991,0.0,7.640791427011342e-14,4.071914158267036e-13,1.0
16:13:07.909,-2.9999999999999987,-2.7852728697014535,-0.21472713029854507,-2956.849999999991,0.0,6.72389645576998e-14,3.5832844592749915e-13,1.0
16:13:07.929,-2.9999999999999987,-2.7852728697014535,-0.21472713029854507,-2956.849999999991,0.0,5.917028881077583e-14,3.1532903241619923e-13,1.0
16:13:07.950,-2.9999999999999987,-2.7852728697014535,-0.21472713029854507,-2956.849999999991,0.0,5.206985415348273e-14,2.774895485262553e-13,1.0
16:13:07.969,-2.9999999999999987,-2.7852728697014535,-0.21472713029854507,-2956.849999999991,0.0,4.58214716550648e-14,2.441908027031047e-13,1.0
16:13:07.989,-2.9999999999999987,-2.7852728697014535,-0.21472713029854507,-2956.8499999999913,0.0,4.032289505645703e-14,2.1488790637873214e-13,1.0
16:13:08.009,-2.9999999999999987,-2.7852728697014535,-0.21472713029854507,-2956.8499999999913,0.0,3.5484147649682184e-14,1.891013576132843e-13,1.0
16:13:08.029,-2.9999999999999987,-2.7852728697014535,-0.21472713029854507,-2956.8499999999913,0.0,3.122604993172032e-14,1.6640919469969016e-13,1.0
16:13:08.050,-2.9999999999999987,-2.7852728697014535,-0.21472713029854507,-2956.8499999999913,0.0,2.7478923939913883e-14,1.4644009133572736e-13,1.0
16:13:08.069,-2.9999999999999987,-2.7852728697014535,-0.21472713029854507,-2956.8499999999913,0.0,2.4181453067124217e-14,1.2886728037544005e-13,1.0
16:13:08.089,-2.9999999999999987,-2.7852728697014535,-0.21472713029854507,-2956.8499999999913,0.0,2.127967869906931e-14,1.1340320673038726e-13,1.0
16:13:08.109,-2.9999999999999987,-2.7852728697014535,-0.21472713029854507,-2956.8499999999913,0.0,1.8726117255180995e-14,9.979482192274079e-14,1.0
16:13:08.129,-2.9999999999999987,-2.7852728697014535,-0.21472713029854507,-2956.8499999999913,0.0,1.6478983184559275e-14,8.78194432920119e-14,1.0
16:13:08.149,-2.9999999999999987,-2.7852728697014535,-0.21472713029854507,-2956.8499999999913,0.0,1.4501505202412162e-14,7.728111009697047e-14,1.0
16:13:08.169,-2.9999999999999987,-2.7852728697014535,-0.21472713029854507,-2956.8499999999913,0.0,1.2761324578122702e-14,6.800737688533401e-14,1.0
16:13:08.189,-2.9999999999999987,-2.7852728697014535,-0.21472713029854507,-2956.8499999999913,0.0,1.1229965628747978e-14,5.984649165909393e-14,1.0
16:13:08.209,-2.9999999999999987,-2.7852728697014535,-0.21472713029854507,-2956.8499999999913,0.0,9.88236975329822e-15,5.266491266000265e-14,1.0
16:13:08.229,-2.9999999999999987,-2.7852728697014535,-0.21472713029854507,-2956.8499999999913,0.0,8.696485382902434e-15,4.634512314080234e-14,1.0
16:13:08.249,-2.9999999999999987,-2.7852728697014535,-0.21472713029854507,-2956.8499999999913,0.0,7.652907136954141e-15,4.0783708363906053e-14,1.0
16:13:08.269,-2.9999999999999987,-2.7852728697014535,-0.21472713029854507,-2956.8499999999913,0.0,6.7345582805196446e-15,3.588966336023733e-14,1.0
16:13:08.289,-2.9999999999999987,-2.7852728697014535,-0.21472713029854507,-2956.8499999999913,0.0,5.9264112868572876e-15,3.158290375700885e-14,1.0
16:13:08.309,-2.9999999999999987,-2.7852728697014535,-0.21472713029854507,-2956.8499999999913,0.0,5.215241932434413e-15,2.779295530616779e-14,1.0
16:13:08.329,-2.9999999999999987,-2.7852728697014535,-0.21472713029854507,-2956.8499999999913,0.0,4.5894129005422835e-15,2.4457800669427654e-14,1.0
16:13:08.349,-2.9999999999999987,-2.7852728697014535,-0.21472713029854507,-2956.8499999999913,0.0,4.038683352477209e-15,2.1522864589096334e-14,1.0
16:13:08.369,-2.9999999999999987,-2.7852728697014535,-0.21472713029854507,-2956.8499999999913,0.0,3.554041350179944e-15,1.8940120838404775e-14,1.0
16:13:08.389,-2.9999999999999987,-2.7852728697014535,-0.21472713029854507,-2956.8499999999913,0.0,3.1275563881583507e-15,1.6667306337796202e-14,1.0
16:13:08.409,-2.9999999999999987,-2.7852728697014535,-0.21472713029854507,-2956.8499999999913,0.0,2.7522496215793486e-15,1.4667229577260658e-14,1.0
16:13:08.429,-2.9999999999999987,-2.7852728697014535,-0.21472713029854507,-2956.8499999999913,0.0,2.4219796669898267e-15,1.2907162027989378e-14,1.0
16:13:08.449,-2.9999999999999987,-2.7852728697014535,-0.21472713029854507,-2956.8499999999913,0.0,2.1313421069510475e-15,1.1358302584630652e-14,1.0
16:13:08.469,-2.9999999999999987,-2.7852728697014535,-0.21472713029854507,-2956.8499999999913,0.0,1.8755810541169217e-15,9.995306274474974e-15,1.0
16:13:08.489,-2.9999999999999987,-2.7852728697014535,-0.21472713029854507,-2956.8499999999913,0.0,1.6505113276228911e-15,8.795869521537977e-15,1.0
16:13:08.509,-2.9999999999999987,-2.7852728697014535,-0.21472713029854507,-2956.8499999999913,0.0,1.4524499683081442e-15,7.740365178953419e-15,1.0
16:13:08.529,-2.9999999999999987,-2.7852728697014535,-0.21472713029854507,-2956.8499999999913,0.0,1.2781559721111669e-15,6.811521357479009e-15,1.0
16:13:08.549,-2.9999999999999987,-2.7852728697014535,-0.21472713029854507,-2956.8499999999913,0.0,1.1247772554578269e-15,5.9941387945815285e-15,1.0
16:13:08.569,-2.9999999999999987,-2.7852728697014535,-0.21472713029854507,-2956.8499999999913,0.0,9.898039848028876e-16,5.274842139231745e-15,1.0
16:13:08.589,-2.9999999999999987,-2.7852728697014535,-0.21472713029854507,-2956.8499999999913,0.0,8.710275066265411e-16,4.641861082523935e-15,1.0
16:13:08.609,-2.9999999999999987,-2.7852728697014535,-0.21472713029854507,-2956.8499999999913,0.0,7.665042058313561e-16,4.084837752621063e-15,1.0
16:13:08.629,-2.9999999999999987,-2.7852728697014535,-0.21472713029854507,-2956.8499999999913,0.0,6.745237011315933e-16,3.594657222306535e-15,1.0
16:13:08.649,-2.9999999999999987,-2.7852728697014535,-0.21472713029854507,-2956.8499999999913,0.0,5.935808569958021e-16,3.1632983556297507e-15,1.0
16:13:08.669,-2.9999999999999987,-2.7852728697014535,-0.21472713029854507,-2956.8499999999913,0.0,5.223511541563059e-16,2.7837025529541805e-15,1.0
16:13:08.689,-2.9999999999999987,-2.7852728697014535,-0.21472713029854507,-2956.8499999999913,0.0,4.596690156575492e-16,2.4496582465996793e-15,1.0
16:13:08.709,-2.9999999999999987,-2.7852728697014535,-0.21472713029854507,-2956.8499999999913,0.0,4.045087337786433e-16,2.1556992570077177e-15,1.0
16:13:08.729,-2.9999999999999987,-2.7852728697014535,-0.21472713029854507,-2956.8499999999913,0.0,3.559676857252061e-16,1.8970153461667914e-15,1.0
16:13:08.749,-2.9999999999999987,-2.7852728697014535,-0.21472713029854507,-2956.8499999999913,0.0,3.1325156343818136e-16,1.6693735046267764e-15,1.0
16:13:08.769,-2.9999999999999987,-2.7852728697014535,-0.21472713029854507,-2956.8499999999913,0.0,2.756613758255996e-16,1.4690486840715635e-15,1.0
