Timestamp,Target_Deg,Real_Deg,Error_Deg,Voltage_mV,Raw_Vel,Filtered_Vel,V_EMF,Control_Mode
16:14:21.708,0.0,-2.7852728697014535,2.7852728697014535,9500.0,0.0,0.0,0.0,1.0
16:14:21.729,0.0,-2.7852728697014535,2.7852728697014535,9500.0,0.0,0.0,0.0,1.0
16:14:21.748,0.0,-2.6111933153451123,2.6111933153451123,9500.0,0.0,0.0,0.0,1.0
16:14:21.769,0.0,-2.6111933153451123,2.6111933153451123,9500.0,0.0,0.0,0.0,1.0
16:14:21.788,0.0,-2.6111933153451123,2.6111933153451123,9500.0,0.0,0.0,0.0,1.0
16:14:21.809,0.0,-2.6111933153451123,2.6111933153451123,9500.0,0.0,0.0,0.0,1.0
16:14:21.828,0.0,-2.6111933153451123,2.6111933153451123,9500.0,0.0,0.0,0.0,1.0
16:14:21.848,0.0,-2.6111933153451123,2.6111933153451123,9500.0,0.0,0.0,0.0,1.0
16:14:21.869,0.0,-2.6111933153451123,2.6111933153451123,9500.0,0.0,0.0,0.0,1.0
16:14:21.888,0.0,-2.6111933153451123,2.6111933153451123,9500.0,0.0,0.0,0.0,1.0
16:14:21.908,0.0,-2.6111933153451123,2.6111933153451123,9500.0,0.0,0.0,0.0,1.0
16:14:21.929,0.0,-2.6111933153451123,2.6111933153451123,9500.0,0.0,0.0,0.0,1.0
16:14:21.949,0.0,-2.6111933153451123,2.6111933153451123,9500.0,0.0,0.0,0.0,1.0
16:14:21.969,0.0,-2.6111933153451123,2.6111933153451123,9500.0,0.0,0.0,0.0,1.0
16:14:21.988,0.0,-2.6111933153451123,2.6111933153451123,9500.0,0.0,0.0,0.0,1.0
16:14:22.008,0.0,-2.698233092523283,2.698233092523283,9500.0,0.0,0.0,0.0,1.0
16:14:22.028,0.0,-2.6111933153451123,2.6111933153451123,9500.0,0.0,0.0,0.0,1.0
16:14:22.048,0.0,-2.6111933153451123,2.6111933153451123,9500.0,0.0,0.0,0.0,1.0
16:14:22.068,0.0,-2.6111933153451123,2.6111933153451123,9500.0,0.0,0.0,0.0,1.0
16:14:22.088,0.0,-2.6111933153451123,2.6111933153451123,9500.0,0.0,0.0,0.0,1.0
16:14:22.108,0.0,-2.6111933153451123,2.6111933153451123,9500.0,0.0,0.0,0.0,1.0
16:14:22.129,0.0,-2.6111933153451123,2.6111933153451123,9500.0,0.0,0.0,0.0,1.0
16:14:22.148,0.0,-2.6111933153451123,2.6111933153451123,9500.0,0.0,0.0,0.0,1.0
16:14:22.169,0.0,-2.6111933153451123,2.6111933153451123,9500.0,0.0,0.0,0.0,1.0
16:14:22.188,0.0,-2.6111933153451123,2.6111933153451123,9500.0,0.0,0.0,0.0,1.0
16:14:22.209,0.0,-2.6111933153451123,2.6111933153451123,9500.0,0.0,0.0,0.0,1.0
16:14:22.229,0.0,-2.6111933153451123,2.6111933153451123,9500.0,0.0,0.0,0.0,1.0
16:14:22.249,0.0,-2.6111933153451123,2.6111933153451123,9500.0,0.0,0.0,0.0,1.0
16:14:22.269,0.0,-2.6111933153451123,2.6111933153451123,9500.0,0.0,0.0,0.0,1.0
16:14:22.288,0.0,-2.6111933153451123,2.6111933153451123,9500.0,0.0,0.0,0.0,1.0
16:14:22.308,0.0,-2.6111933153451123,2.6111933153451123,9500.0,0.0,0.0,0.0,1.0
16:14:22.328,0.0,-2.6111933153451123,2.6111933153451123,9500.0,0.0,0.0,0.0,1.0
16:14:22.348,0.0,-2.6111933153451123,2.6111933153451123,9500.0,0.0,0.0,0.0,1.0
16:14:22.368,0.0,-2.6111933153451123,2.6111933153451123,9500.0,0.0,0.0,0.0,1.0
16:14:22.388,0.0,-2.698233092523283,2.698233092523283,9500.0,0.0,0.0,0.0,1.0
16:14:22.408,0.0,-2.698233092523283,2.698233092523283,9500.0,0.0,0.0,0.0,1.0
16:14:22.428,0.0,-2.6111933153451123,2.6111933153451123,9500.0,0.0,0.0,0.0,1.0
16:14:22.448,0.0,-2.6111933153451123,2.6111933153451123,9500.0,0.0,0.0,0.0,1.0
16:14:22.468,0.0,-2.6111933153451123,2.6111933153451123,9500.0,0.0,0.0,0.0,1.0
16:14:22.488,0.0,-2.6111933153451123,2.6111933153451123,9500.0,0.0,0.0,0.0,1.0
16:14:22.508,0.0,-2.6111933153451123,2.6111933153451123,9500.0,0.0,0.0,0.0,1.0
16:14:22.528,0.0,-2.6111933153451123,2.6111933153451123,9500.0,0.0,0.0,0.0,1.0
16:14:22.548,0.0,-2.6111933153451123,2.6111933153451123,9500.0,0.0,0.0,0.0,1.0
16:14:22.569,0.0,-2.6111933153451123,2.6111933153451123,9500.0,0.0,0.0,0.0,1.0
16:14:22.588,0.0,-2.6111933153451123,2.6111933153451123,9500.0,0.0,0.0,0.0,1.0
16:14:22.609,0.0,-2.698233092523283,2.698233092523283,9500.0,0.0,0.0,0.0,1.0
16:14:22.628,0.0,-2.6111933153451123,2.6111933153451123,9500.0,0.0,0.0,0.0,1.0
16:14:22.649,0.0,-2.6111933153451123,2.6111933153451123,9500.0,0.0,0.0,0.0,1.0
16:14:22.668,0.0,-2.6111933153451123,2.6111933153451123,9500.0,0.0,0.0,0.0,1.0
16:14:22.688,0.0,-2.6111933153451123,2.6111933153451123,9500.0,0.0,0.0,0.0,1.0
16:14:22.708,0.0,-2.6111933153451123,2.6111933153451123,9500.0,0.0,0.0,0.0,1.0
16:14:22.728,0.0,-2.6111933153451123,2.6111933153451123,9500.0,0.0,0.0,0.0,1.0
16:14:22.749,0.0,-2.6111933153451123,2.6111933153451123,9500.0,0.0,0.0,0.0,1.0
16:14:22.768,0.0,-2.6111933153451123,2.6111933153451123,9500.0,0.0,0.0,0.0,1.0
16:14:22.788,0.0,-2.6111933153451123,2.6111933153451123,9500.0,0.0,0.0,0.0,1.0
16:14:22.808,0.0,-2.6111933153451123,2.6111933153451123,9500.0,0.0,0.0,0.0,1.0
16:14:22.828,0.0,-2.6111933153451123,2.6111933153451123,9500.0,0.0,0.0,0.0,1.0
16:14:22.848,0.0,-2.6111933153451123,2.6111933153451123,9500.0,0.0,0.0,0.0,1.0
16:14:22.868,0.0,-2.6111933153451123,2.6111933153451123,9500.0,0.0,0.0,0.0,1.0
16:14:22.888,0.0,-2.6111933153451123,2.6111933153451123,9500.0,0.0,0.0,0.0,1.0
16:14:22.908,0.0,-2.6111933153451123,2.6111933153451123,9500.0,0.0,0.0,0.0,1.0
16:14:22.929,0.0,-2.6111933153451123,2.6111933153451123,9500.0,0.0,0.0,0.0,1.0
16:14:22.949,0.0,-2.6111933153451123,2.6111933153451123,9500.0,0.0,0.0,0.0,1.0
16:14:22.968,0.0,-2.6111933153451123,2.6111933153451123,9500.0,0.0,0.0,0.0,1.0
16:14:22.988,0.0,-2.6111933153451123,2.6111933153451123,9500.0,0.0,0.0,0.0,1.0
16:14:23.009,0.0,-2.6111933153451123,2.6111933153451123,9500.0,0.0,0.0,0.0,1.0
16:14:23.028,0.0,-2.6111933153451123,2.6111933153451123,9500.0,0.0,0.0,0.0,1.0
16:14:23.049,0.0,-2.6111933153451123,2.6111933153451123,9500.0,0.0,0.0,0.0,1.0
16:14:23.068,0.0,-2.6111933153451123,2.6111933153451123,9500.0,0.0,0.0,0.0,1.0
16:14:23.088,0.0,-2.6111933153451123,2.6111933153451123,9500.0,0.0,0.0,0.0,1.0
16:14:23.109,0.0,-2.6111933153451123,2.6111933153451123,9500.0,0.0,0.0,0.0,1.0
16:14:23.129,0.0,-2.6111933153451123,2.6111933153451123,9500.0,0.0,0.0,0.0,1.0
16:14:23.149,0.0,-2.6111933153451123,2.6111933153451123,9500.0,0.0,0.0,0.0,1.0
16:14:23.168,0.0,-2.6111933153451123,2.6111933153451123,9500.0,0.0,0.0,0.0,1.0
16:14:23.188,0.0,-2.6111933153451123,2.6111933153451123,9500.0,0.0,0.0,0.0,1.0
16:14:23.209,0.0,-2.6111933153451123,2.6111933153451123,9500.0,0.0,0.0,0.0,1.0
16:14:23.229,0.0,-2.6111933153451123,2.6111933153451123,9500.0,0.0,0.0,0.0,1.0
16:14:23.248,0.0,-2.6111933153451123,2.6111933153451123,9500.0,0.0,0.0,0.0,1.0
16:14:23.269,0.0,-2.6111933153451123,2.6111933153451123,9500.0,0.0,0.0,0.0,1.0
16:14:23.288,0.0,-2.6111933153451123,2.6111933153451123,9500.0,0.0,0.0,0.0,1.0
16:14:23.309,0.0,-2.6111933153451123,2.6111933153451123,9500.0,0.0,0.0,0.0,1.0
16:14:23.329,0.0,-2.6111933153451123,2.6111933153451123,9500.0,0.0,0.0,0.0,1.0
16:14:23.349,0.0,-2.6111933153451123,2.6111933153451123,9500.0,0.0,0.0,0.0,1.0
16:14:23.368,0.0,-2.6111933153451123,2.6111933153451123,9500.0,0.0,0.0,0.0,1.0
16:14:23.388,0.0,-2.6111933153451123,2.6111933153451123,9500.0,0.0,0.0,0.0,1.0
16:14:23.408,0.0,-2.6111933153451123,2.6111933153451123,9500.0,0.0,0.0,0.0,1.0
16:14:23.429,0.0,-2.6111933153451123,2.6111933153451123,9500.0,0.0,0.0,0.0,1.0
16:14:23.449,0.0,-2.6111933153451123,2.6111933153451123,9500.0,0.0,0.0,0.0,1.0
16:14:23.469,0.0,-2.6111933153451123,2.6111933153451123,9500.0,0.0,0.0,0.0,1.0
16:14:23.488,0.0,-2.6111933153451123,2.6111933153451123,9500.0,0.0,0.0,0.0,1.0
16:14:23.509,0.0,-2.6111933153451123,2.6111933153451123,9500.0,0.0,0.0,0.0,1.0
16:14:23.529,0.0,-2.6111933153451123,2.6111933153451123,9500.0,0.0,0.0,0.0,1.0
16:14:23.549,0.0,-2.6111933153451123,2.6111933153451123,9500.0,0.0,0.0,0.0,1.0
16:14:23.568,0.0,-2.6111933153451123,2.6111933153451123,9500.0,0.0,0.0,0.0,1.0
16:14:23.588,0.0,-2.6111933153451123,2.6111933153451123,9500.0,0.0,0.0,0.0,1.0
16:14:23.609,0.0,-2.6111933153451123,2.6111933153451123,9500.0,0.0,0.0,0.0,1.0
16:14:23.629,0.0,-2.6111933153451123,2.6111933153451123,9500.0,0.0,0.0,0.0,1.0
16:14:23.649,0.0,-2.6111933153451123,2.6111933153451123,9500.0,0.0,0.0,0.0,1.0
16:14:23.669,0.0,-2.6111933153451123,2.6111933153451123,9500.0,0.0,0.0,0.0,1.0
16:14:23.688,0.0,-2.6111933153451123,2.6111933153451123,9500.0,0.0,0.0,0.0,1.0
16:14:23.709,0.0,-2.6111933153451123,2.6111933153451123,9500.0,0.0,0.0,0.0,1.0
16:14:23.728,0.0,-2.6111933153451123,2.6111933153451123,9500.0,0.0,0.0,0.0,1.0
16:14:23.748,0.0,-2.6111933153451123,2.6111933153451123,9500.0,0.0,0.0,0.0,1.0
16:14:23.768,0.0,-2.6111933153451123,2.6111933153451123,9500.0,0.0,0.0,0.0,1.0
16:14:23.788,0.0,-2.6111933153451123,2.6111933153451123,9500.0,0.0,0.0,0.0,1.0
16:14:23.808,0.0,-2.6111933153451123,2.6111933153451123,9500.0,0.0,0.0,0.0,1.0
16:14:23.829,0.0,-2.6111933153451123,2.6111933153451123,9500.0,0.0,0.0,0.0,1.0
16:14:23.849,0.0,-2.6111933153451123,2.6111933153451123,9500.0,0.0,0.0,0.0,1.0
16:14:23.869,0.0,-2.6111933153451123,2.6111933153451123,9500.0,0.0,0.0,0.0,1.0
16:14:23.888,0.0,-2.6111933153451123,2.6111933153451123,9500.0,0.0,0.0,0.0,1.0
16:14:23.908,0.0,-2.6111933153451123,2.6111933153451123,9500.0,0.0,0.0,0.0,1.0
16:14:23.929,0.0,-2.6111933153451123,2.6111933153451123,9500.0,0.0,0.0,0.0,1.0
16:14:23.949,0.0,-2.6111933153451123,2.6111933153451123,9500.0,0.0,0.0,0.0,1.0
16:14:23.969,0.0,-2.6111933153451123,2.6111933153451123,9500.0,0.0,0.0,0.0,1.0
16:14:23.988,0.0,-2.6111933153451123,2.6111933153451123,9500.0,0.0,0.0,0.0,1.0
16:14:24.009,0.0,-2.6111933153451123,2.6111933153451123,9500.0,0.0,0.0,0.0,1.0
16:14:24.028,0.0,-2.6111933153451123,2.6111933153451123,9500.0,0.0,0.0,0.0,1.0
16:14:24.049,0.0,-2.6111933153451123,2.6111933153451123,9500.0,0.0,0.0,0.0,1.0
16:14:24.068,0.0,-2.6111933153451123,2.6111933153451123,9500.0,0.0,0.0,0.0,1.0
16:14:24.088,0.0,-2.6111933153451123,2.6111933153451123,9500.0,0.0,0.0,0.0,1.0
16:14:24.109,0.0,-2.6111933153451123,2.6111933153451123,9500.0,0.0,0.0,0.0,1.0
16:14:24.128,0.0,-2.6111933153451123,2.6111933153451123,9500.0,0.0,0.0,0.0,1.0
16:14:24.148,0.0,-2.6111933153451123,2.6111933153451123,9500.0,0.0,0.0,0.0,1.0
16:14:24.169,0.0,-2.6111933153451123,2.6111933153451123,9500.0,0.0,0.0,0.0,1.0
16:14:24.189,0.0,-2.6111933153451123,2.6111933153451123,9500.0,0.0,0.0,0.0,1.0
16:14:24.208,0.0,-2.698233092523283,2.698233092523283,9500.0,0.0,0.0,0.0,1.0
16:14:24.229,0.0,-2.6111933153451123,2.6111933153451123,9500.0,0.0,0.0,0.0,1.0
16:14:24.249,0.0,-2.6111933153451123,2.6111933153451123,9500.0,0.0,0.0,0.0,1.0
16:14:24.268,0.0,-2.6111933153451123,2.6111933153451123,9500.0,0.0,0.0,0.0,1.0
16:14:24.288,0.0,-2.6111933153451123,2.6111933153451123,9500.0,0.0,0.0,0.0,1.0
16:14:24.308,0.0,-2.6111933153451123,2.6111933153451123,9500.0,0.0,0.0,0.0,1.0
16:14:24.329,0.0,-2.6111933153451123,2.6111933153451123,9500.0,0.0,0.0,0.0,1.0
16:14:24.349,0.0,-2.6111933153451123,2.6111933153451123,9500.0,0.0,0.0,0.0,1.0
16:14:24.368,0.0,-2.698233092523283,2.698233092523283,9500.0,0.0,0.0,0.0,1.0
16:14:24.388,0.0,-2.6111933153451123,2.6111933153451123,9500.0,0.0,0.0,0.0,1.0
16:14:24.409,0.0,-2.6111933153451123,2.6111933153451123,9500.0,0.0,0.0,0.0,1.0
16:14:24.429,0.0,-2.6111933153451123,2.6111933153451123,9500.0,0.0,0.0,0.0,1.0
16:14:24.449,0.0,-2.6111933153451123,2.6111933153451123,9500.0,0.0,0.0,0.0,1.0
16:14:24.468,0.0,-2.6111933153451123,2.6111933153451123,9500.0,0.0,0.0,0.0,1.0
16:14:24.488,0.0,-2.6111933153451123,2.6111933153451123,9500.0,0.0,0.0,0.0,1.0
16:14:24.508,0.0,-2.6111933153451123,2.6111933153451123,9500.0,0.0,0.0,0.0,1.0
16:14:24.529,0.0,-2.6111933153451123,2.6111933153451123,9500.0,0.0,0.0,0.0,1.0
16:14:24.549,0.0,-2.6111933153451123,2.6111933153451123,9500.0,0.0,0.0,0.0,1.0
16:14:24.569,0.0,-2.6111933153451123,2.6111933153451123,9500.0,0.0,0.0,0.0,1.0
16:14:24.588,0.0,-2.6111933153451123,2.6111933153451123,9500.0,0.0,0.0,0.0,1.0
16:14:24.608,0.0,-2.6111933153451123,2.6111933153451123,9500.0,0.0,0.0,0.0,1.0
16:14:24.629,0.0,-2.6111933153451123,2.6111933153451123,9500.0,0.0,0.0,0.0,1.0
16:14:24.649,0.0,-2.6111933153451123,2.6111933153451123,9500.0,0.0,0.0,0.0,1.0
16:14:24.669,0.0,-2.6111933153451123,2.6111933153451123,9500.0,0.0,0.0,0.0,1.0
16:14:24.688,0.0,-2.6111933153451123,2.6111933153451123,9500.0,0.0,0.0,0.0,1.0
16:14:24.708,0.0,-2.6111933153451123,2.6111933153451123,9500.0,0.0,0.0,0.0,1.0
16:14:24.728,0.0,-2.6111933153451123,2.6111933153451123,9500.0,0.0,0.0,0.0,1.0
16:14:24.749,0.0,-2.6111933153451123,2.6111933153451123,9500.0,0.0,0.0,0.0,1.0
16:14:24.769,0.0,-2.6111933153451123,2.6111933153451123,9500.0,0.0,0.0,0.0,1.0
16:14:24.788,0.0,-2.6111933153451123,2.6111933153451123,9500.0,0.0,0.0,0.0,1.0
16:14:24.808,0.0,-2.6111933153451123,2.6111933153451123,9500.0,0.0,0.0,0.0,1.0
16:14:24.828,0.0,-2.6111933153451123,2.6111933153451123,9500.0,0.0,0.0,0.0,1.0
16:14:24.849,0.0,-2.6111933153451123,2.6111933153451123,9500.0,0.0,0.0,0.0,1.0
16:14:24.869,0.0,-2.6111933153451123,2.6111933153451123,9500.0,0.0,0.0,0.0,1.0
16:14:24.888,0.0,-2.6111933153451123,2.6111933153451123,9500.0,0.0,0.0,0.0,1.0
16:14:24.909,0.0,-2.6111933153451123,2.6111933153451123,9500.0,0.0,0.0,0.0,1.0
16:14:24.928,0.0,-2.6111933153451123,2.6111933153451123,9500.0,0.0,0.0,0.0,1.0
16:14:24.949,0.0,-2.6111933153451123,2.6111933153451123,9500.0,0.0,0.0,0.0,1.0
16:14:24.969,0.0,-2.6111933153451123,2.6111933153451123,9500.0,0.0,0.0,0.0,1.0
16:14:24.988,0.0,-2.6111933153451123,2.6111933153451123,9500.0,0.0,0.0,0.0,1.0
16:14:25.008,0.0,-2.6111933153451123,2.6111933153451123,9500.0,0.0,0.0,0.0,1.0
16:14:25.028,0.0,-2.6111933153451123,2.6111933153451123,9500.0,0.0,0.0,0.0,1.0
16:14:25.048,0.0,-2.6111933153451123,2.6111933153451123,9500.0,0.0,0.0,0.0,1.0
16:14:25.069,0.0,-2.6111933153451123,2.6111933153451123,9500.0,0.0,0.0,0.0,1.0
16:14:25.088,0.0,-2.6111933153451123,2.6111933153451123,9500.0,0.0,0.0,0.0,1.0
16:14:25.108,0.0,-2.6111933153451123,2.6111933153451123,9500.0,0.0,0.0,0.0,1.0
16:14:25.129,0.0,-2.6111933153451123,2.6111933153451123,9500.0,0.0,0.0,0.0,1.0
16:14:25.149,0.0,-2.6111933153451123,2.6111933153451123,9500.0,0.0,0.0,0.0,1.0
16:14:25.169,0.0,-2.6111933153451123,2.6111933153451123,9500.0,0.0,0.0,0.0,1.0
16:14:25.189,0.0,-2.6111933153451123,2.6111933153451123,9500.0,0.0,0.0,0.0,1.0
16:14:25.209,0.0,-2.6111933153451123,2.6111933153451123,9500.0,0.0,0.0,0.0,1.0
16:14:25.228,0.0,-2.6111933153451123,2.6111933153451123,9500.0,0.0,0.0,0.0,1.0
16:14:25.248,0.0,-2.6111933153451123,2.6111933153451123,9500.0,0.0,0.0,0.0,1.0
16:14:25.269,0.0,-2.6111933153451123,2.6111933153451123,9500.0,0.0,0.0,0.0,1.0
16:14:25.288,0.0,-2.6111933153451123,2.6111933153451123,9500.0,0.0,0.0,0.0,1.0
16:14:25.309,0.0,-2.6111933153451123,2.6111933153451123,9500.0,0.0,0.0,0.0,1.0
16:14:25.328,0.0,-2.6111933153451123,2.6111933153451123,9500.0,0.0,0.0,0.0,1.0
16:14:25.349,0.0,-2.6111933153451123,2.6111933153451123,9500.0,0.0,0.0,0.0,1.0
16:14:25.369,0.0,-2.6111933153451123,2.6111933153451123,9500.0,0.0,0.0,0.0,1.0
16:14:25.388,0.0,-2.6111933153451123,2.6111933153451123,9500.0,0.0,0.0,0.0,1.0
16:14:25.409,0.0,-2.6111933153451123,2.6111933153451123,9500.0,0.0,0.0,0.0,1.0
16:14:25.428,0.0,-2.6111933153451123,2.6111933153451123,9500.0,0.0,0.0,0.0,1.0
16:14:25.448,0.0,-2.6111933153451123,2.6111933153451123,9500.0,0.0,0.0,0.0,1.0
16:14:25.469,0.0,-2.6111933153451123,2.6111933153451123,9500.0,0.0,0.0,0.0,1.0
16:14:25.489,0.0,-2.6111933153451123,2.6111933153451123,9500.0,0.0,0.0,0.0,1.0
16:14:25.508,0.0,-2.6111933153451123,2.6111933153451123,9500.0,0.0,0.0,0.0,1.0
16:14:25.529,0.0,-2.698233092523283,2.698233092523283,9500.0,0.0,0.0,0.0,1.0
16:14:25.548,0.0,-2.6111933153451123,2.6111933153451123,9500.0,0.0,0.0,0.0,1.0
16:14:25.568,0.0,-2.6111933153451123,2.6111933153451123,9500.0,0.0,0.0,0.0,1.0
16:14:25.588,0.0,-2.698233092523283,2.698233092523283,9500.0,0.0,0.0,0.0,1.0
16:14:25.608,0.0,-2.6111933153451123,2.6111933153451123,9500.0,0.0,0.0,0.0,1.0
16:14:25.628,0.0,-2.6111933153451123,2.6111933153451123,9500.0,0.0,0.0,0.0,1.0
16:14:25.648,0.0,-2.6111933153451123,2.6111933153451123,9500.0,0.0,0.0,0.0,1.0
16:14:25.668,0.0,-2.6111933153451123,2.6111933153451123,9500.0,0.0,0.0,0.0,1.0
16:14:25.688,0.0,-2.6111933153451123,2.6111933153451123,9500.0,0.0,0.0,0.0,1.0
16:14:25.708,0.0,-2.6111933153451123,2.6111933153451123,9500.0,0.0,0.0,0.0,1.0
16:14:25.728,0.0,-2.6111933153451123,2.6111933153451123,9500.0,0.0,0.0,0.0,1.0
16:14:25.749,0.0,-2.6111933153451123,2.6111933153451123,9500.0,0.0,0.0,0.0,1.0
16:14:25.768,0.0,-2.6111933153451123,2.6111933153451123,9500.0,0.0,0.0,0.0,1.0
16:14:25.788,0.0,-2.6111933153451123,2.6111933153451123,9500.0,0.0,0.0,0.0,1.0
16:14:25.809,0.0,-2.6111933153451123,2.6111933153451123,9500.0,0.0,0.0,0.0,1.0
16:14:25.828,0.0,-2.6111933153451123,2.6111933153451123,9500.0,0.0,0.0,0.0,1.0
16:14:25.848,0.0,-2.6111933153451123,2.6111933153451123,9500.0,0.0,0.0,0.0,1.0
16:14:25.868,0.0,-2.6111933153451123,2.6111933153451123,9500.0,0.0,0.0,0.0,1.0
16:14:25.888,0.0,-2.698233092523283,2.698233092523283,9500.0,0.0,0.0,0.0,1.0
16:14:25.909,0.0,-2.6111933153451123,2.6111933153451123,9500.0,0.0,0.0,0.0,1.0
16:14:25.929,0.0,-2.6111933153451123,2.6111933153451123,9500.0,0.0,0.0,0.0,1.0
16:14:25.948,0.0,-2.6111933153451123,2.6111933153451123,9500.0,0.0,0.0,0.0,1.0
16:14:25.968,0.0,-2.6111933153451123,2.6111933153451123,9500.0,0.0,0.0,0.0,1.0
16:14:25.988,0.0,-2.6111933153451123,2.6111933153451123,9500.0,0.0,0.0,0.0,1.0
16:14:26.008,0.0,-2.698233092523283,2.698233092523283,9500.0,0.0,0.0,0.0,1.0
16:14:26.028,0.0,-2.6111933153451123,2.6111933153451123,9500.0,0.0,0.0,0.0,1.0
16:14:26.048,0.0,-2.698233092523283,2.698233092523283,9500.0,0.0,0.0,0.0,1.0
16:14:26.068,0.0,-2.6111933153451123,2.6111933153451123,9500.0,0.0,0.0,0.0,1.0
16:14:26.088,0.0,-2.6111933153451123,2.6111933153451123,9500.0,0.0,0.0,0.0,1.0
16:14:26.108,0.0,-2.698233092523283,2.698233092523283,9500.0,0.0,0.0,0.0,1.0
16:14:26.128,0.0,-2.6111933153451123,2.6111933153451123,9500.0,0.0,0.0,0.0,1.0
16:14:26.149,0.0,-2.6111933153451123,2.6111933153451123,9500.0,0.0,0.0,0.0,1.0
16:14:26.168,0.0,-2.6111933153451123,2.6111933153451123,9500.0,0.0,0.0,0.0,1.0
16:14:26.188,0.0,-2.6111933153451123,2.6111933153451123,9500.0,0.0,0.0,0.0,1.0
16:14:26.208,0.0,-2.698233092523283,2.698233092523283,9500.0,0.0,0.0,0.0,1.0
16:14:26.228,0.0,-2.6111933153451123,2.6111933153451123,9500.0,0.0,0.0,0.0,1.0
16:14:26.248,0.0,-2.698233092523283,2.698233092523283,9500.0,0.0,0.0,0.0,1.0
16:14:26.268,0.0,-2.6111933153451123,2.6111933153451123,9500.0,0.0,0.0,0.0,1.0
16:14:26.288,0.0,-2.6111933153451123,2.6111933153451123,9500.0,0.0,0.0,0.0,1.0
16:14:26.308,0.0,-2.698233092523283,2.698233092523283,9500.0,0.0,0.0,0.0,1.0
16:14:26.328,0.0,-2.698233092523283,2.698233092523283,9500.0,0.0,0.0,0.0,1.0
16:14:26.349,0.0,-2.6111933153451123,2.6111933153451123,9500.0,0.0,0.0,0.0,1.0
16:14:26.368,0.0,-2.698233092523283,2.698233092523283,9500.0,0.0,0.0,0.0,1.0
16:14:26.388,0.0,-2.6111933153451123,2.6111933153451123,9500.0,0.0,0.0,0.0,1.0
16:14:26.409,0.0,-2.6111933153451123,2.6111933153451123,9500.0,0.0,0.0,0.0,1.0
16:14:26.429,0.0,-2.6111933153451123,2.6111933153451123,9500.0,0.0,0.0,0.0,1.0
16:14:26.448,0.0,-2.6111933153451123,2.6111933153451123,9500.0,0.0,0.0,0.0,1.0
16:14:26.469,0.0,-2.6111933153451123,2.6111933153451123,9500.0,0.0,0.0,0.0,1.0
16:14:26.488,0.0,-2.6111933153451123,2.6111933153451123,9500.0,0.0,0.0,0.0,1.0
16:14:26.509,0.0,-2.6111933153451123,2.6111933153451123,9500.0,0.0,0.0,0.0,1.0
16:14:26.528,0.0,-2.6111933153451123,2.6111933153451123,9500.0,0.0,0.0,0.0,1.0
16:14:26.548,0.0,-2.6111933153451123,2.6111933153451123,9500.0,0.0,0.0,0.0,1.0
16:14:26.568,0.0,-2.6111933153451123,2.6111933153451123,9500.0,0.0,0.0,0.0,1.0
16:14:26.588,0.0,-2.6111933153451123,2.6111933153451123,9500.0,0.0,0.0,0.0,1.0
16:14:26.609,0.0,-2.6111933153451123,2.6111933153451123,9500.0,0.0,0.0,0.0,1.0
16:14:26.628,0.0,-2.6111933153451123,2.6111933153451123,9500.0,0.0,0.0,0.0,1.0
16:14:26.648,0.0,-2.6111933153451123,2.6111933153451123,9500.0,0.0,0.0,0.0,1.0
16:14:26.668,0.0,-2.6111933153451123,2.6111933153451123,9500.0,0.0,0.0,0.0,1.0
16:14:26.688,0.0,-2.6111933153451123,2.6111933153451123,9500.0,0.0,0.0,0.0,1.0
16:14:26.708,0.0,-2.6111933153451123,2.6111933153451123,9500.0,0.0,0.0,0.0,1.0
16:14:26.728,0.0,-2.6111933153451123,2.6111933153451123,9500.0,0.0,0.0,0.0,1.0
16:14:26.748,0.0,-2.6111933153451123,2.6111933153451123,9500.0,0.0,0.0,0.0,1.0
16:14:26.769,0.0,-2.6111933153451123,2.6111933153451123,9500.0,0.0,0.0,0.0,1.0
16:14:26.788,0.0,-2.6111933153451123,2.6111933153451123,9500.0,0.0,0.0,0.0,1.0
16:14:26.808,0.0,-2.6111933153451123,2.6111933153451123,9500.0,0.0,0.0,0.0,1.0
16:14:26.828,0.0,-2.6111933153451123,2.6111933153451123,9500.0,0.0,0.0,0.0,1.0
16:14:26.848,0.0,-2.6111933153451123,2.6111933153451123,9500.0,0.0,0.0,0.0,1.0
16:14:26.868,0.0,-2.6111933153451123,2.6111933153451123,9500.0,0.0,0.0,0.0,1.0
16:14:26.888,0.0,-2.6111933153451123,2.6111933153451123,9500.0,0.0,0.0,0.0,1.0
16:14:26.909,0.0,-2.6111933153451123,2.6111933153451123,9500.0,0.0,0.0,0.0,1.0
16:14:26.928,0.0,-2.6111933153451123,2.6111933153451123,9500.0,0.0,0.0,0.0,1.0
16:14:26.948,0.0,-2.6111933153451123,2.6111933153451123,9500.0,0.0,0.0,0.0,1.0
16:14:26.968,0.0,-2.6111933153451123,2.6111933153451123,9500.0,0.0,0.0,0.0,1.0
16:14:26.988,0.0,-2.6111933153451123,2.6111933153451123,9500.0,0.0,0.0,0.0,1.0
16:14:27.008,0.0,-2.6111933153451123,2.6111933153451123,9500.0,0.0,0.0,0.0,1.0
16:14:27.028,0.0,-2.6111933153451123,2.6111933153451123,9500.0,0.0,0.0,0.0,1.0
16:14:27.048,0.0,-2.6111933153451123,2.6111933153451123,9500.0,0.0,0.0,0.0,1.0
16:14:27.068,0.0,-2.6111933153451123,2.6111933153451123,9500.0,0.0,0.0,0.0,1.0
16:14:27.088,0.0,-2.6111933153451123,2.6111933153451123,9500.0,0.0,0.0,0.0,1.0
16:14:27.108,0.0,-2.6111933153451123,2.6111933153451123,9500.0,0.0,0.0,0.0,1.0
16:14:27.128,0.0,-2.6111933153451123,2.6111933153451123,9500.0,0.0,0.0,0.0,1.0
16:14:27.148,0.0,-2.6111933153451123,2.6111933153451123,9500.0,0.0,0.0,0.0,1.0
16:14:27.168,0.0,-2.6111933153451123,2.6111933153451123,9500.0,0.0,0.0,0.0,1.0
16:14:27.188,0.0,-2.6111933153451123,2.6111933153451123,9500.0,0.0,0.0,0.0,1.0
16:14:27.209,0.0,-2.6111933153451123,2.6111933153451123,9500.0,0.0,0.0,0.0,1.0
16:14:27.228,0.0,-2.6111933153451123,2.6111933153451123,9500.0,0.0,0.0,0.0,1.0
16:14:27.248,0.0,-2.6111933153451123,2.6111933153451123,9500.0,0.0,0.0,0.0,1.0
16:14:27.268,0.0,-2.6111933153451123,2.6111933153451123,9500.0,0.0,0.0,0.0,1.0
16:14:27.288,0.0,-2.6111933153451123,2.6111933153451123,9500.0,0.0,0.0,0.0,1.0
16:14:27.309,0.0,-2.6111933153451123,2.6111933153451123,9500.0,0.0,0.0,0.0,1.0
16:14:27.328,0.0,-2.6111933153451123,2.6111933153451123,9500.0,0.0,0.0,0.0,1.0
16:14:27.349,0.0,-2.6111933153451123,2.6111933153451123,9500.0,0.0,0.0,0.0,1.0
16:14:27.368,0.0,-2.6111933153451123,2.6111933153451123,9500.0,0.0,0.0,0.0,1.0
16:14:27.388,0.0,-2.6111933153451123,2.6111933153451123,9500.0,0.0,0.0,0.0,1.0
16:14:27.409,0.0,-2.6111933153451123,2.6111933153451123,9500.0,0.0,0.0,0.0,1.0
16:14:27.428,0.0,-2.6111933153451123,2.6111933153451123,9500.0,0.0,0.0,0.0,1.0
16:14:27.449,0.0,-2.6111933153451123,2.6111933153451123,9500.0,0.0,0.0,0.0,1.0
16:14:27.469,0.0,-2.698233092523283,2.698233092523283,9500.0,0.0,0.0,0.0,1.0
16:14:27.488,0.0,-2.6111933153451123,2.6111933153451123,9500.0,0.0,0.0,0.0,1.0
16:14:27.509,0.0,-2.6111933153451123,2.6111933153451123,9500.0,0.0,0.0,0.0,1.0
16:14:27.528,0.0,-2.6111933153451123,2.6111933153451123,9500.0,0.0,0.0,0.0,1.0
16:14:27.549,0.0,-2.698233092523283,2.698233092523283,9500.0,0.0,0.0,0.0,1.0
16:14:27.569,0.0,-2.698233092523283,2.698233092523283,9500.0,0.0,0.0,0.0,1.0
16:14:27.588,0.0,-2.6111933153451123,2.6111933153451123,9500.0,0.0,0.0,0.0,1.0
16:14:27.608,0.0,-2.698233092523283,2.698233092523283,9500.0,0.0,0.0,0.0,1.0
16:14:27.628,0.0,-2.698233092523283,2.698233092523283,9500.0,0.0,0.0,0.0,1.0
16:14:27.649,0.0,-2.698233092523283,2.698233092523283,9500.0,0.0,0.0,0.0,1.0
16:14:27.669,0.0,-2.6111933153451123,2.6111933153451123,9500.0,0.0,0.0,0.0,1.0
16:14:27.688,0.0,-2.6111933153451123,2.6111933153451123,9500.0,0.0,0.0,0.0,1.0
16:14:27.709,0.0,-2.6111933153451123,2.6111933153451123,9500.0,0.0,0.0,0.0,1.0
16:14:27.728,0.0,-2.6111933153451123,2.6111933153451123,9500.0,0.0,0.0,0.0,1.0
16:14:27.748,0.0,-2.6111933153451123,2.6111933153451123,9500.0,0.0,0.0,0.0,1.0
16:14:27.769,0.0,-2.6111933153451123,2.6111933153451123,9500.0,0.0,0.0,0.0,1.0
16:14:27.788,0.0,-2.6111933153451123,2.6111933153451123,9500.0,0.0,0.0,0.0,1.0
16:14:27.808,0.0,-2.6111933153451123,2.6111933153451123,9500.0,0.0,0.0,0.0,1.0
16:14:27.828,0.0,-2.6111933153451123,2.6111933153451123,9500.0,0.0,0.0,0.0,1.0
16:14:27.849,0.0,-2.6111933153451123,2.6111933153451123,9500.0,0.0,0.0,0.0,1.0
16:14:27.868,0.0,-2.6111933153451123,2.6111933153451123,9500.0,0.0,0.0,0.0,1.0
16:14:27.888,0.0,-2.6111933153451123,2.6111933153451123,9500.0,0.0,0.0,0.0,1.0
16:14:27.908,0.0,-2.6111933153451123,2.6111933153451123,9500.0,0.0,0.0,0.0,1.0
16:14:27.928,0.0,-2.6111933153451123,2.6111933153451123,9500.0,0.0,0.0,0.0,1.0
16:14:27.948,0.0,-2.6111933153451123,2.6111933153451123,9500.0,0.0,0.0,0.0,1.0
16:14:27.968,0.0,-2.6111933153451123,2.6111933153451123,9500.0,0.0,0.0,0.0,1.0
16:14:27.988,0.0,-2.6111933153451123,2.6111933153451123,9500.0,0.0,0.0,0.0,1.0
16:14:28.009,0.0,-2.6111933153451123,2.6111933153451123,9500.0,0.0,0.0,0.0,1.0
16:14:28.028,0.0,-2.6111933153451123,2.6111933153451123,9500.0,0.0,0.0,0.0,1.0
16:14:28.048,0.0,-2.6111933153451123,2.6111933153451123,9500.0,0.0,0.0,0.0,1.0
16:14:28.069,0.0,-2.6111933153451123,2.6111933153451123,9500.0,0.0,0.0,0.0,1.0
16:14:28.088,0.0,-2.6111933153451123,2.6111933153451123,9500.0,0.0,0.0,0.0,1.0
16:14:28.108,0.0,-2.6111933153451123,2.6111933153451123,9500.0,0.0,0.0,0.0,1.0
16:14:28.128,0.0,-2.6111933153451123,2.6111933153451123,9500.0,0.0,0.0,0.0,1.0
16:14:28.149,0.0,-2.6111933153451123,2.6111933153451123,9500.0,0.0,0.0,0.0,1.0
16:14:28.168,0.0,-2.6111933153451123,2.6111933153451123,9500.0,0.0,0.0,0.0,1.0
16:14:28.188,0.0,-2.6111933153451123,2.6111933153451123,9500.0,0.0,0.0,0.0,1.0
16:14:28.208,0.0,-2.6111933153451123,2.6111933153451123,9500.0,0.0,0.0,0.0,1.0
16:14:28.228,0.0,-2.6111933153451123,2.6111933153451123,9500.0,0.0,0.0,0.0,1.0
16:14:28.248,0.0,-2.6111933153451123,2.6111933153451123,9500.0,0.0,0.0,0.0,1.0
16:14:28.269,0.0,-2.6111933153451123,2.6111933153451123,9500.0,0.0,0.0,0.0,1.0
16:14:28.288,0.0,-2.6111933153451123,2.6111933153451123,9500.0,0.0,0.0,0.0,1.0
16:14:28.308,0.0,-2.6111933153451123,2.6111933153451123,9500.0,0.0,0.0,0.0,1.0
16:14:28.328,0.0,-2.6111933153451123,2.6111933153451123,9500.0,0.0,0.0,0.0,1.0
16:14:28.349,0.0,-2.6111933153451123,2.6111933153451123,9500.0,0.0,0.0,0.0,1.0
16:14:28.369,0.0,-2.6111933153451123,2.6111933153451123,9500.0,0.0,0.0,0.0,1.0
16:14:28.389,0.0,-2.6111933153451123,2.6111933153451123,9500.0,0.0,0.0,0.0,1.0
16:14:28.408,0.0,-2.6111933153451123,2.6111933153451123,9500.0,0.0,0.0,0.0,1.0
16:14:28.429,0.0,-2.6111933153451123,2.6111933153451123,9500.0,0.0,0.0,0.0,1.0
16:14:28.449,0.0,-2.6111933153451123,2.6111933153451123,9500.0,0.0,0.0,0.0,1.0
16:14:28.468,0.0,-2.6111933153451123,2.6111933153451123,9500.0,0.0,0.0,0.0,1.0
16:14:28.488,0.0,-2.6111933153451123,2.6111933153451123,9500.0,0.0,0.0,0.0,1.0
16:14:28.508,0.0,-2.6111933153451123,2.6111933153451123,9500.0,0.0,0.0,0.0,1.0
16:14:28.528,0.0,-2.6111933153451123,2.6111933153451123,9500.0,0.0,0.0,0.0,1.0
16:14:28.549,0.0,-2.6111933153451123,2.6111933153451123,9500.0,0.0,0.0,0.0,1.0
16:14:28.569,0.0,-2.6111933153451123,2.6111933153451123,9500.0,0.0,0.0,0.0,1.0
16:14:28.588,0.0,-2.6111933153451123,2.6111933153451123,9500.0,0.0,0.0,0.0,1.0
16:14:28.609,0.0,-2.6111933153451123,2.6111933153451123,9500.0,0.0,0.0,0.0,1.0
16:14:28.629,0.0,-2.6111933153451123,2.6111933153451123,9500.0,0.0,0.0,0.0,1.0
16:14:28.649,0.0,-2.6111933153451123,2.6111933153451123,9500.0,0.0,0.0,0.0,1.0
16:14:28.669,0.0,-2.6111933153451123,2.6111933153451123,9500.0,0.0,0.0,0.0,1.0
16:14:28.688,0.0,-2.6111933153451123,2.6111933153451123,9500.0,0.0,0.0,0.0,1.0
16:14:28.708,0.0,-2.6111933153451123,2.6111933153451123,9500.0,0.0,0.0,0.0,1.0
16:14:28.728,0.0,-2.6111933153451123,2.6111933153451123,9500.0,0.0,0.0,0.0,1.0
16:14:28.748,0.0,-2.6111933153451123,2.6111933153451123,9500.0,0.0,0.0,0.0,1.0
16:14:28.768,0.0,-2.6111933153451123,2.6111933153451123,9500.0,0.0,0.0,0.0,1.0
16:14:28.789,0.0,-2.6111933153451123,2.6111933153451123,9500.0,0.0,0.0,0.0,1.0
16:14:28.808,0.0,-2.6111933153451123,2.6111933153451123,9500.0,0.0,0.0,0.0,1.0
16:14:28.828,0.0,-2.6111933153451123,2.6111933153451123,9500.0,0.0,0.0,0.0,1.0
16:14:28.848,0.0,-2.6111933153451123,2.6111933153451123,9500.0,0.0,0.0,0.0,1.0
16:14:28.868,0.0,-2.6111933153451123,2.6111933153451123,9500.0,0.0,0.0,0.0,1.0
16:14:28.888,0.0,-2.6111933153451123,2.6111933153451123,9500.0,0.0,0.0,0.0,1.0
16:14:28.909,0.0,-2.6111933153451123,2.6111933153451123,9500.0,0.0,0.0,0.0,1.0
16:14:28.929,0.0,-2.6111933153451123,2.6111933153451123,9500.0,0.0,0.0,0.0,1.0
16:14:28.949,0.0,-2.6111933153451123,2.6111933153451123,9500.0,0.0,0.0,0.0,1.0
16:14:28.968,0.0,-2.6111933153451123,2.6111933153451123,9500.0,0.0,0.0,0.0,1.0
16:14:28.988,0.0,-2.6111933153451123,2.6111933153451123,9500.0,0.0,0.0,0.0,1.0
16:14:29.008,0.0,-2.6111933153451123,2.6111933153451123,9500.0,0.0,0.0,0.0,1.0
16:14:29.028,0.0,-2.6111933153451123,2.6111933153451123,9500.0,0.0,0.0,0.0,1.0
16:14:29.049,0.0,-2.6111933153451123,2.6111933153451123,9500.0,0.0,0.0,0.0,1.0
16:14:29.068,0.0,-2.6111933153451123,2.6111933153451123,9500.0,0.0,0.0,0.0,1.0
16:14:29.088,0.0,-2.6111933153451123,2.6111933153451123,9500.0,0.0,0.0,0.0,1.0
16:14:29.108,0.0,-2.6111933153451123,2.6111933153451123,9500.0,0.0,0.0,0.0,1.0
16:14:29.128,0.0,-2.6111933153451123,2.6111933153451123,9500.0,0.0,0.0,0.0,1.0
16:14:29.148,0.0,-2.6111933153451123,2.6111933153451123,9500.0,0.0,0.0,0.0,1.0
16:14:29.168,0.0,-2.6111933153451123,2.6111933153451123,9500.0,0.0,0.0,0.0,1.0
16:14:29.188,0.0,-2.6111933153451123,2.6111933153451123,9500.0,0.0,0.0,0.0,1.0
16:14:29.209,0.0,-2.6111933153451123,2.6111933153451123,9500.0,0.0,0.0,0.0,1.0
16:14:29.228,0.0,-2.6111933153451123,2.6111933153451123,9500.0,0.0,0.0,0.0,1.0
16:14:29.249,0.0,-2.6111933153451123,2.6111933153451123,9500.0,0.0,0.0,0.0,1.0
16:14:29.269,0.0,-2.6111933153451123,2.6111933153451123,9500.0,0.0,0.0,0.0,1.0
16:14:29.289,0.0,-2.6111933153451123,2.6111933153451123,9500.0,0.0,0.0,0.0,1.0
16:14:29.309,0.0,-2.6111933153451123,2.6111933153451123,9500.0,0.0,0.0,0.0,1.0
16:14:29.329,0.0,-2.6111933153451123,2.6111933153451123,9500.0,0.0,0.0,0.0,1.0
16:14:29.348,0.0,-2.6111933153451123,2.6111933153451123,9500.0,0.0,0.0,0.0,1.0
16:14:29.368,0.0,-2.6111933153451123,2.6111933153451123,9500.0,0.0,0.0,0.0,1.0
16:14:29.388,0.0,-2.6111933153451123,2.6111933153451123,9500.0,0.0,0.0,0.0,1.0
16:14:29.408,0.0,-2.6111933153451123,2.6111933153451123,9500.0,0.0,0.0,0.0,1.0
16:14:29.429,0.0,-2.6111933153451123,2.6111933153451123,9500.0,0.0,0.0,0.0,1.0
16:14:29.448,0.0,-2.6111933153451123,2.6111933153451123,9500.0,0.0,0.0,0.0,1.0
16:14:29.469,0.0,-2.6111933153451123,2.6111933153451123,9500.0,0.0,0.0,0.0,1.0
16:14:29.488,0.0,-2.6111933153451123,2.6111933153451123,9500.0,0.0,0.0,0.0,1.0
16:14:29.509,0.0,-2.6111933153451123,2.6111933153451123,9500.0,0.0,0.0,0.0,1.0
16:14:29.529,0.0,-2.6111933153451123,2.6111933153451123,9500.0,0.0,0.0,0.0,1.0
16:14:29.548,0.0,-2.6111933153451123,2.6111933153451123,9500.0,0.0,0.0,0.0,1.0
16:14:29.568,0.0,-2.6111933153451123,2.6111933153451123,9500.0,0.0,0.0,0.0,1.0
16:14:29.588,0.0,-2.6111933153451123,2.6111933153451123,9500.0,0.0,0.0,0.0,1.0
16:14:29.608,0.0,-2.6111933153451123,2.6111933153451123,9500.0,0.0,0.0,0.0,1.0
16:14:29.629,0.0,-2.6111933153451123,2.6111933153451123,9500.0,0.0,0.0,0.0,1.0
16:14:29.649,0.0,-2.6111933153451123,2.6111933153451123,9500.0,0.0,0.0,0.0,1.0
16:14:29.669,0.0,-2.6111933153451123,2.6111933153451123,9500.0,0.0,0.0,0.0,1.0
16:14:29.688,0.0,-2.6111933153451123,2.6111933153451123,9500.0,0.0,0.0,0.0,1.0
16:14:29.709,0.0,-2.6111933153451123,2.6111933153451123,9500.0,0.0,0.0,0.0,1.0
16:14:29.728,0.0,-2.6111933153451123,2.6111933153451123,9500.0,0.0,0.0,0.0,1.0
16:14:29.749,0.0,-2.6111933153451123,2.6111933153451123,9500.0,0.0,0.0,0.0,1.0
16:14:29.769,0.0,-2.6111933153451123,2.6111933153451123,9500.0,0.0,0.0,0.0,1.0
16:14:29.789,0.0,-2.6111933153451123,2.6111933153451123,9500.0,0.0,0.0,0.0,1.0
16:14:29.808,0.0,-2.6111933153451123,2.6111933153451123,9500.0,0.0,0.0,0.0,1.0
16:14:29.829,0.0,-2.6111933153451123,2.6111933153451123,9500.0,0.0,0.0,0.0,1.0
16:14:29.849,0.0,-2.6111933153451123,2.6111933153451123,9500.0,0.0,0.0,0.0,1.0
16:14:29.868,0.0,-2.6111933153451123,2.6111933153451123,9500.0,0.0,0.0,0.0,1.0
16:14:29.888,0.0,-2.6111933153451123,2.6111933153451123,9500.0,0.0,0.0,0.0,1.0
16:14:29.909,0.0,-2.6111933153451123,2.6111933153451123,9500.0,0.0,0.0,0.0,1.0
16:14:29.928,0.0,-2.6111933153451123,2.6111933153451123,9500.0,0.0,0.0,0.0,1.0
16:14:29.949,0.0,-2.6111933153451123,2.6111933153451123,9500.0,0.0,0.0,0.0,1.0
16:14:29.968,0.0,-2.6111933153451123,2.6111933153451123,9500.0,0.0,0.0,0.0,1.0
16:14:29.989,0.0,-2.6111933153451123,2.6111933153451123,9500.0,0.0,0.0,0.0,1.0
16:14:30.009,0.0,-2.6111933153451123,2.6111933153451123,9500.0,0.0,0.0,0.0,1.0
16:14:30.028,0.0,-2.6111933153451123,2.6111933153451123,9500.0,0.0,0.0,0.0,1.0
16:14:30.048,0.0,-2.6111933153451123,2.6111933153451123,9500.0,0.0,0.0,0.0,1.0
16:14:30.069,0.0,-2.6111933153451123,2.6111933153451123,9500.0,0.0,0.0,0.0,1.0
16:14:30.088,0.0,-2.6111933153451123,2.6111933153451123,9500.0,0.0,0.0,0.0,1.0
16:14:30.109,0.0,-2.6111933153451123,2.6111933153451123,9500.0,0.0,0.0,0.0,1.0
16:14:30.129,0.0,-2.6111933153451123,2.6111933153451123,9500.0,0.0,0.0,0.0,1.0
16:14:30.148,0.0,-2.6111933153451123,2.6111933153451123,9500.0,0.0,0.0,0.0,1.0
16:14:30.169,0.0,-2.6111933153451123,2.6111933153451123,9500.0,0.0,0.0,0.0,1.0
16:14:30.188,0.0,-2.6111933153451123,2.6111933153451123,9500.0,0.0,0.0,0.0,1.0
16:14:30.208,0.0,-2.6111933153451123,2.6111933153451123,9500.0,0.0,0.0,0.0,1.0
16:14:30.229,0.0,-2.6111933153451123,2.6111933153451123,9500.0,0.0,0.0,0.0,1.0
16:14:30.249,0.0,-2.6111933153451123,2.6111933153451123,9500.0,0.0,0.0,0.0,1.0
16:14:30.268,0.0,-2.6111933153451123,2.6111933153451123,9500.0,0.0,0.0,0.0,1.0
16:14:30.288,0.0,-2.6111933153451123,2.6111933153451123,9500.0,0.0,0.0,0.0,1.0
16:14:30.308,0.0,-2.6111933153451123,2.6111933153451123,9500.0,0.0,0.0,0.0,1.0
16:14:30.329,0.0,-2.6111933153451123,2.6111933153451123,9500.0,0.0,0.0,0.0,1.0
16:14:30.349,0.0,-2.6111933153451123,2.6111933153451123,9500.0,0.0,0.0,0.0,1.0
16:14:30.368,0.0,-2.6111933153451123,2.6111933153451123,9500.0,0.0,0.0,0.0,1.0
16:14:30.388,0.0,-2.6111933153451123,2.6111933153451123,9500.0,0.0,0.0,0.0,1.0
16:14:30.409,0.0,-2.6111933153451123,2.6111933153451123,9500.0,0.0,0.0,0.0,1.0
16:14:30.428,0.0,-2.6111933153451123,2.6111933153451123,9500.0,0.0,0.0,0.0,1.0
16:14:30.449,0.0,-2.6111933153451123,2.6111933153451123,9500.0,0.0,0.0,0.0,1.0
16:14:30.469,0.0,-2.6111933153451123,2.6111933153451123,9500.0,0.0,0.0,0.0,1.0
16:14:30.488,0.0,-2.6111933153451123,2.6111933153451123,9500.0,0.0,0.0,0.0,1.0
16:14:30.509,0.0,-2.6111933153451123,2.6111933153451123,9500.0,0.0,0.0,0.0,1.0
16:14:30.528,0.0,-2.6111933153451123,2.6111933153451123,9500.0,0.0,0.0,0.0,1.0
16:14:30.549,0.0,-2.6111933153451123,2.6111933153451123,9500.0,0.0,0.0,0.0,1.0
16:14:30.568,0.0,-2.6111933153451123,2.6111933153451123,9500.0,0.0,0.0,0.0,1.0
16:14:30.588,0.0,-2.6111933153451123,2.6111933153451123,9500.0,0.0,0.0,0.0,1.0
16:14:30.608,0.0,-2.6111933153451123,2.6111933153451123,9500.0,0.0,0.0,0.0,1.0
16:14:30.628,0.0,-2.6111933153451123,2.6111933153451123,9500.0,0.0,0.0,0.0,1.0
16:14:30.648,0.0,-2.6111933153451123,2.6111933153451123,9500.0,0.0,0.0,0.0,1.0
16:14:30.668,0.0,-2.6111933153451123,2.6111933153451123,9500.0,0.0,0.0,0.0,1.0
16:14:30.688,0.0,-2.6111933153451123,2.6111933153451123,9500.0,0.0,0.0,0.0,1.0
16:14:30.708,0.0,-2.6111933153451123,2.6111933153451123,9500.0,0.0,0.0,0.0,1.0
16:14:30.728,0.0,-2.6111933153451123,2.6111933153451123,9500.0,0.0,0.0,0.0,1.0
16:14:30.748,0.0,-2.6111933153451123,2.6111933153451123,9500.0,0.0,0.0,0.0,1.0
16:14:30.768,0.0,-2.6111933153451123,2.6111933153451123,9500.0,0.0,0.0,0.0,1.0
16:14:30.788,0.0,-2.6111933153451123,2.6111933153451123,9500.0,0.0,0.0,0.0,1.0
16:14:30.808,0.0,-2.6111933153451123,2.6111933153451123,9500.0,0.0,0.0,0.0,1.0
16:14:30.828,0.0,-2.6111933153451123,2.6111933153451123,9500.0,0.0,0.0,0.0,1.0
16:14:30.849,0.0,-2.6111933153451123,2.6111933153451123,9500.0,0.0,0.0,0.0,1.0
16:14:30.868,0.0,-2.6111933153451123,2.6111933153451123,9500.0,0.0,0.0,0.0,1.0
16:14:30.888,0.0,-2.6111933153451123,2.6111933153451123,9500.0,0.0,0.0,0.0,1.0
16:14:30.909,0.0,-2.6111933153451123,2.6111933153451123,9500.0,0.0,0.0,0.0,1.0
16:14:30.928,0.0,-2.6111933153451123,2.6111933153451123,9500.0,0.0,0.0,0.0,1.0
16:14:30.948,0.0,-2.6111933153451123,2.6111933153451123,9500.0,0.0,0.0,0.0,1.0
16:14:30.968,0.0,-2.6111933153451123,2.6111933153451123,9500.0,0.0,0.0,0.0,1.0
16:14:30.988,0.0,-2.6111933153451123,2.6111933153451123,9500.0,0.0,0.0,0.0,1.0
16:14:31.008,0.0,-2.6111933153451123,2.6111933153451123,9500.0,0.0,0.0,0.0,1.0
16:14:31.028,0.0,-2.6111933153451123,2.6111933153451123,9500.0,0.0,0.0,0.0,1.0
16:14:31.049,0.0,-2.6111933153451123,2.6111933153451123,9500.0,0.0,0.0,0.0,1.0
16:14:31.068,0.0,-2.6111933153451123,2.6111933153451123,9500.0,0.0,0.0,0.0,1.0
16:14:31.088,0.0,-2.6111933153451123,2.6111933153451123,9500.0,0.0,0.0,0.0,1.0
16:14:31.108,0.0,-2.6111933153451123,2.6111933153451123,9500.0,0.0,0.0,0.0,1.0
16:14:31.128,0.0,-2.6111933153451123,2.6111933153451123,9500.0,0.0,0.0,0.0,1.0
16:14:31.148,0.0,-2.6111933153451123,2.6111933153451123,9500.0,0.0,0.0,0.0,1.0
16:14:31.168,0.0,-2.6111933153451123,2.6111933153451123,9500.0,0.0,0.0,0.0,1.0
16:14:31.188,0.0,-2.6111933153451123,2.6111933153451123,9500.0,0.0,0.0,0.0,1.0
16:14:31.209,0.0,-2.6111933153451123,2.6111933153451123,9500.0,0.0,0.0,0.0,1.0
16:14:31.228,0.0,-2.6111933153451123,2.6111933153451123,9500.0,0.0,0.0,0.0,1.0
16:14:31.248,0.0,-2.6111933153451123,2.6111933153451123,9500.0,0.0,0.0,0.0,1.0
16:14:31.268,0.0,-2.6111933153451123,2.6111933153451123,9500.0,0.0,0.0,0.0,1.0
16:14:31.289,0.0,-2.6111933153451123,2.6111933153451123,9500.0,0.0,0.0,0.0,1.0
16:14:31.309,0.0,-2.6111933153451123,2.6111933153451123,9500.0,0.0,0.0,0.0,1.0
16:14:31.328,0.0,-2.6111933153451123,2.6111933153451123,9500.0,0.0,0.0,0.0,1.0
16:14:31.348,0.0,-2.6111933153451123,2.6111933153451123,9500.0,0.0,0.0,0.0,1.0
16:14:31.368,0.0,-2.6111933153451123,2.6111933153451123,9500.0,0.0,0.0,0.0,1.0
16:14:31.388,0.0,-2.6111933153451123,2.6111933153451123,9500.0,0.0,0.0,0.0,1.0
16:14:31.408,0.0,-2.6111933153451123,2.6111933153451123,9500.0,0.0,0.0,0.0,1.0
16:14:31.428,0.0,-2.6111933153451123,2.6111933153451123,9500.0,0.0,0.0,0.0,1.0
16:14:31.448,0.0,-2.6111933153451123,2.6111933153451123,9500.0,0.0,0.0,0.0,1.0
16:14:31.468,0.0,-2.6111933153451123,2.6111933153451123,9500.0,0.0,0.0,0.0,1.0
16:14:31.489,0.0,-2.6111933153451123,2.6111933153451123,9500.0,0.0,0.0,0.0,1.0
16:14:31.509,0.0,-2.6111933153451123,2.6111933153451123,9500.0,0.0,0.0,0.0,1.0
16:14:31.529,0.0,-2.6111933153451123,2.6111933153451123,9500.0,0.0,0.0,0.0,1.0
16:14:31.548,0.0,-2.6111933153451123,2.6111933153451123,9500.0,0.0,0.0,0.0,1.0
16:14:31.569,0.0,-2.6111933153451123,2.6111933153451123,9500.0,0.0,0.0,0.0,1.0
16:14:31.588,0.0,-2.6111933153451123,2.6111933153451123,9500.0,0.0,0.0,0.0,1.0
16:14:31.609,0.0,-2.6111933153451123,2.6111933153451123,9500.0,0.0,0.0,0.0,1.0
16:14:31.628,0.0,-2.6111933153451123,2.6111933153451123,9500.0,0.0,0.0,0.0,1.0
16:14:31.649,0.0,-2.6111933153451123,2.6111933153451123,9500.0,0.0,0.0,0.0,1.0
16:14:31.669,0.0,-2.6111933153451123,2.6111933153451123,9500.0,0.0,0.0,0.0,1.0
16:14:31.689,0.0,-2.6111933153451123,2.6111933153451123,9500.0,0.0,0.0,0.0,1.0
16:14:31.708,0.0,-2.6111933153451123,2.6111933153451123,9500.0,0.0,0.0,0.0,1.0
16:14:31.728,0.0,-2.6111933153451123,2.6111933153451123,9500.0,0.0,0.0,0.0,1.0
16:14:31.749,0.0,-2.6111933153451123,2.6111933153451123,9500.0,0.0,0.0,0.0,1.0
16:14:31.769,0.0,-2.6111933153451123,2.6111933153451123,9500.0,0.0,0.0,0.0,1.0
16:14:31.789,0.0,-2.6111933153451123,2.6111933153451123,9500.0,0.0,0.0,0.0,1.0
16:14:31.809,0.0,-2.6111933153451123,2.6111933153451123,9500.0,0.0,0.0,0.0,1.0
16:14:31.829,0.0,-2.6111933153451123,2.6111933153451123,9500.0,0.0,0.0,0.0,1.0
16:14:31.849,0.0,-2.3500739838106015,2.3500739838106015,9500.0,5.0,0.6,3.197507114673129,1.0
16:14:31.869,0.0,-1.5667159892070674,1.5667159892070674,9500.0,11.0,1.8479999999999999,9.848321913193237,1.0
16:14:31.888,0.0,-0.8703977717817042,0.8703977717817042,7106.805299637741,-2.0,1.38624,7.387520437740797,1.0
16:14:31.909,0.0,-0.8703977717817042,0.8703977717817042,7105.988663681212,0.0,1.2198912,6.501017985211901,1.0
16:14:31.928,0.0,-0.8703977717817042,0.8703977717817042,7105.270024039467,0.0,1.0735042559999999,5.720895826986473,1.0
16:14:31.948,0.0,-0.7833579946035337,0.7833579946035337,6555.226722577665,1.0,1.06468374528,5.673889750682722,1.0
16:14:31.969,0.0,-0.7833579946035337,0.7833579946035337,6554.599515868345,0.0,0.9369216958464,4.993022980600795,1.0
16:14:31.988,0.0,-0.7833579946035337,0.7833579946035337,6554.047573964144,0.0,0.824491092344832,4.3938602229287005,1.0
16:14:32.008,0.0,-0.7833579946035337,0.7833579946035337,6553.561865088447,0.0,0.7255521612634521,3.866596996177256,1.0
16:14:32.029,0.0,-0.7833579946035337,0.7833579946035337,6553.134441277833,0.0,0.6384859019118378,3.402605356635985,1.0
16:14:32.048,0.0,-0.5222386630690226,0.5222386630690226,4908.060221130904,9.0,1.6418675936824174,8.7498055202513,1.0
16:14:32.069,0.0,1.5667159892070674,-1.5667159892070674,-9500.0,22.0,4.084843482440527,21.768860162382907,1.0
16:14:32.089,0.0,3.8297501958394986,-3.8297501958394986,-9500.0,11.0,4.914662264547664,26.191112595177845,1.0
16:14:32.109,0.0,3.307511532770476,-3.307511532770476,-9500.0,-16.0,2.404902792801944,12.81615631680249,1.0
16:14:32.128,0.0,1.9148750979197493,-1.9148750979197493,-9500.0,-13.0,0.5563144576657106,2.964699060636055,1.0
16:14:32.149,0.0,0.2611193315345113,-0.2611193315345113,-3255.844098571278,-14.0,-1.1904432772541746,-6.344084747725033,1.0
16:14:32.168,0.0,-0.9574375489598747,0.9574375489598747,7641.911686142602,-5.0,-1.6475900839836735,-8.780301692671157,1.0
16:14:32.189,0.0,-1.1315171033162155,1.1315171033162155,8743.471385228426,1.0,-1.3298792739056329,-7.087164066615993,1.0
16:14:32.209,0.0,-0.08703977717817042,0.08703977717817042,0.0,13.0,0.389706238963043,2.076814119528061,1.0
16:14:32.229,0.0,1.3055966576725562,-1.3055966576725562,-9500.0,5.0,0.9429414902874778,5.025103539857822,1.0
16:14:32.249,0.0,1.5667159892070674,-1.5667159892070674,-9500.0,2.0,1.0697885114529804,5.701093960944135,1.0
16:14:32.268,0.0,1.5667159892070674,-1.5667159892070674,-9500.0,-3.0,0.5814138900786228,3.0984584168269613,1.0
16:14:32.288,0.0,0.08703977717817042,-0.08703977717817042,0.0,-16.0,-1.408355776730812,-7.505379360146287,1.0
16:14:32.309,0.0,-1.3926364348507267,1.3926364348507267,9500.0,-11.0,-2.5593530835231144,-13.639249489209616,1.0
16:14:32.328,0.0,-1.479676212028897,1.479676212028897,9500.0,4.0,-1.7722307135003406,-9.444533858765958,1.0
16:14:32.349,0.0,-0.3481591087126817,0.3481591087126817,3798.8239423282766,11.0,-0.23956302788029982,-1.2766741434331597,1.0
16:14:32.369,0.0,0.4351988858908521,-0.4351988858908521,-4352.213133596985,-2.0,-0.4508154645346638,-2.4024760920904322,1.0
16:14:32.388,0.0,0.6092784402471929,-0.6092784402471929,-5450.180253296544,3.0,-0.036717608790504175,-0.19567469223570286,1.0
16:14:32.409,0.0,0.6963182174253634,-0.6963182174253634,-5999.569521478024,1.0,0.08768850426435632,0.4673076937672072,1.0
16:14:32.429,0.0,0.6963182174253634,-0.6963182174253634,-5999.621178900661,0.0,0.07716588375263356,0.41123077051514234,1.0
16:14:32.448,0.0,0.6963182174253634,-0.6963182174253634,-5999.666637432581,0.0,0.06790597770231753,0.36188307805332526,1.0
16:14:32.468,0.0,0.08703977717817042,-0.08703977717817042,0.0,-16.0,-1.8602427396219605,-9.913565658267085,1.0
16:14:32.489,0.0,-0.8703977717817042,0.8703977717817042,7086.661695130877,-9.0,-2.7170136108673253,-14.479450585686669,1.0
16:14:32.509,0.0,-0.8703977717817042,0.8703977717817042,7090.618697406911,4.0,-1.9109719775632463,-10.183910823665766,1.0
16:14:32.528,0.0,-0.17407955435634084,0.17407955435634084,0.0,7.0,-0.8416553402556569,-4.485331564283493,1.0
16:14:32.549,0.0,0.4351988858908521,-0.4351988858908521,-4354.81421880868,-2.0,-0.9806566994249781,-5.226094622438726,1.0
16:14:32.568,0.0,0.6092784402471929,-0.6092784402471929,-5452.469208282835,3.0,-0.5029778954939808,-2.6804589989422016,1.0
16:14:32.588,0.0,0.6092784402471929,-0.6092784402471929,-5452.172903288894,0.0,-0.4426205480347031,-2.3588039190691377,1.0
16:14:32.608,0.0,0.6963182174253634,-0.6963182174253634,-6001.912154894228,0.0,-0.38950608227053873,-2.075747448780841,1.0
16:14:32.628,0.0,-0.08703977717817042,0.08703977717817042,0.0,-11.0,-1.6627653523980739,-8.861173407208023,1.0
16:14:32.649,0.0,-0.8703977717817042,0.8703977717817042,7089.87121836123,-5.0,-2.063233510110305,-10.99533971301619,1.0
16:14:32.669,0.0,-0.8703977717817042,0.8703977717817042,7091.086672157882,0.0,-1.8156454888970683,-9.675898947454247,1.0
16:14:32.688,0.0,-0.08703977717817042,0.08703977717817042,0.0,11.0,-0.2777680302294203,-1.4802754214788536,1.0
16:14:32.708,0.0,0.4351988858908521,-0.4351988858908521,-4351.199979306929,0.0,-0.24443586660188987,-1.3026423709013912,1.0
16:14:32.728,0.0,0.5222386630690226,-0.5222386630690226,-4901.055981790097,0.0,-0.2151035626096631,-1.1463252863932243,1.0
16:14:32.749,0.0,0.6092784402471929,-0.6092784402471929,-5450.929263975286,0.0,-0.18929113509650353,-1.0087662520260374,1.0
16:14:32.768,0.0,0.6092784402471929,-0.6092784402471929,-5450.8177522982505,0.0,-0.16657619888492312,-0.887714301782913,1.0
16:14:32.788,0.0,0.0,0.0,0.0,-5.0,-0.7465870550187323,-3.9786957002420924,1.0
16:14:32.808,0.0,-0.6963182174253634,0.6963182174253634,5995.596483513452,-2.0,-0.8969966084164844,-4.780255062082293,1.0
16:14:32.829,0.0,-0.7833579946035337,0.7833579946035337,6546.124905491839,0.0,-0.7893570154065063,-4.206624454632418,1.0
16:14:32.848,0.0,-0.08703977717817042,0.08703977717817042,0.0,8.0,0.26536582644227447,1.414181863400479,1.0
16:14:32.868,0.0,0.4351988858908521,-0.4351988858908521,-4348.85359916966,0.0,0.23352192726920154,1.2444800397924216,1.0
16:14:32.888,0.0,0.5222386630690226,-0.5222386630690226,-4898.9911672693015,0.0,0.20549929599689737,1.0951424350173309,1.0
16:14:32.908,0.0,0.6092784402471929,-0.6092784402471929,-5448.523125774051,1.0,0.30083938047726966,1.6032267657498769,1.0
16:14:32.929,0.0,0.6092784402471929,-0.6092784402471929,-5448.700350681164,0.0,0.2647386548199973,1.4108395538598917,1.0
16:14:32.948,0.0,-0.17407955435634084,0.17407955435634084,0.0,-6.0,-0.48702998375840234,-2.59546973021105,1.0
16:14:32.968,0.0,-0.7833579946035337,0.7833579946035337,6546.128688650607,-3.0,-0.788586385707394,-4.202517631389601,1.0
16:14:32.988,0.0,-0.7833579946035337,0.7833579946035337,6548.360550281339,3.0,-0.33395601942250674,-1.7797112468189715,1.0
16:14:33.008,0.0,-0.08703977717817042,0.08703977717817042,0.0,11.0,1.026118702908194,5.468369755080189,1.0
16:14:33.028,0.0,0.4351988858908521,-0.4351988858908521,-4345.5670880881235,0.0,0.9029844585592107,4.812165384470566,1.0
16:14:33.049,0.0,0.5222386630690226,-0.5222386630690226,-4896.09903751755,0.0,0.7946263235321055,4.234705538334098,1.0
16:14:33.068,0.0,0.6092784402471929,-0.6092784402471929,-5445.9780515925095,1.0,0.8192711647082528,4.366042296668632,1.0
16:14:33.089,0.0,0.6092784402471929,-0.6092784402471929,-5446.460685401408,0.0,0.7209586249432625,3.842117221068396,1.0
16:14:33.109,0.0,-0.08703977717817042,0.08703977717817042,0.0,-7.0,-0.20555641004992897,-1.0954468060021916,1.0
16:14:33.129,0.0,-0.7833579946035337,0.7833579946035337,6547.344676191069,-3.0,-0.5408896408439374,-2.8824974580858056,1.0
16:14:33.148,0.0,-0.7833579946035337,0.7833579946035337,6549.430619316945,3.0,-0.11598288394266493,-0.6180934943116315,1.0
16:14:33.168,0.0,-0.08703977717817042,0.08703977717817042,0.0,7.0,0.7379350621304548,3.9325876855481443,1.0
16:14:33.188,0.0,0.4351988858908521,-0.4351988858908521,-4343.866556521008,5.0,1.2493828546748,6.658184277955495,1.0
16:14:33.208,0.0,0.5222386630690226,-0.5222386630690226,-4894.602569738488,0.0,1.099456912113824,5.859202164600836,1.0
16:14:33.229,0.0,0.6092784402471929,-0.6092784402471929,-5444.661159946933,1.0,1.0875220826601653,5.7955993277833615,1.0
16:14:33.248,0.0,0.6092784402471929,-0.6092784402471929,-5445.301820753301,0.0,0.9570194327409455,5.100127408449358,1.0
16:14:33.268,0.0,-0.17407955435634084,0.17407955435634084,0.0,-10.0,-0.35782289918796795,-1.906902109910822,1.0
16:14:33.288,0.0,-0.7833579946035337,0.7833579946035337,6546.686873218015,-3.0,-0.6748841512854118,-3.596578125525401,1.0
16:14:33.309,0.0,-0.7833579946035337,0.7833579946035337,6548.851752700656,3.0,-0.2338980531311624,-1.2464844816584755,1.0
16:14:33.328,0.0,-0.08703977717817042,0.08703977717817042,0.0,7.0,0.634169713244577,3.379603616682922,1.0
16:14:33.348,0.0,0.4351988858908521,-0.4351988858908521,-4347.260337943334,0.0,0.5580693476552278,2.974051182680971,1.0
16:14:33.368,0.0,0.5222386630690226,-0.5222386630690226,-4897.589097390133,0.0,0.49110102593660043,2.6171650407592546,1.0
16:14:33.388,0.0,0.5222386630690226,-0.5222386630690226,-4897.878405703318,0.0,0.4321689028242084,2.303105235868144,1.0
16:14:33.408,0.0,0.6092784402471929,-0.6092784402471929,-5448.132997018921,0.0,0.3803086344853034,2.0267326075639667,1.0
16:14:33.429,0.0,-0.08703977717817042,0.08703977717817042,0.0,-7.0,-0.5053284016529329,-2.6929852658860893,1.0
16:14:33.448,0.0,-0.6963182174253634,0.6963182174253634,5996.049638074468,-3.0,-0.8046889934545809,-4.288331302783636,1.0
16:14:33.469,0.0,-0.7833579946035337,0.7833579946035337,6546.523681505531,0.0,-0.7081263142400311,-3.773731546449599,1.0
16:14:33.488,0.0,-0.08703977717817042,0.08703977717817042,0.0,8.0,0.33684884346877253,1.7951276226013588,1.0
16:14:33.508,0.0,0.4351988858908521,-0.4351988858908521,-4348.544787024656,0.0,0.29642698225251984,1.579712307889196,1.0
16:14:33.529,0.0,0.5222386630690226,-0.5222386630690226,-4898.719412581698,0.0,0.2608557443822175,1.3901468309424925,1.0
16:14:33.548,0.0,0.5222386630690226,-0.5222386630690226,-4898.873083071894,0.0,0.22955305505635137,1.2233292112293934,1.0
16:14:33.568,0.0,0.5222386630690226,-0.5222386630690226,-4899.008313103267,0.0,0.20200668844958922,1.0765297058818661,1.0
16:14:33.588,0.0,-0.08703977717817042,0.08703977717817042,0.0,-8.0,-0.7822341141643614,-4.168665242300964,1.0
16:14:33.608,0.0,-0.6963182174253634,0.6963182174253634,5994.853384046567,-3.0,-1.0483660204646381,-5.5869296820287255,1.0
16:14:33.629,0.0,-0.6963182174253634,0.6963182174253634,5995.470977960978,0.0,-0.9225620980088816,-4.916498120185279,1.0
16:14:33.649,0.0,-0.08703977717817042,0.08703977717817042,0.0,5.0,-0.2118546462478158,-1.1290112310899165,1.0
16:14:33.668,0.0,0.4351988858908521,-0.4351988858908521,-4350.915228406106,0.0,-0.1864320886980779,-0.9935298833591265,1.0
16:14:33.688,0.0,0.5222386630690226,-0.5222386630690226,-4900.805400997374,0.0,-0.16406023805430855,-0.8743062973560314,1.0
16:14:33.708,0.0,0.5222386630690226,-0.5222386630690226,-4900.708752877688,0.0,-0.14437300948779153,-0.7693895416733076,1.0
16:14:33.728,0.0,0.6092784402471929,-0.6092784402471929,-5450.623702532366,0.0,-0.12704824834925654,-0.6770627966725107,1.0
16:14:33.748,0.0,-0.17407955435634084,0.17407955435634084,0.0,-4.0,-0.5918024585473457,-3.1538209528103125,1.0
16:14:33.768,0.0,-0.7833579946035337,0.7833579946035337,6545.086962058467,-4.0,-1.0007861635216642,-5.333368130211578,1.0
16:14:33.788,0.0,-0.7833579946035337,0.7833579946035337,6545.676526611452,0.0,-0.8806918238990644,-4.6933639545861885,1.0
16:14:33.808,0.0,-0.08703977717817042,0.08703977717817042,0.0,8.0,0.18499119496882332,0.9858511034411609,1.0
16:14:33.829,0.0,0.4351988858908521,-0.4351988858908521,-4349.200823774631,0.0,0.16279225157256452,0.8675489710282216,1.0
16:14:33.848,0.0,0.5222386630690226,-0.5222386630690226,-4899.296724921677,0.0,0.1432571813838568,0.763443094504835,1.0
16:14:33.868,0.0,0.5222386630690226,-0.5222386630690226,-4899.381117931075,0.0,0.12606631961779396,0.6718299231642547,1.0
16:14:33.888,0.0,0.6092784402471929,-0.6092784402471929,-5449.455383779346,0.0,0.11093836126365869,0.5912103323845442,1.0
16:14:33.909,0.0,0.0,0.0,0.0,-11.0,-1.2223742420879802,-6.514250559782484,1.0
16:14:33.929,0.0,-0.6963182174253634,0.6963182174253634,5992.951944758463,-3.0,-1.4356893330374225,-7.6510447614124635,1.0
16:14:33.948,0.0,-0.7833579946035337,0.7833579946035337,6543.797711387448,0.0,-1.2634066130729318,-6.732919390042968,1.0
16:14:33.968,0.0,-0.08703977717817042,0.08703977717817042,0.0,8.0,-0.15179781950418003,-0.8089576797608052,1.0
16:14:33.988,0.0,0.4351988858908521,-0.4351988858908521,-4350.655778284101,0.0,-0.13358208116367842,-0.7118827581895085,1.0
16:14:34.008,0.0,0.5222386630690226,-0.5222386630690226,-4900.577084890009,0.0,-0.11755223142403701,-0.6264568272067675,1.0
16:14:34.029,0.0,0.5222386630690226,-0.5222386630690226,-4900.507834703208,0.0,-0.10344596365315256,-0.5512820079419554,1.0
16:14:34.049,0.0,0.6092784402471929,-0.6092784402471929,-5450.446894538823,0.0,-0.09103244801477425,-0.4851281669889207,1.0
16:14:34.068,0.0,-0.08703977717817042,0.08703977717817042,0.0,-8.0,-1.0401085542530013,-5.5429241704272565,1.0
16:14:34.088,0.0,-0.7833579946035337,0.7833579946035337,6542.561143737003,-5.0,-1.5152955277426412,-8.075280384649115,1.0
16:14:34.108,0.0,-0.7833579946035337,0.7833579946035337,6543.453806488563,0.0,-1.3334600644135242,-7.106246738491221,1.0
16:14:34.129,0.0,0.0,0.0,0.0,7.0,-0.33344485668390134,-1.776987169329894,1.0
16:14:34.149,0.0,0.4351988858908521,-0.4351988858908521,-4350.851406067045,1.0,-0.17343147388183316,-0.9242472860756809,1.0
16:14:34.168,0.0,0.5222386630690226,-0.5222386630690226,-4900.7492373390005,0.0,-0.1526196970160132,-0.8133376117465991,1.0
16:14:34.188,0.0,0.6092784402471929,-0.6092784402471929,-5450.070227435384,1.0,-0.014305333374091622,-0.07623567540238153,1.0
16:14:34.208,0.0,0.6963182174253634,-0.6963182174253634,-5999.472698720205,1.0,0.10741130663079937,0.57241402858053,1.0
16:14:34.229,0.0,-0.08703977717817042,0.08703977717817042,0.0,-11.0,-1.2254780501648963,-6.530791307130016,1.0
16:14:34.249,0.0,-0.7833579946035337,0.7833579946035337,6543.527637491197,-2.0,-1.3184206841451087,-7.026099196143665,1.0
16:14:34.268,0.0,-0.7833579946035337,0.7833579946035337,6546.071625261057,3.0,-0.8002102020476957,-4.2644630238025485,1.0
16:14:34.288,0.0,-0.08703977717817042,0.08703977717817042,0.0,7.0,0.13581502219802777,0.7237824995961379,1.0
16:14:34.309,0.0,0.4351988858908521,-0.4351988858908521,-4349.41326863256,0.0,0.11951721953426443,0.6369285996446014,1.0
16:14:34.329,0.0,0.5222386630690226,-0.5222386630690226,-4899.483676396652,0.0,0.1051751531901527,0.5604971676872492,1.0
16:14:34.349,0.0,0.5222386630690226,-0.5222386630690226,-4899.545635229054,0.0,0.09255413480733438,0.49323750756477924,1.0
16:14:34.368,0.0,0.6092784402471929,-0.6092784402471929,-5449.600159001568,0.0,0.08144763863045425,0.43404900665700574,1.0
16:14:34.388,0.0,-0.08703977717817042,0.08703977717817042,0.0,-8.0,-0.8883260780052002,-4.734048257618841,1.0
16:14:34.408,0.0,-0.6963182174253634,0.6963182174253634,5994.3950585829225,-3.0,-1.1417269486445762,-6.084466735508458,1.0
16:14:34.428,0.0,-0.6963182174253634,0.6963182174253634,5996.834955821776,3.0,-0.6447197148072271,-3.435826458443566,1.0
16:14:34.449,0.0,-0.08703977717817042,0.08703977717817042,0.0,8.0,0.39264665096964013,2.0924841000466685,1.0
16:14:34.468,0.0,0.4351988858908521,-0.4351988858908521,-4348.303736194158,0.0,0.34552905285328334,1.8413860080410684,1.0
16:14:34.488,0.0,0.5222386630690226,-0.5222386630690226,-4898.507287850859,0.0,0.30406556651088934,1.6204196870761403,1.0
16:14:34.508,0.0,0.5222386630690226,-0.5222386630690226,-4898.686413308756,0.0,0.26757769852958263,1.4259693246270035,1.0
16:14:34.529,0.0,0.6092784402471929,-0.6092784402471929,-5451.200449403443,-4.0,-0.24453162529396727,-1.30315268606674,1.0
16:14:34.548,0.0,-0.08703977717817042,0.08703977717817042,0.0,-5.0,-0.8151878302586912,-4.344281478411861,1.0
16:14:34.568,0.0,-0.6092784402471929,0.6092784402471929,5444.121920029323,-4.0,-1.1973652906276482,-6.38097339274094,1.0
16:14:34.589,0.0,-0.6092784402471929,0.6092784402471929,5444.827289625804,0.0,-1.0536814557523304,-5.615256585612027,1.0
16:14:34.608,0.0,0.0,0.0,0.0,8.0,0.03276031893794917,0.1745855881384222,1.0
16:14:34.628,0.0,0.4351988858908521,-0.4351988858908521,-4349.858472896318,0.0,0.028829080665395274,0.15363531756181156,1.0
16:14:34.649,0.0,0.5222386630690226,-0.5222386630690226,-4899.875456148759,0.0,0.025369590985547842,0.13519907945439416,1.0
16:14:34.668,0.0,0.5222386630690226,-0.5222386630690226,-4899.890401410908,0.0,0.0223252400672821,0.11897518991986686,1.0
16:14:34.688,0.0,0.5222386630690226,-0.5222386630690226,-4899.903553241599,0.0,0.01964621125920825,0.10469816712948285,1.0
16:14:34.708,0.0,-0.3481591087126817,0.3481591087126817,3795.96116318685,-7.0,-0.8227113340918967,-4.384375573468436,1.0
16:14:34.729,0.0,-0.6963182174253634,0.6963182174253634,5995.856722181493,-1.0,-0.843985974000869,-4.497751927586849,1.0
16:14:34.748,0.0,-0.3481591087126817,0.3481591087126817,3800.477625480257,7.0,0.09729234287923516,0.5184882642659533,1.0
16:14:34.768,0.0,0.2611193315345113,-0.2611193315345113,-3246.0450810397665,6.0,0.8056172617337269,4.293278210161794,1.0
16:14:34.788,0.0,0.4351988858908521,-0.4351988858908521,-4347.108772737929,-1.0,0.5889431903256798,3.138583402007753,1.0
16:14:34.808,0.0,0.5222386630690226,-0.5222386630690226,-4896.866618586442,1.0,0.6382700074865982,3.4014548167014484,1.0
16:14:34.828,0.0,0.5222386630690226,-0.5222386630690226,-4897.242624356069,0.0,0.5616776065882064,2.9932802386972748,1.0
16:14:34.849,0.0,0.17407955435634084,-0.17407955435634084,0.0,-7.0,-0.3457237062023783,-1.8424233504887786,1.0
16:14:34.868,0.0,-0.5222386630690226,0.5222386630690226,4895.56093981871,-5.0,-0.9042368614580929,-4.818839663103255,1.0
16:14:34.888,0.0,-0.5222386630690226,0.5222386630690226,4896.093627040464,0.0,-0.7957284380831218,-4.240578903530864,1.0
16:14:34.909,0.0,0.0,0.0,0.0,6.0,0.01975897448685282,0.10529910250059456,1.0
16:14:34.928,0.0,0.4351988858908521,-0.4351988858908521,-4349.325538283836,1.0,0.13738789754843048,0.732164633135149,1.0
16:14:34.948,0.0,0.5222386630690226,-0.5222386630690226,-4899.406473689775,0.0,0.12090134984261881,0.644304877158931,1.0
16:14:34.968,0.0,0.5222386630690226,-0.5222386630690226,-4899.477696847002,0.0,0.10639318786150456,0.5669882918998593,1.0
16:14:34.988,0.0,0.3481591087126817,-0.3481591087126817,-3801.307677494166,-3.0,-0.26637399468187595,-1.4195545719320009,1.0
16:14:35.009,0.0,-0.4351988858908521,0.4351988858908521,4345.314635267527,-6.0,-0.9544091153200508,-5.086216560907915,1.0
16:14:35.029,0.0,-0.6963182174253634,0.6963182174253634,5994.698676189554,-2.0,-1.0798800214816446,-5.7548734194682165,1.0
16:14:35.048,0.0,-0.2611193315345113,0.2611193315345113,3249.45854500735,7.0,-0.11029441890384728,-0.5877786485896502,1.0
16:14:35.068,0.0,0.3481591087126817,-0.3481591087126817,-3798.1200747017933,4.0,0.3829409113646144,2.040760480979611,1.0
16:14:35.088,0.0,0.5222386630690226,-0.5222386630690226,-4896.578361468774,3.0,0.6969880020008606,3.714373492065935,1.0
16:14:35.109,0.0,0.5222386630690226,-0.5222386630690226,-4896.988958092521,0.0,0.6133494417607573,3.2686486730180224,1.0
16:14:35.129,0.0,0.5222386630690226,-0.5222386630690226,-4897.350283121419,0.0,0.5397475087494664,2.8764108322558597,1.0
16:14:35.148,0.0,0.17407955435634084,-0.17407955435634084,0.0,-7.0,-0.3650221923004695,-1.945268428157224,1.0
16:14:35.168,0.0,-0.5222386630690226,0.5222386630690226,4895.477568870823,-5.0,-0.9212195292244132,-4.9093433314514865,1.0
16:14:35.188,0.0,-0.5222386630690226,0.5222386630690226,4896.020260606325,0.0,-0.8106731857174836,-4.3202221316773075,1.0
16:14:35.208,0.0,0.0,0.0,0.0,5.0,-0.11339240343138557,-0.6042883612029019,1.0
16:14:35.229,0.0,0.4351988858908521,-0.4351988858908521,-4349.900762502616,1.0,0.02021468498038069,0.10772766507607216,1.0
16:14:35.248,0.0,0.5222386630690226,-0.5222386630690226,-4899.912671002302,0.0,0.017788922782735007,0.0948003452669435,1.0
16:14:35.268,0.0,0.5222386630690226,-0.5222386630690226,-4899.923150482025,0.0,0.015654252048806806,0.08342430383491029,1.0
16:14:35.288,0.0,0.2611193315345113,-0.2611193315345113,-3255.234285230594,-9.0,-1.06622425819705,-5.682099419036911,1.0
16:14:35.308,0.0,-0.4351988858908521,0.4351988858908521,4342.448321882403,-5.0,-1.5382773472134041,-8.197754603425611,1.0
16:14:35.328,0.0,-0.6092784402471929,0.6092784402471929,5443.94362467945,1.0,-1.2336840655477959,-6.574522628079913,1.0
16:14:35.348,0.0,-0.08703977717817042,0.08703977717817042,0.0,9.0,-0.005641977682060206,-0.030067106298690863,1.0
16:14:35.368,0.0,0.3481591087126817,-0.3481591087126817,-3798.2570695097875,3.0,0.355035059639787,1.8920452152610292,1.0
16:14:35.388,0.0,0.5222386630690226,-0.5222386630690226,-4898.466221168613,0.0,0.31243085248301256,1.6649997894297057,1.0
16:14:35.408,0.0,0.5222386630690226,-0.5222386630690226,-4898.6502746283795,0.0,0.27493915018505105,1.465199814698141,1.0
16:14:35.428,0.0,0.2611193315345113,-0.2611193315345113,-3254.114154479386,-9.0,-0.8380535478371551,-4.466136969477268,1.0
16:14:35.449,0.0,-0.4351988858908521,0.4351988858908521,4342.844935520533,-6.0,-1.4574871220966965,-7.767209070747751,1.0
16:14:35.468,0.0,-0.6092784402471929,0.6092784402471929,5444.292644681003,1.0,-1.162588667445093,-6.195642559323395,1.0
16:14:35.489,0.0,-0.08703977717817042,0.08703977717817042,0.0,7.0,-0.18307802735168177,-0.975655491662207,1.0
16:14:35.508,0.0,0.3481591087126817,-0.3481591087126817,-3799.0236069249495,3.0,0.19889133593052002,1.0599274361411353,1.0
16:14:35.529,0.0,0.4351988858908521,-0.4351988858908521,-4349.140774093956,0.0,0.1750243756188576,0.9327361438041989,1.0
16:14:35.548,0.0,0.5222386630690226,-0.5222386630690226,-4899.24388120268,0.0,0.1540214505445947,0.8208078065476951,1.0
16:14:35.568,0.0,0.4351988858908521,-0.4351988858908521,-4349.923716881294,-1.0,0.015538876479243346,0.08280944682734591,1.0
16:14:35.588,0.0,-0.3481591087126817,0.3481591087126817,3795.3543177609845,-8.0,-0.9463257886982658,-5.043139070268942,1.0
16:14:35.608,0.0,-0.6092784402471929,0.6092784402471929,5444.733596783797,-2.0,-1.072766694054474,-5.716965227705921,1.0
16:14:35.628,0.0,-0.2611193315345113,0.2611193315345113,3249.4892751302837,7.0,-0.10403469076793714,-0.5544194398388298,1.0
16:14:35.649,0.0,0.3481591087126817,-0.3481591087126817,-3796.9148293477424,6.0,0.6284494721242153,3.3491194305495844,1.0
16:14:35.669,0.0,0.4351988858908521,-0.4351988858908521,-4347.874151248949,-1.0,0.4330355354693095,2.307723675949009,1.0
16:14:35.688,0.0,0.5222386630690226,-0.5222386630690226,-4897.540151676139,1.0,0.5010712712129923,2.6702982577697534,1.0
16:14:35.708,0.0,0.5222386630690226,-0.5222386630690226,-4897.835333475003,0.0,0.44094271866743323,2.349862466837383,1.0
16:14:35.729,0.0,0.0,0.0,0.0,-5.0,-0.21197040757265873,-1.129628143856232,1.0
16:14:35.749,0.0,-0.6092784402471929,0.6092784402471929,5446.727865804306,-4.0,-0.6665339586639396,-3.552078458331987,1.0
16:14:35.768,0.0,-0.6092784402471929,0.6092784402471929,5447.120521907789,0.0,-0.5865498836242669,-3.1258290433321485,1.0
16:14:35.788,0.0,0.0,0.0,0.0,9.0,0.5638361024106452,3.0047832482793417,1.0
16:14:35.808,0.0,0.4351988858908521,-0.4351988858908521,-4346.975083142031,1.0,0.6161757701213677,3.283710681420446,1.0
16:14:35.829,0.0,0.4351988858908521,-0.4351988858908521,-4347.927174587922,-1.0,0.42223467770680356,2.2501639767153665,1.0
16:14:35.848,0.0,0.5222386630690226,-0.5222386630690226,-4898.175913637371,0.0,0.3715665163819871,1.9801442995095226,1.0
16:14:35.868,0.0,0.5222386630690226,-0.5222386630690226,-4898.394804000886,0.0,0.32697853441614866,1.7425269835683799,1.0
16:14:35.888,0.0,-0.2611193315345113,0.2611193315345113,3248.4670653645467,-5.0,-0.3122588897137892,-1.6640833691329546,1.0
16:14:35.908,0.0,-0.6963182174253634,0.6963182174253634,5998.061916097867,-1.0,-0.39478782294813447,-2.103894787771626,1.0
16:14:35.928,0.0,-0.4351988858908521,0.4351988858908521,4351.239993280796,5.0,0.2525867158056416,1.346079701434098,1.0
16:14:35.948,0.0,0.2611193315345113,-0.2611193315345113,-3245.374197375292,6.0,0.9422763099089646,5.021558674869761,1.0
16:14:35.969,0.0,0.4351988858908521,-0.4351988858908521,-4346.518395113192,-1.0,0.7092031527198889,3.779470210950764,1.0
16:14:35.988,0.0,0.5222386630690226,-0.5222386630690226,-4896.347086276674,1.0,0.7440987743935022,3.9654352085712983,1.0
16:14:36.008,0.0,0.5222386630690226,-0.5222386630690226,-4896.196334500539,1.0,0.7748069214662819,4.129084406477368,1.0
16:14:36.028,0.0,0.17407955435634084,-0.17407955435634084,0.0,-7.0,-0.15816990910967188,-0.8429156828422967,1.0
16:14:36.048,0.0,-0.4351988858908521,0.4351988858908521,4346.960288105767,-4.0,-0.6191895200165112,-3.299771492639724,1.0
16:14:36.068,0.0,-0.5222386630690226,0.5222386630690226,4897.325053533075,0.0,-0.5448867776145299,-2.903798913522957,1.0
16:14:36.088,0.0,0.0,0.0,0.0,6.0,0.24049963569921368,1.2816654937075522,1.0
16:14:36.109,0.0,0.3481591087126817,-0.3481591087126817,-3798.371921607957,1.0,0.33163967941530803,1.7673670573972717,1.0
16:14:36.128,0.0,0.4351988858908521,-0.4351988858908521,-4349.156392437937,-1.0,0.17184291788547107,0.9157815875749734,1.0
16:14:36.148,0.0,0.5222386630690226,-0.5222386630690226,-4899.257625345384,0.0,0.15122176773921453,0.8058877970659766,1.0
16:14:36.168,0.0,0.3481591087126817,-0.3481591087126817,-3801.114014572742,-3.0,-0.2269248443894912,-1.209323007385818,1.0
16:14:36.188,0.0,-0.3481591087126817,0.3481591087126817,3795.485058638379,-6.0,-0.9196938630627522,-4.901212784107274,1.0
16:14:36.208,0.0,-0.6092784402471929,0.6092784402471929,5447.205054447643,2.0,-0.569330599495222,-3.03406440414515,1.0
16:14:36.228,0.0,-0.17407955435634084,0.17407955435634084,0.0,6.0,0.21898907244420462,1.1670318619600226,1.0
16:14:36.248,0.0,0.3481591087126817,-0.3481591087126817,-3796.1084432079774,5.0,0.7927103837509001,4.224495153197949,1.0
16:14:36.268,0.0,0.4351988858908521,-0.4351988858908521,-4346.57543002302,0.0,0.6975851377007921,3.717555734814195,1.0
16:14:36.288,0.0,0.5222386630690226,-0.5222386630690226,-4896.986378420257,0.0,0.6138749211766971,3.271449046636492,1.0
16:14:36.308,0.0,0.17407955435634084,-0.17407955435634084,0.0,-7.0,-0.2997900693645066,-1.5976347995022677,1.0
16:14:36.328,0.0,-0.3481591087126817,0.3481591087126817,3795.7593766714017,-5.0,-0.8638152610407658,-4.603425738235124,1.0
16:14:36.348,0.0,-0.3481591087126817,0.3481591087126817,3796.268251470834,0.0,-0.7601574297158739,-4.051014649646909,1.0
16:14:36.368,0.0,0.0,0.0,0.0,4.0,-0.18893853814996897,-1.006887199950777,1.0
16:14:36.388,0.0,0.3481591087126817,-0.3481591087126817,-3801.9944318981256,-2.0,-0.4062659135719727,-2.1650635818259354,1.0
16:14:36.408,0.0,0.5222386630690226,-0.5222386630690226,-4901.755100070351,0.0,-0.357514003943336,-1.9052559520068233,1.0
16:14:36.428,0.0,0.5222386630690226,-0.5222386630690226,-4901.544488061908,0.0,-0.3146123234701357,-1.6766252377660045,1.0
16:14:36.448,0.0,0.08703977717817042,-0.08703977717817042,0.0,-6.0,-0.9968588446537194,-5.312438746841839,1.0
16:14:36.468,0.0,-0.4351988858908521,0.4351988858908521,4345.693492931763,0.0,-0.8772357832952731,-4.674946097220818,1.0
16:14:36.488,0.0,-0.5222386630690226,0.5222386630690226,4896.210273779951,0.0,-0.7719674892998403,-4.11395256555432,1.0
16:14:36.508,0.0,0.0,0.0,0.0,6.0,0.04066860941614048,0.21673027991995297,1.0
16:14:36.529,0.0,0.4351988858908521,-0.4351988858908521,-4349.235207048777,1.0,0.15578837628620362,0.8302240692641845,1.0
16:14:36.549,0.0,0.4351988858908521,-0.4351988858908521,-4349.916083625857,-1.0,0.017093771131859198,0.09109575801785655,1.0
16:14:36.568,0.0,0.5222386630690226,-0.5222386630690226,-4899.926153590754,0.0,0.015042518596036095,0.08016426705571376,1.0
16:14:36.588,0.0,0.3481591087126817,-0.3481591087126817,-3801.702319428668,-3.0,-0.34676258363548823,-1.8479597137948494,1.0
16:14:36.608,0.0,-0.4351988858908521,0.4351988858908521,4345.556451788099,-5.0,-0.9051510735992296,-4.823711662812596,1.0
16:14:36.629,0.0,-0.6092784402471929,0.6092784402471929,5446.678778996462,1.0,-0.6765329447673221,-3.605364840340459,1.0
16:14:36.648,0.0,-0.17407955435634084,0.17407955435634084,0.0,6.0,0.12465100860475653,0.6642874781081507,1.0
16:14:36.668,0.0,0.3481591087126817,-0.3481591087126817,-3797.694193763241,3.0,0.46969288757218575,2.50307724953905,1.0
16:14:36.688,0.0,0.4351988858908521,-0.4351988858908521,-4347.970890511652,0.0,0.41332974106352344,2.202707979594364,1.0
16:14:36.708,0.0,0.5222386630690226,-0.5222386630690226,-4897.625282227319,1.0,0.48373017213590064,2.5778844449776663,1.0
16:14:36.729,0.0,0.2611193315345113,-0.2611193315345113,-3253.212161166453,-9.0,-0.6543174485204075,-3.4869744948312866,1.0
16:14:36.748,0.0,-0.3481591087126817,0.3481591087126817,3794.227791058848,-5.0,-1.1757993546979586,-6.266044670124661,1.0
16:14:36.769,0.0,-0.5222386630690226,0.5222386630690226,4895.509557554721,1.0,-0.9147034321342037,-4.874617886775076,1.0
16:14:36.788,0.0,-0.17407955435634084,0.17407955435634084,0.0,4.0,-0.3249390202780993,-1.7316580486235644,1.0
16:14:36.808,0.0,0.3481591087126817,-0.3481591087126817,-3799.63645735209,3.0,0.07405366215527259,0.3946451860151406,1.0
16:14:36.828,0.0,0.4351988858908521,-0.4351988858908521,-4349.680082469839,0.0,0.06516722269663988,0.3472877636933237,1.0
16:14:36.849,0.0,0.5222386630690226,-0.5222386630690226,-4899.129371150524,1.0,0.1773471559730431,0.9451146549847507,1.0
16:14:36.868,0.0,0.17407955435634084,-0.17407955435634084,0.0,-7.0,-0.683934502743722,-3.6448090641557997,1.0
16:14:36.888,0.0,-0.3481591087126817,0.3481591087126817,3794.099843101084,-5.0,-1.2018623624144755,-6.404939091130234,1.0
16:14:36.908,0.0,-0.4351988858908521,0.4351988858908521,4344.8078619289545,0.0,-1.0576388789247384,-5.636346400194605,1.0
16:14:36.928,0.0,0.0,0.0,0.0,4.0,-0.45072221345376984,-2.4019791404327497,1.0
16:14:36.948,0.0,0.4351988858908521,-0.4351988858908521,-4350.76895186762,2.0,-0.1566355478393175,-0.8347387977115682,1.0
16:14:36.968,0.0,0.4351988858908521,-0.4351988858908521,-4351.26577906644,-1.0,-0.2578392820985994,-1.374071564920806,1.0
16:14:36.988,0.0,0.5222386630690226,-0.5222386630690226,-4900.524784155532,1.0,-0.1068985682467675,-0.5696815541956834,1.0
16:14:37.008,0.0,0.08703977717817042,-0.08703977717817042,0.0,-6.0,-0.8140707400571554,-4.338328305299957,1.0
16:14:37.028,0.0,-0.4351988858908521,0.4351988858908521,4347.66135448273,2.0,-0.47638225125029676,-2.53872606279471,1.0
16:14:37.048,0.0,-0.4351988858908521,0.4351988858908521,4347.941991944803,0.0,-0.41921638110026116,-2.234078935259345,1.0
16:14:37.068,0.0,0.0,0.0,0.0,4.0,0.11108958463177016,0.5920162287102796,1.0
16:14:37.088,0.0,0.4351988858908521,-0.4351988858908521,-4348.93098300628,1.0,0.21775883447595773,1.1604757041996718,1.0
16:14:37.108,0.0,0.5222386630690226,-0.5222386630690226,-4899.059265045526,0.0,0.19162777433884282,1.0212186196957114,1.0
16:14:37.128,0.0,0.5222386630690226,-0.5222386630690226,-4899.172153240063,0.0,0.16863244141818168,0.8986723853322259,1.0
16:14:37.148,0.0,0.08703977717817042,-0.08703977717817042,0.0,-7.0,-0.6916034515520001,-3.6856782614500214,1.0
16:14:37.168,0.0,-0.5222386630690226,0.5222386630690226,4894.655814073879,-4.0,-1.08861103736576,-5.801402561814522,1.0
16:14:37.188,0.0,-0.5222386630690226,0.5222386630690226,4895.297116385013,0.0,-0.9579777128818688,-5.1052342543967795,1.0
16:14:37.208,0.0,0.0,0.0,0.0,5.0,-0.24302038733604459,-1.295099029196037,1.0
16:14:37.229,0.0,0.3481591087126817,-0.3481591087126817,-3802.228069656402,-2.0,-0.45385794085571923,-2.418689991561764,1.0
16:14:37.248,0.0,0.4351988858908521,-0.4351988858908521,-4352.5498027205695,-1.0,-0.5193949879530328,-2.7679486155089776,1.0
16:14:37.268,0.0,0.5222386630690226,-0.5222386630690226,-4901.654724971166,1.0,-0.33706758939866893,-1.7962933587132748,1.0
16:14:37.289,0.0,0.4351988858908521,-0.4351988858908521,-4352.045259397561,-1.0,-0.41661947867082866,-2.2202395786023077,1.0
16:14:37.309,0.0,-0.3481591087126817,0.3481591087126817,3793.4873603466694,-8.0,-1.3266251412303292,-7.069822212647037,1.0
16:14:37.329,0.0,-0.6963182174253634,0.6963182174253634,5993.679775682134,-1.0,-1.2874301242826895,-6.8609449700640175,1.0
16:14:37.348,0.0,-0.3481591087126817,0.3481591087126817,3796.794608292017,4.0,-0.6529385093687667,-3.479625881917832,1.0
16:14:37.368,0.0,0.3481591087126817,-0.3481591087126817,-3799.2861361654172,6.0,0.14541411175548524,0.7749377615200626,1.0
16:14:37.388,0.0,0.4351988858908521,-0.4351988858908521,-4349.960901248502,-1.0,0.007964418344827029,0.04244380720302935,1.0
16:14:37.409,0.0,0.5222386630690226,-0.5222386630690226,-4899.376491675747,1.0,0.1270086881434478,0.6768519732732916,1.0
16:14:37.428,0.0,0.5222386630690226,-0.5222386630690226,-4898.862211251723,1.0,0.23176764556623405,1.2351311594151224,1.0
16:14:37.448,0.0,0.08703977717817042,-0.08703977717817042,0.0,-7.0,-0.636044471901714,-3.3895945402570726,1.0
16:14:37.468,0.0,-0.5222386630690226,0.5222386630690226,4894.895833149651,-4.0,-1.0397191352735082,-5.540848887164727,1.0
16:14:37.489,0.0,-0.6092784402471929,0.6092784402471929,5445.508333171691,0.0,-0.9149528390406872,-4.8759470207049596,1.0
16:14:37.508,0.0,0.0,0.0,0.0,5.0,-0.2051584983558048,-1.0933262635472354,1.0
16:14:37.528,0.0,0.3481591087126817,-0.3481591087126817,-3802.0645033767983,-2.0,-0.42053947855310825,-2.241129957790819,1.0
16:14:37.548,0.0,0.5222386630690226,-0.5222386630690226,-4901.816762971583,0.0,-0.3700747411267353,-1.9721943628559209,1.0
16:14:37.568,0.0,0.5222386630690226,-0.5222386630690226,-4901.009649992058,1.0,-0.20566577219152704,-1.0960296163785845,1.0
16:14:37.588,0.0,0.4351988858908521,-0.4351988858908521,-4350.8884919930115,0.0,-0.1809858795285438,-0.9645060624131544,1.0
16:14:37.608,0.0,-0.3481591087126817,0.3481591087126817,3796.272619931477,-5.0,-0.7592675739851186,-4.046272449596705,1.0
16:14:37.628,0.0,-0.6963182174253634,0.6963182174253634,5995.541702693831,-2.0,-0.9081554651069044,-4.839722601514352,1.0
16:14:37.648,0.0,-0.3481591087126817,0.3481591087126817,3800.200408331113,7.0,0.040823190705924106,0.21755407120975048,1.0
16:14:37.668,0.0,0.3481591087126817,-0.3481591087126817,-3796.878133553947,5.0,0.6359244078212132,3.3889546973377094,1.0
16:14:37.688,0.0,0.4351988858908521,-0.4351988858908521,-4345.48545325867,3.0,0.9196134788826675,4.900784402461062,1.0
16:14:37.708,0.0,0.4351988858908521,-0.4351988858908521,-4346.027198867629,0.0,0.8092598614167474,4.312690274165734,1.0
16:14:37.728,0.0,0.5222386630690226,-0.5222386630690226,-4895.914833580579,1.0,0.8321486780467378,4.4346688642004715,1.0
16:14:37.748,0.0,0.17407955435634084,-0.17407955435634084,0.0,-7.0,-0.1077091633188707,-0.5740013600459651,1.0
16:14:37.768,0.0,-0.4351988858908521,0.4351988858908521,4347.178282418184,-4.0,-0.5747840637206062,-3.063126888578952,1.0
16:14:37.788,0.0,-0.5222386630690226,0.5222386630690226,4897.516888528002,0.0,-0.5058099760741335,-2.6955516619494784,1.0
16:14:37.808,0.0,0.0,0.0,0.0,6.0,0.27488722105476254,1.464923075092214,1.0
16:14:37.828,0.0,0.3481591087126817,-0.3481591087126817,-3797.634263164952,2.0,0.48190075452819103,2.5681351519503997,1.0
16:14:37.848,0.0,0.4351988858908521,-0.4351988858908521,-4347.329050162222,1.0,0.5440726639848081,2.899460356650978,1.0
16:14:37.868,0.0,0.5222386630690226,-0.5222386630690226,-4897.060462719821,1.0,0.5987839443066312,3.1910265367874864,1.0
16:14:37.889,0.0,0.3481591087126817,-0.3481591087126817,-3800.358714308116,-5.0,-0.07307012901016452,-0.38940376230014073,1.0
16:14:37.908,0.0,-0.3481591087126817,0.3481591087126817,3796.14972287125,-6.0,-0.7843017135289447,-4.179683848431878,1.0
16:14:37.928,0.0,-0.6092784402471929,0.6092784402471929,5447.78995897257,2.0,-0.4501855079054714,-2.399118940750802,1.0
16:14:37.949,-19.999999999999996,-0.17407955435634084,-19.825920445643657,-9500.0,6.0,0.32383675304318515,1.7257838697470493,1.0
16:14:37.968,-19.999999999999996,0.3481591087126817,-20.34815910871268,-9500.0,4.0,0.764976342678003,4.076695497115907,1.0
16:14:37.988,-19.999999999999996,0.08703977717817042,-20.087039777178166,-9500.0,-9.0,-0.4068208184433575,-2.168020768949635,1.0
16:14:38.008,-19.999999999999996,-1.3055966576725562,-18.69440334232744,-9500.0,-15.0,-2.1580023202301546,-11.500379620695066,1.0
16:14:38.028,-19.999999999999996,-2.524153538166942,-17.475846461833054,-9500.0,-7.0,-2.739042041802536,-14.596844026754038,1.0
16:14:38.048,-19.999999999999996,-3.2204717555923055,-16.77952824440769,-9500.0,-5.0,-3.010356996786232,-16.042729858216685,1.0
16:14:38.068,-19.999999999999996,-3.6556706414831575,-16.344329358516838,-9500.0,-3.0,-3.0091141571718842,-16.03610654403456,1.0
16:14:38.089,-19.999999999999996,-3.8297501958394986,-16.1702498041605,-9500.0,1.0,-2.528020458311258,-13.472272335815786,1.0
16:14:38.109,-19.999999999999996,-3.8297501958394986,-16.1702498041605,-9500.0,0.0,-2.224658003313907,-11.855599655517892,1.0
16:14:38.128,-19.999999999999996,-3.8297501958394986,-16.1702498041605,-9500.0,0.0,-1.9576990429162384,-10.432927696855746,1.0
16:14:38.148,-19.999999999999996,-3.8297501958394986,-16.1702498041605,-9500.0,0.0,-1.7227751577662898,-9.180976373233056,1.0
16:14:38.168,-19.999999999999996,-3.8297501958394986,-16.1702498041605,-9500.0,0.0,-1.516042138834335,-8.07925920844509,1.0
16:14:38.189,-19.999999999999996,-3.8297501958394986,-16.1702498041605,-9500.0,0.0,-1.3341170821742148,-7.109748103431679,1.0
16:14:38.208,-19.999999999999996,-3.8297501958394986,-16.1702498041605,-9500.0,0.0,-1.174023032313309,-6.256578331019877,1.0
16:14:38.228,-19.999999999999996,-3.8297501958394986,-16.1702498041605,-9500.0,0.0,-1.0331402684357118,-5.5057889312974915,1.0
16:14:38.249,-19.999999999999996,-3.8297501958394986,-16.1702498041605,-9500.0,0.0,-0.9091634362234264,-4.845094259541793,1.0
16:14:38.268,-19.999999999999996,-3.8297501958394986,-16.1702498041605,-9500.0,0.0,-0.8000638238766152,-4.263682948396777,1.0
16:14:38.288,-19.999999999999996,-3.8297501958394986,-16.1702498041605,-9500.0,0.0,-0.7040561650114214,-3.7520409945891644,1.0
16:14:38.308,-19.999999999999996,-3.8297501958394986,-16.1702498041605,-9500.0,0.0,-0.6195694252100509,-3.3017960752384647,1.0
16:14:38.329,-19.999999999999996,-3.8297501958394986,-16.1702498041605,-9500.0,0.0,-0.5452210941848448,-2.905580546209849,1.0
16:14:38.349,-19.999999999999996,-3.8297501958394986,-16.1702498041605,-9500.0,0.0,-0.4797945628826634,-2.556910880664667,1.0
16:14:38.368,-19.999999999999996,-3.8297501958394986,-16.1702498041605,-9500.0,0.0,-0.42221921533674384,-2.250081574984907,1.0
16:14:38.388,-19.999999999999996,-3.8297501958394986,-16.1702498041605,-9500.0,0.0,-0.37155290949633457,-1.9800717859867183,1.0
16:14:38.408,-19.999999999999996,-3.8297501958394986,-16.1702498041605,-9500.0,0.0,-0.3269665603567744,-1.742463171668312,1.0
16:14:38.428,-19.999999999999996,-3.8297501958394986,-16.1702498041605,-9500.0,0.0,-0.2877305731139615,-1.5333675910681146,1.0
16:14:38.448,-19.999999999999996,-3.8297501958394986,-16.1702498041605,-9500.0,0.0,-0.25320290434028614,-1.349363480139941,1.0
16:14:38.468,-19.999999999999996,-3.8297501958394986,-16.1702498041605,-9500.0,0.0,-0.2228185558194518,-1.1874398625231481,1.0
16:14:38.488,-19.999999999999996,-3.8297501958394986,-16.1702498041605,-9500.0,0.0,-0.19608032912111759,-1.0449470790203703,1.0
16:14:38.509,-19.999999999999996,-3.8297501958394986,-16.1702498041605,-9500.0,0.0,-0.1725506896265835,-0.919553429537926,1.0
16:14:38.529,-19.999999999999996,-3.8297501958394986,-16.1702498041605,-9500.0,0.0,-0.15184460687139348,-0.8092070179933749,1.0
16:14:38.549,-19.999999999999996,-3.8297501958394986,-16.1702498041605,-9500.0,0.0,-0.13362325404682626,-0.7121021758341699,1.0
16:14:38.568,-19.999999999999996,-3.8297501958394986,-16.1702498041605,-9500.0,0.0,-0.11758846356120711,-0.6266499147340695,1.0
16:14:38.589,-19.999999999999996,-3.8297501958394986,-16.1702498041605,-9500.0,0.0,-0.10347784793386226,-0.5514519249659812,1.0
16:14:38.608,-19.999999999999996,-3.8297501958394986,-16.1702498041605,-9500.0,0.0,-0.0910605061817988,-0.4852776939700635,1.0
16:14:38.629,-19.999999999999996,-3.8297501958394986,-16.1702498041605,-9500.0,0.0,-0.08013324543998294,-0.4270443706936559,1.0
16:14:38.649,-19.999999999999996,-3.8297501958394986,-16.1702498041605,-9500.0,0.0,-0.07051725598718499,-0.37579904621041715,1.0
16:14:38.668,-19.999999999999996,-3.8297501958394986,-16.1702498041605,-9500.0,0.0,-0.062055185268722786,-0.3307031606651671,1.0
16:14:38.689,-19.999999999999996,-3.8297501958394986,-16.1702498041605,-9500.0,0.0,-0.05460856303647605,-0.29101878138534704,1.0
16:14:38.708,-19.999999999999996,-3.8297501958394986,-16.1702498041605,-9500.0,0.0,-0.048055535472098926,-0.2560965276191054,1.0
16:14:38.729,-19.999999999999996,-3.8297501958394986,-16.1702498041605,-9500.0,0.0,-0.042288871215447055,-0.22536494430481274,1.0
16:14:38.748,-19.999999999999996,-3.8297501958394986,-16.1702498041605,-9500.0,0.0,-0.03721420666959341,-0.19832115098823522,1.0
16:14:38.768,-19.999999999999996,-3.8297501958394986,-16.1702498041605,-9500.0,0.0,-0.0327485018692422,-0.174522612869647,1.0
16:14:38.788,-19.999999999999996,-3.8297501958394986,-16.1702498041605,-9500.0,0.0,-0.028818681644933133,-0.15357989932528934,1.0
16:14:38.808,-19.999999999999996,-3.8297501958394986,-16.1702498041605,-9500.0,0.0,-0.025360439847541157,-0.13515031140625464,1.0
16:14:38.829,-19.999999999999996,-3.8297501958394986,-16.1702498041605,-9500.0,0.0,-0.022317187065836217,-0.11893227403750406,1.0
16:14:38.849,-19.999999999999996,-3.8297501958394986,-16.1702498041605,-9500.0,0.0,-0.01963912461793587,-0.10466040115300357,1.0
16:14:38.868,-19.999999999999996,-3.8297501958394986,-16.1702498041605,-9500.0,0.0,-0.017282429663783565,-0.09210115301464314,1.0
16:14:38.889,-19.999999999999996,-3.8297501958394986,-16.1702498041605,-9500.0,0.0,-0.015208538104129537,-0.08104901465288596,1.0
16:14:38.909,-19.999999999999996,-3.8297501958394986,-16.1702498041605,-9500.0,0.0,-0.013383513531633993,-0.07132313289453965,1.0
16:14:38.929,-19.999999999999996,-3.8297501958394986,-16.1702498041605,-9500.0,0.0,-0.011777491907837914,-0.06276435694719489,1.0
16:14:38.949,-19.999999999999996,-3.8297501958394986,-16.1702498041605,-9500.0,0.0,-0.010364192878897364,-0.0552326341135315,1.0
16:14:38.968,-19.999999999999996,-3.8297501958394986,-16.1702498041605,-9500.0,0.0,-0.00912048973342968,-0.04860471801990772,1.0
16:14:38.989,-19.999999999999996,-3.8297501958394986,-16.1702498041605,-9500.0,0.0,-0.008026030965418119,-0.04277215185751879,1.0
16:14:39.009,-19.999999999999996,-3.8297501958394986,-16.1702498041605,-9500.0,0.0,-0.007062907249567945,-0.03763949363461654,1.0
16:14:39.028,-19.999999999999996,-3.8297501958394986,-16.1702498041605,-9500.0,0.0,-0.006215358379619791,-0.03312275439846255,1.0
16:14:39.049,-19.999999999999996,-3.8297501958394986,-16.1702498041605,-9500.0,0.0,-0.005469515374065416,-0.029148023870647046,1.0
16:14:39.068,-19.999999999999996,-3.8297501958394986,-16.1702498041605,-9500.0,0.0,-0.004813173529177566,-0.0256502610061694,1.0
16:14:39.088,-19.999999999999996,-3.8297501958394986,-16.1702498041605,-9500.0,0.0,-0.004235592705676258,-0.02257222968542907,1.0
16:14:39.109,-19.999999999999996,-3.8297501958394986,-16.1702498041605,-9500.0,0.0,-0.0037273215809951066,-0.01986356212317758,1.0
16:14:39.128,-19.999999999999996,-3.8297501958394986,-16.1702498041605,-9500.0,0.0,-0.003280042991275694,-0.01747993466839627,1.0
16:14:39.148,-19.999999999999996,-3.8297501958394986,-16.1702498041605,-9500.0,0.0,-0.0028864378323226105,-0.015382342508188719,1.0
16:14:39.168,-19.999999999999996,-3.8297501958394986,-16.1702498041605,-9500.0,0.0,-0.0025400652924438974,-0.013536461407206074,1.0
16:14:39.188,-19.999999999999996,-3.8297501958394986,-16.1702498041605,-9500.0,0.0,-0.0022352574573506296,-0.011912086038341345,1.0
16:14:39.208,-19.999999999999996,-3.8297501958394986,-16.1702498041605,-9500.0,0.0,-0.001967026562468554,-0.010482635713740383,1.0
16:14:39.228,-19.999999999999996,-3.8297501958394986,-16.1702498041605,-9500.0,0.0,-0.0017309833749723277,-0.009224719428091537,1.0
16:14:39.249,-19.999999999999996,-3.8297501958394986,-16.1702498041605,-9500.0,0.0,-0.0015232653699756484,-0.008117753096720554,1.0
16:14:39.269,-19.999999999999996,-3.8297501958394986,-16.1702498041605,-9500.0,0.0,-0.0013404735255785707,-0.007143622725114087,1.0
16:14:39.288,-19.999999999999996,-3.8297501958394986,-16.1702498041605,-9500.0,0.0,-0.0011796167025091423,-0.0062863879981003975,1.0
16:14:39.308,-19.999999999999996,-3.8297501958394986,-16.1702498041605,-9500.0,0.0,-0.0010380626982080452,-0.005532021438328349,1.0
16:14:39.328,-19.999999999999996,-3.8297501958394986,-16.1702498041605,-9500.0,0.0,-0.0009134951744230798,-0.004868178865728948,1.0
16:14:39.348,-19.999999999999996,-3.8297501958394986,-16.1702498041605,-9500.0,0.0,-0.0008038757534923102,-0.004283997401841474,1.0
16:14:39.368,-19.999999999999996,-3.8297501958394986,-16.1702498041605,-9500.0,0.0,-0.000707410663073233,-0.003769917713620497,1.0
16:14:39.388,-19.999999999999996,-3.8297501958394986,-16.1702498041605,-9500.0,0.0,-0.0006225213835044451,-0.0033175275879860377,1.0
16:14:39.408,-19.999999999999996,-3.8297501958394986,-16.1702498041605,-9500.0,0.0,-0.0005478188174839117,-0.002919424277427713,1.0
16:14:39.429,-19.999999999999996,-3.8297501958394986,-16.1702498041605,-9500.0,0.0,-0.00048208055938584225,-0.0025690933641363874,1.0
16:14:39.448,-19.999999999999996,-3.8297501958394986,-16.1702498041605,-9500.0,0.0,-0.0004242308922595412,-0.002260802160440021,1.0
16:14:39.468,-19.999999999999996,-3.8297501958394986,-16.1702498041605,-9500.0,0.0,-0.00037332318518839625,-0.0019895059011872185,1.0
16:14:39.488,-19.999999999999996,-3.8297501958394986,-16.1702498041605,-9500.0,0.0,-0.0003285244029657887,-0.001750765193044752,1.0
16:14:39.508,-19.999999999999996,-3.8297501958394986,-16.1702498041605,-9500.0,0.0,-0.000289101474609894,-0.001540673369879382,1.0
16:14:39.528,-19.999999999999996,-3.8297501958394986,-16.1702498041605,-9500.0,0.0,-0.0002544092976567067,-0.001355792565493856,1.0
16:14:39.548,-19.999999999999996,-3.8297501958394986,-16.1702498041605,-9500.0,0.0,-0.00022388018193790192,-0.0011930974576345931,1.0
16:14:39.568,-19.999999999999996,-3.8297501958394986,-16.1702498041605,-9500.0,0.0,-0.0001970145601053537,-0.0010499257627184422,1.0
16:14:39.588,-19.999999999999996,-3.8297501958394986,-16.1702498041605,-9500.0,0.0,-0.00017337281289271124,-0.0009239346711922289,1.0
16:14:39.608,-19.999999999999996,-3.8297501958394986,-16.1702498041605,-9500.0,0.0,-0.0001525680753455859,-0.0008130625106491615,1.0
16:14:39.628,-19.999999999999996,-3.8297501958394986,-16.1702498041605,-9500.0,0.0,-0.0001342599063041156,-0.0007154950093712621,1.0
16:14:39.649,-19.999999999999996,-3.8297501958394986,-16.1702498041605,-9500.0,0.0,-0.00011814871754762172,-0.0006296356082467107,1.0
16:14:39.669,-19.999999999999996,-3.8297501958394986,-16.1702498041605,-9500.0,0.0,-0.00010397087144190712,-0.0005540793352571055,1.0
16:14:39.688,-19.999999999999996,-3.8297501958394986,-16.1702498041605,-9500.0,0.0,-9.149436686887827e-05,-0.0004875898150262528,1.0
16:14:39.709,-19.999999999999996,-3.8297501958394986,-16.1702498041605,-9500.0,0.0,-8.051504284461288e-05,-0.0004290790372231025,1.0
16:14:39.728,-19.999999999999996,-3.8297501958394986,-16.1702498041605,-9500.0,0.0,-7.085323770325933e-05,-0.0003775895527563302,1.0
16:14:39.749,-19.999999999999996,-3.8297501958394986,-16.1702498041605,-9500.0,0.0,-6.235084917886821e-05,-0.00033227880642557056,1.0
16:14:39.768,-19.999999999999996,-3.8297501958394986,-16.1702498041605,-9500.0,0.0,-5.486874727740403e-05,-0.0002924053496545021,1.0
16:14:39.788,-19.999999999999996,-3.8297501958394986,-16.1702498041605,-9500.0,0.0,-4.8284497604115546e-05,-0.00025731670769596184,1.0
16:14:39.808,-19.999999999999996,-3.8297501958394986,-16.1702498041605,-9500.0,0.0,-4.249035789162168e-05,-0.00022643870277244644,1.0
16:14:39.828,-19.999999999999996,-3.8297501958394986,-16.1702498041605,-9500.0,0.0,-3.739151494462708e-05,-0.00019926605843975287,1.0
16:14:39.848,-19.999999999999996,-3.8297501958394986,-16.1702498041605,-9500.0,0.0,-3.290453315127183e-05,-0.0001753541314269825,1.0
16:14:39.868,-19.999999999999996,-3.8297501958394986,-16.1702498041605,-9500.0,0.0,-2.895598917311921e-05,-0.00015431163565574461,1.0
16:14:39.888,-19.999999999999996,-3.8297501958394986,-16.1702498041605,-9500.0,0.0,-2.5481270472344905e-05,-0.00013579423937705527,1.0
16:14:39.908,-19.999999999999996,-3.8297501958394986,-16.1702498041605,-9500.0,0.0,-2.2423518015663515e-05,-0.00011949893065180863,1.0
16:14:39.929,-19.999999999999996,-3.8297501958394986,-16.1702498041605,-9500.0,0.0,-1.9732695853783893e-05,-0.00010515905897359158,1.0
16:14:39.948,-19.999999999999996,-3.8297501958394986,-16.1702498041605,-9500.0,0.0,-1.7364772351329826e-05,-9.25399718967606e-05,1.0
16:14:39.968,-19.999999999999996,-3.8297501958394986,-16.1702498041605,-9500.0,0.0,-1.5280999669170247e-05,-8.143517526914933e-05,1.0
16:14:39.989,-19.999999999999996,-3.8297501958394986,-16.1702498041605,-9500.0,0.0,-1.3447279708869817e-05,-7.166295423685141e-05,1.0
16:14:40.008,-19.999999999999996,-3.8297501958394986,-16.1702498041605,-9500.0,0.0,-1.1833606143805438e-05,-6.306339972842923e-05,1.0
16:14:40.029,-19.999999999999996,-3.8297501958394986,-16.1702498041605,-9500.0,0.0,-1.0413573406548785e-05,-5.549579176101772e-05,1.0
16:14:40.048,-19.999999999999996,-3.8297501958394986,-16.1702498041605,-9500.0,0.0,-9.16394459776293e-06,-4.8836296749695595e-05,1.0
16:14:40.068,-19.999999999999996,-3.8297501958394986,-16.1702498041605,-9500.0,0.0,-8.06427124603138e-06,-4.297594113973213e-05,1.0
16:14:40.088,-19.999999999999996,-3.8297501958394986,-16.1702498041605,-9500.0,0.0,-7.096558696507614e-06,-3.7818828202964274e-05,1.0
16:14:40.108,-19.999999999999996,-3.8297501958394986,-16.1702498041605,-9500.0,0.0,-6.2449716529267e-06,-3.3280568818608555e-05,1.0
16:14:40.129,-19.999999999999996,-3.8297501958394986,-16.1702498041605,-9500.0,0.0,-5.495575054575496e-06,-2.928690056037553e-05,1.0
16:14:40.149,-19.999999999999996,-3.8297501958394986,-16.1702498041605,-9500.0,0.0,-4.836106048026437e-06,-2.5772472493130467e-05,1.0
16:14:40.168,-19.999999999999996,-3.8297501958394986,-16.1702498041605,-9500.0,0.0,-4.255773322263264e-06,-2.267977579395481e-05,1.0
16:14:40.188,-19.999999999999996,-3.8297501958394986,-16.1702498041605,-9500.0,0.0,-3.7450805235916725e-06,-1.9958202698680233e-05,1.0
16:14:40.208,-19.999999999999996,-3.8297501958394986,-16.1702498041605,-9500.0,0.0,-3.295670860760672e-06,-1.7563218374838606e-05,1.0
16:14:40.228,-19.999999999999996,-3.8297501958394986,-16.1702498041605,-9500.0,0.0,-2.900190357469391e-06,-1.5455632169857972e-05,1.0
16:14:40.248,-19.999999999999996,-3.8297501958394986,-16.1702498041605,-9500.0,0.0,-2.5521675145730644e-06,-1.3600956309475017e-05,1.0
16:14:40.268,-19.999999999999996,-3.8297501958394986,-16.1702498041605,-9500.0,0.0,-2.2459074128242966e-06,-1.1968841552338015e-05,1.0
16:14:40.288,-19.999999999999996,-3.8297501958394986,-16.1702498041605,-9500.0,0.0,-1.976398523285381e-06,-1.0532580566057453e-05,1.0
16:14:40.308,-19.999999999999996,-3.8297501958394986,-16.1702498041605,-9500.0,0.0,-1.7392307004911355e-06,-9.26867089813056e-06,1.0
16:14:40.328,-19.999999999999996,-3.8297501958394986,-16.1702498041605,-9500.0,0.0,-1.5305230164321993e-06,-8.156430390354892e-06,1.0
16:14:40.348,-19.999999999999996,-3.8297501958394986,-16.1702498041605,-9500.0,0.0,-1.3468602544603353e-06,-7.177658743512305e-06,1.0
16:14:40.369,-19.999999999999996,-3.8297501958394986,-16.1702498041605,-9500.0,0.0,-1.1852370239250951e-06,-6.316339694290829e-06,1.0
16:14:40.388,-19.999999999999996,-3.8297501958394986,-16.1702498041605,-9500.0,0.0,-1.0430085810540838e-06,-5.55837893097593e-06,1.0
16:14:40.408,-19.999999999999996,-3.8297501958394986,-16.1702498041605,-9500.0,0.0,-9.178475513275937e-07,-4.891373459258818e-06,1.0
16:14:40.428,-19.999999999999996,-3.8297501958394986,-16.1702498041605,-9500.0,0.0,-8.077058451682825e-07,-4.30440864414776e-06,1.0
16:14:40.449,-19.999999999999996,-3.8297501958394986,-16.1702498041605,-9500.0,0.0,-7.107811437480886e-07,-3.787879606850029e-06,1.0
16:14:40.468,-19.999999999999996,-3.8297501958394986,-16.1702498041605,-9500.0,0.0,-6.25487406498318e-07,-3.3333340540280253e-06,1.0
16:14:40.488,-19.999999999999996,-3.8297501958394986,-16.1702498041605,-9500.0,0.0,-5.504289177185199e-07,-2.9333339675446625e-06,1.0
16:14:40.508,-19.999999999999996,-3.8297501958394986,-16.1702498041605,-9500.0,0.0,-4.843774475922975e-07,-2.5813338914393034e-06,1.0
16:14:40.528,-19.999999999999996,-3.8297501958394986,-16.1702498041605,-9500.0,0.0,-4.262521538812218e-07,-2.2715738244665867e-06,1.0
16:14:40.548,-19.999999999999996,-3.8297501958394986,-16.1702498041605,-9500.0,0.0,-3.751018954154752e-07,-1.9989849655305965e-06,1.0
16:14:40.568,-19.999999999999996,-3.8297501958394986,-16.1702498041605,-9500.0,0.0,-3.3008966796561816e-07,-1.7591067696669249e-06,1.0
16:14:40.588,-19.999999999999996,-3.8297501958394986,-16.1702498041605,-9500.0,0.0,-2.90478907809744e-07,-1.548013957306894e-06,1.0
16:14:40.608,-19.999999999999996,-3.8297501958394986,-16.1702498041605,-9500.0,0.0,-2.5562143887257473e-07,-1.3622522824300668e-06,1.0
16:14:40.628,-19.999999999999996,-3.8297501958394986,-16.1702498041605,-9500.0,0.0,-2.2494686620786578e-07,-1.1987820085384589e-06,1.0
16:14:40.648,-19.999999999999996,-3.8297501958394986,-16.1702498041605,-9500.0,0.0,-1.979532422629219e-07,-1.0549281675138437e-06,1.0
16:14:40.668,-19.999999999999996,-3.8297501958394986,-16.1702498041605,-9500.0,0.0,-1.7419885319137127e-07,-9.283367874121825e-07,1.0
16:14:40.689,-19.999999999999996,-3.8297501958394986,-16.1702498041605,-9500.0,0.0,-1.5329499080840672e-07,-8.169363729227207e-07,1.0
16:14:40.709,-19.999999999999996,-3.8297501958394986,-16.1702498041605,-9500.0,0.0,-1.3489959191139792e-07,-7.189040081719942e-07,1.0
16:14:40.729,-19.999999999999996,-3.8297501958394986,-16.1702498041605,-9500.0,0.0,-1.1871164088203017e-07,-6.326355271913549e-07,1.0
16:14:40.748,-19.999999999999996,-3.8297501958394986,-16.1702498041605,-9500.0,0.0,-1.0446624397618654e-07,-5.567192639283923e-07,1.0
16:14:40.768,-19.999999999999996,-3.8297501958394986,-16.1702498041605,-9500.0,0.0,-9.193029469904417e-08,-4.899129522569853e-07,1.0
16:14:40.788,-19.999999999999996,-3.8297501958394986,-16.1702498041605,-9500.0,0.0,-8.089865933515886e-08,-4.31123397986147e-07,1.0
16:14:40.808,-19.999999999999996,-3.8297501958394986,-16.1702498041605,-9500.0,0.0,-7.11908202149398e-08,-3.793885902278094e-07,1.0
16:14:40.829,-19.999999999999996,-3.8297501958394986,-16.1702498041605,-9500.0,0.0,-6.264792178914702e-08,-3.338619594004722e-07,1.0
16:14:40.848,-19.999999999999996,-3.8297501958394986,-16.1702498041605,-9500.0,0.0,-5.5130171174449377e-08,-2.937985242724156e-07,1.0
16:14:40.868,-19.999999999999996,-3.8297501958394986,-16.1702498041605,-9500.0,0.0,-4.851455063351545e-08,-2.585427013597257e-07,1.0
16:14:40.889,-19.999999999999996,-3.8297501958394986,-16.1702498041605,-9500.0,0.0,-4.26928045574936e-08,-2.2751757719655864e-07,1.0
16:14:40.909,-19.999999999999996,-3.8297501958394986,-16.1702498041605,-9500.0,0.0,-3.756966801059437e-08,-2.0021546793297158e-07,1.0
16:14:40.929,-19.999999999999996,-3.8297501958394986,-16.1702498041605,-9500.0,0.0,-3.306130784932304e-08,-1.76189611781015e-07,1.0
16:14:40.948,-19.999999999999996,-3.8297501958394986,-16.1702498041605,-9500.0,0.0,-2.9093950907404277e-08,-1.550468583672932e-07,1.0
16:14:40.968,-19.999999999999996,-3.8297501958394986,-16.1702498041605,-9500.0,0.0,-2.5602676798515764e-08,-1.36441235363218e-07,1.0
16:14:40.989,-19.999999999999996,-3.8297501958394986,-16.1702498041605,-9500.0,0.0,-2.253035558269387e-08,-1.2006828711963183e-07,1.0
16:14:41.009,-19.999999999999996,-3.8297501958394986,-16.1702498041605,-9500.0,0.0,-1.9826712912770605e-08,-1.0566009266527602e-07,1.0
16:14:41.029,-19.999999999999996,-3.8297501958394986,-16.1702498041605,-9500.0,0.0,-1.7447507363238132e-08,-9.298088154544289e-08,1.0
16:14:41.049,-19.999999999999996,-3.8297501958394986,-16.1702498041605,-9500.0,0.0,-1.5353806479649556e-08,-8.182317575998974e-08,1.0
16:14:41.068,-19.999999999999996,-3.9167899730176687,-16.08321002698233,-9500.0,0.0,-1.3511349702091609e-08,-7.200439466879097e-08,1.0
16:14:41.088,-19.999999999999996,-4.526068413264862,-15.473931586735134,-9500.0,-13.0,-1.5600000118899877,-8.313518561514002,1.0
16:14:41.108,-19.999999999999996,-6.0927844024719295,-13.907215597528067,-9500.0,-18.0,-3.5328000104631894,-18.826921946955586,1.0
16:14:41.129,-19.999999999999996,-8.094699277569848,-11.905300722430148,-9500.0,-18.0,-5.268864009207607,-28.078716926144182,1.0
16:14:41.149,-19.999999999999996,-10.705892592914962,-9.294107407085034,-9500.0,-22.0,-7.276600328102694,-38.77830219956865,1.0
16:14:41.168,-19.999999999999996,-13.143006353903733,-6.856993646096263,-9500.0,-16.0,-8.32340828873037,-44.35692870257442,1.0
16:14:41.188,-19.999999999999996,-15.406040560536164,-4.593959439463832,-9500.0,-19.0,-9.604599294082725,-51.18462429402337,1.0
16:14:41.208,-19.999999999999996,-18.017233875881278,-1.9827661241187198,-9500.0,-22.0,-11.092047378792799,-59.111500683302346,1.0
16:14:41.228,-19.999999999999996,-20.280268082513707,0.2802680825137111,3311.2994716512185,-20.0,-12.161001693337663,-64.80814905999858,1.0
16:14:41.248,-19.999999999999996,-21.934023848898946,1.934023848898949,9500.0,-4.0,-11.181681490137144,-59.58917686453726,1.0
16:14:41.268,-19.999999999999996,-22.19514318043346,2.1951431804334605,9500.0,5.0,-9.239879711320688,-49.24096852611966,1.0
16:14:41.288,-19.999999999999996,-21.411785185829924,1.4117851858299266,9500.0,7.0,-7.291094145962205,-38.855542342442924,1.0
16:14:41.309,-19.999999999999996,-21.15066585429541,1.1506658542954153,8838.323708289143,-2.0,-6.6561628484467406,-35.47188010721902,1.0
16:14:41.328,-19.999999999999996,-20.976586299939072,0.9765862999390744,7742.244863294448,0.0,-5.857423306633132,-31.21525449435274,1.0
16:14:41.348,-19.999999999999996,-19.06171120201932,-0.9382887979806748,-7538.3987818816495,27.0,-1.9145325098371564,-10.202885535795517,1.0
16:14:41.368,-19.999999999999996,-17.0597963269214,-2.9402036730785945,-9500.0,7.0,-0.8447886086566977,-4.502029310957674,1.0
16:14:41.389,-19.999999999999996,-17.0597963269214,-2.9402036730785945,-9500.0,-4.0,-1.223413975617894,-6.519791485381256,1.0
16:14:41.409,-19.999999999999996,-17.0597963269214,-2.9402036730785945,-9500.0,1.0,-0.9566042985437467,-5.0979150842008805,1.0
16:14:41.428,-19.999999999999996,-17.0597963269214,-2.9402036730785945,-9500.0,0.0,-0.8418117827184971,-4.486165274096774,1.0
16:14:41.448,-19.999999999999996,-18.62651231612847,-1.3734876838715269,-9500.0,-24.0,-3.6207943687922772,-19.29585959163618,1.0
16:14:41.468,-19.999999999999996,-20.80250674558273,0.8025067455827336,6646.521367814062,-15.0,-4.986299044537204,-26.572877784659227,1.0
16:14:41.489,-19.999999999999996,-22.369222734789798,2.369222734789801,9500.0,-9.0,-5.46794315919274,-29.139645256911752,1.0
16:14:41.509,-19.999999999999996,-22.282182957611628,2.2821829576116306,9500.0,5.0,-4.211789980089612,-22.445380711409218,1.0
16:14:41.528,-19.999999999999996,-21.672904517364433,1.672904517364438,9500.0,5.0,-3.106375182478858,-16.55442791136698,1.0
16:14:41.549,-19.999999999999996,-21.498824963008094,1.498824963008097,9500.0,3.0,-2.3736101605813955,-12.649392293199067,1.0
16:14:41.568,-19.999999999999996,-21.23770563147358,1.2377056314735857,9416.047733903762,9.0,-1.0087769413116279,-5.375952411603546,1.0
16:14:41.589,-19.999999999999996,-18.5394725389503,-1.4605274610496972,-9500.0,24.0,1.9922762916457675,10.6171960282199,1.0
16:14:41.608,-19.999999999999996,-16.45051788667421,-3.5494821133257872,-9500.0,7.0,2.5932031366482753,13.81964246537589,1.0
16:14:41.628,-19.999999999999996,-16.711637218208722,-3.288362781791276,-9500.0,-7.0,1.4420187602504826,7.684775408988405,1.0
16:14:41.649,-19.999999999999996,-17.0597963269214,-2.9402036730785945,-9500.0,2.0,1.5089765090204246,8.041605205779048,1.0
16:14:41.668,-19.999999999999996,-17.146836104099574,-2.853163895900424,-9500.0,0.0,1.3278993279379736,7.076612581085562,1.0
16:14:41.688,-19.999999999999996,-18.62651231612847,-1.3734876838715269,-9500.0,-24.0,-1.7114485914145832,-9.120615079075725,1.0
16:14:41.709,-19.999999999999996,-20.80250674558273,0.8025067455827336,6654.18078736286,-16.0,-3.426074760444833,-18.25816403654065,1.0
16:14:41.729,-19.999999999999996,-22.456262511967967,2.4562625119679717,9500.0,-12.0,-4.454945789191453,-23.74120142737128,1.0
16:14:41.749,-19.999999999999996,-22.456262511967967,2.4562625119679717,9500.0,5.0,-3.3203522944884787,-17.6947501414136,1.0
16:14:41.769,-19.999999999999996,-21.934023848898946,1.934023848898949,9500.0,4.0,-2.4419100191498613,-13.013374432705463,1.0
16:14:41.788,-19.999999999999996,-21.759944294542606,1.7599442945426083,9500.0,3.0,-1.788880816851878,-9.53326523197693,1.0
16:14:41.808,-19.999999999999996,-21.411785185829924,1.4117851858299266,9500.0,15.0,0.22578488117034712,1.2032479398796865,1.0
16:14:41.829,-19.999999999999996,-18.88763164766298,-1.1123683523370156,-8612.118853485737,27.0,3.438690695429905,18.32539660632902,1.0
16:14:41.848,-19.999999999999996,-16.711637218208722,-3.288362781791276,-9500.0,9.0,4.106047811978316,21.881861819981165,1.0
16:14:41.869,-19.999999999999996,-16.88571677256506,-3.1142832274349352,-9500.0,-5.0,3.013322074540918,16.058531286910295,1.0
16:14:41.888,-19.999999999999996,-17.320915658455913,-2.6790843415440833,-9500.0,2.0,2.891723425596008,15.410510378350313,1.0
16:14:41.909,-19.999999999999996,-17.407955435634083,-2.5920445643659127,-9500.0,-1.0,2.424716614524487,12.92174771001365,1.0
16:14:41.929,-19.999999999999996,-18.71355209330664,-1.2864479066933565,-9500.0,-24.0,-0.7462493792184515,-3.9768961656190074,1.0
16:14:41.948,-19.999999999999996,-20.8895465227609,0.8895465227609041,7207.76142095494,-17.0,-2.6966994537122373,-14.371192815633366,1.0
16:14:41.969,-19.999999999999996,-22.63034206632431,2.6303420663243124,9500.0,-12.0,-3.813095519266769,-20.320666752972873,1.0
16:14:41.988,-19.999999999999996,-22.456262511967967,2.4562625119679717,9500.0,9.0,-2.2755240569547563,-12.126673936204494,1.0
16:14:42.008,-19.999999999999996,-21.934023848898946,1.934023848898949,9500.0,3.0,-1.6424611701201859,-8.752968795056079,1.0
16:14:42.028,-19.999999999999996,-21.759944294542606,1.7599442945426083,9500.0,3.0,-1.0853658297057636,-5.784108270845471,1.0
16:14:42.048,-19.999999999999996,-21.411785185829924,1.4117851858299266,9500.0,15.0,0.8448780698589279,4.502506065675371,1.0
16:14:42.068,-19.999999999999996,-18.800591870484812,-1.199408129515186,-9159.444323177577,27.0,3.983492701475856,21.22874375702922,1.0
16:14:42.089,-19.999999999999996,-16.711637218208722,-3.288362781791276,-9500.0,7.0,4.345473577298754,23.1578044667281,1.0
16:14:42.109,-19.999999999999996,-16.97275654974323,-3.0272434502567647,-9500.0,-7.0,2.9840167480229036,15.902357970178347,1.0
16:14:42.128,-19.999999999999996,-17.320915658455913,-2.6790843415440833,-9500.0,2.0,2.8659347382601554,15.273077859626198,1.0
16:14:42.148,-19.999999999999996,-17.407955435634083,-2.5920445643659127,-9500.0,-1.0,2.4020225696689366,12.800807093536427,1.0
16:14:42.168,-19.999999999999996,-18.800591870484812,-1.199408129515186,-9182.761511449855,-24.0,-0.7662201386913359,-4.083323908118963,1.0
16:14:42.188,-19.999999999999996,-20.976586299939072,0.9765862999390744,7758.264247157176,-16.0,-2.5942737220483756,-13.825347806098701,1.0
16:14:42.209,-19.999999999999996,-22.63034206632431,2.6303420663243124,9500.0,-7.0,-3.1229608754025704,-16.642816029909238,1.0
16:14:42.229,-19.999999999999996,-22.456262511967967,2.4562625119679717,9500.0,5.0,-2.148205570354262,-11.448170991646998,1.0
16:14:42.249,-19.999999999999996,-21.934023848898946,1.934023848898949,9500.0,3.0,-1.5304209019117505,-8.155886203845482,1.0
16:14:42.269,-19.999999999999996,-21.759944294542606,1.7599442945426083,9500.0,2.0,-1.1067703936823405,-5.898177013514773,1.0
16:14:42.288,-19.999999999999996,-21.411785185829924,1.4117851858299266,9500.0,15.0,0.8260420535595402,4.402125572126386,1.0
16:14:42.309,-19.999999999999996,-18.62651231612847,-1.3734876838715269,-9500.0,27.0,3.966917007132395,21.140408922706115,1.0
16:14:42.328,-19.999999999999996,-16.53755766385238,-3.4624423361476167,-9500.0,7.0,4.330886966276508,23.080069812523764,1.0
16:14:42.348,-19.999999999999996,-16.88571677256506,-3.1142832274349352,-9500.0,-7.0,2.9711805303233274,15.833951474478534,1.0
16:14:42.368,-19.999999999999996,-17.320915658455913,-2.6790843415440833,-9500.0,0.0,2.614638866684528,13.933877297541109,1.0
16:14:42.388,-19.999999999999996,-17.407955435634083,-2.5920445643659127,-9500.0,-1.0,2.1808822026823846,11.62231059890155,1.0
16:14:42.409,-19.999999999999996,-18.71355209330664,-1.2864479066933565,-9500.0,-22.0,-0.7208236616395012,-3.841397977528402,1.0
16:14:42.429,-19.999999999999996,-20.8895465227609,0.8895465227609041,7207.871262015243,-17.0,-2.674324822242761,-14.251954410113632,1.0
16:14:42.448,-19.999999999999996,-22.63034206632431,2.6303420663243124,9500.0,-4.0,-2.8334058435736296,-15.0997255726385,1.0
16:14:42.469,-19.999999999999996,-22.543302289146137,2.543302289146142,9500.0,5.0,-1.893397142344794,-10.090251389248749,1.0
16:14:42.489,-19.999999999999996,-21.934023848898946,1.934023848898949,9500.0,5.0,-1.0661894852634188,-5.681914107865771,1.0
16:14:42.509,-19.999999999999996,-21.759944294542606,1.7599442945426083,9500.0,3.0,-0.5782467470318086,-3.0815801461180015,1.0
16:14:42.529,-19.999999999999996,-21.498824963008094,1.498824963008097,9500.0,18.0,1.6511428626120086,8.799235084239424,1.0
16:14:42.549,-19.999999999999996,-18.88763164766298,-1.1123683523370156,-8605.961197108643,27.0,4.693005719098568,25.00986529336559,1.0
16:14:42.569,-19.999999999999996,-16.711637218208722,-3.288362781791276,-9500.0,7.0,4.96984503280674,26.4851914187041,1.0
16:14:42.588,-19.999999999999996,-16.88571677256506,-3.1142832274349352,-9500.0,-5.0,3.7734636288699313,20.10946133378648,1.0
16:14:42.609,-19.999999999999996,-17.320915658455913,-2.6790843415440833,-9500.0,2.0,3.5606479934055395,18.975328819601355,1.0
16:14:42.628,-19.999999999999996,-17.407955435634083,-2.5920445643659127,-9500.0,-1.0,3.013370234196875,16.058787938314566,1.0
16:14:42.649,-19.999999999999996,-18.71355209330664,-1.2864479066933565,-9500.0,-18.0,0.49176580609324994,2.6207077728935553,1.0
16:14:42.668,-19.999999999999996,-20.8895465227609,0.8895465227609041,7213.109742008341,-17.0,-1.6072460906379402,-8.565301349742311,1.0
16:14:42.688,-19.999999999999996,-22.63034206632431,2.6303420663243124,9500.0,-14.0,-3.094376559761387,-16.490485108857992,1.0
16:14:42.708,-19.999999999999996,-22.456262511967967,2.4562625119679717,9500.0,9.0,-1.6430513725900204,-8.7561140893834,1.0
16:14:42.729,-19.999999999999996,-21.934023848898946,1.934023848898949,9500.0,-2.0,-1.685885207879218,-8.984383244526644,1.0
16:14:42.749,-19.999999999999996,-21.759944294542606,1.7599442945426083,9500.0,3.0,-1.123578982933712,-5.98775298637957,1.0
16:14:42.768,-19.999999999999996,-21.498824963008094,1.498824963008097,9500.0,18.0,1.1712504950183336,6.241802984809243,1.0
16:14:42.788,-19.999999999999996,-18.88763164766298,-1.1123683523370156,-8608.62347056001,26.0,4.150700435616134,22.119823622932408,1.0
16:14:42.808,-19.999999999999996,-16.711637218208722,-3.288362781791276,-9500.0,13.0,5.212616383342198,27.77896328633065,1.0
16:14:42.829,-19.999999999999996,-16.88571677256506,-3.1142832274349352,-9500.0,-2.0,4.347102417341134,23.16648484610172,1.0
16:14:42.848,-19.999999999999996,-17.320915658455913,-2.6790843415440833,-9500.0,2.0,4.065450127260197,21.665509510438763,1.0
16:14:42.868,-19.999999999999996,-17.407955435634083,-2.5920445643659127,-9500.0,-1.0,3.4575961119889733,18.426146946251485,1.0
16:14:42.888,-19.999999999999996,-18.62651231612847,-1.3734876838715269,-9500.0,-24.0,0.1626845785502966,0.8669751622702883,1.0
16:14:42.909,-19.999999999999996,-20.8895465227609,0.8895465227609041,7211.098984309758,-18.0,-2.0168375708757393,-10.748087470025412,1.0
16:14:42.929,-19.999999999999996,-22.63034206632431,2.6303420663243124,9500.0,-14.0,-3.4548170623706507,-18.411336894707123,1.0
16:14:42.948,-19.999999999999996,-22.456262511967967,2.4562625119679717,9500.0,9.0,-1.9602390148861724,-10.446463660930636,1.0
16:14:42.968,-19.999999999999996,-21.934023848898946,1.934023848898949,9500.0,-2.0,-1.9650103330998316,-10.471890867488211,1.0
16:14:42.988,-19.999999999999996,-21.759944294542606,1.7599442945426083,9500.0,3.0,-1.3692090931278518,-7.296759694585748,1.0
16:14:43.008,-19.999999999999996,-21.498824963008094,1.498824963008097,9500.0,18.0,0.9550959980474907,5.089877081587807,1.0
16:14:43.028,-19.999999999999996,-18.88763164766298,-1.1123683523370156,-8608.96817322983,27.0,4.080484478281791,21.745630251032164,1.0
16:14:43.048,-19.999999999999996,-16.711637218208722,-3.288362781791276,-9500.0,7.0,4.430826340887976,23.612664581450684,1.0
16:14:43.068,-19.999999999999996,-16.97275654974323,-3.0272434502567647,-9500.0,-7.0,3.0591271799814193,16.302634871134224,1.0
16:14:43.088,-19.999999999999996,-17.320915658455913,-2.6790843415440833,-9500.0,2.0,2.9320319183836485,15.625321532467366,1.0
16:14:43.108,-19.999999999999996,-17.407955435634083,-2.5920445643659127,-9500.0,-1.0,2.4601880881776106,13.110781525636655,1.0
16:14:43.128,-19.999999999999996,-18.71355209330664,-1.2864479066933565,-9500.0,-24.0,-0.7150344824037025,-3.8105464078707616,1.0
16:14:43.148,-19.999999999999996,-20.8895465227609,0.8895465227609041,7209.074474561765,-15.0,-2.429230344515258,-12.945802182945657,1.0
16:14:43.168,-19.999999999999996,-22.63034206632431,2.6303420663243124,9500.0,-11.0,-3.457722703173427,-18.42682157327306,1.0
16:14:43.188,-19.999999999999996,-22.543302289146137,2.543302289146142,9500.0,5.0,-2.4427959787926157,-13.018095869807164,1.0
16:14:43.209,-19.999999999999996,-21.934023848898946,1.934023848898949,9500.0,-2.0,-2.3896604613375017,-12.734927211299555,1.0
16:14:43.229,-19.999999999999996,-21.759944294542606,1.7599442945426083,9500.0,3.0,-1.7429012059770015,-9.288231677139732,1.0
16:14:43.248,-19.999999999999996,-21.498824963008094,1.498824963008097,9500.0,18.0,0.6262469387402387,3.337381736940301,1.0
16:14:43.268,-19.999999999999996,-18.88763164766298,-1.1123683523370156,-8610.3888265208,27.0,3.7910973060914097,20.20343434774236,1.0
16:14:43.289,-19.999999999999996,-16.711637218208722,-3.288362781791276,-9500.0,15.0,5.13616562936044,27.371543570032664,1.0
16:14:43.309,-19.999999999999996,-16.97275654974323,-3.0272434502567647,-9500.0,-9.0,3.4398257538371872,18.33144553521711,1.0
16:14:43.328,-19.999999999999996,-17.494995212812253,-2.505004787187742,-9500.0,-1.0,2.907046663376725,15.492170648056431,1.0
16:14:43.348,-19.999999999999996,-17.494995212812253,-2.505004787187742,-9500.0,-1.0,2.4382010637715177,12.993608747355033,1.0
16:14:43.368,-19.999999999999996,-18.71355209330664,-1.2864479066933565,-9500.0,-24.0,-0.7343830638810642,-3.9136584527585896,1.0
16:14:43.388,-19.999999999999996,-20.8895465227609,0.8895465227609041,7207.8126843521095,-17.0,-2.6862570962153365,-14.315543628316197,1.0
16:14:43.408,-19.999999999999996,-22.543302289146137,2.543302289146142,9500.0,-9.0,-3.4439062446694964,-18.35319119932989,1.0
16:14:43.428,-19.999999999999996,-22.456262511967967,2.4562625119679717,9500.0,5.0,-2.4306374953091567,-12.953301140737171,1.0
16:14:43.448,-19.999999999999996,-21.934023848898946,1.934023848898949,9500.0,4.0,-1.6589609958720581,-8.840899312110208,1.0
16:14:43.468,-19.999999999999996,-21.759944294542606,1.7599442945426083,9500.0,2.0,-1.219885676367411,-6.500988548787732,1.0
16:14:43.488,-19.999999999999996,-21.498824963008094,1.498824963008097,9500.0,9.0,0.006500604796678244,0.03464288347842826,1.0
16:14:43.509,-19.999999999999996,-18.800591870484812,-1.199408129515186,-9163.066178466821,27.0,3.2457205322210765,17.29702415669591,1.0
16:14:43.528,-19.999999999999996,-16.62459744103055,-3.3754025589694465,-9500.0,7.0,3.6962340683545474,19.697891218434783,1.0
16:14:43.548,-19.999999999999996,-16.97275654974323,-3.0272434502567647,-9500.0,-7.0,2.412685980152002,12.85763431168023,1.0
16:14:43.568,-19.999999999999996,-17.407955435634083,-2.5920445643659127,-9500.0,-1.0,2.0031636625337614,10.675216771343974,1.0
16:14:43.588,-19.999999999999996,-17.494995212812253,-2.505004787187742,-9500.0,-1.0,1.64278402302971,8.754689335848072,1.0
16:14:43.608,-19.999999999999996,-18.71355209330664,-1.2864479066933565,-9500.0,-18.0,-0.7143500597338555,-3.8068989972769627,1.0
16:14:43.629,-19.999999999999996,-20.8895465227609,0.8895465227609041,7206.721025628731,-19.0,-2.908628052565793,-15.500598153361617,1.0
16:14:43.649,-19.999999999999996,-22.543302289146137,2.543302289146142,9500.0,-9.0,-3.6395926862578976,-19.396039181369854,1.0
16:14:43.668,-19.999999999999996,-22.456262511967967,2.4562625119679717,9500.0,5.0,-2.6028415639069498,-13.871007364932343,1.0
16:14:43.688,-19.999999999999996,-21.934023848898946,1.934023848898949,9500.0,4.0,-1.8105005762381157,-9.648480789401958,1.0
16:14:43.709,-19.999999999999996,-21.759944294542606,1.7599442945426083,9500.0,2.0,-1.353240507089542,-7.211660248804472,1.0
16:14:43.728,-19.999999999999996,-21.498824963008094,1.498824963008097,9500.0,9.0,-0.11085164623879673,-0.5907482125363023,1.0
16:14:43.748,-19.999999999999996,-18.88763164766298,-1.1123683523370156,-8614.7513520852,25.0,2.902450551309859,15.4676771463337,1.0
16:14:43.768,-19.999999999999996,-16.711637218208722,-3.288362781791276,-9500.0,7.0,3.394156485152676,18.08806584931604,1.0
16:14:43.788,-19.999999999999996,-16.97275654974323,-3.0272434502567647,-9500.0,-7.0,2.146857706934355,11.440987986855731,1.0
16:14:43.808,-19.999999999999996,-17.407955435634083,-2.5920445643659127,-9500.0,-1.0,1.7692347821022323,9.428568005498418,1.0
16:14:43.828,-19.999999999999996,-17.407955435634083,-2.5920445643659127,-9500.0,0.0,1.5569266082499644,8.297139844838608,1.0
16:14:43.848,-19.999999999999996,-18.71355209330664,-1.2864479066933565,-9500.0,-24.0,-1.5099045847400312,-8.046551086973043,1.0
16:14:43.868,-19.999999999999996,-20.8895465227609,0.8895465227609041,7204.462371588109,-17.0,-3.3687160345712277,-17.952489146424917,1.0
16:14:43.888,-19.999999999999996,-22.543302289146137,2.543302289146142,9500.0,-9.0,-4.04447011042268,-21.55370325526556,1.0
16:14:43.909,-19.999999999999996,-22.456262511967967,2.4562625119679717,9500.0,5.0,-2.959133697171959,-15.769751749960564,1.0
16:14:43.928,-19.999999999999996,-21.846984071720776,1.8469840717207786,9500.0,5.0,-2.0040376535113236,-10.679874425292168,1.0
16:14:43.948,-19.999999999999996,-21.759944294542606,1.7599442945426083,9500.0,2.0,-1.5235531350899647,-8.119286648387854,1.0
16:14:43.968,-19.999999999999996,-21.498824963008094,1.498824963008097,9500.0,9.0,-0.26072675887916885,-1.3894594441696797,1.0
16:14:43.988,-19.999999999999996,-18.800591870484812,-1.199408129515186,-9164.22062128154,27.0,3.010560452186331,16.043814108365577,1.0
16:14:44.009,-19.999999999999996,-16.711637218208722,-3.288362781791276,-9500.0,-7.0,1.8092931979239713,9.642046454819326,1.0
16:14:44.028,-19.999999999999996,-16.97275654974323,-3.0272434502567647,-9500.0,-7.0,0.7521780141730948,4.008490919698628,1.0
16:14:44.048,-19.999999999999996,-17.407955435634083,-2.5920445643659127,-9500.0,-1.0,0.5419166524723235,2.8879705864001664,1.0
16:14:44.068,-19.999999999999996,-17.407955435634083,-2.5920445643659127,-9500.0,-1.0,0.35688665417564464,1.9019126930975205,1.0
16:14:44.088,-19.999999999999996,-18.800591870484812,-1.199408129515186,-9194.542163402548,-29.0,-3.1659397443254327,-16.87185809517833,1.0
16:14:44.108,-19.999999999999996,-20.8895465227609,0.8895465227609041,7196.719070592937,-18.0,-4.946026975006381,-26.358260736580196,1.0
16:14:44.128,-19.999999999999996,-22.543302289146137,2.543302289146142,9500.0,-9.0,-5.432503738005615,-28.950782254602206,1.0
16:14:44.148,-19.999999999999996,-22.456262511967967,2.4562625119679717,9500.0,5.0,-4.180603289444942,-22.279181269376817,1.0
16:14:44.169,-19.999999999999996,-21.846984071720776,1.8469840717207786,9500.0,5.0,-3.078930894711549,-16.40817240237847,1.0
16:14:44.188,-19.999999999999996,-21.759944294542606,1.7599442945426083,9500.0,2.0,-2.469459187346163,-13.1601888682238,1.0
16:14:44.208,-19.999999999999996,-21.498824963008094,1.498824963008097,9500.0,9.0,-1.0931240848646233,-5.825453397625311,1.0
16:14:44.229,-19.999999999999996,-18.88763164766298,-1.1123683523370156,-8618.994844754765,25.0,2.0380508053191315,10.861136583455371,1.0
16:14:44.249,-19.999999999999996,-16.62459744103055,-3.3754025589694465,-9500.0,7.0,2.6334847086808355,14.034310153983107,1.0
16:14:44.268,-19.999999999999996,-16.88571677256506,-3.1142832274349352,-9500.0,-9.0,1.237466543639135,6.594680129093501,1.0
16:14:44.289,-19.999999999999996,-17.320915658455913,-2.6790843415440833,-9500.0,2.0,1.3289705584024387,7.082321359471531,1.0
16:14:44.309,-19.999999999999996,-17.407955435634083,-2.5920445643659127,-9500.0,0.0,1.169494091394146,6.232442796334948,1.0
16:14:44.329,-19.999999999999996,-18.62651231612847,-1.3734876838715269,-9500.0,-24.0,-1.8508451995731514,-9.863484489656265,1.0
16:14:44.348,-19.999999999999996,-20.80250674558273,0.8025067455827336,6651.811278999121,-19.0,-3.908743775624373,-20.830393386655402,1.0
16:14:44.369,-19.999999999999996,-22.543302289146137,2.543302289146142,9500.0,-11.0,-4.759694522549449,-25.36526183253764,1.0
16:14:44.388,-19.999999999999996,-22.456262511967967,2.4562625119679717,9500.0,9.0,-3.1085311798435145,-16.56591760622149,1.0
16:14:44.409,-19.999999999999996,-21.846984071720776,1.8469840717207786,9500.0,5.0,-2.1355074382622927,-11.38050037880178,1.0
16:14:44.428,-19.999999999999996,-21.759944294542606,1.7599442945426083,9500.0,2.0,-1.6392465456708176,-8.735837487476315,1.0
16:14:44.448,-19.999999999999996,-21.498824963008094,1.498824963008097,9500.0,5.0,-0.8425369601903195,-4.490029874306029,1.0
16:14:44.468,-19.999999999999996,-18.97467142484115,-1.0253285751588452,-8066.7340862096535,27.0,2.4985674750325186,13.31531212984559,1.0
16:14:44.488,-19.999999999999996,-16.79867699538689,-3.201323004613106,-9500.0,7.0,3.0387393780286165,16.1939846348065,1.0
16:14:44.508,-19.999999999999996,-16.97275654974323,-3.0272434502567647,-9500.0,-2.0,2.4340906526651827,12.97170363276047,1.0
16:14:44.529,-19.999999999999996,-17.320915658455913,-2.6790843415440833,-9500.0,2.0,2.3819997743453607,12.694102042698464,1.0
16:14:44.549,-19.999999999999996,-17.407955435634083,-2.5920445643659127,-9500.0,-1.0,1.9761598014239175,10.531308374640023,1.0
16:14:44.568,-19.999999999999996,-18.62651231612847,-1.3734876838715269,-9500.0,-24.0,-1.1409793747469525,-6.080482780747799,1.0
16:14:44.588,-19.999999999999996,-20.80250674558273,0.8025067455827336,6654.877954094105,-19.0,-3.284061849777318,-17.501351882815953,1.0
16:14:44.608,-19.999999999999996,-22.543302289146137,2.543302289146142,9500.0,-11.0,-4.20997442780404,-22.435705309158923,1.0
16:14:44.628,-19.999999999999996,-22.456262511967967,2.4562625119679717,9500.0,5.0,-3.1047774964675554,-16.545913557386722,1.0
16:14:44.648,-19.999999999999996,-21.846984071720776,1.8469840717207786,9500.0,5.0,-2.1322041968914487,-11.362896815827188,1.0
16:14:44.668,-19.999999999999996,-21.759944294542606,1.7599442945426083,9500.0,2.0,-1.636339693264475,-8.720346352058673,1.0
16:14:44.688,-19.999999999999996,-21.585864740186263,1.5858647401862673,9500.0,3.0,-1.079978930072738,-5.755400521007756,1.0
16:14:44.708,-19.999999999999996,-18.97467142484115,-1.0253285751588452,-8067.759853826683,27.0,2.28961854153599,12.20178596074807,1.0
16:14:44.728,-19.999999999999996,-16.79867699538689,-3.201323004613106,-9500.0,7.0,2.854864316551671,15.214081606000681,1.0
16:14:44.748,-19.999999999999996,-16.97275654974323,-3.0272434502567647,-9500.0,-9.0,1.4322805985654705,7.632879006868967,1.0
16:14:44.768,-19.999999999999996,-17.320915658455913,-2.6790843415440833,-9500.0,2.0,1.500406926737614,7.995936371913943,1.0
16:14:44.788,-19.999999999999996,-17.407955435634083,-2.5920445643659127,-9500.0,-1.0,1.2003580955291002,6.3969225843496424,1.0
16:14:44.809,-19.999999999999996,-18.62651231612847,-1.3734876838715269,-9500.0,-24.0,-1.8236848759343918,-9.718742276203335,1.0
16:14:44.828,-19.999999999999996,-20.80250674558273,0.8025067455827336,6651.928613691343,-19.0,-3.8848426908222646,-20.703020238816823,1.0
16:14:44.849,-19.999999999999996,-22.543302289146137,2.543302289146142,9500.0,-11.0,-4.738661567923593,-25.25317346243969,1.0
16:14:44.868,-19.999999999999996,-22.456262511967967,2.4562625119679717,9500.0,5.0,-3.5700221797727623,-19.0252855322738,1.0
16:14:44.888,-19.999999999999996,-21.846984071720776,1.8469840717207786,9500.0,5.0,-2.5416195182000307,-13.544744153727814,1.0
16:14:44.908,-19.999999999999996,-21.759944294542606,1.7599442945426083,9500.0,-1.0,-2.3566251760160273,-12.558876278215104,1.0
16:14:44.929,-19.999999999999996,-21.585864740186263,1.5858647401862673,9500.0,3.0,-1.713830154894104,-9.133306856025413,1.0
16:14:44.948,-19.999999999999996,-18.97467142484115,-1.0253285751588452,-8068.141734297065,31.0,2.2118294636931886,11.787234077671036,1.0
16:14:44.968,-19.999999999999996,-16.79867699538689,-3.201323004613106,-9500.0,7.0,2.786409928050006,14.849275948892894,1.0
16:14:44.989,-19.999999999999996,-16.97275654974323,-3.0272434502567647,-9500.0,-5.0,1.8520407366840055,9.869855720352618,1.0
16:14:45.008,-19.999999999999996,-17.320915658455913,-2.6790843415440833,-9500.0,2.0,1.8697958482819248,9.964475879779554,1.0
16:14:45.028,-19.999999999999996,-17.407955435634083,-2.5920445643659127,-9500.0,-1.0,1.5254203464880938,8.129237351271382,1.0
16:14:45.048,-19.999999999999996,-18.62651231612847,-1.3734876838715269,-9500.0,-29.0,-2.1376300950904774,-11.391812395985331,1.0
16:14:45.068,-19.999999999999996,-20.8895465227609,0.8895465227609041,7201.161447561869,-18.0,-4.04111448367962,-21.535820521290358,1.0
16:14:45.088,-19.999999999999996,-22.543302289146137,2.543302289146142,9500.0,-11.0,-4.876180745638066,-25.986037711016397,1.0
16:14:45.108,-19.999999999999996,-22.369222734789798,2.369222734789801,9500.0,9.0,-3.211039056161498,-17.1122003792828,1.0
16:14:45.129,-19.999999999999996,-21.846984071720776,1.8469840717207786,9500.0,3.0,-2.4657143694221184,-13.140232064964986,1.0
16:14:45.148,-19.999999999999996,-21.759944294542606,1.7599442945426083,9500.0,0.0,-2.169828645091464,-11.563404217169188,1.0
16:14:45.168,-19.999999999999996,-21.498824963008094,1.498824963008097,9500.0,2.0,-1.6694492076804885,-8.896792865239634,1.0
16:14:45.189,-19.999999999999996,-18.800591870484812,-1.199408129515186,-9170.306410875002,27.0,1.7708846972411698,9.437360697824017,1.0
16:14:45.209,-19.999999999999996,-16.711637218208722,-3.288362781791276,-9500.0,7.0,2.3983785335722296,12.781387374627517,1.0
16:14:45.229,-19.999999999999996,-16.97275654974323,-3.0272434502567647,-9500.0,-7.0,1.2705731095435624,6.771110929129836,1.0
16:14:45.248,-19.999999999999996,-17.320915658455913,-2.6790843415440833,-9500.0,2.0,1.358104336398335,7.237580463503508,1.0
16:14:45.269,-19.999999999999996,-17.407955435634083,-2.5920445643659127,-9500.0,0.0,1.1951318160305349,6.369070807883087,1.0
16:14:45.289,-19.999999999999996,-18.71355209330664,-1.2864479066933565,-9500.0,-22.0,-1.588284001893129,-8.464248993624649,1.0
16:14:45.309,-19.999999999999996,-20.8895465227609,0.8895465227609041,7205.301969308704,-15.0,-3.1976899216659533,-17.041060458409078,1.0
16:14:45.328,-19.999999999999996,-22.63034206632431,2.6303420663243124,9500.0,-9.0,-3.893967131066039,-20.75164600981162,1.0
16:14:45.348,-19.999999999999996,-22.456262511967967,2.4562625119679717,9500.0,9.0,-2.3466910753381143,-12.505935682222594,1.0
16:14:45.368,-19.999999999999996,-21.846984071720776,1.8469840717207786,9500.0,5.0,-1.4650881462975405,-7.807716285682753,1.0
16:14:45.388,-19.999999999999996,-21.759944294542606,1.7599442945426083,9500.0,-1.0,-1.4092775687418357,-7.510291754335449,1.0
16:14:45.408,-19.999999999999996,-21.498824963008094,1.498824963008097,9500.0,5.0,-0.6401642604928154,-3.411549629142066,1.0
16:14:45.429,-19.999999999999996,-18.97467142484115,-1.0253285751588452,-8065.859820543717,27.0,2.6766554507663223,14.264374745589878,1.0
16:14:45.448,-19.999999999999996,-16.711637218208722,-3.288362781791276,-9500.0,18.0,4.515456796674364,24.06367538894236,1.0
16:14:45.468,-19.999999999999996,-16.88571677256506,-3.1142832274349352,-9500.0,-5.0,3.3736019810734406,17.97852722759615,1.0
16:14:45.488,-19.999999999999996,-17.320915658455913,-2.6790843415440833,-9500.0,2.0,3.208769743344628,17.100106806153864,1.0
16:14:45.508,-19.999999999999996,-17.407955435634083,-2.5920445643659127,-9500.0,-1.0,2.7037173741432725,14.408592566480774,1.0
16:14:45.529,-19.999999999999996,-18.5394725389503,-1.4605274610496972,-9500.0,-24.0,-0.5007287107539202,-2.668472691927939,1.0
16:14:45.548,-19.999999999999996,-20.71546696840456,0.7154669684045633,6108.822089172724,-17.0,-2.4806412654634498,-13.219780158785225,1.0
16:14:45.568,-19.999999999999996,-22.369222734789798,2.369222734789801,9500.0,-9.0,-3.262964313607836,-17.38891934614263,1.0
16:14:45.588,-19.999999999999996,-22.369222734789798,2.369222734789801,9500.0,3.0,-2.5114085959748955,-13.383744755801636,1.0
16:14:45.609,-19.999999999999996,-21.846984071720776,1.8469840717207786,9500.0,4.0,-1.730039564457908,-9.219689693366938,1.0
16:14:45.629,-19.999999999999996,-21.672904517364433,1.672904517364438,9500.0,2.0,-1.2824348167229591,-6.8343240842936535,1.0
16:14:45.649,-19.999999999999996,-21.498824963008094,1.498824963008097,9500.0,2.0,-0.8885426387162041,-4.735202348309164,1.0
16:14:45.669,-19.999999999999996,-18.97467142484115,-1.0253285751588452,-8066.9328342879935,27.0,2.4580824779297403,13.099560352722833,1.0
16:14:45.689,-19.999999999999996,-16.711637218208722,-3.288362781791276,-9500.0,4.0,2.6431125805781717,14.085618802134597,1.0
16:14:45.709,-19.999999999999996,-16.97275654974323,-3.0272434502567647,-9500.0,-7.0,1.4859390709087914,7.918834585336066,1.0
16:14:45.729,-19.999999999999996,-17.320915658455913,-2.6790843415440833,-9500.0,2.0,1.5476263823997365,8.24757728096499,1.0
16:14:45.749,-19.999999999999996,-17.407955435634083,-2.5920445643659127,-9500.0,-1.0,1.241911216511768,6.618366584314565,1.0
16:14:45.768,-19.999999999999996,-18.5394725389503,-1.4605274610496972,-9500.0,-18.0,-1.0671181294696443,-5.686863018626449,1.0
16:14:45.788,-19.999999999999996,-20.71546696840456,0.7154669684045633,6105.197040368517,-19.0,-3.219063953933287,-17.154966492149164,1.0
16:14:45.808,-19.999999999999996,-22.369222734789798,2.369222734789801,9500.0,-4.0,-3.3127762794612923,-17.654376204829767,1.0
16:14:45.828,-19.999999999999996,-22.369222734789798,2.369222734789801,9500.0,4.0,-2.435243125925937,-12.97784536851169,1.0
16:14:45.849,-19.999999999999996,-21.759944294542606,1.7599442945426083,9500.0,5.0,-1.5430139508148244,-8.222996809617158,1.0
16:14:45.868,-19.999999999999996,-21.672904517364433,1.672904517364438,9500.0,2.0,-1.1178522767170456,-5.9572343465938475,1.0
16:14:45.888,-19.999999999999996,-21.498824963008094,1.498824963008097,9500.0,2.0,-0.7437100035110001,-3.9633633791333347,1.0
16:14:45.909,-19.999999999999996,-18.97467142484115,-1.0253285751588452,-8066.896247560025,26.0,2.46553519691032,13.139277222662937,1.0
16:14:45.929,-19.999999999999996,-16.711637218208722,-3.288362781791276,-9500.0,7.0,3.0096709732810814,16.039073916485766,1.0
16:14:45.948,-19.999999999999996,-16.97275654974323,-3.0272434502567647,-9500.0,-7.0,1.8085104564873515,9.637875085965092,1.0
16:14:45.968,-19.999999999999996,-17.320915658455913,-2.6790843415440833,-9500.0,-2.0,1.3514892017088693,7.202327229780028,1.0
16:14:45.988,-19.999999999999996,-17.407955435634083,-2.5920445643659127,-9500.0,-1.0,1.069310497503805,5.698546539271799,1.0
16:14:46.008,-19.999999999999996,-18.5394725389503,-1.4605274610496972,-9500.0,-24.0,-1.9390067621966516,-10.333313195871836,1.0
16:14:46.028,-19.999999999999996,-20.71546696840456,0.7154669684045633,6102.608617097067,-17.0,-3.7463259507330537,-19.964839802255856,1.0
16:14:46.048,-19.999999999999996,-22.456262511967967,2.4562625119679717,9500.0,-11.0,-4.616766836645088,-24.60357467826604,1.0
16:14:46.068,-19.999999999999996,-22.369222734789798,2.369222734789801,9500.0,5.0,-3.4627548162476773,-18.453638602200986,1.0
16:14:46.089,-19.999999999999996,-21.759944294542606,1.7599442945426083,9500.0,5.0,-2.447224238297956,-13.041694855263739,1.0
16:14:46.108,-19.999999999999996,-21.672904517364433,1.672904517364438,9500.0,3.0,-1.7935573297022014,-9.558187203828213,1.0
16:14:46.129,-19.999999999999996,-21.498824963008094,1.498824963008097,9500.0,2.0,-1.3383304501379372,-7.132201893499576,1.0
16:14:46.148,-19.999999999999996,-18.97467142484115,-1.0253285751588452,-8069.465053735594,26.0,1.9422692038786153,10.350699330020644,1.0
16:14:46.168,-19.999999999999996,-16.711637218208722,-3.288362781791276,-9500.0,7.0,2.5491968994131815,13.585125370960547,1.0
16:14:46.189,-19.999999999999996,-16.97275654974323,-3.0272434502567647,-9500.0,-7.0,1.4032932714835997,7.4784003659029015,1.0
16:14:46.209,-19.999999999999996,-17.320915658455913,-2.6790843415440833,-9500.0,2.0,1.4748980789055677,7.859995167863804,1.0
16:14:46.229,-19.999999999999996,-17.407955435634083,-2.5920445643659127,-9500.0,-1.0,1.1779103094368994,6.2772943247855215,1.0
16:14:46.249,-19.999999999999996,-18.5394725389503,-1.4605274610496972,-9500.0,-24.0,-1.8434389276955283,-9.824015144619759,1.0
16:14:46.268,-19.999999999999996,-20.80250674558273,0.8025067455827336,6651.843274664667,-19.0,-3.9022262563720647,-20.795660363023277,1.0
16:14:46.288,-19.999999999999996,-22.456262511967967,2.4562625119679717,9500.0,-4.0,-3.9139591056074168,-20.858186811198987,1.0
16:14:46.309,-19.999999999999996,-22.369222734789798,2.369222734789801,9500.0,5.0,-2.844284012934527,-15.15769727918198,1.0
16:14:46.329,-19.999999999999996,-21.759944294542606,1.7599442945426083,9500.0,5.0,-1.9029699313823834,-10.141266491007011,1.0
16:14:46.348,-19.999999999999996,-21.672904517364433,1.672904517364438,9500.0,2.0,-1.4346135396164974,-7.6453116662169185,1.0
16:14:46.368,-19.999999999999996,-21.498824963008094,1.498824963008097,9500.0,2.0,-1.0224599148625177,-5.4488714204016375,1.0
16:14:46.388,-19.999999999999996,-18.88763164766298,-1.1123683523370156,-8617.51136724617,27.0,2.340235274920984,12.471531569281455,1.0
16:14:46.408,-19.999999999999996,-16.711637218208722,-3.288362781791276,-9500.0,7.0,2.899407041930466,15.45145774151006,1.0
16:14:46.428,-19.999999999999996,-16.97275654974323,-3.0272434502567647,-9500.0,-7.0,1.7114781968988102,9.120772851986473,1.0
16:14:46.448,-19.999999999999996,-17.320915658455913,-2.6790843415440833,-9500.0,2.0,1.746100813270953,9.305282955617349,1.0
16:14:46.469,-19.999999999999996,-17.407955435634083,-2.5920445643659127,-9500.0,-1.0,1.4165687156784386,7.549147578008641,1.0
16:14:46.489,-19.999999999999996,-18.71355209330664,-1.2864479066933565,-9500.0,-29.0,-2.233419530202974,-11.902291396456544,1.0
16:14:46.509,-19.999999999999996,-20.8895465227609,0.8895465227609041,7200.747629816672,-18.0,-4.125409186578617,-21.98504204170502,1.0
16:14:46.528,-19.999999999999996,-22.543302289146137,2.543302289146142,9500.0,-11.0,-4.950360084189183,-26.381352648981302,1.0
16:14:46.549,-19.999999999999996,-22.369222734789798,2.369222734789801,9500.0,9.0,-3.276316874086481,-17.460077524691915,1.0
16:14:46.568,-19.999999999999996,-21.846984071720776,1.8469840717207786,9500.0,3.0,-2.5231588491961032,-13.446363952925008,1.0
16:14:46.589,-19.999999999999996,-21.672904517364433,1.672904517364438,9500.0,3.0,-1.8603797872925711,-9.914296009770132,1.0
16:14:46.609,-19.999999999999996,-21.498824963008094,1.498824963008097,9500.0,2.0,-1.3971342128174626,-7.4455776427284635,1.0
16:14:46.628,-19.999999999999996,-18.88763164766298,-1.1123683523370156,-8619.129989101293,27.0,2.0105218927206323,10.714430093633846,1.0
16:14:46.649,-19.999999999999996,-16.711637218208722,-3.288362781791276,-9500.0,7.0,2.609259265594156,13.905208442940163,1.0
16:14:46.668,-19.999999999999996,-16.97275654974323,-3.0272434502567647,-9500.0,-7.0,1.4561481537228578,7.760073469244965,1.0
16:14:46.688,-19.999999999999996,-17.320915658455913,-2.6790843415440833,-9500.0,-2.0,1.0414103752761148,5.549861807066317,1.0
16:14:46.708,-19.999999999999996,-17.407955435634083,-2.5920445643659127,-9500.0,-1.0,0.796441130242981,4.244376967283733,1.0
16:14:46.728,-19.999999999999996,-18.62651231612847,-1.3734876838715269,-9500.0,-22.0,-1.9391318053861764,-10.33397957335208,1.0
16:14:46.749,-19.999999999999996,-20.80250674558273,0.8025067455827336,6651.4298740549775,-19.0,-3.986435988739835,-21.24442906030772,1.0
16:14:46.769,-19.999999999999996,-22.456262511967967,2.4562625119679717,9500.0,-9.0,-4.588063670091055,-24.450610379482423,1.0
16:14:46.788,-19.999999999999996,-22.369222734789798,2.369222734789801,9500.0,5.0,-3.4374960296801285,-18.319030019271406,1.0
16:14:46.809,-19.999999999999996,-21.846984071720776,1.8469840717207786,9500.0,4.0,-2.544996506118513,-13.562740725220335,1.0
16:14:46.828,-19.999999999999996,-21.672904517364433,1.672904517364438,9500.0,2.0,-1.9995969253842916,-10.656208992324643,1.0
16:14:46.848,-19.999999999999996,-21.498824963008094,1.498824963008097,9500.0,2.0,-1.5196452943381766,-8.098461067376435,1.0
16:14:46.869,-19.999999999999996,-18.88763164766298,-1.1123683523370156,-8619.659246419256,27.0,1.9027121409824044,10.139892679943634,1.0
16:14:46.888,-19.999999999999996,-16.711637218208722,-3.288362781791276,-9500.0,4.0,2.154386684064516,11.4811112500889,1.0
16:14:46.908,-19.999999999999996,-16.97275654974323,-3.0272434502567647,-9500.0,-7.0,1.055860281976774,5.626867939535852,1.0
16:14:46.929,-19.999999999999996,-17.320915658455913,-2.6790843415440833,-9500.0,2.0,1.169157048139561,6.2306466326608,1.0
16:14:46.948,-19.999999999999996,-17.407955435634083,-2.5920445643659127,-9500.0,-1.0,0.9088582023628137,4.843467613806879,1.0
16:14:46.969,-19.999999999999996,-18.62651231612847,-1.3734876838715269,-9500.0,-24.0,-2.080204781920724,-11.085782650280965,1.0
16:14:46.988,-19.999999999999996,-20.80250674558273,0.8025067455827336,6651.998630765277,-17.0,-3.870580208090237,-20.627012922135886,1.0
16:14:47.008,-19.999999999999996,-22.456262511967967,2.4562625119679717,9500.0,-9.0,-4.486110583119409,-23.907284177891214,1.0
16:14:47.029,-19.999999999999996,-22.282182957611628,2.2821829576116306,9500.0,9.0,-2.86777731314508,-15.282897270132638,1.0
16:14:47.049,-19.999999999999996,-21.759944294542606,1.7599442945426083,9500.0,5.0,-1.92364403556767,-10.251442483043592,1.0
16:14:47.068,-19.999999999999996,-21.672904517364433,1.672904517364438,9500.0,2.0,-1.4528067512995497,-7.742266539209109,1.0
16:14:47.088,-19.999999999999996,-21.498824963008094,1.498824963008097,9500.0,2.0,-1.0384699411436038,-5.534191708634764,1.0
16:14:47.109,-19.999999999999996,-18.88763164766298,-1.1123683523370156,-8622.882444600513,18.0,1.2461464517936287,6.6409369092246715,1.0
