Timestamp,Target_Deg,Real_Deg,Error_Deg,Voltage_mV,Raw_Vel,Filtered_Vel,V_EMF,Control_Mode
16:07:40.088,0.0,-32.81399599617025,32.81399599617025,9500.0,0.0,0.0,0.0,1.0
16:07:40.107,0.0,-32.81399599617025,32.81399599617025,9500.0,0.0,0.0,0.0,1.0
16:07:40.128,0.0,-32.63991644181391,32.63991644181391,9500.0,0.0,0.0,0.0,1.0
16:07:40.147,0.0,-32.63991644181391,32.63991644181391,9500.0,0.0,0.0,0.0,1.0
16:07:40.167,0.0,-32.63991644181391,32.63991644181391,9500.0,0.0,0.0,0.0,1.0
16:07:40.187,0.0,-32.63991644181391,32.63991644181391,9500.0,0.0,0.0,0.0,1.0
16:07:40.208,0.0,-32.63991644181391,32.63991644181391,9500.0,0.0,0.0,0.0,1.0
16:07:40.227,0.0,-32.63991644181391,32.63991644181391,9500.0,0.0,0.0,0.0,1.0
16:07:40.247,0.0,-32.63991644181391,32.63991644181391,9500.0,0.0,0.0,0.0,1.0
16:07:40.267,0.0,-32.63991644181391,32.63991644181391,9500.0,0.0,0.0,0.0,1.0
16:07:40.287,0.0,-32.63991644181391,32.63991644181391,9500.0,0.0,0.0,0.0,1.0
16:07:40.308,0.0,-32.63991644181391,32.63991644181391,9500.0,0.0,0.0,0.0,1.0
16:07:40.327,0.0,-32.63991644181391,32.63991644181391,9500.0,0.0,0.0,0.0,1.0
16:07:40.348,0.0,-32.63991644181391,32.63991644181391,9500.0,0.0,0.0,0.0,1.0
16:07:40.367,0.0,-32.63991644181391,32.63991644181391,9500.0,0.0,0.0,0.0,1.0
16:07:40.387,0.0,-32.63991644181391,32.63991644181391,9500.0,0.0,0.0,0.0,1.0
16:07:40.408,0.0,-32.63991644181391,32.63991644181391,9500.0,0.0,0.0,0.0,1.0
16:07:40.427,0.0,-32.63991644181391,32.63991644181391,9500.0,0.0,0.0,0.0,1.0
16:07:40.448,0.0,-32.63991644181391,32.63991644181391,9500.0,0.0,0.0,0.0,1.0
16:07:40.467,0.0,-32.63991644181391,32.63991644181391,9500.0,0.0,0.0,0.0,1.0
16:07:40.487,0.0,-32.63991644181391,32.63991644181391,9500.0,0.0,0.0,0.0,1.0
16:07:40.508,0.0,-32.63991644181391,32.63991644181391,9500.0,0.0,0.0,0.0,1.0
16:07:40.527,0.0,-32.63991644181391,32.63991644181391,9500.0,0.0,0.0,0.0,1.0
16:07:40.547,0.0,-32.63991644181391,32.63991644181391,9500.0,0.0,0.0,0.0,1.0
16:07:40.568,0.0,-32.63991644181391,32.63991644181391,9500.0,0.0,0.0,0.0,1.0
16:07:40.588,0.0,-32.63991644181391,32.63991644181391,9500.0,0.0,0.0,0.0,1.0
16:07:40.608,0.0,-32.63991644181391,32.63991644181391,9500.0,0.0,0.0,0.0,1.0
16:07:40.628,0.0,-32.63991644181391,32.63991644181391,9500.0,0.0,0.0,0.0,1.0
16:07:40.647,0.0,-32.63991644181391,32.63991644181391,9500.0,0.0,0.0,0.0,1.0
16:07:40.667,0.0,-32.63991644181391,32.63991644181391,9500.0,0.0,0.0,0.0,1.0
16:07:40.687,0.0,-32.63991644181391,32.63991644181391,9500.0,0.0,0.0,0.0,1.0
16:07:40.707,0.0,-32.63991644181391,32.63991644181391,9500.0,0.0,0.0,0.0,1.0
16:07:40.728,0.0,-32.63991644181391,32.63991644181391,9500.0,0.0,0.0,0.0,1.0
16:07:40.747,0.0,-32.63991644181391,32.63991644181391,9500.0,0.0,0.0,0.0,1.0
16:07:40.768,0.0,-32.63991644181391,32.63991644181391,9500.0,0.0,0.0,0.0,1.0
16:07:40.787,0.0,-32.63991644181391,32.63991644181391,9500.0,0.0,0.0,0.0,1.0
16:07:40.807,0.0,-32.63991644181391,32.63991644181391,9500.0,0.0,0.0,0.0,1.0
16:07:40.828,0.0,-32.63991644181391,32.63991644181391,9500.0,0.0,0.0,0.0,1.0
16:07:40.847,0.0,-32.63991644181391,32.63991644181391,9500.0,0.0,0.0,0.0,1.0
16:07:40.867,0.0,-32.63991644181391,32.63991644181391,9500.0,0.0,0.0,0.0,1.0
16:07:40.887,0.0,-32.63991644181391,32.63991644181391,9500.0,0.0,0.0,0.0,1.0
16:07:40.907,0.0,-32.63991644181391,32.63991644181391,9500.0,0.0,0.0,0.0,1.0
16:07:40.927,0.0,-32.63991644181391,32.63991644181391,9500.0,0.0,0.0,0.0,1.0
16:07:40.947,0.0,-32.63991644181391,32.63991644181391,9500.0,0.0,0.0,0.0,1.0
16:07:40.968,0.0,-32.63991644181391,32.63991644181391,9500.0,0.0,0.0,0.0,1.0
16:07:40.987,0.0,-32.63991644181391,32.63991644181391,9500.0,0.0,0.0,0.0,1.0
16:07:41.007,0.0,-32.63991644181391,32.63991644181391,9500.0,0.0,0.0,0.0,1.0
16:07:41.027,0.0,-32.63991644181391,32.63991644181391,9500.0,0.0,0.0,0.0,1.0
16:07:41.047,0.0,-32.63991644181391,32.63991644181391,9500.0,0.0,0.0,0.0,1.0
16:07:41.067,0.0,-32.63991644181391,32.63991644181391,9500.0,0.0,0.0,0.0,1.0
16:07:41.087,0.0,-32.63991644181391,32.63991644181391,9500.0,0.0,0.0,0.0,1.0
16:07:41.107,0.0,-32.63991644181391,32.63991644181391,9500.0,0.0,0.0,0.0,1.0
16:07:41.128,0.0,-32.63991644181391,32.63991644181391,9500.0,0.0,0.0,0.0,1.0
16:07:41.147,0.0,-32.63991644181391,32.63991644181391,9500.0,0.0,0.0,0.0,1.0
16:07:41.167,0.0,-32.63991644181391,32.63991644181391,9500.0,0.0,0.0,0.0,1.0
16:07:41.187,0.0,-32.63991644181391,32.63991644181391,9500.0,0.0,0.0,0.0,1.0
16:07:41.207,0.0,-32.63991644181391,32.63991644181391,9500.0,0.0,0.0,0.0,1.0
16:07:41.228,0.0,-32.63991644181391,32.63991644181391,9500.0,0.0,0.0,0.0,1.0
16:07:41.247,0.0,-32.63991644181391,32.63991644181391,9500.0,0.0,0.0,0.0,1.0
16:07:41.267,0.0,-32.63991644181391,32.63991644181391,9500.0,0.0,0.0,0.0,1.0
16:07:41.287,0.0,-32.63991644181391,32.63991644181391,9500.0,0.0,0.0,0.0,1.0
16:07:41.308,0.0,-32.63991644181391,32.63991644181391,9500.0,0.0,0.0,0.0,1.0
16:07:41.327,0.0,-32.63991644181391,32.63991644181391,9500.0,0.0,0.0,0.0,1.0
16:07:41.347,0.0,-32.63991644181391,32.63991644181391,9500.0,0.0,0.0,0.0,1.0
16:07:41.367,0.0,-32.63991644181391,32.63991644181391,9500.0,0.0,0.0,0.0,1.0
16:07:41.387,0.0,-32.63991644181391,32.63991644181391,9500.0,0.0,0.0,0.0,1.0
16:07:41.407,0.0,-32.63991644181391,32.63991644181391,9500.0,0.0,0.0,0.0,1.0
16:07:41.427,0.0,-32.63991644181391,32.63991644181391,9500.0,0.0,0.0,0.0,1.0
16:07:41.447,0.0,-32.63991644181391,32.63991644181391,9500.0,0.0,0.0,0.0,1.0
16:07:41.467,0.0,-32.63991644181391,32.63991644181391,9500.0,0.0,0.0,0.0,1.0
16:07:41.487,0.0,-32.63991644181391,32.63991644181391,9500.0,0.0,0.0,0.0,1.0
16:07:41.507,0.0,-32.63991644181391,32.63991644181391,9500.0,0.0,0.0,0.0,1.0
16:07:41.527,0.0,-32.63991644181391,32.63991644181391,9500.0,0.0,0.0,0.0,1.0
16:07:41.547,0.0,-32.63991644181391,32.63991644181391,9500.0,0.0,0.0,0.0,1.0
16:07:41.567,0.0,-32.63991644181391,32.63991644181391,9500.0,0.0,0.0,0.0,1.0
16:07:41.587,0.0,-32.63991644181391,32.63991644181391,9500.0,0.0,0.0,0.0,1.0
16:07:41.607,0.0,-32.63991644181391,32.63991644181391,9500.0,0.0,0.0,0.0,1.0
16:07:41.627,0.0,-32.63991644181391,32.63991644181391,9500.0,0.0,0.0,0.0,1.0
16:07:41.647,0.0,-32.63991644181391,32.63991644181391,9500.0,0.0,0.0,0.0,1.0
16:07:41.667,0.0,-32.63991644181391,32.63991644181391,9500.0,0.0,0.0,0.0,1.0
16:07:41.687,0.0,-32.63991644181391,32.63991644181391,9500.0,0.0,0.0,0.0,1.0
16:07:41.707,0.0,-32.63991644181391,32.63991644181391,9500.0,0.0,0.0,0.0,1.0
16:07:41.728,0.0,-32.63991644181391,32.63991644181391,9500.0,0.0,0.0,0.0,1.0
16:07:41.747,0.0,-32.63991644181391,32.63991644181391,9500.0,0.0,0.0,0.0,1.0
16:07:41.768,0.0,-32.63991644181391,32.63991644181391,9500.0,0.0,0.0,0.0,1.0
16:07:41.787,0.0,-32.63991644181391,32.63991644181391,9500.0,0.0,0.0,0.0,1.0
16:07:41.808,0.0,-32.63991644181391,32.63991644181391,9500.0,0.0,0.0,0.0,1.0
16:07:41.827,0.0,-32.63991644181391,32.63991644181391,9500.0,0.0,0.0,0.0,1.0
16:07:41.847,0.0,-32.63991644181391,32.63991644181391,9500.0,0.0,0.0,0.0,1.0
16:07:41.867,0.0,-32.63991644181391,32.63991644181391,9500.0,0.0,0.0,0.0,1.0
16:07:41.887,0.0,-32.63991644181391,32.63991644181391,9500.0,0.0,0.0,0.0,1.0
16:07:41.908,0.0,-32.63991644181391,32.63991644181391,9500.0,0.0,0.0,0.0,1.0
16:07:41.927,0.0,-32.63991644181391,32.63991644181391,9500.0,0.0,0.0,0.0,1.0
16:07:41.947,0.0,-32.63991644181391,32.63991644181391,9500.0,0.0,0.0,0.0,1.0
16:07:41.967,0.0,-32.63991644181391,32.63991644181391,9500.0,0.0,0.0,0.0,1.0
16:07:41.987,0.0,-32.63991644181391,32.63991644181391,9500.0,0.0,0.0,0.0,1.0
16:07:42.007,0.0,-32.63991644181391,32.63991644181391,9500.0,0.0,0.0,0.0,1.0
16:07:42.028,0.0,-32.63991644181391,32.63991644181391,9500.0,0.0,0.0,0.0,1.0
16:07:42.047,0.0,-32.63991644181391,32.63991644181391,9500.0,0.0,0.0,0.0,1.0
16:07:42.067,0.0,-32.63991644181391,32.63991644181391,9500.0,0.0,0.0,0.0,1.0
16:07:42.087,0.0,-32.63991644181391,32.63991644181391,9500.0,0.0,0.0,0.0,1.0
16:07:42.107,0.0,-32.63991644181391,32.63991644181391,9500.0,0.0,0.0,0.0,1.0
16:07:42.127,0.0,-32.63991644181391,32.63991644181391,9500.0,0.0,0.0,0.0,1.0
16:07:42.147,0.0,-32.63991644181391,32.63991644181391,9500.0,0.0,0.0,0.0,1.0
16:07:42.167,0.0,-32.63991644181391,32.63991644181391,9500.0,0.0,0.0,0.0,1.0
16:07:42.187,0.0,-32.63991644181391,32.63991644181391,9500.0,0.0,0.0,0.0,1.0
16:07:42.207,0.0,-32.63991644181391,32.63991644181391,9500.0,0.0,0.0,0.0,1.0
16:07:42.227,0.0,-32.63991644181391,32.63991644181391,9500.0,0.0,0.0,0.0,1.0
16:07:42.247,0.0,-32.63991644181391,32.63991644181391,9500.0,0.0,0.0,0.0,1.0
16:07:42.267,0.0,-32.63991644181391,32.63991644181391,9500.0,0.0,0.0,0.0,1.0
16:07:42.287,0.0,-32.63991644181391,32.63991644181391,9500.0,0.0,0.0,0.0,1.0
16:07:42.307,0.0,-32.63991644181391,32.63991644181391,9500.0,0.0,0.0,0.0,1.0
16:07:42.327,0.0,-32.63991644181391,32.63991644181391,9500.0,0.0,0.0,0.0,1.0
16:07:42.347,0.0,-32.63991644181391,32.63991644181391,9500.0,0.0,0.0,0.0,1.0
16:07:42.367,0.0,-32.63991644181391,32.63991644181391,9500.0,0.0,0.0,0.0,1.0
16:07:42.388,0.0,-32.63991644181391,32.63991644181391,9500.0,0.0,0.0,0.0,1.0
16:07:42.407,0.0,-32.63991644181391,32.63991644181391,9500.0,0.0,0.0,0.0,1.0
16:07:42.427,0.0,-32.63991644181391,32.63991644181391,9500.0,0.0,0.0,0.0,1.0
16:07:42.448,0.0,-32.63991644181391,32.63991644181391,9500.0,0.0,0.0,0.0,1.0
16:07:42.467,0.0,-32.63991644181391,32.63991644181391,9500.0,0.0,0.0,0.0,1.0
16:07:42.487,0.0,-32.63991644181391,32.63991644181391,9500.0,0.0,0.0,0.0,1.0
16:07:42.507,0.0,-32.63991644181391,32.63991644181391,9500.0,0.0,0.0,0.0,1.0
16:07:42.527,0.0,-32.63991644181391,32.63991644181391,9500.0,0.0,0.0,0.0,1.0
16:07:42.548,0.0,-32.63991644181391,32.63991644181391,9500.0,0.0,0.0,0.0,1.0
16:07:42.567,0.0,-32.63991644181391,32.63991644181391,9500.0,0.0,0.0,0.0,1.0
16:07:42.587,0.0,-32.63991644181391,32.63991644181391,9500.0,0.0,0.0,0.0,1.0
16:07:42.607,0.0,-32.63991644181391,32.63991644181391,9500.0,0.0,0.0,0.0,1.0
16:07:42.627,0.0,-32.63991644181391,32.63991644181391,9500.0,0.0,0.0,0.0,1.0
16:07:42.647,0.0,-32.63991644181391,32.63991644181391,9500.0,0.0,0.0,0.0,1.0
16:07:42.667,0.0,-32.63991644181391,32.63991644181391,9500.0,0.0,0.0,0.0,1.0
16:07:42.687,0.0,-32.63991644181391,32.63991644181391,9500.0,0.0,0.0,0.0,1.0
16:07:42.707,0.0,-32.63991644181391,32.63991644181391,9500.0,0.0,0.0,0.0,1.0
16:07:42.727,0.0,-32.63991644181391,32.63991644181391,9500.0,0.0,0.0,0.0,1.0
16:07:42.747,0.0,-32.63991644181391,32.63991644181391,9500.0,0.0,0.0,0.0,1.0
16:07:42.767,0.0,-32.63991644181391,32.63991644181391,9500.0,0.0,0.0,0.0,1.0
16:07:42.787,0.0,-32.63991644181391,32.63991644181391,9500.0,0.0,0.0,0.0,1.0
16:07:42.807,0.0,-32.63991644181391,32.63991644181391,9500.0,0.0,0.0,0.0,1.0
16:07:42.827,0.0,-32.63991644181391,32.63991644181391,9500.0,0.0,0.0,0.0,1.0
16:07:42.846,0.0,-32.63991644181391,32.63991644181391,9500.0,0.0,0.0,0.0,1.0
16:07:42.867,0.0,-32.63991644181391,32.63991644181391,9500.0,0.0,0.0,0.0,1.0
16:07:42.887,0.0,-32.63991644181391,32.63991644181391,9500.0,0.0,0.0,0.0,1.0
16:07:42.907,0.0,-32.63991644181391,32.63991644181391,9500.0,0.0,0.0,0.0,1.0
16:07:42.927,0.0,-32.63991644181391,32.63991644181391,9500.0,0.0,0.0,0.0,1.0
16:07:42.947,0.0,-32.63991644181391,32.63991644181391,9500.0,0.0,0.0,0.0,1.0
16:07:42.967,0.0,-32.63991644181391,32.63991644181391,9500.0,0.0,0.0,0.0,1.0
16:07:42.987,0.0,-32.63991644181391,32.63991644181391,9500.0,0.0,0.0,0.0,1.0
16:07:43.007,0.0,-32.63991644181391,32.63991644181391,9500.0,0.0,0.0,0.0,1.0
16:07:43.028,0.0,-32.63991644181391,32.63991644181391,9500.0,0.0,0.0,0.0,1.0
16:07:43.047,0.0,-32.63991644181391,32.63991644181391,9500.0,0.0,0.0,0.0,1.0
16:07:43.067,0.0,-32.63991644181391,32.63991644181391,9500.0,0.0,0.0,0.0,1.0
16:07:43.087,0.0,-32.63991644181391,32.63991644181391,9500.0,0.0,0.0,0.0,1.0
16:07:43.108,0.0,-32.63991644181391,32.63991644181391,9500.0,0.0,0.0,0.0,1.0
16:07:43.128,0.0,-32.63991644181391,32.63991644181391,9500.0,0.0,0.0,0.0,1.0
16:07:43.147,0.0,-32.63991644181391,32.63991644181391,9500.0,0.0,0.0,0.0,1.0
16:07:43.167,0.0,-32.63991644181391,32.63991644181391,9500.0,0.0,0.0,0.0,1.0
16:07:43.187,0.0,-32.63991644181391,32.63991644181391,9500.0,0.0,0.0,0.0,1.0
16:07:43.207,0.0,-32.63991644181391,32.63991644181391,9500.0,0.0,0.0,0.0,1.0
16:07:43.227,0.0,-32.63991644181391,32.63991644181391,9500.0,0.0,0.0,0.0,1.0
16:07:43.247,0.0,-32.63991644181391,32.63991644181391,9500.0,0.0,0.0,0.0,1.0
16:07:43.267,0.0,-32.63991644181391,32.63991644181391,9500.0,0.0,0.0,0.0,1.0
16:07:43.288,0.0,-32.63991644181391,32.63991644181391,9500.0,0.0,0.0,0.0,1.0
16:07:43.308,0.0,-32.63991644181391,32.63991644181391,9500.0,0.0,0.0,0.0,1.0
16:07:43.327,0.0,-32.63991644181391,32.63991644181391,9500.0,0.0,0.0,0.0,1.0
16:07:43.347,0.0,-32.63991644181391,32.63991644181391,9500.0,0.0,0.0,0.0,1.0
16:07:43.368,0.0,-32.63991644181391,32.63991644181391,9500.0,0.0,0.0,0.0,1.0
16:07:43.387,0.0,-32.63991644181391,32.63991644181391,9500.0,0.0,0.0,0.0,1.0
16:07:43.407,0.0,-32.63991644181391,32.63991644181391,9500.0,0.0,0.0,0.0,1.0
16:07:43.427,0.0,-32.63991644181391,32.63991644181391,9500.0,0.0,0.0,0.0,1.0
16:07:43.447,0.0,-32.63991644181391,32.63991644181391,9500.0,0.0,0.0,0.0,1.0
16:07:43.467,0.0,-32.63991644181391,32.63991644181391,9500.0,0.0,0.0,0.0,1.0
16:07:43.488,0.0,-32.63991644181391,32.63991644181391,9500.0,0.0,0.0,0.0,1.0
16:07:43.507,0.0,-32.63991644181391,32.63991644181391,9500.0,0.0,0.0,0.0,1.0
16:07:43.527,0.0,-32.63991644181391,32.63991644181391,9500.0,0.0,0.0,0.0,1.0
16:07:43.547,0.0,-32.63991644181391,32.63991644181391,9500.0,0.0,0.0,0.0,1.0
16:07:43.567,0.0,-32.63991644181391,32.63991644181391,9500.0,0.0,0.0,0.0,1.0
16:07:43.587,0.0,-32.63991644181391,32.63991644181391,9500.0,0.0,0.0,0.0,1.0
16:07:43.607,0.0,-32.63991644181391,32.63991644181391,9500.0,0.0,0.0,0.0,1.0
16:07:43.627,0.0,-32.63991644181391,32.63991644181391,9500.0,0.0,0.0,0.0,1.0
16:07:43.647,0.0,-32.63991644181391,32.63991644181391,9500.0,0.0,0.0,0.0,1.0
16:07:43.667,0.0,-32.63991644181391,32.63991644181391,9500.0,0.0,0.0,0.0,1.0
16:07:43.687,0.0,-32.63991644181391,32.63991644181391,9500.0,0.0,0.0,0.0,1.0
16:07:43.707,0.0,-32.63991644181391,32.63991644181391,9500.0,0.0,0.0,0.0,1.0
16:07:43.727,0.0,-32.63991644181391,32.63991644181391,9500.0,0.0,0.0,0.0,1.0
16:07:43.747,0.0,-32.63991644181391,32.63991644181391,9500.0,0.0,0.0,0.0,1.0
16:07:43.767,0.0,-32.63991644181391,32.63991644181391,9500.0,0.0,0.0,0.0,1.0
16:07:43.787,0.0,-32.63991644181391,32.63991644181391,9500.0,0.0,0.0,0.0,1.0
16:07:43.807,0.0,-32.63991644181391,32.63991644181391,9500.0,0.0,0.0,0.0,1.0
16:07:43.827,0.0,-32.63991644181391,32.63991644181391,9500.0,0.0,0.0,0.0,1.0
16:07:43.847,0.0,-32.63991644181391,32.63991644181391,9500.0,0.0,0.0,0.0,1.0
16:07:43.867,0.0,-32.63991644181391,32.63991644181391,9500.0,0.0,0.0,0.0,1.0
16:07:43.887,0.0,-32.63991644181391,32.63991644181391,9500.0,0.0,0.0,0.0,1.0
16:07:43.907,0.0,-32.63991644181391,32.63991644181391,9500.0,0.0,0.0,0.0,1.0
16:07:43.928,0.0,-32.63991644181391,32.63991644181391,9500.0,0.0,0.0,0.0,1.0
16:07:43.947,0.0,-32.63991644181391,32.63991644181391,9500.0,0.0,0.0,0.0,1.0
16:07:43.967,0.0,-32.63991644181391,32.63991644181391,9500.0,0.0,0.0,0.0,1.0
16:07:43.987,0.0,-32.63991644181391,32.63991644181391,9500.0,0.0,0.0,0.0,1.0
16:07:44.007,0.0,-32.63991644181391,32.63991644181391,9500.0,0.0,0.0,0.0,1.0
16:07:44.027,0.0,-32.63991644181391,32.63991644181391,9500.0,0.0,0.0,0.0,1.0
16:07:44.048,0.0,-32.63991644181391,32.63991644181391,9500.0,0.0,0.0,0.0,1.0
16:07:44.067,0.0,-32.63991644181391,32.63991644181391,9500.0,0.0,0.0,0.0,1.0
16:07:44.087,0.0,-32.63991644181391,32.63991644181391,9500.0,0.0,0.0,0.0,1.0
16:07:44.107,0.0,-32.63991644181391,32.63991644181391,9500.0,0.0,0.0,0.0,1.0
16:07:44.128,0.0,-32.63991644181391,32.63991644181391,9500.0,0.0,0.0,0.0,1.0
16:07:44.148,0.0,-32.63991644181391,32.63991644181391,9500.0,0.0,0.0,0.0,1.0
16:07:44.167,0.0,-32.63991644181391,32.63991644181391,9500.0,0.0,0.0,0.0,1.0
16:07:44.187,0.0,-32.63991644181391,32.63991644181391,9500.0,0.0,0.0,0.0,1.0
16:07:44.207,0.0,-32.63991644181391,32.63991644181391,9500.0,0.0,0.0,0.0,1.0
16:07:44.227,0.0,-32.63991644181391,32.63991644181391,9500.0,0.0,0.0,0.0,1.0
16:07:44.248,0.0,-32.63991644181391,32.63991644181391,9500.0,0.0,0.0,0.0,1.0
16:07:44.268,0.0,-32.63991644181391,32.63991644181391,9500.0,0.0,0.0,0.0,1.0
16:07:44.287,0.0,-32.63991644181391,32.63991644181391,9500.0,0.0,0.0,0.0,1.0
16:07:44.307,0.0,-32.63991644181391,32.63991644181391,9500.0,0.0,0.0,0.0,1.0
16:07:44.327,0.0,-32.63991644181391,32.63991644181391,9500.0,0.0,0.0,0.0,1.0
16:07:44.347,0.0,-32.63991644181391,32.63991644181391,9500.0,0.0,0.0,0.0,1.0
16:07:44.367,0.0,-32.63991644181391,32.63991644181391,9500.0,0.0,0.0,0.0,1.0
16:07:44.387,0.0,-32.63991644181391,32.63991644181391,9500.0,0.0,0.0,0.0,1.0
16:07:44.407,0.0,-32.63991644181391,32.63991644181391,9500.0,0.0,0.0,0.0,1.0
16:07:44.427,0.0,-32.63991644181391,32.63991644181391,9500.0,0.0,0.0,0.0,1.0
16:07:44.447,0.0,-32.63991644181391,32.63991644181391,9500.0,0.0,0.0,0.0,1.0
16:07:44.467,0.0,-32.63991644181391,32.63991644181391,9500.0,0.0,0.0,0.0,1.0
16:07:44.487,0.0,-32.63991644181391,32.63991644181391,9500.0,0.0,0.0,0.0,1.0
16:07:44.507,0.0,-32.63991644181391,32.63991644181391,9500.0,0.0,0.0,0.0,1.0
16:07:44.527,0.0,-32.63991644181391,32.63991644181391,9500.0,0.0,0.0,0.0,1.0
16:07:44.548,0.0,-32.63991644181391,32.63991644181391,9500.0,0.0,0.0,0.0,1.0
16:07:44.567,0.0,-32.63991644181391,32.63991644181391,9500.0,0.0,0.0,0.0,1.0
16:07:44.587,0.0,-32.63991644181391,32.63991644181391,9500.0,0.0,0.0,0.0,1.0
16:07:44.607,0.0,-32.63991644181391,32.63991644181391,9500.0,0.0,0.0,0.0,1.0
16:07:44.627,0.0,-32.63991644181391,32.63991644181391,9500.0,0.0,0.0,0.0,1.0
16:07:44.647,0.0,-32.63991644181391,32.63991644181391,9500.0,0.0,0.0,0.0,1.0
16:07:44.667,0.0,-32.63991644181391,32.63991644181391,9500.0,0.0,0.0,0.0,1.0
16:07:44.686,0.0,-32.63991644181391,32.63991644181391,9500.0,0.0,0.0,0.0,1.0
16:07:44.707,0.0,-32.63991644181391,32.63991644181391,9500.0,0.0,0.0,0.0,1.0
16:07:44.727,0.0,-32.63991644181391,32.63991644181391,9500.0,0.0,0.0,0.0,1.0
16:07:44.747,0.0,-32.63991644181391,32.63991644181391,9500.0,0.0,0.0,0.0,1.0
16:07:44.767,0.0,-32.63991644181391,32.63991644181391,9500.0,0.0,0.0,0.0,1.0
16:07:44.787,0.0,-32.63991644181391,32.63991644181391,9500.0,0.0,0.0,0.0,1.0
16:07:44.807,0.0,-32.63991644181391,32.63991644181391,9500.0,0.0,0.0,0.0,1.0
16:07:44.828,0.0,-32.63991644181391,32.63991644181391,9500.0,0.0,0.0,0.0,1.0
16:07:44.847,0.0,-32.63991644181391,32.63991644181391,9500.0,0.0,0.0,0.0,1.0
16:07:44.867,0.0,-32.63991644181391,32.63991644181391,9500.0,0.0,0.0,0.0,1.0
16:07:44.887,0.0,-32.63991644181391,32.63991644181391,9500.0,0.0,0.0,0.0,1.0
16:07:44.907,0.0,-32.63991644181391,32.63991644181391,9500.0,0.0,0.0,0.0,1.0
16:07:44.927,0.0,-32.63991644181391,32.63991644181391,9500.0,0.0,0.0,0.0,1.0
16:07:44.947,0.0,-32.63991644181391,32.63991644181391,9500.0,0.0,0.0,0.0,1.0
16:07:44.968,0.0,-32.63991644181391,32.63991644181391,9500.0,0.0,0.0,0.0,1.0
16:07:44.987,0.0,-32.63991644181391,32.63991644181391,9500.0,0.0,0.0,0.0,1.0
16:07:45.007,0.0,-32.63991644181391,32.63991644181391,9500.0,0.0,0.0,0.0,1.0
16:07:45.027,0.0,-32.63991644181391,32.63991644181391,9500.0,0.0,0.0,0.0,1.0
16:07:45.048,0.0,-32.63991644181391,32.63991644181391,9500.0,0.0,0.0,0.0,1.0
16:07:45.067,0.0,-32.63991644181391,32.63991644181391,9500.0,0.0,0.0,0.0,1.0
16:07:45.087,0.0,-32.63991644181391,32.63991644181391,9500.0,0.0,0.0,0.0,1.0
16:07:45.108,0.0,-32.63991644181391,32.63991644181391,9500.0,0.0,0.0,0.0,1.0
16:07:45.127,0.0,-32.63991644181391,32.63991644181391,9500.0,0.0,0.0,0.0,1.0
16:07:45.147,0.0,-32.63991644181391,32.63991644181391,9500.0,0.0,0.0,0.0,1.0
16:07:45.167,0.0,-32.63991644181391,32.63991644181391,9500.0,0.0,0.0,0.0,1.0
16:07:45.188,0.0,-32.63991644181391,32.63991644181391,9500.0,0.0,0.0,0.0,1.0
16:07:45.207,0.0,-32.63991644181391,32.63991644181391,9500.0,0.0,0.0,0.0,1.0
16:07:45.227,0.0,-32.63991644181391,32.63991644181391,9500.0,0.0,0.0,0.0,1.0
16:07:45.248,0.0,-32.63991644181391,32.63991644181391,9500.0,0.0,0.0,0.0,1.0
16:07:45.267,0.0,-32.63991644181391,32.63991644181391,9500.0,0.0,0.0,0.0,1.0
16:07:45.288,0.0,-32.63991644181391,32.63991644181391,9500.0,0.0,0.0,0.0,1.0
16:07:45.307,0.0,-32.63991644181391,32.63991644181391,9500.0,0.0,0.0,0.0,1.0
16:07:45.327,0.0,-32.63991644181391,32.63991644181391,9500.0,0.0,0.0,0.0,1.0
16:07:45.348,0.0,-32.63991644181391,32.63991644181391,9500.0,0.0,0.0,0.0,1.0
16:07:45.367,0.0,-32.63991644181391,32.63991644181391,9500.0,0.0,0.0,0.0,1.0
16:07:45.388,0.0,-32.63991644181391,32.63991644181391,9500.0,0.0,0.0,0.0,1.0
16:07:45.408,0.0,-32.63991644181391,32.63991644181391,9500.0,0.0,0.0,0.0,1.0
16:07:45.428,0.0,-32.63991644181391,32.63991644181391,9500.0,0.0,0.0,0.0,1.0
16:07:45.447,0.0,-32.63991644181391,32.63991644181391,9500.0,0.0,0.0,0.0,1.0
16:07:45.467,0.0,-32.63991644181391,32.63991644181391,9500.0,0.0,0.0,0.0,1.0
16:07:45.487,0.0,-32.63991644181391,32.63991644181391,9500.0,0.0,0.0,0.0,1.0
16:07:45.508,0.0,-32.63991644181391,32.63991644181391,9500.0,0.0,0.0,0.0,1.0
16:07:45.527,0.0,-32.63991644181391,32.63991644181391,9500.0,0.0,0.0,0.0,1.0
16:07:45.548,0.0,-32.63991644181391,32.63991644181391,9500.0,0.0,0.0,0.0,1.0
16:07:45.567,0.0,-32.63991644181391,32.63991644181391,9500.0,0.0,0.0,0.0,1.0
16:07:45.588,0.0,-32.63991644181391,32.63991644181391,9500.0,0.0,0.0,0.0,1.0
16:07:45.607,0.0,-32.63991644181391,32.63991644181391,9500.0,0.0,0.0,0.0,1.0
16:07:45.628,0.0,-32.63991644181391,32.63991644181391,9500.0,0.0,0.0,0.0,1.0
16:07:45.647,0.0,-32.63991644181391,32.63991644181391,9500.0,0.0,0.0,0.0,1.0
16:07:45.667,0.0,-32.63991644181391,32.63991644181391,9500.0,0.0,0.0,0.0,1.0
16:07:45.688,0.0,-32.63991644181391,32.63991644181391,9500.0,0.0,0.0,0.0,1.0
16:07:45.707,0.0,-32.63991644181391,32.63991644181391,9500.0,0.0,0.0,0.0,1.0
16:07:45.727,0.0,-32.63991644181391,32.63991644181391,9500.0,0.0,0.0,0.0,1.0
16:07:45.747,0.0,-32.63991644181391,32.63991644181391,9500.0,0.0,0.0,0.0,1.0
16:07:45.767,0.0,-32.63991644181391,32.63991644181391,9500.0,0.0,0.0,0.0,1.0
16:07:45.787,0.0,-32.63991644181391,32.63991644181391,9500.0,0.0,0.0,0.0,1.0
16:07:45.808,0.0,-32.63991644181391,32.63991644181391,9500.0,0.0,0.0,0.0,1.0
16:07:45.827,0.0,-32.63991644181391,32.63991644181391,9500.0,0.0,0.0,0.0,1.0
16:07:45.847,0.0,-32.63991644181391,32.63991644181391,9500.0,0.0,0.0,0.0,1.0
16:07:45.867,0.0,-32.63991644181391,32.63991644181391,9500.0,0.0,0.0,0.0,1.0
16:07:45.887,0.0,-32.63991644181391,32.63991644181391,9500.0,0.0,0.0,0.0,1.0
16:07:45.907,0.0,-32.63991644181391,32.63991644181391,9500.0,0.0,0.0,0.0,1.0
16:07:45.927,0.0,-32.63991644181391,32.63991644181391,9500.0,0.0,0.0,0.0,1.0
16:07:45.947,0.0,-32.63991644181391,32.63991644181391,9500.0,0.0,0.0,0.0,1.0
16:07:45.967,0.0,-32.63991644181391,32.63991644181391,9500.0,0.0,0.0,0.0,1.0
16:07:45.987,0.0,-32.63991644181391,32.63991644181391,9500.0,0.0,0.0,0.0,1.0
16:07:46.007,0.0,-32.63991644181391,32.63991644181391,9500.0,0.0,0.0,0.0,1.0
16:07:46.027,0.0,-32.63991644181391,32.63991644181391,9500.0,0.0,0.0,0.0,1.0
16:07:46.047,0.0,-32.63991644181391,32.63991644181391,9500.0,0.0,0.0,0.0,1.0
16:07:46.067,0.0,-32.63991644181391,32.63991644181391,9500.0,0.0,0.0,0.0,1.0
16:07:46.087,0.0,-32.63991644181391,32.63991644181391,9500.0,0.0,0.0,0.0,1.0
16:07:46.107,0.0,-32.63991644181391,32.63991644181391,9500.0,0.0,0.0,0.0,1.0
16:07:46.127,0.0,-32.63991644181391,32.63991644181391,9500.0,0.0,0.0,0.0,1.0
16:07:46.147,0.0,-32.63991644181391,32.63991644181391,9500.0,0.0,0.0,0.0,1.0
16:07:46.167,0.0,-32.63991644181391,32.63991644181391,9500.0,0.0,0.0,0.0,1.0
16:07:46.187,0.0,-32.63991644181391,32.63991644181391,9500.0,0.0,0.0,0.0,1.0
16:07:46.207,0.0,-32.63991644181391,32.63991644181391,9500.0,0.0,0.0,0.0,1.0
16:07:46.227,0.0,-32.63991644181391,32.63991644181391,9500.0,0.0,0.0,0.0,1.0
16:07:46.247,0.0,-32.63991644181391,32.63991644181391,9500.0,0.0,0.0,0.0,1.0
16:07:46.267,0.0,-32.63991644181391,32.63991644181391,9500.0,0.0,0.0,0.0,1.0
16:07:46.287,0.0,-32.63991644181391,32.63991644181391,9500.0,0.0,0.0,0.0,1.0
16:07:46.307,0.0,-32.63991644181391,32.63991644181391,9500.0,0.0,0.0,0.0,1.0
16:07:46.327,0.0,-32.63991644181391,32.63991644181391,9500.0,0.0,0.0,0.0,1.0
16:07:46.347,0.0,-32.63991644181391,32.63991644181391,9500.0,0.0,0.0,0.0,1.0
16:07:46.367,0.0,-32.63991644181391,32.63991644181391,9500.0,0.0,0.0,0.0,1.0
16:07:46.387,0.0,-32.63991644181391,32.63991644181391,9500.0,0.0,0.0,0.0,1.0
16:07:46.407,0.0,-32.63991644181391,32.63991644181391,9500.0,0.0,0.0,0.0,1.0
16:07:46.427,0.0,-32.63991644181391,32.63991644181391,9500.0,0.0,0.0,0.0,1.0
16:07:46.447,0.0,-32.63991644181391,32.63991644181391,9500.0,0.0,0.0,0.0,1.0
16:07:46.467,0.0,-32.63991644181391,32.63991644181391,9500.0,0.0,0.0,0.0,1.0
16:07:46.487,0.0,-32.63991644181391,32.63991644181391,9500.0,0.0,0.0,0.0,1.0
16:07:46.507,0.0,-32.63991644181391,32.63991644181391,9500.0,0.0,0.0,0.0,1.0
16:07:46.527,0.0,-32.63991644181391,32.63991644181391,9500.0,0.0,0.0,0.0,1.0
16:07:46.547,0.0,-32.63991644181391,32.63991644181391,9500.0,0.0,0.0,0.0,1.0
16:07:46.567,0.0,-32.63991644181391,32.63991644181391,9500.0,0.0,0.0,0.0,1.0
16:07:46.587,0.0,-32.63991644181391,32.63991644181391,9500.0,0.0,0.0,0.0,1.0
16:07:46.607,0.0,-32.63991644181391,32.63991644181391,9500.0,0.0,0.0,0.0,1.0
16:07:46.627,0.0,-32.63991644181391,32.63991644181391,9500.0,0.0,0.0,0.0,1.0
16:07:46.647,0.0,-32.63991644181391,32.63991644181391,9500.0,0.0,0.0,0.0,1.0
16:07:46.667,0.0,-32.63991644181391,32.63991644181391,9500.0,0.0,0.0,0.0,1.0
16:07:46.687,0.0,-32.63991644181391,32.63991644181391,9500.0,0.0,0.0,0.0,1.0
16:07:46.707,0.0,-32.63991644181391,32.63991644181391,9500.0,0.0,0.0,0.0,1.0
16:07:46.727,0.0,-32.63991644181391,32.63991644181391,9500.0,0.0,0.0,0.0,1.0
16:07:46.747,0.0,-32.63991644181391,32.63991644181391,9500.0,0.0,0.0,0.0,1.0
16:07:46.767,0.0,-32.63991644181391,32.63991644181391,9500.0,0.0,0.0,0.0,1.0
16:07:46.787,0.0,-32.63991644181391,32.63991644181391,9500.0,0.0,0.0,0.0,1.0
16:07:46.807,0.0,-32.63991644181391,32.63991644181391,9500.0,0.0,0.0,0.0,1.0
16:07:46.828,0.0,-32.63991644181391,32.63991644181391,9500.0,0.0,0.0,0.0,1.0
16:07:46.847,0.0,-32.63991644181391,32.63991644181391,9500.0,0.0,0.0,0.0,1.0
16:07:46.868,0.0,-32.63991644181391,32.63991644181391,9500.0,0.0,0.0,0.0,1.0
16:07:46.888,0.0,-32.63991644181391,32.63991644181391,9500.0,0.0,0.0,0.0,1.0
16:07:46.907,0.0,-32.63991644181391,32.63991644181391,9500.0,0.0,0.0,0.0,1.0
16:07:46.928,0.0,-32.63991644181391,32.63991644181391,9500.0,0.0,0.0,0.0,1.0
16:07:46.948,0.0,-32.63991644181391,32.63991644181391,9500.0,0.0,0.0,0.0,1.0
16:07:46.968,0.0,-32.63991644181391,32.63991644181391,9500.0,0.0,0.0,0.0,1.0
16:07:46.988,0.0,-32.63991644181391,32.63991644181391,9500.0,0.0,0.0,0.0,1.0
16:07:47.007,0.0,-32.63991644181391,32.63991644181391,9500.0,0.0,0.0,0.0,1.0
16:07:47.028,0.0,-32.63991644181391,32.63991644181391,9500.0,0.0,0.0,0.0,1.0
16:07:47.047,0.0,-32.63991644181391,32.63991644181391,9500.0,0.0,0.0,0.0,1.0
16:07:47.068,0.0,-32.63991644181391,32.63991644181391,9500.0,0.0,0.0,0.0,1.0
16:07:47.088,0.0,-32.63991644181391,32.63991644181391,9500.0,0.0,0.0,0.0,1.0
16:07:47.107,0.0,-32.63991644181391,32.63991644181391,9500.0,0.0,0.0,0.0,1.0
16:07:47.128,0.0,-32.63991644181391,32.63991644181391,9500.0,0.0,0.0,0.0,1.0
16:07:47.148,0.0,-32.63991644181391,32.63991644181391,9500.0,0.0,0.0,0.0,1.0
16:07:47.168,0.0,-32.63991644181391,32.63991644181391,9500.0,0.0,0.0,0.0,1.0
16:07:47.188,0.0,-32.63991644181391,32.63991644181391,9500.0,0.0,0.0,0.0,1.0
16:07:47.208,0.0,-32.63991644181391,32.63991644181391,9500.0,0.0,0.0,0.0,1.0
16:07:47.228,0.0,-32.63991644181391,32.63991644181391,9500.0,0.0,0.0,0.0,1.0
16:07:47.248,0.0,-32.63991644181391,32.63991644181391,9500.0,0.0,0.0,0.0,1.0
16:07:47.268,0.0,-32.63991644181391,32.63991644181391,9500.0,0.0,0.0,0.0,1.0
16:07:47.288,0.0,-32.63991644181391,32.63991644181391,9500.0,0.0,0.0,0.0,1.0
16:07:47.307,0.0,-32.63991644181391,32.63991644181391,9500.0,0.0,0.0,0.0,1.0
16:07:47.328,0.0,-32.63991644181391,32.63991644181391,9500.0,0.0,0.0,0.0,1.0
16:07:47.348,0.0,-32.63991644181391,32.63991644181391,9500.0,0.0,0.0,0.0,1.0
16:07:47.368,0.0,-32.63991644181391,32.63991644181391,9500.0,0.0,0.0,0.0,1.0
16:07:47.388,0.0,-32.63991644181391,32.63991644181391,9500.0,0.0,0.0,0.0,1.0
16:07:47.408,0.0,-32.63991644181391,32.63991644181391,9500.0,0.0,0.0,0.0,1.0
16:07:47.428,0.0,-32.63991644181391,32.63991644181391,9500.0,0.0,0.0,0.0,1.0
16:07:47.448,0.0,-32.63991644181391,32.63991644181391,9500.0,0.0,0.0,0.0,1.0
16:07:47.467,0.0,-32.63991644181391,32.63991644181391,9500.0,0.0,0.0,0.0,1.0
16:07:47.488,0.0,-32.63991644181391,32.63991644181391,9500.0,0.0,0.0,0.0,1.0
16:07:47.507,0.0,-32.63991644181391,32.63991644181391,9500.0,0.0,0.0,0.0,1.0
16:07:47.528,0.0,-32.63991644181391,32.63991644181391,9500.0,0.0,0.0,0.0,1.0
16:07:47.547,0.0,-32.63991644181391,32.63991644181391,9500.0,0.0,0.0,0.0,1.0
16:07:47.567,0.0,-32.63991644181391,32.63991644181391,9500.0,0.0,0.0,0.0,1.0
16:07:47.587,0.0,-32.63991644181391,32.63991644181391,9500.0,0.0,0.0,0.0,1.0
16:07:47.608,0.0,-32.63991644181391,32.63991644181391,9500.0,0.0,0.0,0.0,1.0
16:07:47.627,0.0,-32.63991644181391,32.63991644181391,9500.0,0.0,0.0,0.0,1.0
16:07:47.648,0.0,-32.63991644181391,32.63991644181391,9500.0,0.0,0.0,0.0,1.0
16:07:47.667,0.0,-32.63991644181391,32.63991644181391,9500.0,0.0,0.0,0.0,1.0
16:07:47.688,0.0,-32.63991644181391,32.63991644181391,9500.0,0.0,0.0,0.0,1.0
16:07:47.707,0.0,-32.63991644181391,32.63991644181391,9500.0,0.0,0.0,0.0,1.0
16:07:47.727,0.0,-32.63991644181391,32.63991644181391,9500.0,0.0,0.0,0.0,1.0
16:07:47.748,0.0,-32.63991644181391,32.63991644181391,9500.0,0.0,0.0,0.0,1.0
16:07:47.768,0.0,-32.63991644181391,32.63991644181391,9500.0,0.0,0.0,0.0,1.0
16:07:47.787,0.0,-32.63991644181391,32.63991644181391,9500.0,0.0,0.0,0.0,1.0
16:07:47.808,0.0,-32.63991644181391,32.63991644181391,9500.0,0.0,0.0,0.0,1.0
16:07:47.827,0.0,-32.63991644181391,32.63991644181391,9500.0,0.0,0.0,0.0,1.0
16:07:47.847,0.0,-32.63991644181391,32.63991644181391,9500.0,0.0,0.0,0.0,1.0
16:07:47.867,0.0,-32.63991644181391,32.63991644181391,9500.0,0.0,0.0,0.0,1.0
16:07:47.887,0.0,-32.63991644181391,32.63991644181391,9500.0,0.0,0.0,0.0,1.0
16:07:47.907,0.0,-32.63991644181391,32.63991644181391,9500.0,0.0,0.0,0.0,1.0
16:07:47.928,0.0,-32.63991644181391,32.63991644181391,9500.0,0.0,0.0,0.0,1.0
16:07:47.947,0.0,-32.63991644181391,32.63991644181391,9500.0,0.0,0.0,0.0,1.0
16:07:47.967,0.0,-32.63991644181391,32.63991644181391,9500.0,0.0,0.0,0.0,1.0
16:07:47.987,0.0,-32.63991644181391,32.63991644181391,9500.0,0.0,0.0,0.0,1.0
16:07:48.007,0.0,-32.63991644181391,32.63991644181391,9500.0,0.0,0.0,0.0,1.0
16:07:48.027,0.0,-32.63991644181391,32.63991644181391,9500.0,0.0,0.0,0.0,1.0
16:07:48.047,0.0,-32.63991644181391,32.63991644181391,9500.0,0.0,0.0,0.0,1.0
16:07:48.067,0.0,-32.63991644181391,32.63991644181391,9500.0,0.0,0.0,0.0,1.0
16:07:48.088,0.0,-32.63991644181391,32.63991644181391,9500.0,0.0,0.0,0.0,1.0
16:07:48.107,0.0,-32.63991644181391,32.63991644181391,9500.0,0.0,0.0,0.0,1.0
16:07:48.128,0.0,-32.63991644181391,32.63991644181391,9500.0,0.0,0.0,0.0,1.0
16:07:48.147,0.0,-32.63991644181391,32.63991644181391,9500.0,0.0,0.0,0.0,1.0
16:07:48.167,0.0,-32.63991644181391,32.63991644181391,9500.0,0.0,0.0,0.0,1.0
16:07:48.187,0.0,-32.63991644181391,32.63991644181391,9500.0,0.0,0.0,0.0,1.0
16:07:48.208,0.0,-32.63991644181391,32.63991644181391,9500.0,0.0,0.0,0.0,1.0
16:07:48.228,0.0,-32.63991644181391,32.63991644181391,9500.0,0.0,0.0,0.0,1.0
16:07:48.247,0.0,-32.63991644181391,32.63991644181391,9500.0,0.0,0.0,0.0,1.0
16:07:48.267,0.0,-32.63991644181391,32.63991644181391,9500.0,0.0,0.0,0.0,1.0
16:07:48.287,0.0,-32.63991644181391,32.63991644181391,9500.0,0.0,0.0,0.0,1.0
16:07:48.307,0.0,-32.63991644181391,32.63991644181391,9500.0,0.0,0.0,0.0,1.0
16:07:48.327,0.0,-32.63991644181391,32.63991644181391,9500.0,0.0,0.0,0.0,1.0
16:07:48.347,0.0,-32.63991644181391,32.63991644181391,9500.0,0.0,0.0,0.0,1.0
16:07:48.367,0.0,-32.63991644181391,32.63991644181391,9500.0,0.0,0.0,0.0,1.0
16:07:48.387,0.0,-32.63991644181391,32.63991644181391,9500.0,0.0,0.0,0.0,1.0
16:07:48.407,0.0,-32.63991644181391,32.63991644181391,9500.0,0.0,0.0,0.0,1.0
16:07:48.428,0.0,-32.63991644181391,32.63991644181391,9500.0,0.0,0.0,0.0,1.0
16:07:48.447,0.0,-32.63991644181391,32.63991644181391,9500.0,0.0,0.0,0.0,1.0
16:07:48.467,0.0,-32.63991644181391,32.63991644181391,9500.0,0.0,0.0,0.0,1.0
16:07:48.487,0.0,-32.63991644181391,32.63991644181391,9500.0,0.0,0.0,0.0,1.0
16:07:48.507,0.0,-32.63991644181391,32.63991644181391,9500.0,0.0,0.0,0.0,1.0
16:07:48.527,0.0,-32.63991644181391,32.63991644181391,9500.0,0.0,0.0,0.0,1.0
16:07:48.547,0.0,-32.63991644181391,32.63991644181391,9500.0,0.0,0.0,0.0,1.0
16:07:48.567,0.0,-32.63991644181391,32.63991644181391,9500.0,0.0,0.0,0.0,1.0
16:07:48.587,0.0,-32.63991644181391,32.63991644181391,9500.0,0.0,0.0,0.0,1.0
16:07:48.607,0.0,-32.63991644181391,32.63991644181391,9500.0,0.0,0.0,0.0,1.0
16:07:48.627,0.0,-32.63991644181391,32.63991644181391,9500.0,0.0,0.0,0.0,1.0
16:07:48.647,0.0,-32.63991644181391,32.63991644181391,9500.0,0.0,0.0,0.0,1.0
16:07:48.667,0.0,-32.63991644181391,32.63991644181391,9500.0,0.0,0.0,0.0,1.0
16:07:48.687,0.0,-32.63991644181391,32.63991644181391,9500.0,0.0,0.0,0.0,1.0
16:07:48.708,0.0,-32.63991644181391,32.63991644181391,9500.0,0.0,0.0,0.0,1.0
16:07:48.727,0.0,-32.63991644181391,32.63991644181391,9500.0,0.0,0.0,0.0,1.0
16:07:48.747,0.0,-32.63991644181391,32.63991644181391,9500.0,0.0,0.0,0.0,1.0
16:07:48.767,0.0,-32.63991644181391,32.63991644181391,9500.0,0.0,0.0,0.0,1.0
16:07:48.787,0.0,-32.63991644181391,32.63991644181391,9500.0,0.0,0.0,0.0,1.0
16:07:48.807,0.0,-32.63991644181391,32.63991644181391,9500.0,0.0,0.0,0.0,1.0
16:07:48.827,0.0,-32.63991644181391,32.63991644181391,9500.0,0.0,0.0,0.0,1.0
16:07:48.847,0.0,-32.63991644181391,32.63991644181391,9500.0,0.0,0.0,0.0,1.0
16:07:48.867,0.0,-32.63991644181391,32.63991644181391,9500.0,0.0,0.0,0.0,1.0
16:07:48.887,0.0,-32.63991644181391,32.63991644181391,9500.0,0.0,0.0,0.0,1.0
16:07:48.907,0.0,-32.63991644181391,32.63991644181391,9500.0,0.0,0.0,0.0,1.0
16:07:48.927,0.0,-32.63991644181391,32.63991644181391,9500.0,0.0,0.0,0.0,1.0
16:07:48.947,0.0,-32.63991644181391,32.63991644181391,9500.0,0.0,0.0,0.0,1.0
16:07:48.967,0.0,-32.63991644181391,32.63991644181391,9500.0,0.0,0.0,0.0,1.0
16:07:48.987,0.0,-32.63991644181391,32.63991644181391,9500.0,0.0,0.0,0.0,1.0
16:07:49.007,0.0,-32.63991644181391,32.63991644181391,9500.0,0.0,0.0,0.0,1.0
16:07:49.027,0.0,-32.63991644181391,32.63991644181391,9500.0,0.0,0.0,0.0,1.0
16:07:49.047,0.0,-32.63991644181391,32.63991644181391,9500.0,0.0,0.0,0.0,1.0
16:07:49.067,0.0,-32.63991644181391,32.63991644181391,9500.0,0.0,0.0,0.0,1.0
16:07:49.087,0.0,-32.63991644181391,32.63991644181391,9500.0,0.0,0.0,0.0,1.0
16:07:49.107,0.0,-32.63991644181391,32.63991644181391,9500.0,0.0,0.0,0.0,1.0
16:07:49.127,0.0,-32.63991644181391,32.63991644181391,9500.0,0.0,0.0,0.0,1.0
16:07:49.147,0.0,-32.63991644181391,32.63991644181391,9500.0,0.0,0.0,0.0,1.0
16:07:49.167,0.0,-32.63991644181391,32.63991644181391,9500.0,0.0,0.0,0.0,1.0
16:07:49.187,0.0,-32.63991644181391,32.63991644181391,9500.0,0.0,0.0,0.0,1.0
16:07:49.207,0.0,-32.63991644181391,32.63991644181391,9500.0,0.0,0.0,0.0,1.0
16:07:49.228,0.0,-32.63991644181391,32.63991644181391,9500.0,0.0,0.0,0.0,1.0
16:07:49.247,0.0,-32.63991644181391,32.63991644181391,9500.0,0.0,0.0,0.0,1.0
16:07:49.267,0.0,-32.63991644181391,32.63991644181391,9500.0,0.0,0.0,0.0,1.0
16:07:49.288,0.0,-32.63991644181391,32.63991644181391,9500.0,0.0,0.0,0.0,1.0
16:07:49.307,0.0,-32.63991644181391,32.63991644181391,9500.0,0.0,0.0,0.0,1.0
16:07:49.327,0.0,-32.63991644181391,32.63991644181391,9500.0,0.0,0.0,0.0,1.0
16:07:49.347,0.0,-32.63991644181391,32.63991644181391,9500.0,0.0,0.0,0.0,1.0
16:07:49.367,0.0,-32.63991644181391,32.63991644181391,9500.0,0.0,0.0,0.0,1.0
16:07:49.387,0.0,-32.63991644181391,32.63991644181391,9500.0,0.0,0.0,0.0,1.0
16:07:49.407,0.0,-32.63991644181391,32.63991644181391,9500.0,0.0,0.0,0.0,1.0
16:07:49.427,0.0,-32.63991644181391,32.63991644181391,9500.0,0.0,0.0,0.0,1.0
16:07:49.447,0.0,-32.63991644181391,32.63991644181391,9500.0,0.0,0.0,0.0,1.0
16:07:49.467,0.0,-32.63991644181391,32.63991644181391,9500.0,0.0,0.0,0.0,1.0
16:07:49.487,0.0,-32.63991644181391,32.63991644181391,9500.0,0.0,0.0,0.0,1.0
16:07:49.507,0.0,-32.63991644181391,32.63991644181391,9500.0,0.0,0.0,0.0,1.0
16:07:49.527,0.0,-32.63991644181391,32.63991644181391,9500.0,0.0,0.0,0.0,1.0
16:07:49.547,0.0,-32.63991644181391,32.63991644181391,9500.0,0.0,0.0,0.0,1.0
16:07:49.567,0.0,-32.63991644181391,32.63991644181391,9500.0,0.0,0.0,0.0,1.0
16:07:49.587,0.0,-32.63991644181391,32.63991644181391,9500.0,0.0,0.0,0.0,1.0
16:07:49.607,0.0,-32.63991644181391,32.63991644181391,9500.0,0.0,0.0,0.0,1.0
16:07:49.627,0.0,-32.63991644181391,32.63991644181391,9500.0,0.0,0.0,0.0,1.0
16:07:49.648,0.0,-32.63991644181391,32.63991644181391,9500.0,0.0,0.0,0.0,1.0
16:07:49.667,0.0,-32.63991644181391,32.63991644181391,9500.0,0.0,0.0,0.0,1.0
16:07:49.687,0.0,-32.63991644181391,32.63991644181391,9500.0,0.0,0.0,0.0,1.0
16:07:49.707,0.0,-32.63991644181391,32.63991644181391,9500.0,0.0,0.0,0.0,1.0
16:07:49.727,0.0,-32.63991644181391,32.63991644181391,9500.0,0.0,0.0,0.0,1.0
16:07:49.747,0.0,-32.63991644181391,32.63991644181391,9500.0,0.0,0.0,0.0,1.0
16:07:49.767,0.0,-32.63991644181391,32.63991644181391,9500.0,0.0,0.0,0.0,1.0
16:07:49.787,0.0,-32.63991644181391,32.63991644181391,9500.0,0.0,0.0,0.0,1.0
16:07:49.807,0.0,-32.63991644181391,32.63991644181391,9500.0,0.0,0.0,0.0,1.0
16:07:49.827,0.0,-32.63991644181391,32.63991644181391,9500.0,0.0,0.0,0.0,1.0
16:07:49.847,0.0,-32.63991644181391,32.63991644181391,9500.0,0.0,0.0,0.0,1.0
16:07:49.867,0.0,-32.63991644181391,32.63991644181391,9500.0,0.0,0.0,0.0,1.0
16:07:49.887,0.0,-32.63991644181391,32.63991644181391,9500.0,0.0,0.0,0.0,1.0
16:07:49.907,0.0,-32.63991644181391,32.63991644181391,9500.0,0.0,0.0,0.0,1.0
16:07:49.927,0.0,-32.63991644181391,32.63991644181391,9500.0,0.0,0.0,0.0,1.0
16:07:49.947,0.0,-32.63991644181391,32.63991644181391,9500.0,0.0,0.0,0.0,1.0
16:07:49.968,0.0,-32.63991644181391,32.63991644181391,9500.0,0.0,0.0,0.0,1.0
16:07:49.987,0.0,-32.63991644181391,32.63991644181391,9500.0,0.0,0.0,0.0,1.0
16:07:50.008,0.0,-32.63991644181391,32.63991644181391,9500.0,0.0,0.0,0.0,1.0
16:07:50.027,0.0,-32.63991644181391,32.63991644181391,9500.0,0.0,0.0,0.0,1.0
16:07:50.047,0.0,-32.63991644181391,32.63991644181391,9500.0,0.0,0.0,0.0,1.0
16:07:50.067,0.0,-32.63991644181391,32.63991644181391,9500.0,0.0,0.0,0.0,1.0
16:07:50.087,0.0,-32.63991644181391,32.63991644181391,9500.0,0.0,0.0,0.0,1.0
16:07:50.107,0.0,-32.63991644181391,32.63991644181391,9500.0,0.0,0.0,0.0,1.0
16:07:50.127,0.0,-32.63991644181391,32.63991644181391,9500.0,0.0,0.0,0.0,1.0
16:07:50.148,0.0,-32.63991644181391,32.63991644181391,9500.0,0.0,0.0,0.0,1.0
16:07:50.168,0.0,-32.63991644181391,32.63991644181391,9500.0,0.0,0.0,0.0,1.0
16:07:50.187,0.0,-32.63991644181391,32.63991644181391,9500.0,0.0,0.0,0.0,1.0
16:07:50.207,0.0,-32.63991644181391,32.63991644181391,9500.0,0.0,0.0,0.0,1.0
16:07:50.227,0.0,-32.63991644181391,32.63991644181391,9500.0,0.0,0.0,0.0,1.0
16:07:50.247,0.0,-32.63991644181391,32.63991644181391,9500.0,0.0,0.0,0.0,1.0
16:07:50.268,0.0,-32.63991644181391,32.63991644181391,9500.0,0.0,0.0,0.0,1.0
16:07:50.287,0.0,-32.63991644181391,32.63991644181391,9500.0,0.0,0.0,0.0,1.0
16:07:50.307,0.0,-32.63991644181391,32.63991644181391,9500.0,0.0,0.0,0.0,1.0
16:07:50.327,0.0,-32.63991644181391,32.63991644181391,9500.0,0.0,0.0,0.0,1.0
16:07:50.347,0.0,-32.63991644181391,32.63991644181391,9500.0,0.0,0.0,0.0,1.0
16:07:50.367,0.0,-32.63991644181391,32.63991644181391,9500.0,0.0,0.0,0.0,1.0
16:07:50.387,0.0,-32.63991644181391,32.63991644181391,9500.0,0.0,0.0,0.0,1.0
16:07:50.407,0.0,-32.63991644181391,32.63991644181391,9500.0,0.0,0.0,0.0,1.0
16:07:50.427,0.0,-32.63991644181391,32.63991644181391,9500.0,0.0,0.0,0.0,1.0
16:07:50.447,0.0,-32.63991644181391,32.63991644181391,9500.0,0.0,0.0,0.0,1.0
16:07:50.467,0.0,-32.63991644181391,32.63991644181391,9500.0,0.0,0.0,0.0,1.0
16:07:50.487,0.0,-32.63991644181391,32.63991644181391,9500.0,0.0,0.0,0.0,1.0
16:07:50.508,0.0,-32.63991644181391,32.63991644181391,9500.0,0.0,0.0,0.0,1.0
16:07:50.527,0.0,-32.63991644181391,32.63991644181391,9500.0,0.0,0.0,0.0,1.0
16:07:50.547,0.0,-32.63991644181391,32.63991644181391,9500.0,0.0,0.0,0.0,1.0
16:07:50.567,0.0,-32.63991644181391,32.63991644181391,9500.0,0.0,0.0,0.0,1.0
16:07:50.587,0.0,-32.63991644181391,32.63991644181391,9500.0,0.0,0.0,0.0,1.0
16:07:50.607,0.0,-32.63991644181391,32.63991644181391,9500.0,0.0,0.0,0.0,1.0
16:07:50.627,0.0,-32.63991644181391,32.63991644181391,9500.0,0.0,0.0,0.0,1.0
16:07:50.647,0.0,-32.63991644181391,32.63991644181391,9500.0,0.0,0.0,0.0,1.0
16:07:50.668,0.0,-32.63991644181391,32.63991644181391,9500.0,0.0,0.0,0.0,1.0
16:07:50.687,0.0,-32.63991644181391,32.63991644181391,9500.0,0.0,0.0,0.0,1.0
16:07:50.707,0.0,-32.63991644181391,32.63991644181391,9500.0,0.0,0.0,0.0,1.0
16:07:50.727,0.0,-32.63991644181391,32.63991644181391,9500.0,0.0,0.0,0.0,1.0
16:07:50.747,0.0,-32.63991644181391,32.63991644181391,9500.0,0.0,0.0,0.0,1.0
16:07:50.767,0.0,-32.63991644181391,32.63991644181391,9500.0,0.0,0.0,0.0,1.0
16:07:50.787,0.0,-32.63991644181391,32.63991644181391,9500.0,0.0,0.0,0.0,1.0
16:07:50.807,0.0,-32.63991644181391,32.63991644181391,9500.0,0.0,0.0,0.0,1.0
16:07:50.827,0.0,-32.63991644181391,32.63991644181391,9500.0,0.0,0.0,0.0,1.0
16:07:50.847,0.0,-32.63991644181391,32.63991644181391,9500.0,0.0,0.0,0.0,1.0
16:07:50.867,0.0,-32.63991644181391,32.63991644181391,9500.0,0.0,0.0,0.0,1.0
16:07:50.887,0.0,-32.63991644181391,32.63991644181391,9500.0,0.0,0.0,0.0,1.0
16:07:50.907,0.0,-32.63991644181391,32.63991644181391,9500.0,0.0,0.0,0.0,1.0
16:07:50.927,0.0,-32.63991644181391,32.63991644181391,9500.0,0.0,0.0,0.0,1.0
16:07:50.947,0.0,-32.63991644181391,32.63991644181391,9500.0,0.0,0.0,0.0,1.0
16:07:50.968,0.0,-32.63991644181391,32.63991644181391,9500.0,0.0,0.0,0.0,1.0
16:07:50.987,0.0,-32.63991644181391,32.63991644181391,9500.0,0.0,0.0,0.0,1.0
16:07:51.007,0.0,-32.63991644181391,32.63991644181391,9500.0,0.0,0.0,0.0,1.0
16:07:51.027,0.0,-32.63991644181391,32.63991644181391,9500.0,0.0,0.0,0.0,1.0
16:07:51.047,0.0,-32.63991644181391,32.63991644181391,9500.0,0.0,0.0,0.0,1.0
16:07:51.067,0.0,-32.63991644181391,32.63991644181391,9500.0,0.0,0.0,0.0,1.0
16:07:51.087,0.0,-32.63991644181391,32.63991644181391,9500.0,0.0,0.0,0.0,1.0
16:07:51.107,0.0,-32.63991644181391,32.63991644181391,9500.0,0.0,0.0,0.0,1.0
16:07:51.127,0.0,-32.63991644181391,32.63991644181391,9500.0,0.0,0.0,0.0,1.0
16:07:51.147,0.0,-32.63991644181391,32.63991644181391,9500.0,0.0,0.0,0.0,1.0
16:07:51.167,0.0,-32.63991644181391,32.63991644181391,9500.0,0.0,0.0,0.0,1.0
16:07:51.187,0.0,-32.63991644181391,32.63991644181391,9500.0,0.0,0.0,0.0,1.0
16:07:51.207,0.0,-32.63991644181391,32.63991644181391,9500.0,0.0,0.0,0.0,1.0
16:07:51.227,0.0,-32.63991644181391,32.63991644181391,9500.0,0.0,0.0,0.0,1.0
16:07:51.247,0.0,-32.63991644181391,32.63991644181391,9500.0,0.0,0.0,0.0,1.0
16:07:51.267,0.0,-32.63991644181391,32.63991644181391,9500.0,0.0,0.0,0.0,1.0
16:07:51.287,0.0,-32.63991644181391,32.63991644181391,9500.0,0.0,0.0,0.0,1.0
16:07:51.307,0.0,-32.63991644181391,32.63991644181391,9500.0,0.0,0.0,0.0,1.0
16:07:51.327,0.0,-32.63991644181391,32.63991644181391,9500.0,0.0,0.0,0.0,1.0
16:07:51.347,0.0,-32.63991644181391,32.63991644181391,9500.0,0.0,0.0,0.0,1.0
16:07:51.367,0.0,-32.63991644181391,32.63991644181391,9500.0,0.0,0.0,0.0,1.0
16:07:51.387,0.0,-32.63991644181391,32.63991644181391,9500.0,0.0,0.0,0.0,1.0
16:07:51.407,0.0,-32.63991644181391,32.63991644181391,9500.0,0.0,0.0,0.0,1.0
16:07:51.427,0.0,-32.63991644181391,32.63991644181391,9500.0,0.0,0.0,0.0,1.0
16:07:51.447,0.0,-32.63991644181391,32.63991644181391,9500.0,0.0,0.0,0.0,1.0
16:07:51.467,0.0,-32.63991644181391,32.63991644181391,9500.0,0.0,0.0,0.0,1.0
16:07:51.487,0.0,-32.63991644181391,32.63991644181391,9500.0,0.0,0.0,0.0,1.0
16:07:51.507,0.0,-32.63991644181391,32.63991644181391,9500.0,0.0,0.0,0.0,1.0
16:07:51.527,0.0,-32.63991644181391,32.63991644181391,9500.0,0.0,0.0,0.0,1.0
16:07:51.547,0.0,-32.63991644181391,32.63991644181391,9500.0,0.0,0.0,0.0,1.0
16:07:51.567,0.0,-32.63991644181391,32.63991644181391,9500.0,0.0,0.0,0.0,1.0
16:07:51.587,0.0,-32.63991644181391,32.63991644181391,9500.0,0.0,0.0,0.0,1.0
16:07:51.607,0.0,-32.63991644181391,32.63991644181391,9500.0,0.0,0.0,0.0,1.0
16:07:51.627,0.0,-32.63991644181391,32.63991644181391,9500.0,0.0,0.0,0.0,1.0
16:07:51.647,0.0,-32.63991644181391,32.63991644181391,9500.0,0.0,0.0,0.0,1.0
16:07:51.667,0.0,-32.63991644181391,32.63991644181391,9500.0,0.0,0.0,0.0,1.0
16:07:51.687,0.0,-32.63991644181391,32.63991644181391,9500.0,0.0,0.0,0.0,1.0
16:07:51.707,0.0,-32.63991644181391,32.63991644181391,9500.0,0.0,0.0,0.0,1.0
16:07:51.727,0.0,-32.63991644181391,32.63991644181391,9500.0,0.0,0.0,0.0,1.0
16:07:51.747,0.0,-32.63991644181391,32.63991644181391,9500.0,0.0,0.0,0.0,1.0
16:07:51.767,0.0,-32.63991644181391,32.63991644181391,9500.0,0.0,0.0,0.0,1.0
16:07:51.787,0.0,-32.63991644181391,32.63991644181391,9500.0,0.0,0.0,0.0,1.0
16:07:51.807,0.0,-32.63991644181391,32.63991644181391,9500.0,0.0,0.0,0.0,1.0
16:07:51.827,0.0,-32.63991644181391,32.63991644181391,9500.0,0.0,0.0,0.0,1.0
16:07:51.848,0.0,-32.63991644181391,32.63991644181391,9500.0,0.0,0.0,0.0,1.0
16:07:51.867,0.0,-32.63991644181391,32.63991644181391,9500.0,0.0,0.0,0.0,1.0
16:07:51.887,0.0,-32.63991644181391,32.63991644181391,9500.0,0.0,0.0,0.0,1.0
16:07:51.907,0.0,-32.63991644181391,32.63991644181391,9500.0,0.0,0.0,0.0,1.0
16:07:51.928,0.0,-32.63991644181391,32.63991644181391,9500.0,0.0,0.0,0.0,1.0
16:07:51.947,0.0,-32.63991644181391,32.63991644181391,9500.0,0.0,0.0,0.0,1.0
16:07:51.968,0.0,-32.63991644181391,32.63991644181391,9500.0,0.0,0.0,0.0,1.0
16:07:51.987,0.0,-32.63991644181391,32.63991644181391,9500.0,0.0,0.0,0.0,1.0
16:07:52.007,0.0,-32.63991644181391,32.63991644181391,9500.0,0.0,0.0,0.0,1.0
16:07:52.027,0.0,-32.63991644181391,32.63991644181391,9500.0,0.0,0.0,0.0,1.0
16:07:52.047,0.0,-32.63991644181391,32.63991644181391,9500.0,0.0,0.0,0.0,1.0
16:07:52.067,0.0,-32.63991644181391,32.63991644181391,9500.0,0.0,0.0,0.0,1.0
16:07:52.087,0.0,-32.63991644181391,32.63991644181391,9500.0,0.0,0.0,0.0,1.0
16:07:52.107,0.0,-32.63991644181391,32.63991644181391,9500.0,0.0,0.0,0.0,1.0
16:07:52.127,0.0,-32.63991644181391,32.63991644181391,9500.0,0.0,0.0,0.0,1.0
16:07:52.147,0.0,-32.63991644181391,32.63991644181391,9500.0,0.0,0.0,0.0,1.0
16:07:52.167,0.0,-32.63991644181391,32.63991644181391,9500.0,0.0,0.0,0.0,1.0
16:07:52.187,0.0,-32.63991644181391,32.63991644181391,9500.0,0.0,0.0,0.0,1.0
16:07:52.207,0.0,-32.63991644181391,32.63991644181391,9500.0,0.0,0.0,0.0,1.0
16:07:52.227,0.0,-32.63991644181391,32.63991644181391,9500.0,0.0,0.0,0.0,1.0
16:07:52.247,0.0,-32.63991644181391,32.63991644181391,9500.0,0.0,0.0,0.0,1.0
16:07:52.267,0.0,-32.63991644181391,32.63991644181391,9500.0,0.0,0.0,0.0,1.0
16:07:52.287,0.0,-32.63991644181391,32.63991644181391,9500.0,0.0,0.0,0.0,1.0
16:07:52.307,0.0,-32.63991644181391,32.63991644181391,9500.0,0.0,0.0,0.0,1.0
16:07:52.328,0.0,-32.63991644181391,32.63991644181391,9500.0,0.0,0.0,0.0,1.0
16:07:52.347,0.0,-32.63991644181391,32.63991644181391,9500.0,0.0,0.0,0.0,1.0
16:07:52.367,0.0,-32.63991644181391,32.63991644181391,9500.0,0.0,0.0,0.0,1.0
16:07:52.387,0.0,-32.63991644181391,32.63991644181391,9500.0,0.0,0.0,0.0,1.0
16:07:52.407,0.0,-32.63991644181391,32.63991644181391,9500.0,0.0,0.0,0.0,1.0
16:07:52.428,0.0,-32.63991644181391,32.63991644181391,9500.0,0.0,0.0,0.0,1.0
16:07:52.447,0.0,-32.63991644181391,32.63991644181391,9500.0,0.0,0.0,0.0,1.0
16:07:52.467,0.0,-32.63991644181391,32.63991644181391,9500.0,0.0,0.0,0.0,1.0
16:07:52.487,0.0,-32.63991644181391,32.63991644181391,9500.0,0.0,0.0,0.0,1.0
16:07:52.507,0.0,-32.63991644181391,32.63991644181391,9500.0,0.0,0.0,0.0,1.0
16:07:52.527,0.0,-32.63991644181391,32.63991644181391,9500.0,0.0,0.0,0.0,1.0
16:07:52.547,0.0,-32.63991644181391,32.63991644181391,9500.0,0.0,0.0,0.0,1.0
16:07:52.567,0.0,-32.63991644181391,32.63991644181391,9500.0,0.0,0.0,0.0,1.0
16:07:52.587,0.0,-32.63991644181391,32.63991644181391,9500.0,0.0,0.0,0.0,1.0
16:07:52.608,0.0,-32.63991644181391,32.63991644181391,9500.0,0.0,0.0,0.0,1.0
16:07:52.627,0.0,-32.63991644181391,32.63991644181391,9500.0,0.0,0.0,0.0,1.0
16:07:52.647,0.0,-32.63991644181391,32.63991644181391,9500.0,0.0,0.0,0.0,1.0
16:07:52.667,0.0,-32.63991644181391,32.63991644181391,9500.0,0.0,0.0,0.0,1.0
16:07:52.687,0.0,-32.63991644181391,32.63991644181391,9500.0,0.0,0.0,0.0,1.0
16:07:52.707,0.0,-32.63991644181391,32.63991644181391,9500.0,0.0,0.0,0.0,1.0
16:07:52.727,0.0,-32.63991644181391,32.63991644181391,9500.0,0.0,0.0,0.0,1.0
16:07:52.747,0.0,-32.63991644181391,32.63991644181391,9500.0,0.0,0.0,0.0,1.0
16:07:52.767,0.0,-32.63991644181391,32.63991644181391,9500.0,0.0,0.0,0.0,1.0
16:07:52.787,0.0,-32.55287666463574,32.55287666463574,9500.0,0.0,0.0,0.0,1.0
16:07:52.807,0.0,-32.29175733310122,32.29175733310122,9500.0,5.0,0.6,3.197507114673129,1.0
16:07:52.827,0.0,-31.42135956131952,31.42135956131952,9500.0,7.0,1.3679999999999999,7.2903162214547335,1.0
16:07:52.847,0.0,-30.289842458003307,30.289842458003307,9500.0,10.0,2.4038399999999998,12.810492504226422,1.0
16:07:52.867,0.0,-28.98424580033075,28.98424580033075,9500.0,11.0,3.4353792,18.307749056000137,1.0
16:07:52.887,0.0,-27.765688919836364,27.765688919836364,9500.0,10.0,4.223133696,22.505833398626375,1.0
16:07:52.907,0.0,-26.808251370876487,26.808251370876487,9500.0,8.0,4.67635765248,24.92114477426822,1.0
16:07:52.927,0.0,-25.06745582731308,25.06745582731308,9500.0,22.0,6.7551947341824,35.999638705917796,1.0
16:07:52.947,0.0,-22.89146139785882,22.89146139785882,9500.0,16.0,7.864571366080511,41.911704828161675,1.0
16:07:52.967,0.0,-20.71546696840456,20.71546696840456,9500.0,17.0,8.960822802150851,47.75382443867092,1.0
16:07:52.987,0.0,-18.191313430237617,18.191313430237617,9500.0,22.0,10.52552406589275,56.09239681059218,1.0
16:07:53.007,0.0,-15.928279223605186,15.928279223605186,9500.0,17.0,11.30246117798562,60.23283338320976,1.0
16:07:53.027,0.0,-13.926364348507267,13.926364348507267,9500.0,16.0,11.866165836627346,63.2369161441786,1.0
16:07:53.047,0.0,-11.924449473409346,11.924449473409346,9500.0,16.0,12.362225936232065,65.88050897383118,1.0
16:07:53.068,0.0,-10.009574375489597,10.009574375489597,9500.0,16.0,12.798758823884217,68.20687066392546,1.0
16:07:53.087,0.0,-8.355818609104361,8.355818609104361,9500.0,14.0,12.942907765018111,68.97506610533917,1.0
16:07:53.107,0.0,-6.702062842719122,6.702062842719122,9500.0,14.0,13.069758833215937,69.65107809378323,1.0
16:07:53.127,0.0,-5.048307076333884,5.048307076333884,9500.0,13.0,13.061387773230026,69.60646722067938,1.0
16:07:53.148,0.0,-3.133431978414135,3.133431978414135,9500.0,17.0,13.534021240442424,72.1252153440865,1.0
16:07:53.168,0.0,-1.2185568804943858,1.2185568804943858,9367.30453659635,15.0,13.709938691589333,73.0627108468155,1.0
16:07:53.187,0.0,-0.5222386630690226,0.5222386630690226,4958.049789358916,-2.0,11.824746048598612,63.01618269932839,1.0
16:07:53.207,0.0,-0.5222386630690226,0.5222386630690226,4951.083814635847,0.0,10.405776522766779,55.45424077540898,1.0
16:07:53.228,0.0,-0.5222386630690226,0.5222386630690226,4944.953756879546,0.0,9.157083340034765,48.7997318823599,1.0
16:07:53.247,0.0,-0.5222386630690226,0.5222386630690226,4939.5593060539995,0.0,8.058233339230593,42.94376405647672,1.0
16:07:53.267,0.0,-0.5222386630690226,0.5222386630690226,4934.812189327519,0.0,7.091245338522922,37.790512369699506,1.0
16:07:53.287,0.0,-0.5222386630690226,0.5222386630690226,4930.6347266082175,0.0,6.240295897900172,33.25565088533557,1.0
16:07:53.307,0.0,-0.5222386630690226,0.5222386630690226,4926.958559415231,0.0,5.4914603901521515,29.264972779095302,1.0
16:07:53.327,0.0,-0.5222386630690226,0.5222386630690226,4923.723532285404,0.0,4.832485143333893,25.753176045603865,1.0
16:07:53.347,0.0,-0.5222386630690226,0.5222386630690226,4920.876708411155,0.0,4.2525869261338265,22.662794920131404,1.0
16:07:53.368,0.0,-0.5222386630690226,0.5222386630690226,4918.371503401817,0.0,3.742276494997767,19.943259529715636,1.0
16:07:53.388,0.0,-0.5222386630690226,0.5222386630690226,4916.166922993599,0.0,3.293203315598035,17.550068386149757,1.0
16:07:53.407,0.0,-0.5222386630690226,0.5222386630690226,4914.2268922343665,0.0,2.898018917726271,15.444060179811787,1.0
16:07:53.427,0.0,-0.5222386630690226,0.5222386630690226,4912.519665166243,0.0,2.5502566475991184,13.590772958234373,1.0
16:07:53.447,0.0,-0.5222386630690226,0.5222386630690226,4911.017305346294,0.0,2.2442258498872243,11.959880203246248,1.0
16:07:53.467,0.0,-0.5222386630690226,0.5222386630690226,4909.695228704739,0.0,1.9749187479007573,10.524694578856698,1.0
16:07:53.487,0.0,-0.5222386630690226,0.5222386630690226,4908.53180126017,0.0,1.7379284981526664,9.261731229393895,1.0
16:07:53.507,0.0,-0.5222386630690226,0.5222386630690226,4907.5079851089495,0.0,1.5293770783743463,8.150323481866627,1.0
16:07:53.527,0.0,-0.5222386630690226,0.5222386630690226,4906.607026895876,0.0,1.3458518289694248,7.172284664042632,1.0
16:07:53.547,0.0,-0.5222386630690226,0.5222386630690226,4905.81418366837,0.0,1.1843496094930939,6.311610504357516,1.0
16:07:53.568,0.0,-0.5222386630690226,0.5222386630690226,4905.116481628165,0.0,1.0422276563539226,5.554217243834614,1.0
16:07:53.587,0.0,-0.5222386630690226,0.5222386630690226,4904.502503832786,0.0,0.9171603375914519,4.88771117457446,1.0
16:07:53.607,0.0,-0.5222386630690226,0.5222386630690226,4903.962203372852,0.0,0.8071010970804776,4.301185833625525,1.0
16:07:53.628,0.0,-0.5222386630690226,0.5222386630690226,4903.486738968109,0.0,0.7102489654308203,3.785043533590462,1.0
16:07:53.647,0.0,-0.5222386630690226,0.5222386630690226,4903.068330291937,0.0,0.6250190895791219,3.330838309559607,1.0
16:07:53.667,0.0,-0.5222386630690226,0.5222386630690226,4902.700130656904,0.0,0.5500167988296273,2.931137712412454,1.0
16:07:53.687,0.0,-0.5222386630690226,0.5222386630690226,4902.376114978076,0.0,0.484014782970072,2.5794011869229596,1.0
16:07:53.707,0.0,-0.5222386630690226,0.5222386630690226,4902.090981180706,0.0,0.4259330090136634,2.269873044492204,1.0
16:07:53.727,0.0,-0.5222386630690226,0.5222386630690226,4901.840063439021,0.0,0.37482104793202375,1.9974882791531399,1.0
16:07:53.747,0.0,-0.5222386630690226,0.5222386630690226,4901.619255826339,0.0,0.3298425221801809,1.757789685654763,1.0
16:07:53.767,0.0,-0.5222386630690226,0.5222386630690226,4901.424945127178,0.0,0.2902614195185592,1.5468549233761915,1.0
16:07:53.787,0.0,-0.5222386630690226,0.5222386630690226,4901.253951711918,0.0,0.2554300491763321,1.3612323325710485,1.0
16:07:53.807,0.0,-0.5222386630690226,0.5222386630690226,4901.103477506487,0.0,0.22477844327517227,1.1978844526625227,1.0
16:07:53.827,0.0,-0.5222386630690226,0.5222386630690226,4900.9710602057075,0.0,0.19780503008215158,1.05413831834302,1.0
16:07:53.847,0.0,-0.5222386630690226,0.5222386630690226,4900.854532981024,0.0,0.1740684264722934,0.9276417201418576,1.0
16:07:53.867,0.0,-0.5222386630690226,0.5222386630690226,4900.751989023301,0.0,0.15318021529561818,0.8163247137248346,1.0
16:07:53.887,0.0,-0.5222386630690226,0.5222386630690226,4900.661750340505,0.0,0.134798589460144,0.7183657480778545,1.0
16:07:53.907,0.0,-0.5222386630690226,0.5222386630690226,4900.582340299644,0.0,0.11862275872492672,0.632161858308512,1.0
16:07:53.927,0.0,-0.5222386630690226,0.5222386630690226,4900.512459463686,0.0,0.10438802767793552,0.5563024353114906,1.0
16:07:53.947,0.0,-0.5222386630690226,0.5222386630690226,4900.450964328044,0.0,0.09186146435658325,0.48954614307411165,1.0
16:07:53.967,0.0,-0.5222386630690226,0.5222386630690226,4900.39684860868,0.0,0.08083808863379326,0.43080060590521824,1.0
16:07:53.988,0.0,-0.5222386630690226,0.5222386630690226,4900.349226775637,0.0,0.07113751799773807,0.37910453319659204,1.0
16:07:54.007,0.0,-0.5222386630690226,0.5222386630690226,4900.307319562561,0.0,0.0626010158380095,0.33361198921300106,1.0
16:07:54.027,0.0,-0.5222386630690226,0.5222386630690226,4900.270441215054,0.0,0.05508889393744836,0.2935785505074409,1.0
16:07:54.047,0.0,-0.5222386630690226,0.5222386630690226,4900.237988269248,0.0,0.048478226664954556,0.258349124446548,1.0
16:07:54.067,0.0,-0.5222386630690226,0.5222386630690226,4900.209429676937,0.0,0.04266083946516001,0.2273472295129622,1.0
16:07:54.087,0.0,-0.5222386630690226,0.5222386630690226,4900.184298115705,0.0,0.03754153872934081,0.20006556197140676,1.0
16:07:54.108,0.0,-0.5222386630690226,0.5222386630690226,4900.16218234182,0.0,0.033036554081819915,0.17605769453483797,1.0
16:07:54.128,0.0,-0.5222386630690226,0.5222386630690226,4900.142720460802,0.0,0.029072167592001524,0.1549307711906574,1.0
16:07:54.148,0.0,-0.5222386630690226,0.5222386630690226,4900.125594005505,0.0,0.025583507480961342,0.13633907864777853,1.0
16:07:54.167,0.0,-0.5222386630690226,0.5222386630690226,4900.1105227248445,0.0,0.022513486583245982,0.1199783892100451,1.0
16:07:54.187,0.0,-0.5222386630690226,0.5222386630690226,4900.097259997863,0.0,0.019811868193256463,0.10558098250483969,1.0
16:07:54.207,0.0,-0.5222386630690226,0.5222386630690226,4900.08558879812,0.0,0.017434444010065688,0.09291126460425893,1.0
16:07:54.228,0.0,-0.5222386630690226,0.5222386630690226,4900.075318142346,0.0,0.015342310728857805,0.08176191285174786,1.0
16:07:54.248,0.0,-0.5222386630690226,0.5222386630690226,4900.066279965265,0.0,0.013501233441394868,0.07195048330953811,1.0
16:07:54.268,0.0,-0.5222386630690226,0.5222386630690226,4900.0583263694325,0.0,0.011881085428427484,0.06331642531239354,1.0
16:07:54.287,0.0,-0.5222386630690226,0.5222386630690226,4900.0513272051,0.0,0.010455355177016186,0.055718454274906314,1.0
16:07:54.307,0.0,-0.5222386630690226,0.5222386630690226,4900.045167940489,0.0,0.009200712555774244,0.049032239761917555,1.0
16:07:54.327,0.0,-0.5222386630690226,0.5222386630690226,4900.03974778763,0.0,0.008096627049081335,0.04314837099048745,1.0
16:07:54.347,0.0,-0.5222386630690226,0.5222386630690226,4900.034978053115,0.0,0.0071250318031915744,0.037970566471628955,1.0
16:07:54.367,0.0,-0.5222386630690226,0.5222386630690226,4900.03078068674,0.0,0.006270027986808585,0.03341409849503348,1.0
16:07:54.387,0.0,-0.5222386630690226,0.5222386630690226,4900.027087004331,0.0,0.005517624628391555,0.029404406675629463,1.0
16:07:54.407,0.0,-0.5222386630690226,0.5222386630690226,4900.023836563812,0.0,0.004855509672984569,0.02587587787455393,1.0
16:07:54.427,0.0,-0.5222386630690226,0.5222386630690226,4900.020976176154,0.0,0.004272848512226421,0.02277077252960746,1.0
16:07:54.447,0.0,-0.5222386630690226,0.5222386630690226,4900.018459035015,0.0,0.0037601066907592506,0.020038279826054564,1.0
16:07:54.467,0.0,-0.5222386630690226,0.5222386630690226,4900.016243950814,0.0,0.0033088938878681404,0.017633686246928015,1.0
16:07:54.487,0.0,-0.5222386630690226,0.5222386630690226,4900.014294676716,0.0,0.0029118266213239634,0.015517643897296653,1.0
16:07:54.507,0.0,-0.5222386630690226,0.5222386630690226,4900.01257931551,0.0,0.0025624074267650877,0.013655526629621054,1.0
16:07:54.528,0.0,-0.5222386630690226,0.5222386630690226,4900.011069797649,0.0,0.0022549185355532774,0.012016863434066528,1.0
16:07:54.547,0.0,-0.5222386630690226,0.5222386630690226,4900.009741421931,0.0,0.001984328311286884,0.010574839821978545,1.0
16:07:54.567,0.0,-0.5222386630690226,0.5222386630690226,4900.0085724513,0.0,0.0017462089139324579,0.00930585904334112,1.0
16:07:54.587,0.0,-0.5222386630690226,0.5222386630690226,4900.007543757144,0.0,0.001536663844260563,0.008189155958140185,1.0
16:07:54.607,0.0,-0.5222386630690226,0.5222386630690226,4900.006638506286,0.0,0.0013522641829492954,0.007206457243163363,1.0
16:07:54.627,0.0,-0.5222386630690226,0.5222386630690226,4900.0058418855315,0.0,0.00118999248099538,0.006341682373983759,1.0
16:07:54.647,0.0,-0.5222386630690226,0.5222386630690226,4900.005140859269,0.0,0.0010471933832759343,0.0055806804891057075,1.0
16:07:54.667,0.0,-0.5222386630690226,0.5222386630690226,4900.004523956156,0.0,0.0009215301772828222,0.004910998830413023,1.0
16:07:54.687,0.0,-0.5222386630690226,0.5222386630690226,4900.003981081418,0.0,0.0008109465560088835,0.00432167897076346,1.0
16:07:54.707,0.0,-0.5222386630690226,0.5222386630690226,4900.003503351647,0.0,0.0007136329692878175,0.003803077494271845,1.0
16:07:54.727,0.0,-0.5222386630690226,0.5222386630690226,4900.003082949449,0.0,0.0006279970129732794,0.0033467081949592236,1.0
16:07:54.748,0.0,-0.5222386630690226,0.5222386630690226,4900.002712995516,0.0,0.0005526373714164859,0.002945103211564117,1.0
16:07:54.767,0.0,-0.5222386630690226,0.5222386630690226,4900.002387436053,0.0,0.0004863208868465076,0.002591690826176423,1.0
16:07:54.787,0.0,-0.5222386630690226,0.5222386630690226,4900.002100943727,0.0,0.0004279623804249267,0.0022806879270352524,1.0
16:07:54.807,0.0,-0.5222386630690226,0.5222386630690226,4900.00184883048,0.0,0.0003766068947739355,0.002007005375791022,1.0
16:07:54.828,0.0,-0.5222386630690226,0.5222386630690226,4900.001626970823,0.0,0.00033141406740106323,0.0017661647306960993,1.0
16:07:54.847,0.0,-0.5222386630690226,0.5222386630690226,4900.001431734324,0.0,0.00029164437931293564,0.0015542249630125674,1.0
16:07:54.867,0.0,-0.5222386630690226,0.5222386630690226,4900.001259926205,0.0,0.0002566470537953834,0.0013677179674510594,1.0
16:07:54.887,0.0,-0.5222386630690226,0.5222386630690226,4900.00110873506,0.0,0.0002258494073399374,0.0012035918113569323,1.0
16:07:54.907,0.0,-0.5222386630690226,0.5222386630690226,4900.000975686854,0.0,0.0001987474784591449,0.0010591607939941005,1.0
16:07:54.927,0.0,-0.5222386630690226,0.5222386630690226,4900.000858604431,0.0,0.00017489778104404753,0.0009320614987148085,1.0
16:07:54.947,0.0,-0.5222386630690226,0.5222386630690226,4900.000755571899,0.0,0.00015391004731876183,0.0008202141188690315,1.0
16:07:54.967,0.0,-0.5222386630690226,0.5222386630690226,4900.000664903271,0.0,0.00013544084164051042,0.0007217884246047477,1.0
16:07:54.987,0.0,-0.5222386630690226,0.5222386630690226,4900.000585114879,0.0,0.00011918794064364918,0.000635173813652178,1.0
16:07:55.007,0.0,-0.5222386630690226,0.5222386630690226,4900.000514901093,0.0,0.00010488538776641128,0.0005589529560139167,1.0
16:07:55.027,0.0,-0.5222386630690226,0.5222386630690226,4900.0004531129625,0.0,9.229914123444193e-05,0.0004918786012922467,1.0
16:07:55.047,0.0,-0.5222386630690226,0.5222386630690226,4900.0003987394075,0.0,8.122324428630889e-05,0.0004328531691371771,1.0
16:07:55.067,0.0,-0.5222386630690226,0.5222386630690226,4900.0003508906775,0.0,7.147645497195183e-05,0.0003809107888407159,1.0
16:07:55.086,0.0,-0.5222386630690226,0.5222386630690226,4900.000308783796,0.0,6.28992803753176e-05,0.0003352014941798299,1.0
16:07:55.107,0.0,-0.5222386630690226,0.5222386630690226,4900.000271729741,0.0,5.535136673027949e-05,0.00029497731487825035,1.0
16:07:55.127,0.0,-0.5222386630690226,0.5222386630690226,4900.000239122172,0.0,4.870920272264595e-05,0.0002595800370928603,1.0
16:07:55.147,0.0,-0.5222386630690226,0.5222386630690226,4900.000210427511,0.0,4.286409839592844e-05,0.00022843043264171706,1.0
16:07:55.167,0.0,-0.5222386630690226,0.5222386630690226,4900.00018517621,0.0,3.7720406588417026e-05,0.00020101878072471103,1.0
16:07:55.187,0.0,-0.5222386630690226,0.5222386630690226,4900.000162955064,0.0,3.319395779780698e-05,0.00017689652703774568,1.0
16:07:55.207,0.0,-0.5222386630690226,0.5222386630690226,4900.000143400457,0.0,2.9210682862070142e-05,0.0001556689437932162,1.0
16:07:55.227,0.0,-0.5222386630690226,0.5222386630690226,4900.000126192403,0.0,2.5705400918621725e-05,0.00013698867053803026,1.0
16:07:55.247,0.0,-0.5222386630690226,0.5222386630690226,4900.000111049314,0.0,2.2620752808387117e-05,0.00012055003007346661,1.0
16:07:55.267,0.0,-0.5222386630690226,0.5222386630690226,4900.000097723397,0.0,1.9906262471380664e-05,0.00010608402646465063,1.0
16:07:55.287,0.0,-0.5222386630690226,0.5222386630690226,4900.0000859965885,0.0,1.7517510974814986e-05,9.335394328889257e-05,1.0
16:07:55.307,0.0,-0.5222386630690226,0.5222386630690226,4900.000075676998,0.0,1.5415409657837187e-05,8.215147009422545e-05,1.0
16:07:55.327,0.0,-0.5222386630690226,0.5222386630690226,4900.000066595759,0.0,1.3565560498896726e-05,7.22932936829184e-05,1.0
16:07:55.347,0.0,-0.5222386630690226,0.5222386630690226,4900.000058604267,0.0,1.1937693239029118e-05,6.361809844096819e-05,1.0
16:07:55.367,0.0,-0.5222386630690226,0.5222386630690226,4900.000051571755,0.0,1.0505170050345624e-05,5.598392662805201e-05,1.0
16:07:55.387,0.0,-0.5222386630690226,0.5222386630690226,4900.000045383144,0.0,9.24454964430415e-06,4.926585543268577e-05,1.0
16:07:55.407,0.0,-0.5222386630690226,0.5222386630690226,4900.000039937167,0.0,8.135203686987652e-06,4.335395278076348e-05,1.0
16:07:55.427,0.0,-0.5222386630690226,0.5222386630690226,4900.000035144707,0.0,7.158979244549134e-06,3.8151478447071866e-05,1.0
16:07:55.447,0.0,-0.5222386630690226,0.5222386630690226,4900.000030927343,0.0,6.2999017352032384e-06,3.3573301033423244e-05,1.0
16:07:55.467,0.0,-0.5222386630690226,0.5222386630690226,4900.000027216061,0.0,5.54391352697885e-06,2.9544504909412454e-05,1.0
16:07:55.488,0.0,-0.5222386630690226,0.5222386630690226,4900.000023950133,0.0,4.8786439037413875e-06,2.5999164320282956e-05,1.0
16:07:55.508,0.0,-0.5222386630690226,0.5222386630690226,4900.000021076117,0.0,4.293206635292421e-06,2.2879264601849e-05,1.0
16:07:55.527,0.0,-0.5222386630690226,0.5222386630690226,4900.0000185469835,0.0,3.7780218390573304e-06,2.013375284962712e-05,1.0
16:07:55.547,0.0,-0.5222386630690226,0.5222386630690226,4900.000016321346,0.0,3.324659218370451e-06,1.7717702507671867e-05,1.0
16:07:55.567,0.0,-0.5222386630690226,0.5222386630690226,4900.000014362784,0.0,2.9257001121659966e-06,1.5591578206751244e-05,1.0
16:07:55.587,0.0,-0.5222386630690226,0.5222386630690226,4900.000012639251,0.0,2.574616098706077e-06,1.3720588821941093e-05,1.0
16:07:55.608,0.0,-0.5222386630690226,0.5222386630690226,4900.00001112254,0.0,2.2656621668613477e-06,1.2074118163308162e-05,1.0
16:07:55.628,0.0,-0.5222386630690226,0.5222386630690226,4900.000009787836,0.0,1.9937827068379862e-06,1.0625223983711184e-05,1.0
16:07:55.647,0.0,-0.5222386630690226,0.5222386630690226,4900.000008613295,0.0,1.7545287820174278e-06,9.350197105665841e-06,1.0
16:07:55.667,0.0,-0.5222386630690226,0.5222386630690226,4900.0000075797,0.0,1.5439853281753366e-06,8.22817345298594e-06,1.0
16:07:55.687,0.0,-0.5222386630690226,0.5222386630690226,4900.000006670136,0.0,1.3587070887942961e-06,7.240792638627628e-06,1.0
16:07:55.707,0.0,-0.5222386630690226,0.5222386630690226,4900.00000586972,0.0,1.1956622381389806e-06,6.371897521992312e-06,1.0
16:07:55.727,0.0,-0.5222386630690226,0.5222386630690226,4900.000005165353,0.0,1.052182769562303e-06,5.607269819353235e-06,1.0
16:07:55.747,0.0,-0.5222386630690226,0.5222386630690226,4900.00000454551,0.0,9.259208372148266e-07,4.934397441030847e-06,1.0
16:07:55.767,0.0,-0.5222386630690226,0.5222386630690226,4900.00000400005,0.0,8.148103367490475e-07,4.342269748107145e-06,1.0
16:07:55.787,0.0,-0.5222386630690226,0.5222386630690226,4900.000003520044,0.0,7.170330963391618e-07,3.821197378334289e-06,1.0
16:07:55.807,0.0,-0.5222386630690226,0.5222386630690226,4900.000003097638,0.0,6.309891247784624e-07,3.3626536929341737e-06,1.0
16:07:55.827,0.0,-0.5222386630690226,0.5222386630690226,4900.000002725922,0.0,5.552704298050469e-07,2.9591352497820728e-06,1.0
16:07:55.847,0.0,-0.5222386630690226,0.5222386630690226,4900.000002398811,0.0,4.886379782284413e-07,2.604039019808224e-06,1.0
16:07:55.868,0.0,-0.5222386630690226,0.5222386630690226,4900.0000021109545,0.0,4.300014208410283e-07,2.2915543374312372e-06,1.0
16:07:55.887,0.0,-0.5222386630690226,0.5222386630690226,4900.000001857639,0.0,3.784012503401049e-07,2.0165678169394887e-06,1.0
16:07:55.907,0.0,-0.5222386630690226,0.5222386630690226,4900.000001634723,0.0,3.329931002992923e-07,1.77457967890675e-06,1.0
16:07:55.927,0.0,-0.5222386630690226,0.5222386630690226,4900.000001438555,0.0,2.9303392826337725e-07,1.56163011743794e-06,1.0
16:07:55.947,0.0,-0.5222386630690226,0.5222386630690226,4900.000001265929,0.0,2.57869856871772e-07,1.3742345033453874e-06,1.0
16:07:55.968,0.0,-0.5222386630690226,0.5222386630690226,4900.000001114017,0.0,2.2692547404715935e-07,1.2093263629439409e-06,1.0
16:07:55.987,0.0,-0.5222386630690226,0.5222386630690226,4900.000000980335,0.0,1.9969441716150024e-07,1.064207199390668e-06,1.0
16:07:56.007,0.0,-0.5222386630690226,0.5222386630690226,4900.000000862695,0.0,1.7573108710212022e-07,9.365023354637879e-07,1.0
16:07:56.027,0.0,-0.5222386630690226,0.5222386630690226,4900.000000759172,0.0,1.546433566498658e-07,8.241220552081333e-07,1.0
16:07:56.047,0.0,-0.5222386630690226,0.5222386630690226,4900.000000668071,0.0,1.3608615385188188e-07,7.252274085831573e-07,1.0
16:07:56.067,0.0,-0.5222386630690226,0.5222386630690226,4900.000000587903,0.0,1.1975581538965606e-07,6.382001195531785e-07,1.0
16:07:56.087,0.0,-0.5222386630690226,0.5222386630690226,4900.000000517354,0.0,1.0538511754289734e-07,5.61616105206797e-07,1.0
16:07:56.108,0.0,-0.5222386630690226,0.5222386630690226,4900.000000455272,0.0,9.273890343774966e-08,4.942221725819813e-07,1.0
16:07:56.127,0.0,-0.5222386630690226,0.5222386630690226,4900.00000040064,0.0,8.16102350252197e-08,4.349155118721436e-07,1.0
16:07:56.147,0.0,-0.5222386630690226,0.5222386630690226,4900.000000352563,0.0,7.181700682219333e-08,3.827256504474864e-07,1.0
16:07:56.167,0.0,-0.5222386630690226,0.5222386630690226,4900.000000310255,0.0,6.319896600353013e-08,3.36798572393788e-07,1.0
16:07:56.187,0.0,-0.5222386630690226,0.5222386630690226,4900.000000273024,0.0,5.561509008310652e-08,2.963827437065335e-07,1.0
16:07:56.207,0.0,-0.5222386630690226,0.5222386630690226,4900.000000240261,0.0,4.8941279273133736e-08,2.6081681446174944e-07,1.0
16:07:56.227,0.0,-0.5222386630690226,0.5222386630690226,4900.000000211431,0.0,4.306832576035769e-08,2.295187967263395e-07,1.0
16:07:56.247,0.0,-0.5222386630690226,0.5222386630690226,4900.000000186059,0.0,3.7900126669114764e-08,2.0197654111917877e-07,1.0
16:07:56.267,0.0,-0.5222386630690226,0.5222386630690226,4900.000000163731,0.0,3.3352111468820996e-08,1.7773935618487732e-07,1.0
16:07:56.288,0.0,-0.5222386630690226,0.5222386630690226,4900.000000144083,0.0,2.9349858092562476e-08,1.5641063344269206e-07,1.0
16:07:56.307,0.0,-0.5222386630690226,0.5222386630690226,4900.000000126794,0.0,2.582787512145498e-08,1.37641357429569e-07,1.0
16:07:56.327,0.0,-0.5222386630690226,0.5222386630690226,4900.000000111579,0.0,2.272853010688038e-08,1.211243945380207e-07,1.0
16:07:56.347,0.0,-0.5222386630690226,0.5222386630690226,4900.000000098189,0.0,2.0001106494054736e-08,1.0658946719345824e-07,1.0
16:07:56.367,0.0,-0.5222386630690226,0.5222386630690226,4900.0000000864065,0.0,1.7600973714768168e-08,9.379873113024325e-08,1.0
16:07:56.388,0.0,-0.5222386630690226,0.5222386630690226,4900.000000076038,0.0,1.5488856868995986e-08,8.254288339461405e-08,1.0
16:07:56.408,0.0,-0.5222386630690226,0.5222386630690226,4900.000000066913,0.0,1.3630194044716468e-08,7.263773738726037e-08,1.0
16:07:56.427,0.0,-0.5222386630690226,0.5222386630690226,4900.000000058883,0.0,1.1994570759350492e-08,6.392120890078912e-08,1.0
16:07:56.447,0.0,-0.5222386630690226,0.5222386630690226,4900.000000051818,0.0,1.0555222268228433e-08,5.625066383269443e-08,1.0
16:07:56.467,0.0,-0.5222386630690226,0.5222386630690226,4900.000000045598,0.0,9.28859559604102e-09,4.95005841727711e-08,1.0
16:07:56.487,0.0,-0.5222386630690226,0.5222386630690226,4900.000000040128,0.0,8.173964124516098e-09,4.356051407203856e-08,1.0
16:07:56.507,0.0,-0.5222386630690226,0.5222386630690226,4900.000000035312,0.0,7.193088429574166e-09,3.833325238339393e-08,1.0
16:07:56.527,0.0,-0.5222386630690226,0.5222386630690226,4900.000000031075,0.0,6.329917818025266e-09,3.373326209738666e-08,1.0
16:07:56.548,0.0,-0.5222386630690226,0.5222386630690226,4900.000000027346,0.0,5.570327679862234e-09,2.968527064570026e-08,1.0
16:07:56.568,0.0,-0.5222386630690226,0.5222386630690226,4900.000000024064,0.0,4.901888358278766e-09,2.612303816821623e-08,1.0
16:07:56.587,0.0,-0.5222386630690226,0.5222386630690226,4900.000000021177,0.0,4.313661755285314e-09,2.298827358803028e-08,1.0
16:07:56.607,0.0,-0.5222386630690226,0.5222386630690226,4900.000000018636,0.0,3.7960223446510765e-09,2.0229680757466648e-08,1.0
16:07:56.627,0.0,-0.5222386630690226,0.5222386630690226,4900.0000000164,0.0,3.3404996632929472e-09,1.780211906657065e-08,1.0
16:07:56.647,0.0,-0.5222386630690226,0.5222386630690226,4900.000000014431,0.0,2.9396397036977934e-09,1.5665864778582172e-08,1.0
16:07:56.667,0.0,-0.5222386630690226,0.5222386630690226,4900.0000000127,0.0,2.5868829392540584e-09,1.3785961005152312e-08,1.0
16:07:56.687,0.0,-0.5222386630690226,0.5222386630690226,4900.000000011175,0.0,2.2764569865435715e-09,1.2131645684534036e-08,1.0
16:07:56.707,0.0,-0.5222386630690226,0.5222386630690226,4900.000000009834,0.0,2.0032821481583427e-09,1.067584820238995e-08,1.0
16:07:56.727,0.0,-0.5222386630690226,0.5222386630690226,4900.000000008655,0.0,1.7628882903793417e-09,9.394746418103156e-09,1.0
16:07:56.747,0.0,-0.5222386630690226,0.5222386630690226,4900.000000007616,0.0,1.5513416955338207e-09,8.267376847930779e-09,1.0
16:07:56.767,0.0,-0.5222386630690226,0.5222386630690226,4900.000000006702,0.0,1.3651806920697622e-09,7.2752916261790845e-09,1.0
16:07:56.787,0.0,-0.5222386630690226,0.5222386630690226,4900.000000005897,0.0,1.2013590090213908e-09,6.402256631037594e-09,1.0
16:07:56.807,0.0,-0.5222386630690226,0.5222386630690226,4900.0000000051905,0.0,1.0571959279388238e-09,5.633985835313083e-09,1.0
16:07:56.827,0.0,-0.5222386630690226,0.5222386630690226,4900.000000004567,0.0,9.30332416586165e-10,4.957907535075513e-09,1.0
16:07:56.847,0.0,-0.5222386630690226,0.5222386630690226,4900.000000004019,0.0,8.186925265958251e-10,4.362958630866451e-09,1.0
16:07:56.867,0.0,-0.5222386630690226,0.5222386630690226,4900.000000003537,0.0,7.204494234043262e-10,3.8394035951624775e-09,1.0
16:07:56.887,0.0,-0.5222386630690226,0.5222386630690226,4900.000000003112,0.0,6.339954925958071e-10,3.3786751637429804e-09,1.0
16:07:56.907,0.0,-0.5222386630690226,0.5222386630690226,4900.0000000027385,0.0,5.579160334843102e-10,2.9732341440938226e-09,1.0
16:07:56.927,0.0,-0.5222386630690226,0.5222386630690226,4900.000000002411,0.0,4.90966109466193e-10,2.616446046802564e-09,1.0
16:07:56.948,0.0,-0.5222386630690226,0.5222386630690226,4900.000000002121,0.0,4.3205017633024986e-10,2.3024725211862563e-09,1.0
16:07:56.968,0.0,-0.5222386630690226,0.5222386630690226,4900.000000001866,0.0,3.802041551706199e-10,2.0261758186439058e-09,1.0
16:07:56.987,0.0,-0.5222386630690226,0.5222386630690226,4900.000000001643,0.0,3.345796565501455e-10,1.7830347204066372e-09,1.0
16:07:57.007,0.0,-0.5222386630690226,0.5222386630690226,4900.000000001445,0.0,2.944300977641281e-10,1.5690705539578409e-09,1.0
16:07:57.028,0.0,-0.5222386630690226,0.5222386630690226,4900.0000000012715,0.0,2.590984860324327e-10,1.3807820874828998e-09,1.0
16:07:57.048,0.0,-0.5222386630690226,0.5222386630690226,4900.000000001119,0.0,2.2800666770854078e-10,1.215088236984952e-09,1.0
16:07:57.067,0.0,-0.5222386630690226,0.5222386630690226,4900.000000000986,0.0,2.0064586758351587e-10,1.0692776485467575e-09,1.0
16:07:57.088,0.0,-0.5222386630690226,0.5222386630690226,4900.000000000867,0.0,1.7656836347349396e-10,9.409643307211467e-10,1.0
16:07:57.107,0.0,-0.5222386630690226,0.5222386630690226,4900.000000000762,0.0,1.5538015985667467e-10,8.280486110346089e-10,1.0
16:07:57.127,0.0,-0.5222386630690226,0.5222386630690226,4900.000000000671,0.0,1.367345406738737e-10,7.286827777104559e-10,1.0
16:07:57.148,0.0,-0.5222386630690226,0.5222386630690226,4900.00000000059,0.0,1.2032639579300886e-10,6.412408443852011e-10,1.0
16:07:57.167,0.0,-0.5222386630690226,0.5222386630690226,4900.000000000519,0.0,1.058872282978478e-10,5.64291943058977e-10,1.0
16:07:57.187,0.0,-0.5222386630690226,0.5222386630690226,4900.0000000004575,0.0,9.318076090210606e-11,4.965769098918997e-10,1.0
16:07:57.207,0.0,-0.5222386630690226,0.5222386630690226,4900.000000000402,0.0,8.199906959385333e-11,4.369876807048718e-10,1.0
16:07:57.227,0.0,-0.5222386630690226,0.5222386630690226,4900.000000000354,0.0,7.215918124259093e-11,3.8454915902028714e-10,1.0
16:07:57.248,0.0,-0.5222386630690226,0.5222386630690226,4900.000000000311,0.0,6.350007949348002e-11,3.384032599378527e-10,1.0
16:07:57.267,0.0,-0.5222386630690226,0.5222386630690226,4900.000000000274,0.0,5.588006995426242e-11,2.9779486874531037e-10,1.0
16:07:57.287,0.0,-0.5222386630690226,0.5222386630690226,4900.000000000242,0.0,4.917446155975093e-11,2.620594844958731e-10,1.0
16:07:57.307,0.0,-0.5222386630690226,0.5222386630690226,4900.000000000213,0.0,4.327352617258082e-11,2.3061234635636837e-10,1.0
16:07:57.327,0.0,-0.5222386630690226,0.5222386630690226,4900.000000000186,0.0,3.8080703031871125e-11,2.029388647936042e-10,1.0
16:07:57.348,0.0,-0.5222386630690226,0.5222386630690226,4900.000000000164,0.0,3.351101866804659e-11,1.7858620101837168e-10,1.0
16:07:57.367,0.0,-0.5222386630690226,0.5222386630690226,4900.000000000145,0.0,2.9489696427880994e-11,1.5715585689616705e-10,1.0
16:07:57.387,0.0,-0.5222386630690226,0.5222386630690226,4900.000000000127,0.0,2.5950932856535275e-11,1.3829715406862702e-10,1.0
16:07:57.407,0.0,-0.5222386630690226,0.5222386630690226,4900.000000000113,0.0,2.2836820913751043e-11,1.217014955803918e-10,1.0
16:07:57.427,0.0,-0.5222386630690226,0.5222386630690226,4900.000000000098,0.0,2.0096402404100917e-11,1.0709731611074476e-10,1.0
16:07:57.447,0.0,-0.5222386630690226,0.5222386630690226,4900.000000000087,0.0,1.7684834115608807e-11,9.424563817745539e-11,1.0
16:07:57.467,0.0,-0.5222386630690226,0.5222386630690226,4900.000000000076,0.0,1.556265402173575e-11,8.293616159616074e-11,1.0
16:07:57.487,0.0,-0.5222386630690226,0.5222386630690226,4900.000000000067,0.0,1.369513553912746e-11,7.298382220462145e-11,1.0
16:07:57.507,0.0,-0.5222386630690226,0.5222386630690226,4900.000000000059,0.0,1.2051719274432166e-11,6.422576354006688e-11,1.0
16:07:57.527,0.0,-0.5222386630690226,0.5222386630690226,4900.000000000052,0.0,1.0605512961500306e-11,5.6518671915258854e-11,1.0
16:07:57.547,0.0,-0.5222386630690226,0.5222386630690226,4900.000000000046,0.0,9.332851406120269e-12,4.973643128542779e-11,1.0
16:07:57.567,0.0,-0.5222386630690226,0.5222386630690226,4900.00000000004,0.0,8.212909237385837e-12,4.376805953117646e-11,1.0
16:07:57.587,0.0,-0.5222386630690226,0.5222386630690226,4900.000000000035,0.0,7.227360128899537e-12,3.851589238743529e-11,1.0
16:07:57.607,0.0,-0.5222386630690226,0.5222386630690226,4900.000000000031,0.0,6.360076913431593e-12,3.389398530094305e-11,1.0
16:07:57.627,0.0,-0.5222386630690226,0.5222386630690226,4900.000000000028,0.0,5.596867683819802e-12,2.982670706482989e-11,1.0
16:07:57.647,0.0,-0.5222386630690226,0.5222386630690226,4900.000000000025,0.0,4.925243561761426e-12,2.6247502217050305e-11,1.0
16:07:57.667,0.0,-0.5222386630690226,0.5222386630690226,4900.000000000021,0.0,4.334214334350055e-12,2.3097801951004267e-11,1.0
16:07:57.687,0.0,-0.5222386630690226,0.5222386630690226,4900.000000000018,0.0,3.814108614228048e-12,2.0326065716883754e-11,1.0
16:07:57.707,0.0,-0.5222386630690226,0.5222386630690226,4900.000000000016,0.0,3.3564155805206824e-12,1.7886937830857703e-11,1.0
16:07:57.727,0.0,-0.5222386630690226,0.5222386630690226,4900.000000000014,0.0,2.9536457108582004e-12,1.574050529115478e-11,1.0
16:07:57.747,0.0,-0.5222386630690226,0.5222386630690226,4900.000000000013,0.0,2.5992082255552163e-12,1.3851644656216205e-11,1.0
16:07:57.767,0.0,-0.5222386630690226,0.5222386630690226,4900.000000000011,0.0,2.2873032384885903e-12,1.218944729747026e-11,1.0
16:07:57.787,0.0,-0.5222386630690226,0.5222386630690226,4900.00000000001,0.0,2.0128268498699596e-12,1.072671362177383e-11,1.0
16:07:57.808,0.0,-0.5222386630690226,0.5222386630690226,4900.000000000008,0.0,1.7712876278855645e-12,9.43950798716097e-12,1.0
16:07:57.827,0.0,-0.5222386630690226,0.5222386630690226,4900.000000000008,0.0,1.5587331125392967e-12,8.306767028701653e-12,1.0
16:07:57.847,0.0,-0.5222386630690226,0.5222386630690226,4900.000000000007,0.0,1.371685139034581e-12,7.309954985257454e-12,1.0
16:07:57.867,0.0,-0.5222386630690226,0.5222386630690226,4900.000000000006,0.0,1.2070829223504313e-12,6.43276038702656e-12,1.0
16:07:57.887,0.0,-0.5222386630690226,0.5222386630690226,4900.0000000000055,0.0,1.0622329716683795e-12,5.660829140583373e-12,1.0
16:07:57.907,0.0,-0.5222386630690226,0.5222386630690226,4900.000000000005,0.0,9.34765015068174e-13,4.981529643713369e-12,1.0
16:07:57.927,0.0,-0.5222386630690226,0.5222386630690226,4900.000000000005,0.0,8.225932132599932e-13,4.383746086467764e-12,1.0
16:07:57.947,0.0,-0.5222386630690226,0.5222386630690226,4900.000000000004,0.0,7.238820276687939e-13,3.857696556091633e-12,1.0
16:07:57.967,0.0,-0.5222386630690226,0.5222386630690226,4900.000000000004,0.0,6.370161843485387e-13,3.3947729693606366e-12,1.0
16:07:57.987,0.0,-0.5222386630690226,0.5222386630690226,4900.000000000003,0.0,5.60574242226714e-13,2.98740021303736e-12,1.0
16:07:58.007,0.0,-0.5222386630690226,0.5222386630690226,4900.000000000003,0.0,4.933053331595084e-13,2.628912187472877e-12,1.0
16:07:58.027,0.0,-0.5222386630690226,0.5222386630690226,4900.000000000003,0.0,4.3410869318036736e-13,2.313442724976132e-12,1.0
16:07:58.047,0.0,-0.5222386630690226,0.5222386630690226,4900.000000000002,0.0,3.8201564999872327e-13,2.035829597978996e-12,1.0
16:07:58.067,0.0,-0.5222386630690226,0.5222386630690226,4900.000000000002,0.0,3.361737719988765e-13,1.7915300462215165e-12,1.0
16:07:58.087,0.0,-0.5222386630690226,0.5222386630690226,4900.000000000002,0.0,2.958329193590113e-13,1.5765464406749344e-12,1.0
16:07:58.108,0.0,-0.5222386630690226,0.5222386630690226,4900.000000000002,0.0,2.6033296903592995e-13,1.3873608677939423e-12,1.0
16:07:58.127,0.0,-0.5222386630690226,0.5222386630690226,4900.000000000001,0.0,2.2909301275161836e-13,1.2208775636586694e-12,1.0
16:07:58.147,0.0,-0.5222386630690226,0.5222386630690226,4900.000000000001,0.0,2.0160185122142416e-13,1.074372256019629e-12,1.0
16:07:58.167,0.0,-0.5222386630690226,0.5222386630690226,4900.000000000001,0.0,1.7740962907485327e-13,9.454475852972736e-13,1.0
16:07:58.187,0.0,-0.5222386630690226,0.5222386630690226,4900.000000000001,0.0,1.5612047358587087e-13,8.319938750616007e-13,1.0
16:07:58.208,0.0,-0.5222386630690226,0.5222386630690226,4900.000000000001,0.0,1.3738601675556637e-13,7.321546100542087e-13,1.0
16:07:58.227,0.0,-0.5222386630690226,0.5222386630690226,4900.000000000001,0.0,1.2089969474489842e-13,6.442960568477037e-13,1.0
16:07:58.247,0.0,-0.5222386630690226,0.5222386630690226,4900.000000000001,0.0,1.0639173137551061e-13,5.669805300259793e-13,1.0
16:07:58.267,0.0,-0.5222386630690226,0.5222386630690226,4900.000000000001,0.0,9.362472361044934e-14,4.989428664228618e-13,1.0
16:07:58.287,0.0,-0.5222386630690226,0.5222386630690226,4900.0,0.0,8.238975677719543e-14,4.390697224521184e-13,1.0
16:07:58.307,0.0,-0.5222386630690226,0.5222386630690226,4900.0,0.0,7.250298596393198e-14,3.863813557578642e-13,1.0
16:07:58.327,0.0,-0.5222386630690226,0.5222386630690226,4900.0,0.0,6.380262764826015e-14,3.400155930669205e-13,1.0
16:07:58.347,0.0,-0.5222386630690226,0.5222386630690226,4900.0,0.0,5.614631233046893e-14,2.9921372189889006e-13,1.0
16:07:58.367,0.0,-0.5222386630690226,0.5222386630690226,4900.0,0.0,4.9408754850812656e-14,2.6330807527102324e-13,1.0
16:07:58.387,0.0,-0.5222386630690226,0.5222386630690226,4900.0,0.0,4.3479704268715134e-14,2.317111062385004e-13,1.0
16:07:58.407,0.0,-0.5222386630690226,0.5222386630690226,4900.0,0.0,3.8262139756469316e-14,2.0390577348988036e-13,1.0
16:07:58.427,0.0,-0.5222386630690226,0.5222386630690226,4900.0,0.0,3.3670682985693e-14,1.794370806710947e-13,1.0
16:07:58.447,0.0,-0.5222386630690226,0.5222386630690226,4900.0,0.0,2.963020102740984e-14,1.5790463099056337e-13,1.0
16:07:58.467,0.0,-0.5222386630690226,0.5222386630690226,4900.0,0.0,2.607457690412066e-14,1.3895607527169576e-13,1.0
16:07:58.487,0.0,-0.5222386630690226,0.5222386630690226,4900.0,0.0,2.2945627675626184e-14,1.2228134623909229e-13,1.0
16:07:58.508,0.0,-0.5222386630690226,0.5222386630690226,4900.0,0.0,2.0192152354551042e-14,1.0760758469040122e-13,1.0
16:07:58.527,0.0,-0.5222386630690226,0.5222386630690226,4900.0,0.0,1.776909407200492e-14,9.469467452755308e-14,1.0
16:07:58.548,0.0,-0.5222386630690226,0.5222386630690226,4900.0,0.0,1.563680278336433e-14,8.333131358424671e-14,1.0
16:07:58.567,0.0,-0.5222386630690226,0.5222386630690226,4900.0,0.0,1.376038644936061e-14,7.333155595413712e-14,1.0
16:07:58.588,0.0,-0.5222386630690226,0.5222386630690226,4900.0,0.0,1.2109140075437338e-14,6.453176923964067e-14,1.0
16:07:58.607,0.0,-0.5222386630690226,0.5222386630690226,4900.0,0.0,1.0656043266384857e-14,5.678795693088378e-14,1.0
16:07:58.627,0.0,-0.5222386630690226,0.5222386630690226,4900.0,0.0,9.377318074418674e-15,4.9973402099177726e-14,1.0
16:07:58.647,0.0,-0.5222386630690226,0.5222386630690226,4900.0,0.0,8.252039905488433e-15,4.39765938472764e-14,1.0
16:07:58.668,0.0,-0.5222386630690226,0.5222386630690226,4900.0,0.0,7.261795116829821e-15,3.8699402585603234e-14,1.0
16:07:58.687,0.0,-0.5222386630690226,0.5222386630690226,4900.0,0.0,6.3903797028102424e-15,3.405547427533084e-14,1.0
16:07:58.707,0.0,-0.5222386630690226,0.5222386630690226,4900.0,0.0,5.623534138473013e-15,2.996881736229114e-14,1.0
16:07:58.727,0.0,-0.5222386630690226,0.5222386630690226,4900.0,0.0,4.948710041856252e-15,2.6372559278816206e-14,1.0
16:07:58.747,0.0,-0.5222386630690226,0.5222386630690226,4900.0,0.0,4.354864836833502e-15,2.3207852165358263e-14,1.0
16:07:58.768,0.0,-0.5222386630690226,0.5222386630690226,4900.0,0.0,3.8322810564134816e-15,2.042290990551527e-14,1.0
16:07:58.787,0.0,-0.5222386630690226,0.5222386630690226,4900.0,0.0,3.372407329643864e-15,1.797216071685344e-14,1.0
16:07:58.806,0.0,-0.5222386630690226,0.5222386630690226,4900.0,0.0,2.9677184500866003e-15,1.5815501430831027e-14,1.0
16:07:58.827,0.0,-0.5222386630690226,0.5222386630690226,4900.0,0.0,2.611592236076208e-15,1.3917641259131302e-14,1.0
16:07:58.848,0.0,-0.5222386630690226,0.5222386630690226,4900.0,0.0,2.2982011677470633e-15,1.2247524308035546e-14,1.0
16:07:58.867,0.0,-0.5222386630690226,0.5222386630690226,4900.0,0.0,2.0224170276174156e-15,1.0777821391071281e-14,1.0
16:07:58.887,0.0,-0.5222386630690226,0.5222386630690226,4900.0,0.0,1.7797269843033258e-15,9.484482824142727e-15,1.0
16:07:58.907,0.0,-0.5222386630690226,0.5222386630690226,4900.0,0.0,1.5661597461869267e-15,8.3463448852456e-15,1.0
16:07:58.927,0.0,-0.5222386630690226,0.5222386630690226,4900.0,0.0,1.3782205766444956e-15,7.344783499016128e-15,1.0
16:07:58.947,0.0,-0.5222386630690226,0.5222386630690226,4900.0,0.0,1.212834107447156e-15,6.463409479134193e-15,1.0
16:07:58.967,0.0,-0.5222386630690226,0.5222386630690226,4900.0,0.0,1.0672940145534973e-15,5.68780034163809e-15,1.0
16:07:58.987,0.0,-0.5222386630690226,0.5222386630690226,4900.0,0.0,9.392187328070777e-16,5.005264300641519e-15,1.0
16:07:59.008,0.0,-0.5222386630690226,0.5222386630690226,4900.0,0.0,8.265124848702284e-16,4.404632584564537e-15,1.0
16:07:59.027,0.0,-0.5222386630690226,0.5222386630690226,4900.0,0.0,7.273309866858009e-16,3.876076674416792e-15,1.0
16:07:59.047,0.0,-0.5222386630690226,0.5222386630690226,4900.0,0.0,6.400512682835048e-16,3.410947473486777e-15,1.0
16:07:59.067,0.0,-0.5222386630690226,0.5222386630690226,4900.0,0.0,5.632451160894843e-16,3.0016337766683642e-15,1.0
16:07:59.088,0.0,-0.5222386630690226,0.5222386630690226,4900.0,0.0,4.956557021587462e-16,2.6414377234681605e-15,1.0
16:07:59.107,0.0,-0.5222386630690226,0.5222386630690226,4900.0,0.0,4.3617701789969666e-16,2.3244651966519814e-15,1.0
16:07:59.127,0.0,-0.5222386630690226,0.5222386630690226,4900.0,0.0,3.838357757517331e-16,2.0455293730537437e-15,1.0
16:07:59.147,0.0,-0.5222386630690226,0.5222386630690226,4900.0,0.0,3.377754826615251e-16,1.8000658482872943e-15,1.0
16:07:59.168,0.0,-0.5222386630690226,0.5222386630690226,4900.0,0.0,2.972424247421421e-16,1.5840579464928192e-15,1.0
16:07:59.187,0.0,-0.5222386630690226,0.5222386630690226,4900.0,0.0,2.6157333377308505e-16,1.3939709929136809e-15,1.0
16:07:59.207,0.0,-0.5222386630690226,0.5222386630690226,4900.0,0.0,2.3018453372031487e-16,1.2266944737640392e-15,1.0
16:07:59.227,0.0,-0.5222386630690226,0.5222386630690226,4900.0,0.0,2.0256238967387708e-16,1.0794911369123545e-15,1.0
16:07:59.247,0.0,-0.5222386630690226,0.5222386630690226,4900.0,0.0,1.7825490291301184e-16,9.49952200482872e-16,1.0
16:07:59.267,0.0,-0.5222386630690226,0.5222386630690226,4900.0,0.0,1.5686431456345043e-16,8.359579364249274e-16,1.0
16:07:59.288,0.0,-0.5222386630690226,0.5222386630690226,4900.0,0.0,1.3804059681583638e-16,7.356429840539362e-16,1.0
16:07:59.307,0.0,-0.5222386630690226,0.5222386630690226,4900.0,0.0,1.21475725197936e-16,6.473658259674638e-16,1.0
16:07:59.327,0.0,-0.5222386630690226,0.5222386630690226,4900.0,0.0,1.0689863817418369e-16,5.696819268513682e-16,1.0
16:07:59.348,0.0,-0.5222386630690226,0.5222386630690226,4900.0,0.0,9.407080159328165e-17,5.0132009562920395e-16,1.0
16:07:59.367,0.0,-0.5222386630690226,0.5222386630690226,4900.0,0.0,8.278230540208785e-17,4.411616841536995e-16,1.0
16:07:59.388,0.0,-0.5222386630690226,0.5222386630690226,4900.0,0.0,7.284842875383732e-17,3.882222820552556e-16,1.0
16:07:59.408,0.0,-0.5222386630690226,0.5222386630690226,4900.0,0.0,6.410661730337684e-17,3.4163560820862494e-16,1.0
16:07:59.428,0.0,-0.5222386630690226,0.5222386630690226,4900.0,0.0,5.641382322697161e-17,3.006393352235899e-16,1.0
16:07:59.447,0.0,-0.5222386630690226,0.5222386630690226,4900.0,0.0,4.964416443973502e-17,2.6456261499675914e-16,1.0
16:07:59.467,0.0,-0.5222386630690226,0.5222386630690226,4900.0,0.0,4.368686470696682e-17,2.3281510119714804e-16,1.0
16:07:59.488,0.0,-0.5222386630690226,0.5222386630690226,4900.0,0.0,3.84444409421308e-17,2.0487728905349028e-16,1.0
16:07:59.508,0.0,-0.5222386630690226,0.5222386630690226,4900.0,0.0,3.383110802907511e-17,1.8029201436707145e-16,1.0
16:07:59.527,0.0,-0.5222386630690226,0.5222386630690226,4900.0,0.0,2.97713750655861e-17,1.586569726430229e-16,1.0
16:07:59.548,0.0,-0.5222386630690226,0.5222386630690226,4900.0,0.0,2.6198810057715767e-17,1.3961813592586016e-16,1.0
16:07:59.568,0.0,-0.5222386630690226,0.5222386630690226,4900.0,0.0,2.3054952850789874e-17,1.2286395961475693e-16,1.0
16:07:59.587,0.0,-0.5222386630690226,0.5222386630690226,4900.0,0.0,2.028835850869509e-17,1.081202844609861e-16,1.0
16:07:59.607,0.0,-0.5222386630690226,0.5222386630690226,4900.0,0.0,1.785375548765168e-17,9.514585032566778e-17,1.0
16:07:59.627,0.0,-0.5222386630690226,0.5222386630690226,4900.0,0.0,1.5711304829133476e-17,8.372834828658764e-17,1.0
16:07:59.647,0.0,-0.5222386630690226,0.5222386630690226,4900.0,0.0,1.382594824963746e-17,7.368094649219712e-17,1.0
16:07:59.667,0.0,-0.5222386630690226,0.5222386630690226,4900.0,0.0,1.2166834459680965e-17,6.483923291313347e-17,1.0
16:07:59.687,0.0,-0.5222386630690226,0.5222386630690226,4900.0,0.0,1.070681432451925e-17,5.705852496355745e-17,1.0
16:07:59.707,0.0,-0.5222386630690226,0.5222386630690226,4900.0,0.0,9.42199660557694e-18,5.021150196793056e-17,1.0
16:07:59.727,0.0,-0.5222386630690226,0.5222386630690226,4900.0,0.0,8.291357012907707e-18,4.4186121731778893e-17,1.0
16:07:59.748,0.0,-0.5222386630690226,0.5222386630690226,4900.0,0.0,7.296394171358782e-18,3.8883787123965425e-17,1.0
16:07:59.768,0.0,-0.5222386630690226,0.5222386630690226,4900.0,0.0,6.420826870795728e-18,3.4217732669089574e-17,1.0
16:07:59.787,0.0,-0.5222386630690226,0.5222386630690226,4900.0,0.0,5.650327646300241e-18,3.0111604748798823e-17,1.0
16:07:59.808,0.0,-0.5222386630690226,0.5222386630690226,4900.0,0.0,4.972288328744212e-18,2.6498212178942968e-17,1.0
16:07:59.827,0.0,-0.5222386630690226,0.5222386630690226,4900.0,0.0,4.375613729294906e-18,2.331842671746981e-17,1.0
16:07:59.848,0.0,-0.5222386630690226,0.5222386630690226,4900.0,0.0,3.850540081779518e-18,2.0520215511373433e-17,1.0
16:07:59.867,0.0,-0.5222386630690226,0.5222386630690226,4900.0,0.0,3.3884752719659754e-18,1.805778965000862e-17,1.0
16:07:59.887,0.0,-0.5222386630690226,0.5222386630690226,4900.0,0.0,2.9818582393300583e-18,1.5890854892007584e-17,1.0
16:07:59.907,0.0,-0.5222386630690226,0.5222386630690226,4900.0,0.0,2.6240352506104514e-18,1.3983952304966675e-17,1.0
16:07:59.927,0.0,-0.5222386630690226,0.5222386630690226,4900.0,0.0,2.309151020537197e-18,1.2305878028370674e-17,1.0
16:07:59.947,0.0,-0.5222386630690226,0.5222386630690226,4900.0,0.0,2.0320528980727334e-18,1.0829172664966193e-17,1.0
16:07:59.967,0.0,-0.5222386630690226,0.5222386630690226,4900.0,0.0,1.7882065503040053e-18,9.52967194517025e-18,1.0
16:07:59.988,0.0,-0.5222386630690226,0.5222386630690226,4900.0,0.0,1.5736217642675246e-18,8.386111311749819e-18,1.0
16:08:00.007,0.0,-0.5222386630690226,0.5222386630690226,4900.0,0.0,1.3847871525554217e-18,7.37977795433984e-18,1.0
16:08:00.027,0.0,-0.5222386630690226,0.5222386630690226,4900.0,0.0,1.218612694248771e-18,6.494204599819059e-18,1.0
16:08:00.047,0.0,-0.5222386630690226,0.5222386630690226,4900.0,0.0,1.0723791709389184e-18,5.714900047840772e-18,1.0
16:08:00.067,0.0,-0.5222386630690226,0.5222386630690226,4900.0,0.0,9.436936704262483e-19,5.02911204209988e-18,1.0
16:08:00.087,0.0,-0.5222386630690226,0.5222386630690226,4900.0,0.0,8.304504299750985e-19,4.425618597047894e-18,1.0
16:08:00.107,0.0,-0.5222386630690226,0.5222386630690226,4900.0,0.0,7.307963783780867e-19,3.8945443654021474e-18,1.0
16:08:00.128,0.0,-0.5222386630690226,0.5222386630690226,4900.0,0.0,6.431008129727163e-19,3.4271990415538894e-18,1.0
16:08:00.148,0.0,-0.5222386630690226,0.5222386630690226,4900.0,0.0,5.659287154159903e-19,3.0159351565674226e-18,1.0
16:08:00.168,0.0,-0.5222386630690226,0.5222386630690226,4900.0,0.0,4.980172695660715e-19,2.654022937779332e-18,1.0
16:08:00.187,0.0,-0.5222386630690226,0.5222386630690226,4900.0,0.0,4.38255197218143e-19,2.335540185245812e-18,1.0
16:08:00.207,0.0,-0.5222386630690226,0.5222386630690226,4900.0,0.0,3.856645735519658e-19,2.055275363016315e-18,1.0
16:08:00.227,0.0,-0.5222386630690226,0.5222386630690226,4900.0,0.0,3.393848247257299e-19,1.808642319454357e-18,1.0
16:08:00.247,0.0,-0.5222386630690226,0.5222386630690226,4900.0,0.0,2.9865864575864233e-19,1.5916052411198342e-18,1.0
16:08:00.267,0.0,-0.5222386630690226,0.5222386630690226,4900.0,0.0,2.6281960826760525e-19,1.4006126121854543e-18,1.0
16:08:00.287,0.0,-0.5222386630690226,0.5222386630690226,4900.0,0.0,2.312812552754926e-19,1.2325390987231996e-18,1.0
16:08:00.308,0.0,-0.5222386630690226,0.5222386630690226,4900.0,0.0,2.035275046424335e-19,1.0846344068764156e-18,1.0
16:08:00.328,0.0,-0.5222386630690226,0.5222386630690226,4900.0,0.0,1.791042040853415e-19,9.54478278051246e-19,1.0
16:08:00.348,0.0,-0.5222386630690226,0.5222386630690226,4900.0,0.0,1.5761169959510052e-19,8.399408846850964e-19,1.0
16:08:00.367,0.0,-0.5222386630690226,0.5222386630690226,4900.0,0.0,1.3869829564368846e-19,7.391479785228849e-19,1.0
16:08:00.388,0.0,-0.5222386630690226,0.5222386630690226,4900.0,0.0,1.2205450016644585e-19,6.504502211001387e-19,1.0
16:08:00.408,0.0,-0.5222386630690226,0.5222386630690226,4900.0,0.0,1.0740796014647234e-19,5.72396194568122e-19,1.0
16:08:00.428,0.0,-0.5222386630690226,0.5222386630690226,4900.0,0.0,9.451900492889566e-20,5.037086512199474e-19,1.0
16:08:00.447,0.0,-0.5222386630690226,0.5222386630690226,4900.0,0.0,8.317672433742818e-20,4.432636130735537e-19,1.0
16:08:00.467,0.0,-0.5222386630690226,0.5222386630690226,4900.0,0.0,7.31955174169368e-20,3.900719795047272e-19,1.0
16:08:00.487,0.0,-0.5222386630690226,0.5222386630690226,4900.0,0.0,6.441205532690438e-20,3.4326334196415995e-19,1.0
16:08:00.507,0.0,-0.5222386630690226,0.5222386630690226,4900.0,0.0,5.668260868767585e-20,3.0207174092846074e-19,1.0
16:08:00.527,0.0,-0.5222386630690226,0.5222386630690226,4900.0,0.0,4.988069564515475e-20,2.658231320170455e-19,1.0
16:08:00.547,0.0,-0.5222386630690226,0.5222386630690226,4900.0,0.0,4.3895012167736184e-20,2.3392435617500003e-19,1.0
16:08:00.567,0.0,-0.5222386630690226,0.5222386630690226,4900.0,0.0,3.862761070760784e-20,2.0585343343400003e-19,1.0
16:08:00.587,0.0,-0.5222386630690226,0.5222386630690226,4900.0,0.0,3.39922974226949e-20,1.8115102142192003e-19,1.0
16:08:00.607,0.0,-0.5222386630690226,0.5222386630690226,4900.0,0.0,2.991322173197151e-20,1.594128988512896e-19,1.0
16:08:00.627,0.0,-0.5222386630690226,0.5222386630690226,4900.0,0.0,2.632363512413493e-20,1.4028335098913485e-19,1.0
16:08:00.647,0.0,-0.5222386630690226,0.5222386630690226,4900.0,0.0,2.3164798909238737e-20,1.2344934887043866e-19,1.0
16:08:00.667,0.0,-0.5222386630690226,0.5222386630690226,4900.0,0.0,2.038502304013009e-20,1.0863542700598604e-19,1.0
16:08:00.687,0.0,-0.5222386630690226,0.5222386630690226,4900.0,0.0,1.7938820275314478e-20,9.55991757652677e-20,1.0
16:08:00.707,0.0,-0.5222386630690226,0.5222386630690226,4900.0,0.0,1.578616184227674e-20,8.412727467343558e-20,1.0
16:08:00.727,0.0,-0.5222386630690226,0.5222386630690226,4900.0,0.0,1.3891822421203532e-20,7.403200171262331e-20,1.0
16:08:00.747,0.0,-0.5222386630690226,0.5222386630690226,4900.0,0.0,1.2224803730659108e-20,6.514816150710852e-20,1.0
16:08:00.767,0.0,-0.5222386630690226,0.5222386630690226,4900.0,0.0,1.0757827282980015e-20,5.733038212625549e-20,1.0
16:08:00.787,0.0,-0.5222386630690226,0.5222386630690226,4900.0,0.0,9.466888009022413e-21,5.045073627110483e-20,1.0
16:08:00.807,0.0,-0.5222386630690226,0.5222386630690226,4900.0,0.0,8.330861447939723e-21,4.4396647918572246e-20,1.0
16:08:00.827,0.0,-0.5222386630690226,0.5222386630690226,4900.0,0.0,7.331158074186957e-21,3.9069050168343584e-20,1.0
16:08:00.847,0.0,-0.5222386630690226,0.5222386630690226,4900.0,0.0,6.451419105284522e-21,3.438076414814235e-20,1.0
16:08:00.867,0.0,-0.5222386630690226,0.5222386630690226,4900.0,0.0,5.677248812650379e-21,3.025507245036527e-20,1.0
16:08:00.887,0.0,-0.5222386630690226,0.5222386630690226,4900.0,0.0,4.995978955132334e-21,2.6624463756321437e-20,1.0
16:08:00.907,0.0,-0.5222386630690226,0.5222386630690226,4900.0,0.0,4.396461480516454e-21,2.3429528105562865e-20,1.0
16:08:00.927,0.0,-0.5222386630690226,0.5222386630690226,4900.0,0.0,3.86888610285448e-21,2.0617984732895323e-20,1.0
16:08:00.947,0.0,-0.5222386630690226,0.5222386630690226,4900.0,0.0,3.404619770511942e-21,1.8143826564947885e-20,1.0
16:08:00.967,0.0,-0.5222386630690226,0.5222386630690226,4900.0,0.0,2.996065398050509e-21,1.5966567377154138e-20,1.0
16:08:00.987,0.0,-0.5222386630690226,0.5222386630690226,4900.0,0.0,2.6365375502844483e-21,1.4050579291895643e-20,1.0
16:08:01.007,0.0,-0.5222386630690226,0.5222386630690226,4900.0,0.0,2.3201530442503143e-21,1.2364509776868165e-20,1.0
16:08:01.027,0.0,-0.5222386630690226,0.5222386630690226,4900.0,0.0,2.0417346789402766e-21,1.0880768603643985e-20,1.0
16:08:01.048,0.0,-0.5222386630690226,0.5222386630690226,4900.0,0.0,1.7967265174674435e-21,9.575076371206707e-21,1.0
16:08:01.067,0.0,-0.5222386630690226,0.5222386630690226,4900.0,0.0,1.5811193353713503e-21,8.426067206661903e-21,1.0
16:08:01.087,0.0,-0.5222386630690226,0.5222386630690226,4900.0,0.0,1.3913850151267884e-21,7.414939141862475e-21,1.0
16:08:01.108,0.0,-0.5222386630690226,0.5222386630690226,4900.0,0.0,1.2244188133115738e-21,6.525146444838978e-21,1.0
16:08:01.127,0.0,-0.5222386630690226,0.5222386630690226,4900.0,0.0,1.077488555714185e-21,5.742128871458301e-21,1.0
16:08:01.147,0.0,-0.5222386630690226,0.5222386630690226,4900.0,0.0,9.481899290284828e-22,5.053073406883305e-21,1.0
16:08:01.167,0.0,-0.5222386630690226,0.5222386630690226,4900.0,0.0,8.344071375450648e-22,4.4467045980573084e-21,1.0
16:08:01.187,0.0,-0.5222386630690226,0.5222386630690226,4900.0,0.0,7.34278281039657e-22,3.913100046290431e-21,1.0
16:08:01.208,0.0,-0.5222386630690226,0.5222386630690226,4900.0,0.0,6.461648873148982e-22,3.443528040735579e-21,1.0
16:08:01.227,0.0,-0.5222386630690226,0.5222386630690226,4900.0,0.0,5.686251008371104e-22,3.03030467584731e-21,1.0
16:08:01.247,0.0,-0.5222386630690226,0.5222386630690226,4900.0,0.0,5.003900887366572e-22,2.6666681147456328e-21,1.0
16:08:01.267,0.0,-0.5222386630690226,0.5222386630690226,4900.0,0.0,4.403432780882583e-22,2.346667940976157e-21,1.0
16:08:01.287,0.0,-0.5222386630690226,0.5222386630690226,4900.0,0.0,3.8750208471766733e-22,2.065067788059018e-21,1.0
16:08:01.307,0.0,-0.5222386630690226,0.5222386630690226,4900.0,0.0,3.4100183455154725e-22,1.8172596534919358e-21,1.0
16:08:01.327,0.0,-0.5222386630690226,0.5222386630690226,4900.0,0.0,3.0008161440536156e-22,1.5991884950729034e-21,1.0
16:08:01.347,0.0,-0.5222386630690226,0.5222386630690226,4900.0,0.0,2.640718206767182e-22,1.4072858756641551e-21,1.0
16:08:01.367,0.0,-0.5222386630690226,0.5222386630690226,4900.0,0.0,2.32383202195512e-22,1.2384115705844563e-21,1.0
16:08:01.388,0.0,-0.5222386630690226,0.5222386630690226,4900.0,0.0,2.0449721793205053e-22,1.0898021821143215e-21,1.0
16:08:01.408,0.0,-0.5222386630690226,0.5222386630690226,4900.0,0.0,1.7995755178020447e-22,9.590259202606031e-22,1.0
16:08:01.427,0.0,-0.5222386630690226,0.5222386630690226,4900.0,0.0,1.5836264556657993e-22,8.439428098293306e-22,1.0
16:08:01.448,0.0,-0.5222386630690226,0.5222386630690226,4900.0,0.0,1.3935912809859034e-22,7.426696726498109e-22,1.0
16:08:01.467,0.0,-0.5222386630690226,0.5222386630690226,4900.0,0.0,1.226360327267595e-22,6.535493119318336e-22,1.0
16:08:01.487,0.0,-0.5222386630690226,0.5222386630690226,4900.0,0.0,1.0791970879954835e-22,5.751233945000135e-22,1.0
16:08:01.508,0.0,-0.5222386630690226,0.5222386630690226,4900.0,0.0,9.496934374360255e-23,5.06108587160012e-22,1.0
16:08:01.527,0.0,-0.5222386630690226,0.5222386630690226,4900.0,0.0,8.357302249437025e-23,4.453755567008105e-22,1.0
16:08:01.547,0.0,-0.5222386630690226,0.5222386630690226,4900.0,0.0,7.354425979504582e-23,3.9193048989671325e-22,1.0
16:08:01.567,0.0,-0.5222386630690226,0.5222386630690226,4900.0,0.0,6.471894861964032e-23,3.4489883110910767e-22,1.0
16:08:01.587,0.0,-0.5222386630690226,0.5222386630690226,4900.0,0.0,5.695267478528349e-23,3.035109713760148e-22,1.0
16:08:01.607,0.0,-0.5222386630690226,0.5222386630690226,4900.0,0.0,5.011835381104947e-23,2.67089654810893e-22,1.0
16:08:01.627,0.0,-0.5222386630690226,0.5222386630690226,4900.0,0.0,4.410415135372353e-23,2.3503889623358585e-22,1.0
16:08:01.647,0.0,-0.5222386630690226,0.5222386630690226,4900.0,0.0,3.881165319127671e-23,2.0683422868555556e-22,1.0
16:08:01.667,0.0,-0.5222386630690226,0.5222386630690226,4900.0,0.0,3.4154254808323506e-23,1.8201412124328888e-22,1.0
16:08:01.687,0.0,-0.5222386630690226,0.5222386630690226,4900.0,0.0,3.0055744231324685e-23,1.6017242669409422e-22,1.0
16:08:01.708,0.0,-0.5222386630690226,0.5222386630690226,4900.0,0.0,2.6449054923565722e-23,1.4095173549080292e-22,1.0
16:08:01.727,0.0,-0.5222386630690226,0.5222386630690226,4900.0,0.0,2.3275168332737836e-23,1.2403752723190657e-22,1.0
16:08:01.747,0.0,-0.5222386630690226,0.5222386630690226,4900.0,0.0,2.0482148132809297e-23,1.0915302396407778e-22,1.0
16:08:01.767,0.0,-0.5222386630690226,0.5222386630690226,4900.0,0.0,1.8024290356872183e-23,9.605466108838846e-23,1.0
16:08:01.788,0.0,-0.5222386630690226,0.5222386630690226,4900.0,0.0,1.586137551404752e-23,8.452810175778184e-23,1.0
16:08:01.807,0.0,-0.5222386630690226,0.5222386630690226,4900.0,0.0,1.3958010452361817e-23,7.438472954684801e-23,1.0
16:08:01.827,0.0,-0.5222386630690226,0.5222386630690226,4900.0,0.0,1.2283049198078398e-23,6.545856200122625e-23,1.0
16:08:01.847,0.0,-0.5222386630690226,0.5222386630690226,4900.0,0.0,1.080908329430899e-23,5.760353456107909e-23,1.0
16:08:01.867,0.0,-0.5222386630690226,0.5222386630690226,4900.0,0.0,9.511993298991911e-24,5.0691110413749605e-23,1.0
16:08:01.888,0.0,-0.5222386630690226,0.5222386630690226,4900.0,0.0,8.370554103112881e-24,4.460817716409965e-23,1.0
16:08:01.907,0.0,-0.5222386630690226,0.5222386630690226,4900.0,0.0,7.366087610739336e-24,3.9255195904407695e-23,1.0
16:08:01.928,0.0,-0.5222386630690226,0.5222386630690226,4900.0,0.0,6.482157097450615e-24,3.454457239587877e-23,1.0
16:08:01.947,0.0,-0.5222386630690226,0.5222386630690226,4900.0,0.0,5.704298245756541e-24,3.0399223708373315e-23,1.0
16:08:01.967,0.0,-0.5222386630690226,0.5222386630690226,4900.0,0.0,5.019782456265756e-24,2.6751316863368516e-23,1.0
16:08:01.987,0.0,-0.5222386630690226,0.5222386630690226,4900.0,0.0,4.417408561513865e-24,2.3541158839764293e-23,1.0
16:08:02.007,0.0,-0.5222386630690226,0.5222386630690226,4900.0,0.0,3.887319534132201e-24,2.0716219778992578e-23,1.0
16:08:02.027,0.0,-0.5222386630690226,0.5222386630690226,4900.0,0.0,3.4208411900363374e-24,1.823027340551347e-23,1.0
16:08:02.047,0.0,-0.5222386630690226,0.5222386630690226,4900.0,0.0,3.0103402472319768e-24,1.6042640596851852e-23,1.0
16:08:02.067,0.0,-0.5222386630690226,0.5222386630690226,4900.0,0.0,2.6490994175641394e-24,1.411752372522963e-23,1.0
16:08:02.087,0.0,-0.5222386630690226,0.5222386630690226,4900.0,0.0,2.3312074874564426e-24,1.2423420878202073e-23,1.0
16:08:02.107,0.0,-0.5222386630690226,0.5222386630690226,4900.0,0.0,2.0514625889616693e-24,1.0932610372817824e-23,1.0
16:08:02.127,0.0,-0.5222386630690226,0.5222386630690226,4900.0,0.0,1.805287078286269e-24,9.620697128079684e-24,1.0
16:08:02.148,0.0,-0.5222386630690226,0.5222386630690226,4900.0,0.0,1.5886526288919167e-24,8.466213472710122e-24,1.0
16:08:02.167,0.0,-0.5222386630690226,0.5222386630690226,4900.0,0.0,1.3980143134248868e-24,7.450267855984908e-24,1.0
16:08:02.187,0.0,-0.5222386630690226,0.5222386630690226,4900.0,0.0,1.2302525958139003e-24,6.5562357132667194e-24,1.0
16:08:02.207,0.0,-0.5222386630690226,0.5222386630690226,4900.0,0.0,1.0826222843162322e-24,5.769487427674713e-24,1.0
16:08:02.227,0.0,-0.5222386630690226,0.5222386630690226,4900.0,0.0,9.527076101982843e-25,5.077148936353747e-24,1.0
16:08:02.247,0.0,-0.5222386630690226,0.5222386630690226,4900.0,0.0,8.383826969744902e-25,4.467891063991297e-24,1.0
16:08:02.267,0.0,-0.5222386630690226,0.5222386630690226,4900.0,0.0,7.377767733375514e-25,3.9317441363123415e-24,1.0
16:08:02.287,0.0,-0.5222386630690226,0.5222386630690226,4900.0,0.0,6.492435605370452e-25,3.459934839954861e-24,1.0
16:08:02.307,0.0,-0.5222386630690226,0.5222386630690226,4900.0,0.0,5.713343332725998e-25,3.0447426591602773e-24,1.0
16:08:02.327,0.0,-0.5222386630690226,0.5222386630690226,4900.0,0.0,5.027742132798878e-25,2.6793735400610437e-24,1.0
16:08:02.348,0.0,-0.5222386630690226,0.5222386630690226,4900.0,0.0,4.424413076863012e-25,2.3578487152537187e-24,1.0
16:08:02.367,0.0,-0.5222386630690226,0.5222386630690226,4900.0,0.0,3.893483507639451e-25,2.0749068694232725e-24,1.0
16:08:02.387,0.0,-0.5222386630690226,0.5222386630690226,4900.0,0.0,3.426265486722717e-25,1.8259180450924798e-24,1.0
16:08:02.407,0.0,-0.5222386630690226,0.5222386630690226,4900.0,0.0,3.015113628315991e-25,1.6068078796813822e-24,1.0
16:08:02.427,0.0,-0.5222386630690226,0.5222386630690226,4900.0,0.0,2.653299992918072e-25,1.4139909341196163e-24,1.0
16:08:02.447,0.0,-0.5222386630690226,0.5222386630690226,4900.0,0.0,2.334903993767903e-25,1.2443120220252622e-24,1.0
16:08:02.467,0.0,-0.5222386630690226,0.5222386630690226,4900.0,0.0,2.0547155145157548e-25,1.0949945793822308e-24,1.0
16:08:02.487,0.0,-0.5222386630690226,0.5222386630690226,4900.0,0.0,1.8081496527738641e-25,9.635952298563631e-25,1.0
16:08:02.507,0.0,-0.5222386630690226,0.5222386630690226,4900.0,0.0,1.5911716944410005e-25,8.479638022735996e-25,1.0
16:08:02.527,0.0,-0.5222386630690226,0.5222386630690226,4900.0,0.0,1.4002310911080805e-25,7.4620814600076765e-25,1.0
16:08:02.547,0.0,-0.5222386630690226,0.5222386630690226,4900.0,0.0,1.232203360175111e-25,6.566631684806756e-25,1.0
16:08:02.568,0.0,-0.5222386630690226,0.5222386630690226,4900.0,0.0,1.0843389569540976e-25,5.778635882629945e-25,1.0
16:08:02.587,0.0,-0.5222386630690226,0.5222386630690226,4900.0,0.0,9.54218282119606e-26,5.085199576714352e-25,1.0
16:08:02.607,0.0,-0.5222386630690226,0.5222386630690226,4900.0,0.0,8.397120882652533e-26,4.47497562750863e-25,1.0
16:08:02.628,0.0,-0.5222386630690226,0.5222386630690226,4900.0,0.0,7.389466376734229e-26,3.937978552207594e-25,1.0
16:08:02.647,0.0,-0.5222386630690226,0.5222386630690226,4900.0,0.0,6.502730411526121e-26,3.4654211259426823e-25,1.0
16:08:02.667,0.0,-0.5222386630690226,0.5222386630690226,4900.0,0.0,5.722402762142986e-26,3.04957059082956e-25,1.0
16:08:02.687,0.0,-0.5222386630690226,0.5222386630690226,4900.0,0.0,5.035714430685827e-26,2.683622119930013e-25,1.0
16:08:02.707,0.0,-0.5222386630690226,0.5222386630690226,4900.0,0.0,4.431428699003528e-26,2.3615874655384113e-25,1.0
16:08:02.727,0.0,-0.5222386630690226,0.5222386630690226,4900.0,0.0,3.8996572551231046e-26,2.078196969673802e-25,1.0
16:08:02.748,0.0,-0.5222386630690226,0.5222386630690226,4900.0,0.0,3.431698384508332e-26,1.828813333312946e-25,1.0
16:08:02.767,0.0,-0.5222386630690226,0.5222386630690226,4900.0,0.0,3.019894578367332e-26,1.6093557333153923e-25,1.0
16:08:02.788,0.0,-0.5222386630690226,0.5222386630690226,4900.0,0.0,2.6575072289632525e-26,1.4162330453175454e-25,1.0
16:08:02.807,0.0,-0.5222386630690226,0.5222386630690226,4900.0,0.0,2.3386063614876623e-26,1.2462850798794398e-25,1.0
16:08:02.827,0.0,-0.5222386630690226,0.5222386630690226,4900.0,0.0,2.0579735981091428e-26,1.0967308702939072e-25,1.0
16:08:02.848,0.0,-0.5222386630690226,0.5222386630690226,4900.0,0.0,1.8110167663360457e-26,9.651231658586383e-26,1.0
16:08:02.868,0.0,-0.5222386630690226,0.5222386630690226,4900.0,0.0,1.5936947543757202e-26,8.493083859556017e-26,1.0
16:08:02.888,0.0,-0.5222386630690226,0.5222386630690226,4900.0,0.0,1.4024513838506337e-26,7.473913796409294e-26,1.0
16:08:02.908,0.0,-0.5222386630690226,0.5222386630690226,4900.0,0.0,1.2341572177885577e-26,6.577044140840179e-26,1.0
16:08:02.927,0.0,-0.5222386630690226,0.5222386630690226,4900.0,0.0,1.0860583516539308e-26,5.787798843939357e-26,1.0
16:08:02.948,0.0,-0.5222386630690226,0.5222386630690226,4900.0,0.0,9.557313494554591e-27,5.093262982666635e-26,1.0
16:08:02.967,0.0,-0.5222386630690226,0.5222386630690226,4900.0,0.0,8.41043587520804e-27,4.4820714247466385e-26,1.0
16:08:02.987,0.0,-0.5222386630690226,0.5222386630690226,4900.0,0.0,7.401183570183075e-27,3.944222853777042e-26,1.0
16:08:03.007,0.0,-0.5222386630690226,0.5222386630690226,4900.0,0.0,6.513041541761105e-27,3.4709161113237966e-26,1.0
16:08:03.027,0.0,-0.5222386630690226,0.5222386630690226,4900.0,0.0,5.7314765567497726e-27,3.054406177964941e-26,1.0
16:08:03.047,0.0,-0.5222386630690226,0.5222386630690226,4900.0,0.0,5.0436993699398e-27,2.687877436609148e-26,1.0
16:08:03.067,0.0,-0.5222386630690226,0.5222386630690226,4900.0,0.0,4.438455445547024e-27,2.3653321442160504e-26,1.0
16:08:03.087,0.0,-0.5222386630690226,0.5222386630690226,4900.0,0.0,3.905840792081381e-27,2.0814922869101242e-26,1.0
16:08:03.107,0.0,-0.5222386630690226,0.5222386630690226,4900.0,0.0,3.4371398970316155e-27,1.8317132124809095e-26,1.0
16:08:03.127,0.0,-0.5222386630690226,0.5222386630690226,4900.0,0.0,3.0246831093878215e-27,1.6119076269832002e-26,1.0
16:08:03.147,0.0,-0.5222386630690226,0.5222386630690226,4900.0,0.0,2.661721136261283e-27,1.4184787117452163e-26,1.0
16:08:03.167,0.0,-0.5222386630690226,0.5222386630690226,4900.0,0.0,2.342314599909929e-27,1.2482612663357903e-26,1.0
16:08:03.187,0.0,-0.5222386630690226,0.5222386630690226,4900.0,0.0,2.0612368479207375e-27,1.0984699143754954e-26,1.0
16:08:03.207,0.0,-0.5222386630690226,0.5222386630690226,4900.0,0.0,1.813888426170249e-27,9.666535246504359e-27,1.0
16:08:03.227,0.0,-0.5222386630690226,0.5222386630690226,4900.0,0.0,1.5962218150298192e-27,8.506551016923836e-27,1.0
16:08:03.247,0.0,-0.5222386630690226,0.5222386630690226,4900.0,0.0,1.4046751972262409e-27,7.485764894892976e-27,1.0
16:08:03.267,0.0,-0.5222386630690226,0.5222386630690226,4900.0,0.0,1.236114173559092e-27,6.587473107505819e-27,1.0
16:08:03.287,0.0,-0.5222386630690226,0.5222386630690226,4900.0,0.0,1.087780472732001e-27,5.7969763346051216e-27,1.0
16:08:03.307,0.0,-0.5222386630690226,0.5222386630690226,4900.0,0.0,9.57246816004161e-28,5.101339174452507e-27,1.0
16:08:03.328,0.0,-0.5222386630690226,0.5222386630690226,4900.0,0.0,8.423771980836616e-28,4.489178473518206e-27,1.0
16:08:03.347,0.0,-0.5222386630690226,0.5222386630690226,4900.0,0.0,7.412919343136222e-28,3.950477056696021e-27,1.0
16:08:03.367,0.0,-0.5222386630690226,0.5222386630690226,4900.0,0.0,6.5233690219598755e-28,3.4764198098924986e-27,1.0
16:08:03.387,0.0,-0.5222386630690226,0.5222386630690226,4900.0,0.0,5.74056473932469e-28,3.059249432705399e-27,1.0
16:08:03.407,0.0,-0.5222386630690226,0.5222386630690226,4900.0,0.0,5.051696970605727e-28,2.692139500780751e-27,1.0
16:08:03.428,0.0,-0.5222386630690226,0.5222386630690226,4900.0,0.0,4.44549333413304e-28,2.3690827606870606e-27,1.0
16:08:03.448,0.0,-0.5222386630690226,0.5222386630690226,4900.0,0.0,3.9120341340370752e-28,2.0847928294046135e-27,1.0
16:08:03.467,0.0,-0.5222386630690226,0.5222386630690226,4900.0,0.0,3.4425900379526265e-28,1.83461768987606e-27,1.0
16:08:03.488,0.0,-0.5222386630690226,0.5222386630690226,4900.0,0.0,3.029479233398311e-28,1.6144635670909327e-27,1.0
16:08:03.507,0.0,-0.5222386630690226,0.5222386630690226,4900.0,0.0,2.665941725390514e-28,1.420727939040021e-27,1.0
16:08:03.528,0.0,-0.5222386630690226,0.5222386630690226,4900.0,0.0,2.3460287183436525e-28,1.2502405863552186e-27,1.0
16:08:03.548,0.0,-0.5222386630690226,0.5222386630690226,4900.0,0.0,2.064505272142414e-28,1.1002117159925923e-27,1.0
16:08:03.567,0.0,-0.5222386630690226,0.5222386630690226,4900.0,0.0,1.8167646394853245e-28,9.681863100734812e-28,1.0
16:08:03.587,0.0,-0.5222386630690226,0.5222386630690226,4900.0,0.0,1.5987528827470855e-28,8.520039528646635e-28,1.0
16:08:03.607,0.0,-0.5222386630690226,0.5222386630690226,4900.0,0.0,1.4069025368174354e-28,7.497634785209039e-28,1.0
16:08:03.627,0.0,-0.5222386630690226,0.5222386630690226,4900.0,0.0,1.2380742323993432e-28,6.597918610983954e-28,1.0
16:08:03.648,0.0,-0.5222386630690226,0.5222386630690226,4900.0,0.0,1.089505324511422e-28,5.80616837766588e-28,1.0
16:08:03.667,0.0,-0.5222386630690226,0.5222386630690226,4900.0,0.0,9.587646855700515e-29,5.109428172345975e-28,1.0
16:08:03.688,0.0,-0.5222386630690226,0.5222386630690226,4900.0,0.0,8.437129233016453e-29,4.496296791664459e-28,1.0
16:08:03.707,0.0,-0.5222386630690226,0.5222386630690226,4900.0,0.0,7.424673725054479e-29,3.9567411766647235e-28,1.0
16:08:03.727,0.0,-0.5222386630690226,0.5222386630690226,4900.0,0.0,6.533712878047941e-29,3.4819322354649566e-28,1.0
16:08:03.747,0.0,-0.5222386630690226,0.5222386630690226,4900.0,0.0,5.749667332682188e-29,3.064100367209161e-28,1.0
16:08:03.767,0.0,-0.5222386630690226,0.5222386630690226,4900.0,0.0,5.059707252760326e-29,2.696408323144062e-28,1.0
16:08:03.787,0.0,-0.5222386630690226,0.5222386630690226,4900.0,0.0,4.4525423824290864e-29,2.3728393243667748e-28,1.0
16:08:03.807,0.0,-0.5222386630690226,0.5222386630690226,4900.0,0.0,3.918237296537596e-29,2.088098605442762e-28,1.0
16:08:03.827,0.0,-0.5222386630690226,0.5222386630690226,4900.0,0.0,3.4480488209530845e-29,1.8375267727896303e-28,1.0
16:08:03.847,0.0,-0.5222386630690226,0.5222386630690226,4900.0,0.0,3.0342829624387145e-29,1.6170235600548746e-28,1.0
16:08:03.867,0.0,-0.5222386630690226,0.5222386630690226,4900.0,0.0,2.670169006946069e-29,1.4229807328482897e-28,1.0
16:08:03.887,0.0,-0.5222386630690226,0.5222386630690226,4900.0,0.0,2.3497487261125406e-29,1.252223044906495e-28,1.0
16:08:03.907,0.0,-0.5222386630690226,0.5222386630690226,4900.0,0.0,2.0677788789790356e-29,1.1019562795177156e-28,1.0
16:08:03.928,0.0,-0.5222386630690226,0.5222386630690226,4900.0,0.0,1.8196454135015514e-29,9.697215259755898e-29,1.0
16:08:03.948,0.0,-0.5222386630690226,0.5222386630690226,4900.0,0.0,1.6012879638813654e-29,8.53354942858519e-29,1.0
16:08:03.967,0.0,-0.5222386630690226,0.5222386630690226,4900.0,0.0,1.4091334082156015e-29,7.509523497154967e-29,1.0
16:08:03.988,0.0,-0.5222386630690226,0.5222386630690226,4900.0,0.0,1.2400373992297293e-29,6.608380677496371e-29,1.0
16:08:04.008,0.0,-0.5222386630690226,0.5222386630690226,4900.0,0.0,1.0912329113221618e-29,5.815374996196807e-29,1.0
16:08:04.027,0.0,-0.5222386630690226,0.5222386630690226,4900.0,0.0,9.602849619635024e-30,5.117529996653189e-29,1.0
16:08:04.048,0.0,-0.5222386630690226,0.5222386630690226,4900.0,0.0,8.450507665278822e-30,4.5034263970548075e-29,1.0
16:08:04.067,0.0,-0.5222386630690226,0.5222386630690226,4900.0,0.0,7.436446745445362e-30,3.96301522940823e-29,1.0
16:08:04.087,0.0,-0.5222386630690226,0.5222386630690226,4900.0,0.0,6.544073135991919e-30,3.487453401879243e-29,1.0
16:08:04.107,0.0,-0.5222386630690226,0.5222386630690226,4900.0,0.0,5.758784359672889e-30,3.0689589936537337e-29,1.0
16:08:04.127,0.0,-0.5222386630690226,0.5222386630690226,4900.0,0.0,5.067730236512142e-30,2.7006839144152853e-29,1.0
16:08:04.147,0.0,-0.5222386630690226,0.5222386630690226,4900.0,0.0,4.459602608130685e-30,2.3766018446854513e-29,1.0
16:08:04.168,0.0,-0.5222386630690226,0.5222386630690226,4900.0,0.0,3.924450295155003e-30,2.091409623323197e-29,1.0
16:08:04.187,0.0,-0.5222386630690226,0.5222386630690226,4900.0,0.0,3.4535162597364026e-30,1.8404404685244134e-29,1.0
16:08:04.207,0.0,-0.5222386630690226,0.5222386630690226,4900.0,0.0,3.0390943085680343e-30,1.619587612301484e-29,1.0
16:08:04.227,0.0,-0.5222386630690226,0.5222386630690226,4900.0,0.0,2.6744029915398702e-30,1.425237098825306e-29,1.0
16:08:04.247,0.0,-0.5222386630690226,0.5222386630690226,4900.0,0.0,2.353474632555086e-30,1.2542086469662691e-29,1.0
16:08:04.268,0.0,-0.5222386630690226,0.5222386630690226,4900.0,0.0,2.0710576766484754e-30,1.1037036093303168e-29,1.0
16:08:04.287,0.0,-0.5222386630690226,0.5222386630690226,4900.0,0.0,1.8225307554506582e-30,9.712591762106788e-30,1.0
16:08:04.307,0.0,-0.5222386630690226,0.5222386630690226,4900.0,0.0,1.6038270647965794e-30,8.547080750653974e-30,1.0
16:08:04.327,0.0,-0.5222386630690226,0.5222386630690226,4900.0,0.0,1.41136781702099e-30,7.521431060575496e-30,1.0
16:08:04.347,0.0,-0.5222386630690226,0.5222386630690226,4900.0,0.0,1.2420036789784712e-30,6.618859333306438e-30,1.0
16:08:04.368,0.0,-0.5222386630690226,0.5222386630690226,4900.0,0.0,1.0929632375010546e-30,5.824596213309665e-30,1.0
16:08:04.387,0.0,-0.5222386630690226,0.5222386630690226,4900.0,0.0,9.61807649000928e-31,5.125644667712505e-30,1.0
16:08:04.407,0.0,-0.5222386630690226,0.5222386630690226,4900.0,0.0,8.463907311208166e-31,4.510567307587004e-30,1.0
16:08:04.427,0.0,-0.5222386630690226,0.5222386630690226,4900.0,0.0,7.448238433863186e-31,3.9692992306765636e-30,1.0
16:08:04.448,0.0,-0.5222386630690226,0.5222386630690226,4900.0,0.0,6.554449821799604e-31,3.492983322995376e-30,1.0
16:08:04.467,0.0,-0.5222386630690226,0.5222386630690226,4900.0,0.0,5.767915843183651e-31,3.073825324235931e-30,1.0
16:08:04.487,0.0,-0.5222386630690226,0.5222386630690226,4900.0,0.0,5.075765942001613e-31,2.704966285327619e-30,1.0
16:08:04.507,0.0,-0.5222386630690226,0.5222386630690226,4900.0,0.0,4.46667402896142e-31,2.380370331088305e-30,1.0
16:08:04.527,0.0,-0.5222386630690226,0.5222386630690226,4900.0,0.0,3.9306731454860495e-31,2.0947258913577084e-30,1.0
16:08:04.547,0.0,-0.5222386630690226,0.5222386630690226,4900.0,0.0,3.4589923680277237e-31,1.8433587843947833e-30,1.0
16:08:04.567,0.0,-0.5222386630690226,0.5222386630690226,4900.0,0.0,3.043913283864397e-31,1.6221557302674094e-30,1.0
16:08:04.587,0.0,-0.5222386630690226,0.5222386630690226,4900.0,0.0,2.6786436898006694e-31,1.4274970426353204e-30,1.0
16:08:04.607,0.0,-0.5222386630690226,0.5222386630690226,4900.0,0.0,2.357206447024589e-31,1.256197397519082e-30,1.0
16:08:04.627,0.0,-0.5222386630690226,0.5222386630690226,4900.0,0.0,2.0743416733816383e-31,1.1054537098167921e-30,1.0
16:08:04.648,0.0,-0.5222386630690226,0.5222386630690226,4900.0,0.0,1.8254206725758417e-31,9.72799264638777e-31,1.0
16:08:04.667,0.0,-0.5222386630690226,0.5222386630690226,4900.0,0.0,1.6063701918667408e-31,8.560633528821239e-31,1.0
16:08:04.687,0.0,-0.5222386630690226,0.5222386630690226,4900.0,0.0,1.413605768842732e-31,7.533357505362691e-31,1.0
16:08:04.707,0.0,-0.5222386630690226,0.5222386630690226,4900.0,0.0,1.2439730765816043e-31,6.629354604719168e-31,1.0
16:08:04.727,0.0,-0.5222386630690226,0.5222386630690226,4900.0,0.0,1.0946963073918117e-31,5.833832052152867e-31,1.0
16:08:04.747,0.0,-0.5222386630690226,0.5222386630690226,4900.0,0.0,9.633327505047943e-32,5.133772205894524e-31,1.0
16:08:04.767,0.0,-0.5222386630690226,0.5222386630690226,4900.0,0.0,8.47732820444219e-32,4.517719541187181e-31,1.0
16:08:04.787,0.0,-0.5222386630690226,0.5222386630690226,4900.0,0.0,7.460048819909127e-32,3.975593196244719e-31,1.0
16:08:04.807,0.0,-0.5222386630690226,0.5222386630690226,4900.0,0.0,6.564842961520032e-32,3.4985220126953528e-31,1.0
16:08:04.828,0.0,-0.6092784402471929,0.6092784402471929,5450.0,0.0,5.777061806137628e-32,3.0786993711719104e-31,1.0
16:08:04.848,0.0,-0.5222386630690226,0.5222386630690226,4900.0,0.0,5.083814389401113e-32,2.7092554466312814e-31,1.0
16:08:04.867,0.0,-0.5222386630690226,0.5222386630690226,4900.0,0.0,4.4737566626729793e-32,2.3841447930355276e-31,1.0
16:08:04.887,0.0,-0.5222386630690226,0.5222386630690226,4900.0,0.0,3.936905863152222e-32,2.0980474178712642e-31,1.0
16:08:04.907,0.0,-0.6092784402471929,0.6092784402471929,5450.0,0.0,3.464477159573955e-32,1.8462817277267124e-31,1.0
16:08:04.927,0.0,-0.5222386630690226,0.5222386630690226,4900.0,0.0,3.0487399004250803e-32,1.624727920399507e-31,1.0
16:08:04.947,0.0,-0.5222386630690226,0.5222386630690226,4900.0,0.0,2.682891112374071e-32,1.4297605699515661e-31,1.0
16:08:04.967,0.0,-0.5222386630690226,0.5222386630690226,4900.0,0.0,2.3609441788891822e-32,1.2581893015573782e-31,1.0
16:08:04.987,0.0,-0.5222386630690226,0.5222386630690226,4900.0,0.0,2.0776308774224804e-32,1.1072065853704928e-31,1.0
16:08:05.007,0.0,-0.5222386630690226,0.5222386630690226,4900.0,0.0,1.8283151721317827e-32,9.743417951260336e-32,1.0
16:08:05.027,0.0,-0.5222386630690226,0.5222386630690226,4900.0,0.0,1.6089173514759687e-32,8.574207797109096e-32,1.0
16:08:05.047,0.0,-0.5222386630690226,0.5222386630690226,4900.0,0.0,1.4158472692988525e-32,7.545302861456005e-32,1.0
16:08:05.067,0.0,-0.5222386630690226,0.5222386630690226,4900.0,0.0,1.2459455969829903e-32,6.639866518081284e-32,1.0
16:08:05.087,0.0,-0.5222386630690226,0.5222386630690226,4900.0,0.0,1.0964321253450314e-32,5.84308253591153e-32,1.0
16:08:05.107,0.0,-0.5222386630690226,0.5222386630690226,4900.0,0.0,9.648602703036277e-33,5.141912631602146e-32,1.0
16:08:05.127,0.0,-0.5222386630690226,0.5222386630690226,4900.0,0.0,8.490770378671923e-33,4.5248831158098885e-32,1.0
16:08:05.147,0.0,-0.5222386630690226,0.5222386630690226,4900.0,0.0,7.471877933231292e-33,3.9818971419127015e-32,1.0
16:08:05.168,0.0,-0.5222386630690226,0.5222386630690226,4900.0,0.0,6.575252581243536e-33,3.504069484883177e-32,1.0
16:08:05.187,0.0,-0.5222386630690226,0.5222386630690226,4900.0,0.0,5.786222271494312e-33,3.083581146697196e-32,1.0
16:08:05.207,0.0,-0.5222386630690226,0.5222386630690226,4900.0,0.0,5.091875598914994e-33,2.713551409093532e-32,1.0
16:08:05.228,0.0,-0.5222386630690226,0.5222386630690226,4900.0,0.0,4.480850527045195e-33,2.3879252400023085e-32,1.0
16:08:05.247,0.0,-0.5222386630690226,0.5222386630690226,4900.0,0.0,3.943148463799772e-33,2.1013742112020315e-32,1.0
16:08:05.267,0.0,-0.5222386630690226,0.5222386630690226,4900.0,0.0,3.469970648143799e-33,1.8492093058577877e-32,1.0
16:08:05.287,0.0,-0.5222386630690226,0.5222386630690226,4900.0,0.0,3.0535741703665433e-33,1.627304189154853e-32,1.0
16:08:05.307,0.0,-0.5222386630690226,0.5222386630690226,4900.0,0.0,2.687145269922558e-33,1.432027686456271e-32,1.0
16:08:05.328,0.0,-0.5222386630690226,0.5222386630690226,4900.0,0.0,2.364687837531851e-33,1.2601843640815182e-32,1.0
16:08:05.347,0.0,-0.5222386630690226,0.5222386630690226,4900.0,0.0,2.080925297028029e-33,1.1089622403917362e-32,1.0
16:08:05.367,0.0,-0.5222386630690226,0.5222386630690226,4900.0,0.0,1.8312142613846657e-33,9.758867715447279e-33,1.0
16:08:05.387,0.0,-0.5222386630690226,0.5222386630690226,4900.0,0.0,1.611468550018506e-33,8.587803589593607e-33,1.0
16:08:05.407,0.0,-0.5222386630690226,0.5222386630690226,4900.0,0.0,1.4180923240162853e-33,7.557267158842374e-33,1.0
16:08:05.427,0.0,-0.5222386630690226,0.5222386630690226,4900.0,0.0,1.2479212451343311e-33,6.65039509978129e-33,1.0
16:08:05.447,0.0,-0.5222386630690226,0.5222386630690226,4900.0,0.0,1.0981706957182114e-33,5.852347687807535e-33,1.0
16:08:05.467,0.0,-0.5222386630690226,0.5222386630690226,4900.0,0.0,9.66390212232026e-34,5.15006596527063e-33,1.0
16:08:05.487,0.0,-0.5222386630690226,0.5222386630690226,4900.0,0.0,8.504233867641829e-34,4.5320580494381545e-33,1.0
16:08:05.508,0.0,-0.5222386630690226,0.5222386630690226,4900.0,0.0,7.4837258035248096e-34,3.988211083505576e-33,1.0
16:08:05.527,0.0,-0.5222386630690226,0.5222386630690226,4900.0,0.0,6.585678707101833e-34,3.5096257534849074e-33,1.0
16:08:05.547,0.0,-0.5222386630690226,0.5222386630690226,4900.0,0.0,5.795397262249613e-34,3.088470663066718e-33,1.0
16:08:05.567,0.0,-0.5222386630690226,0.5222386630690226,4900.0,0.0,5.099949590779659e-34,2.717854183498712e-33,1.0
16:08:05.587,0.0,-0.5222386630690226,0.5222386630690226,4900.0,0.0,4.4879556398861e-34,2.3917116814788666e-33,1.0
16:08:05.607,0.0,-0.5222386630690226,0.5222386630690226,4900.0,0.0,3.949400963099768e-34,2.1047062797014028e-33,1.0
16:08:05.627,0.0,-0.5222386630690226,0.5222386630690226,4900.0,0.0,3.475472847527796e-34,1.8521415261372345e-33,1.0
16:08:05.648,0.0,-0.5222386630690226,0.5222386630690226,4900.0,0.0,3.0584161058244605e-34,1.6298845430007664e-33,1.0
16:08:05.667,0.0,-0.5222386630690226,0.5222386630690226,4900.0,0.0,2.6914061731255254e-34,1.4342983978406745e-33,1.0
16:08:05.687,0.0,-0.5222386630690226,0.5222386630690226,4900.0,0.0,2.3684374323504625e-34,1.2621825900997936e-33,1.0
16:08:05.707,0.0,-0.5222386630690226,0.5222386630690226,4900.0,0.0,2.084224940468407e-34,1.1107206792878184e-33,1.0
16:08:05.727,0.0,-0.5222386630690226,0.5222386630690226,4900.0,0.0,1.8341179476121981e-34,9.774341977732801e-34,1.0
16:08:05.748,0.0,-0.5222386630690226,0.5222386630690226,4900.0,0.0,1.6140237938987343e-34,8.601420940404865e-34,1.0
16:08:05.767,0.0,-0.5222386630690226,0.5222386630690226,4900.0,0.0,1.4203409386308861e-34,7.569250427556281e-34,1.0
16:08:05.787,0.0,-0.5222386630690226,0.5222386630690226,4900.0,0.0,1.2499000259951798e-34,6.6609403762495275e-34,1.0
16:08:05.807,0.0,-0.5222386630690226,0.5222386630690226,4900.0,0.0,1.0999120228757583e-34,5.861627531099584e-34,1.0
16:08:05.827,0.0,-0.5222386630690226,0.5222386630690226,4900.0,0.0,9.679225801306672e-35,5.158232227367633e-34,1.0
16:08:05.847,0.0,-0.5222386630690226,0.5222386630690226,4900.0,0.0,8.517718705149871e-35,4.5392443600835175e-34,1.0
16:08:05.867,0.0,-0.5222386630690226,0.5222386630690226,4900.0,0.0,7.495592460531887e-35,3.994535036873496e-34,1.0
16:08:05.887,0.0,-0.5222386630690226,0.5222386630690226,4900.0,0.0,6.59612136526806e-35,3.515190832448676e-34,1.0
16:08:05.907,0.0,-0.5222386630690226,0.5222386630690226,4900.0,0.0,5.804586801435893e-35,3.093367932554835e-34,1.0
16:08:05.927,0.0,-0.5222386630690226,0.5222386630690226,4900.0,0.0,5.108036385263586e-35,2.7221637806482546e-34,1.0
16:08:05.947,0.0,-0.5222386630690226,0.5222386630690226,4900.0,0.0,4.495072019031956e-35,2.3955041269704643e-34,1.0
16:08:05.967,0.0,-0.5222386630690226,0.5222386630690226,4900.0,0.0,3.955663376748121e-35,2.1080436317340084e-34,1.0
16:08:05.987,0.0,-0.5222386630690226,0.5222386630690226,4900.0,0.0,3.4809837715383466e-35,1.8550783959259276e-34,1.0
16:08:06.007,0.0,-0.5222386630690226,0.5222386630690226,4900.0,0.0,3.0632657189537453e-35,1.6324689884148163e-34,1.0
16:08:06.027,0.0,-0.5222386630690226,0.5222386630690226,4900.0,0.0,2.695673832679296e-35,1.4365727098050386e-34,1.0
16:08:06.047,0.0,-0.5222386630690226,0.5222386630690226,4900.0,0.0,2.3721929727577805e-35,1.264183984628434e-34,1.0
16:08:06.067,0.0,-0.5222386630690226,0.5222386630690226,4900.0,0.0,2.0875298160268469e-35,1.112481906473022e-34,1.0
16:08:06.087,0.0,-0.5222386630690226,0.5222386630690226,4900.0,0.0,1.8370262381036252e-35,9.789840776962591e-35,1.0
16:08:06.107,0.0,-0.5222386630690226,0.5222386630690226,4900.0,0.0,1.61658308953119e-35,8.61505988372708e-35,1.0
16:08:06.127,0.0,-0.5222386630690226,0.5222386630690226,4900.0,0.0,1.4225931187874474e-35,7.581252697679831e-35,1.0
16:08:06.147,0.0,-0.6092784402471929,0.6092784402471929,5450.0,0.0,1.2518819445329538e-35,6.671502373958253e-35,1.0
16:08:06.167,0.0,-0.5222386630690226,0.5222386630690226,4900.0,0.0,1.1016561111889993e-35,5.870922089083261e-35,1.0
16:08:06.187,0.0,-0.5222386630690226,0.5222386630690226,4900.0,0.0,9.694573778463195e-36,5.166411438393271e-35,1.0
16:08:06.207,0.0,-0.5222386630690226,0.5222386630690226,4900.0,0.0,8.531224925047611e-36,4.546442065786078e-35,1.0
16:08:06.227,0.0,-0.5222386630690226,0.5222386630690226,4900.0,0.0,7.507477934041897e-36,4.0008690178917484e-35,1.0
16:08:06.247,0.0,-0.5222386630690226,0.5222386630690226,4900.0,0.0,6.606580581956869e-36,3.5207647357447385e-35,1.0
16:08:06.267,0.0,-0.5222386630690226,0.5222386630690226,4900.0,0.0,5.8137909121220445e-36,3.0982729674553694e-35,1.0
16:08:06.287,0.0,-0.5222386630690226,0.5222386630690226,4900.0,0.0,5.116136002667399e-36,2.7264802113607253e-35,1.0
16:08:06.307,0.0,-0.5222386630690226,0.5222386630690226,4900.0,0.0,4.5021996823473114e-36,2.3993025859974382e-35,1.0
16:08:06.327,0.0,-0.5222386630690226,0.5222386630690226,4900.0,0.0,3.961935720465634e-36,2.1113862756777455e-35,1.0
16:08:06.347,0.0,-0.5222386630690226,0.5222386630690226,4900.0,0.0,3.486503434009758e-36,1.8580199225964163e-35,1.0
16:08:06.367,0.0,-0.5222386630690226,0.5222386630690226,4900.0,0.0,3.068123021928587e-36,1.6350575318848462e-35,1.0
16:08:06.387,0.0,-0.5222386630690226,0.5222386630690226,4900.0,0.0,2.6999482592971566e-36,1.4388506280586646e-35,1.0
16:08:06.407,0.0,-0.5222386630690226,0.5222386630690226,4900.0,0.0,2.3759544681814977e-36,1.2661885526916248e-35,1.0
16:08:06.427,0.0,-0.5222386630690226,0.5222386630690226,4900.0,0.0,2.090839931999718e-36,1.1142459263686298e-35,1.0
16:08:06.447,0.0,-0.5222386630690226,0.5222386630690226,4900.0,0.0,1.8399391401597518e-36,9.805364152043943e-36,1.0
16:08:06.467,0.0,-0.5222386630690226,0.5222386630690226,4900.0,0.0,1.6191464433405816e-36,8.62872045379867e-36,1.0
16:08:06.487,0.0,-0.5222386630690226,0.5222386630690226,4900.0,0.0,1.4248488701397118e-36,7.59327399934283e-36,1.0
16:08:06.507,0.0,-0.5222386630690226,0.5222386630690226,4900.0,0.0,1.2538670057229464e-36,6.68208111942169e-36,1.0
16:08:06.528,0.0,-0.5222386630690226,0.5222386630690226,4900.0,0.0,1.1034029650361927e-36,5.880231385091087e-36,1.0
16:08:06.547,0.0,-0.5222386630690226,0.5222386630690226,4900.0,0.0,9.709946092318495e-37,5.174603618880156e-36,1.0
16:08:06.567,0.0,-0.5222386630690226,0.5222386630690226,4900.0,0.0,8.544752561240276e-37,4.5536511846145374e-36,1.0
16:08:06.587,0.0,-0.5222386630690226,0.5222386630690226,4900.0,0.0,7.5193822538914435e-37,4.007213042460793e-36,1.0
16:08:06.607,0.0,-0.5222386630690226,0.5222386630690226,4900.0,0.0,6.6170563834244705e-37,3.5263474773654984e-36,1.0
16:08:06.627,0.0,-0.5222386630690226,0.5222386630690226,4900.0,0.0,5.823009617413534e-37,3.103185780081638e-36,1.0
16:08:06.647,0.0,-0.5222386630690226,0.5222386630690226,4900.0,0.0,5.124248463323909e-37,2.7308034864718416e-36,1.0
16:08:06.667,0.0,-0.5222386630690226,0.5222386630690226,4900.0,0.0,4.50933864772504e-37,2.40310706809522e-36,1.0
16:08:06.687,0.0,-0.5222386630690226,0.5222386630690226,4900.0,0.0,3.968218009998035e-37,2.114734219923794e-36,1.0
16:08:06.707,0.0,-0.5222386630690226,0.5222386630690226,4900.0,0.0,3.4920318487982707e-37,1.8609661135329383e-36,1.0
16:08:06.727,0.0,-0.5222386630690226,0.5222386630690226,4900.0,0.0,3.0729880269424784e-37,1.6376501799089858e-36,1.0
16:08:06.747,0.0,-0.5222386630690226,0.5222386630690226,4900.0,0.0,2.704229463709381e-37,1.4411321583199076e-36,1.0
16:08:06.767,0.0,-0.5222386630690226,0.5222386630690226,4900.0,0.0,2.3797219280642553e-37,1.2681962993215187e-36,1.0
16:08:06.787,0.0,-0.5222386630690226,0.5222386630690226,4900.0,0.0,2.0941552966965445e-37,1.1160127434029364e-36,1.0
16:08:06.807,0.0,-0.5222386630690226,0.5222386630690226,4900.0,0.0,1.8428566610929593e-37,9.820912141945841e-37,1.0
16:08:06.827,0.0,-0.5222386630690226,0.5222386630690226,4900.0,0.0,1.6217138617618042e-37,8.64240268491234e-37,1.0
16:08:06.847,0.0,-0.5222386630690226,0.5222386630690226,4900.0,0.0,1.4271081983503877e-37,7.605314362722859e-37,1.0
16:08:06.867,0.0,-0.5222386630690226,0.5222386630690226,4900.0,0.0,1.255855214548341e-37,6.6926766391961155e-37,1.0
16:08:06.887,0.0,-0.5222386630690226,0.5222386630690226,4900.0,0.0,1.1051525888025402e-37,5.889555442492582e-37,1.0
16:08:06.907,0.0,-0.5222386630690226,0.5222386630690226,4900.0,0.0,9.725342781462354e-38,5.182808789393473e-37,1.0
16:08:06.927,0.0,-0.5222386630690226,0.5222386630690226,4900.0,0.0,8.558301647686872e-38,4.560871734666256e-37,1.0
16:08:06.947,0.0,-0.5222386630690226,0.5222386630690226,4900.0,0.0,7.531305449964447e-38,4.013567126506305e-37,1.0
16:08:06.967,0.0,-0.5222386630690226,0.5222386630690226,4900.0,0.0,6.627548795968713e-38,3.5319390713255484e-37,1.0
16:08:06.987,0.0,-0.5222386630690226,0.5222386630690226,4900.0,0.0,5.832242940452468e-38,3.1081063827664827e-37,1.0
16:08:07.007,0.0,-0.5222386630690226,0.5222386630690226,4900.0,0.0,5.132373787598172e-38,2.735133616834505e-37,1.0
16:08:07.027,0.0,-0.5222386630690226,0.5222386630690226,4900.0,0.0,4.516488933086391e-38,2.406917582814364e-37,1.0
16:08:07.047,0.0,-0.5222386630690226,0.5222386630690226,4900.0,0.0,3.974510261116024e-38,2.1180874728766406e-37,1.0
16:08:07.067,0.0,-0.5222386630690226,0.5222386630690226,4900.0,0.0,3.497569029782101e-38,1.8639169761314437e-37,1.0
16:08:07.087,0.0,-0.5222386630690226,0.5222386630690226,4900.0,0.0,3.077860746208249e-38,1.6402469389956704e-37,1.0
16:08:07.107,0.0,-0.5222386630690226,0.5222386630690226,4900.0,0.0,2.7085174566632593e-38,1.44341730631619e-37,1.0
16:08:07.127,0.0,-0.5222386630690226,0.5222386630690226,4900.0,0.0,2.3834953618636684e-38,1.2702072295582473e-37,1.0
16:08:07.147,0.0,-0.5222386630690226,0.5222386630690226,4900.0,0.0,2.0974759184400282e-38,1.1177823620112576e-37,1.0
16:08:07.167,0.0,-0.5222386630690226,0.5222386630690226,4900.0,0.0,1.845778808227225e-38,9.836484785699067e-38,1.0
16:08:07.187,0.0,-0.5222386630690226,0.5222386630690226,4900.0,0.0,1.624285351239958e-38,8.65610661141518e-38,1.0
16:08:07.207,0.0,-0.5222386630690226,0.5222386630690226,4900.0,0.0,1.429371109091163e-38,7.617373818045358e-38,1.0
16:08:07.228,0.0,-0.5222386630690226,0.5222386630690226,4900.0,0.0,1.2578465760002234e-38,6.703288959879915e-38,1.0
16:08:07.247,0.0,-0.5222386630690226,0.5222386630690226,4900.0,0.0,1.1069049868801967e-38,5.898894284694326e-38,1.0
16:08:07.267,0.0,-0.5222386630690226,0.5222386630690226,4900.0,0.0,9.74076388454573e-39,5.191026970531006e-38,1.0
16:08:07.287,0.0,-0.5222386630690226,0.5222386630690226,4900.0,0.0,8.571872218400242e-39,4.5681037340672855e-38,1.0
16:08:07.307,0.0,-0.5222386630690226,0.5222386630690226,4900.0,0.0,7.543247552192213e-39,4.019931285979211e-38,1.0
16:08:07.327,0.0,-0.5222386630690226,0.5222386630690226,4900.0,0.0,6.638057845929147e-39,3.5375395316617057e-38,1.0
16:08:07.347,0.0,-0.5222386630690226,0.5222386630690226,4900.0,0.0,5.84149090441765e-39,3.113034787862301e-38,1.0
16:08:07.367,0.0,-0.5222386630690226,0.5222386630690226,4900.0,0.0,5.140511995887532e-39,2.739470613318825e-38,1.0
16:08:07.387,0.0,-0.5222386630690226,0.5222386630690226,4900.0,0.0,4.523650556381028e-39,2.410734139720566e-38,1.0
16:08:07.407,0.0,-0.5222386630690226,0.5222386630690226,4900.0,0.0,3.980812489615305e-39,2.121446042954098e-38,1.0
16:08:07.427,0.0,-0.5222386630690226,0.5222386630690226,4900.0,0.0,3.503114990861468e-39,1.8668725177996062e-38,1.0
16:08:07.447,0.0,-0.5222386630690226,0.5222386630690226,4900.0,0.0,3.082741191958092e-39,1.6428478156636535e-38,1.0
16:08:07.467,0.0,-0.5222386630690226,0.5222386630690226,4900.0,0.0,2.712812248923121e-39,1.445706077784015e-38,1.0
16:08:07.487,0.0,-0.5222386630690226,0.5222386630690226,4900.0,0.0,2.3872747790523465e-39,1.2722213484499334e-38,1.0
16:08:07.508,0.0,-0.5222386630690226,0.5222386630690226,4900.0,0.0,2.100801805566065e-39,1.1195547866359413e-38,1.0
16:08:07.527,0.0,-0.5222386630690226,0.5222386630690226,4900.0,0.0,1.848705588898137e-39,9.852082122396283e-39,1.0
16:08:07.547,0.0,-0.6092784402471929,0.6092784402471929,5450.0,0.0,1.6268609182303606e-39,8.669832267708729e-39,1.0
16:08:07.567,0.0,-0.5222386630690226,0.5222386630690226,4900.0,0.0,1.4316376080427173e-39,7.629452395583682e-39,1.0
16:08:07.587,0.0,-0.5222386630690226,0.5222386630690226,4900.0,0.0,1.2598410950775913e-39,6.71391810811364e-39,1.0
16:08:07.607,0.0,-0.5222386630690226,0.5222386630690226,4900.0,0.0,1.1086601636682804e-39,5.908247935140004e-39,1.0
16:08:07.628,0.0,-0.5222386630690226,0.5222386630690226,4900.0,0.0,9.756209440280868e-40,5.1992581829232033e-39,1.0
16:08:07.648,0.0,-0.5222386630690226,0.5222386630690226,4900.0,0.0,8.585464307447164e-40,4.575347200972419e-39,1.0
16:08:07.667,0.0,-0.5222386630690226,0.5222386630690226,4900.0,0.0,7.555208590553504e-40,4.026305536855729e-39,1.0
16:08:07.687,0.0,-0.5222386630690226,0.5222386630690226,4900.0,0.0,6.6485835596870835e-40,3.5431488724330414e-39,1.0
16:08:07.707,0.0,-0.5222386630690226,0.5222386630690226,4900.0,0.0,5.850753532524634e-40,3.117971007741077e-39,1.0
16:08:07.727,0.0,-0.5222386630690226,0.5222386630690226,4900.0,0.0,5.148663108621678e-40,2.7438144868121477e-39,1.0
16:08:07.747,0.0,-0.5222386630690226,0.5222386630690226,4900.0,0.0,4.530823535587077e-40,2.4145567483946898e-39,1.0
16:08:07.767,0.0,-0.5222386630690226,0.5222386630690226,4900.0,0.0,3.987124711316628e-40,2.124809938587327e-39,1.0
16:08:07.787,0.0,-0.5222386630690226,0.5222386630690226,4900.0,0.0,3.5086697459586323e-40,1.8698327459568477e-39,1.0
16:08:07.807,0.0,-0.5222386630690226,0.5222386630690226,4900.0,0.0,3.0876293764435963e-40,1.645452816442026e-39,1.0
16:08:07.827,0.0,-0.5222386630690226,0.5222386630690226,4900.0,0.0,2.7171138512703646e-40,1.4479984784689829e-39,1.0
16:08:07.847,0.0,-0.5222386630690226,0.5222386630690226,4900.0,0.0,2.3910601891179208e-40,1.2742386610527049e-39,1.0
16:08:07.867,0.0,-0.5222386630690226,0.5222386630690226,4900.0,0.0,2.1041329664237704e-40,1.1213300217263802e-39,1.0
16:08:07.887,0.0,-0.5222386630690226,0.5222386630690226,4900.0,0.0,1.851637010452918e-40,9.867704191192147e-40,1.0
16:08:07.907,0.0,-0.5222386630690226,0.5222386630690226,4900.0,0.0,1.6294405691985678e-40,8.68357968824909e-40,1.0
16:08:07.927,0.0,-0.5222386630690226,0.5222386630690226,4900.0,0.0,1.4339077008947396e-40,7.641550125659199e-40,1.0
16:08:07.947,0.0,-0.5222386630690226,0.5222386630690226,4900.0,0.0,1.2618387767873708e-40,6.724564110580094e-40,1.0
16:08:07.967,0.0,-0.5222386630690226,0.5222386630690226,4900.0,0.0,1.1104181235728864e-40,5.917616417310483e-40,1.0
16:08:07.987,0.0,-0.5222386630690226,0.5222386630690226,4900.0,0.0,9.771679487441401e-41,5.207502447233226e-40,1.0
16:08:08.007,0.0,-0.5222386630690226,0.5222386630690226,4900.0,0.0,8.599077948948433e-41,4.582602153565239e-40,1.0
16:08:08.027,0.0,-0.5222386630690226,0.5222386630690226,4900.0,0.0,7.567188595074621e-41,4.03268989513741e-40,1.0
16:08:08.047,0.0,-0.5222386630690226,0.5222386630690226,4900.0,0.0,6.659125963665666e-41,3.5487671077209205e-40,1.0
16:08:08.067,0.0,-0.5222386630690226,0.5222386630690226,4900.0,0.0,5.860030848025786e-41,3.12291505479441e-40,1.0
16:08:08.087,0.0,-0.5222386630690226,0.5222386630690226,4900.0,0.0,5.156827146262692e-41,2.748165248219081e-40,1.0
16:08:08.107,0.0,-0.5222386630690226,0.5222386630690226,4900.0,0.0,4.538007888711169e-41,2.4183854184327913e-40,1.0
16:08:08.127,0.0,-0.5222386630690226,0.5222386630690226,4900.0,0.0,3.9934469420658284e-41,2.1281791682208564e-40,1.0
16:08:08.147,0.0,-0.5222386630690226,0.5222386630690226,4900.0,0.0,3.514233309017929e-41,1.8727976680343535e-40,1.0
16:08:08.167,0.0,-0.5222386630690226,0.5222386630690226,4900.0,0.0,3.0925253119357776e-41,1.648061947870231e-40,1.0
16:08:08.188,0.0,-0.5222386630690226,0.5222386630690226,4900.0,0.0,2.721422274503484e-41,1.4502945141258033e-40,1.0
16:08:08.207,0.0,-0.5222386630690226,0.5222386630690226,4900.0,0.0,2.394851601563066e-41,1.2762591724307069e-40,1.0
16:08:08.227,0.0,-0.5222386630690226,0.5222386630690226,4900.0,0.0,2.1074694093754982e-41,1.123108071739022e-40,1.0
16:08:08.247,0.0,-0.5222386630690226,0.5222386630690226,4900.0,0.0,1.8545730802504385e-41,9.883351031303395e-41,1.0
16:08:08.267,0.0,-0.5222386630690226,0.5222386630690226,4900.0,0.0,1.6320243106203858e-41,8.697348907546987e-41,1.0
16:08:08.287,0.0,-0.5222386630690226,0.5222386630690226,4900.0,0.0,1.4361813933459394e-41,7.653667038641348e-41,1.0
16:08:08.307,0.0,-0.5222386630690226,0.5222386630690226,4900.0,0.0,1.2638396261444268e-41,6.735226994004387e-41,1.0
16:08:08.327,0.0,-0.5222386630690226,0.5222386630690226,4900.0,0.0,1.1121788710070956e-41,5.92699975472386e-41,1.0
16:08:08.347,0.0,-0.5222386630690226,0.5222386630690226,4900.0,0.0,9.787174064862441e-42,5.215759784156998e-41,1.0
16:08:08.367,0.0,-0.5222386630690226,0.5222386630690226,4900.0,0.0,8.612713177078948e-42,4.589868610058158e-41,1.0
16:08:08.387,0.0,-0.5222386630690226,0.5222386630690226,4900.0,0.0,7.579187595829475e-42,4.0390843768511786e-41,1.0
16:08:08.407,0.0,-0.5222386630690226,0.5222386630690226,4900.0,0.0,6.669685084329938e-42,3.554394251629037e-41,1.0
16:08:08.427,0.0,-0.5222386630690226,0.5222386630690226,4900.0,0.0,5.869322874210345e-42,3.127866941433553e-41,1.0
16:08:08.448,-1.0000000000000029,-0.5222386630690226,-0.4777613369309803,-4618.950000000018,0.0,5.165004129305103e-42,2.752522908461526e-41,1.0
16:08:08.467,-1.0000000000000029,-0.5222386630690226,-0.4777613369309803,-4618.950000000018,0.0,4.545203633788491e-42,2.422220159446143e-41,1.0
16:08:08.487,-1.0000000000000029,-0.6092784402471929,-0.39072155975280987,-4068.950000000018,0.0,3.9997791977338724e-42,2.1315537403126062e-41,1.0
16:08:08.507,-1.0000000000000029,-0.6092784402471929,-0.39072155975280987,-4068.950000000018,0.0,3.519805694005808e-42,1.8757672914750935e-41,1.0
16:08:08.527,-1.0000000000000029,-0.6092784402471929,-0.39072155975280987,-4068.950000000018,0.0,3.097429010725111e-42,1.6506752164980823e-41,1.0
16:08:08.548,-1.0000000000000029,-0.6092784402471929,-0.39072155975280987,-4068.950000000018,0.0,2.7257375294380976e-42,1.4525941905183123e-41,1.0
16:08:08.567,-1.0000000000000029,-0.6092784402471929,-0.39072155975280987,-4068.950000000018,0.0,2.398649025905526e-42,1.2782828876561148e-41,1.0
16:08:08.587,-1.0000000000000029,-0.6092784402471929,-0.39072155975280987,-4068.950000000018,0.0,2.1108111427968628e-42,1.1248889411373811e-41,1.0
16:08:08.607,-1.0000000000000029,-0.6092784402471929,-0.39072155975280987,-4068.950000000018,0.0,1.857513805661239e-42,9.899022682008954e-42,1.0
16:08:08.628,-1.0000000000000029,-0.6092784402471929,-0.39072155975280987,-4068.950000000018,0.0,1.6346121489818904e-42,8.711139960167879e-42,1.0
16:08:08.648,-1.0000000000000029,-0.6092784402471929,-0.39072155975280987,-4068.950000000018,0.0,1.4384586911040634e-42,7.665803164947732e-42,1.0
16:08:08.667,-1.0000000000000029,-0.6092784402471929,-0.39072155975280987,-4068.950000000018,0.0,1.2658436481715759e-42,6.745906785154005e-42,1.0
16:08:08.687,-1.0000000000000029,-0.6092784402471929,-0.39072155975280987,-4068.950000000018,0.0,1.1139424103909867e-42,5.936397970935525e-42,1.0
16:08:08.707,-1.0000000000000029,-0.6092784402471929,-0.39072155975280987,-4068.950000000018,0.0,9.802693211440684e-43,5.2240302144232614e-42,1.0
16:08:08.727,-1.0000000000000029,-0.6092784402471929,-0.39072155975280987,-4068.950000000018,0.0,8.626370026067801e-43,4.5971465886924695e-42,1.0
16:08:08.748,-1.0000000000000029,-0.6092784402471929,-0.39072155975280987,-4068.950000000018,0.0,7.591205622939665e-43,4.045488998049374e-42,1.0
16:08:08.767,-1.0000000000000029,-0.6092784402471929,-0.39072155975280987,-4068.950000000018,0.0,6.680260948186905e-43,3.5600303182834485e-42,1.0
16:08:08.787,-1.0000000000000029,-0.6092784402471929,-0.39072155975280987,-4068.950000000018,0.0,5.878629634404477e-43,3.132826680089435e-42,1.0
16:08:08.807,-1.0000000000000029,-0.6092784402471929,-0.39072155975280987,-4068.950000000018,0.0,5.1731940782759395e-43,2.7568874784787028e-42,1.0
16:08:08.827,-1.0000000000000029,-0.6092784402471929,-0.39072155975280987,-4068.950000000018,0.0,4.552410788882827e-43,2.4260609810612583e-42,1.0
16:08:08.848,-1.0000000000000029,-0.6092784402471929,-0.39072155975280987,-4068.950000000018,0.0,4.006121494216887e-43,2.134933663333907e-42,1.0
16:08:08.867,-1.0000000000000029,-0.6092784402471929,-0.39072155975280987,-4068.950000000018,0.0,3.5253869149108606e-43,1.8787416237338382e-42,1.0
16:08:08.888,-1.0000000000000029,-0.6092784402471929,-0.39072155975280987,-4068.950000000018,0.0,3.1023404851215574e-43,1.6532926288857776e-42,1.0
16:08:08.907,-1.0000000000000029,-0.6092784402471929,-0.39072155975280987,-4068.950000000018,0.0,2.7300596269069707e-43,1.4548975134194844e-42,1.0
16:08:08.928,-1.0000000000000029,-0.5222386630690226,-0.4777613369309803,-4618.950000000018,0.0,2.4024524716781343e-43,1.2803098118091465e-42,1.0
16:08:08.947,-1.0000000000000029,-0.6092784402471929,-0.39072155975280987,-4068.950000000018,0.0,2.1141581750767583e-43,1.1266726343920488e-42,1.0
16:08:08.967,-1.0000000000000029,-0.6092784402471929,-0.39072155975280987,-4068.950000000018,0.0,1.8604591940675474e-43,9.91471918265003e-43,1.0
16:08:08.987,-1.0000000000000029,-0.6092784402471929,-0.39072155975280987,-4068.950000000018,0.0,1.6372040907794417e-43,8.724952880732028e-43,1.0
16:08:09.007,-1.0000000000000029,-0.6092784402471929,-0.39072155975280987,-4068.950000000018,0.0,1.4407395998859088e-43,7.677958535044185e-43,1.0
16:08:09.028,-1.0000000000000029,-0.6092784402471929,-0.39072155975280987,-4068.950000000018,0.0,1.2678508478995998e-43,6.756603510838883e-43,1.0
16:08:09.047,-1.0000000000000029,-0.6092784402471929,-0.39072155975280987,-4068.950000000018,0.0,1.1157087461516478e-43,5.9458110895382165e-43,1.0
16:08:09.067,-1.0000000000000029,-0.5222386630690226,-0.4777613369309803,-4618.950000000018,0.0,9.818236966134501e-44,5.2323137587936306e-43,1.0
16:08:09.087,-1.0000000000000029,-0.6092784402471929,-0.39072155975280987,-4068.950000000018,0.0,8.640048530198361e-44,4.604436107738395e-43,1.0
16:08:09.107,-1.0000000000000029,-0.5222386630690226,-0.4777613369309803,-4618.950000000018,0.0,7.603242706574558e-44,4.0519037748097876e-43,1.0
16:08:09.127,-1.0000000000000029,-0.5222386630690226,-0.4777613369309803,-4618.950000000018,0.0,6.690853581785611e-44,3.5656753218326136e-43,1.0
16:08:09.147,-1.0000000000000029,-0.6092784402471929,-0.39072155975280987,-4068.950000000018,0.0,5.887951151971338e-44,3.1377942832127e-43,1.0
16:08:09.167,-1.0000000000000029,-0.6092784402471929,-0.39072155975280987,-4068.950000000018,0.0,5.181397013734778e-44,2.7612589692271758e-43,1.0
16:08:09.188,-1.0000000000000029,-0.6092784402471929,-0.39072155975280987,-4068.950000000018,0.0,4.559629372086604e-44,2.4299078929199148e-43,1.0
16:08:09.207,-1.0000000000000029,-0.6092784402471929,-0.39072155975280987,-4068.950000000018,0.0,4.012473847436212e-44,2.1383189457695253e-43,1.0
16:08:09.227,-1.0000000000000029,-0.6092784402471929,-0.39072155975280987,-4068.950000000018,0.0,3.5309769857438666e-44,1.8817206722771823e-43,1.0
16:08:09.248,-1.0000000000000029,-0.6092784402471929,-0.39072155975280987,-4068.950000000018,0.0,3.1072597474546026e-44,1.6559141916039204e-43,1.0
16:08:09.267,-1.0000000000000029,-0.6092784402471929,-0.39072155975280987,-4068.950000000018,0.0,2.7343885777600506e-44,1.45720448861145e-43,1.0
16:08:09.287,-1.0000000000000029,-0.6092784402471929,-0.39072155975280987,-4068.950000000018,0.0,2.4062619484288443e-44,1.282339949978076e-43,1.0
16:08:09.307,-1.0000000000000029,-0.5222386630690226,-0.4777613369309803,-4618.950000000018,0.0,2.117510514617383e-44,1.1284591559807068e-43,1.0
16:08:09.327,-1.0000000000000029,-0.5222386630690226,-0.4777613369309803,-4618.950000000018,0.0,1.863409252863297e-44,9.93044057263022e-44,1.0
16:08:09.347,-1.0000000000000029,-0.5222386630690226,-0.4777613369309803,-4618.950000000018,0.0,1.6398001425197013e-44,8.738787703914593e-44,1.0
16:08:09.367,-1.0000000000000029,-0.5222386630690226,-0.4777613369309803,-4618.950000000018,0.0,1.443024125417337e-44,7.690133179444841e-44,1.0
16:08:09.387,-1.0000000000000029,-0.6092784402471929,-0.39072155975280987,-4068.950000000018,0.0,1.2698612303672566e-44,6.76731719791146e-44,1.0
16:08:09.407,-1.0000000000000029,-0.6092784402471929,-0.39072155975280987,-4068.950000000018,0.0,1.1174778827231857e-44,5.955239134162084e-44,1.0
16:08:09.427,-1.0000000000000029,-0.6092784402471929,-0.39072155975280987,-4068.950000000018,0.0,9.833805367964035e-45,5.240610438062635e-44,1.0
16:08:09.447,-1.0000000000000029,-0.6092784402471929,-0.39072155975280987,-4068.950000000018,0.0,8.653748723808351e-45,4.611737185495118e-44,1.0
16:08:09.467,-1.0000000000000029,-0.6092784402471929,-0.39072155975280987,-4068.950000000018,0.0,7.615298876951349e-45,4.0583287232357045e-44,1.0
16:08:09.488,-1.0000000000000029,-0.6092784402471929,-0.39072155975280987,-4068.950000000018,0.0,6.701463011717187e-45,3.57132927644742e-44,1.0
16:08:09.507,-1.0000000000000029,-0.6092784402471929,-0.39072155975280987,-4068.950000000018,0.0,5.897287450311125e-45,3.1427697632737295e-44,1.0
16:08:09.527,-1.0000000000000029,-0.6092784402471929,-0.39072155975280987,-4068.950000000018,0.0,5.18961295627379e-45,2.7656373916808823e-44,1.0
16:08:09.547,-1.0000000000000029,-0.6092784402471929,-0.39072155975280987,-4068.950000000018,0.0,4.5668594015209356e-45,2.433760904679177e-44,1.0
16:08:09.567,-1.0000000000000029,-0.6092784402471929,-0.39072155975280987,-4068.950000000018,0.0,4.0188362733384234e-45,2.1417095961176754e-44,1.0
16:08:09.587,-1.0000000000000029,-0.6092784402471929,-0.39072155975280987,-4068.950000000018,0.0,3.536575920537813e-45,1.8847044445835545e-44,1.0
16:08:09.608,-1.0000000000000029,-0.6092784402471929,-0.39072155975280987,-4068.950000000018,0.0,3.1121868100732755e-45,1.658539911233528e-44,1.0
16:08:09.627,-1.0000000000000029,-0.6092784402471929,-0.39072155975280987,-4068.950000000018,0.0,2.7387243928644825e-45,1.4595151218855047e-44,1.0
16:08:09.647,-1.0000000000000029,-0.6092784402471929,-0.39072155975280987,-4068.950000000018,0.0,2.4100774657207446e-45,1.2843733072592443e-44,1.0
16:08:09.667,-1.0000000000000029,-0.6092784402471929,-0.39072155975280987,-4068.950000000018,0.0,2.120868169834255e-45,1.1302485103881348e-44,1.0
16:08:09.687,-1.0000000000000029,-0.6092784402471929,-0.39072155975280987,-4068.950000000018,0.0,1.8663639894541447e-45,9.946186891415587e-45,1.0
16:08:09.707,-1.0000000000000029,-0.6092784402471929,-0.39072155975280987,-4068.950000000018,0.0,1.6424003107196473e-45,8.752644464445717e-45,1.0
16:08:09.727,-1.0000000000000029,-0.6092784402471929,-0.39072155975280987,-4068.950000000018,0.0,1.4453122734332897e-45,7.702327128712231e-45,1.0
16:08:09.747,-1.0000000000000029,-0.6092784402471929,-0.39072155975280987,-4068.950000000018,0.0,1.2718748006212949e-45,6.778047873266763e-45,1.0
16:08:09.768,-1.0000000000000029,-0.6092784402471929,-0.39072155975280987,-4068.950000000018,0.0,1.1192498245467395e-45,5.964682128474751e-45,1.0
16:08:09.787,-1.0000000000000029,-0.6092784402471929,-0.39072155975280987,-4068.950000000018,0.0,9.849398456011307e-46,5.2489202730577805e-45,1.0
16:08:09.807,-1.0000000000000029,-0.6092784402471929,-0.39072155975280987,-4068.950000000018,0.0,8.66747064128995e-46,4.619049840290847e-45,1.0
16:08:09.827,-1.0000000000000029,-0.6092784402471929,-0.39072155975280987,-4068.950000000018,0.0,7.627374164335155e-46,4.0647638594559453e-45,1.0
16:08:09.847,-1.0000000000000029,-0.6092784402471929,-0.39072155975280987,-4068.950000000018,0.0,6.712089264614937e-46,3.576992196321232e-45,1.0
16:08:09.867,-1.0000000000000029,-0.6092784402471929,-0.39072155975280987,-4068.950000000018,0.0,5.9066385528611444e-46,3.147753132762684e-45,1.0
16:08:09.888,-1.0000000000000029,-0.6092784402471929,-0.39072155975280987,-4068.950000000018,0.0,5.197841926517807e-46,2.770022756831162e-45,1.0
16:08:09.907,-1.0000000000000029,-0.6092784402471929,-0.39072155975280987,-4068.950000000018,0.0,4.5741008953356705e-46,2.4376200260114226e-45,1.0
16:08:09.927,-1.0000000000000029,-0.6092784402471929,-0.39072155975280987,-4068.950000000018,0.0,4.02520878789539e-46,2.1451056228900518e-45,1.0
16:08:09.947,-1.0000000000000029,-0.6092784402471929,-0.39072155975280987,-4068.950000000018,0.0,3.542183733347943e-46,1.8876929481432455e-45,1.0
16:08:09.967,-1.0000000000000029,-0.6092784402471929,-0.39072155975280987,-4068.950000000018,0.0,3.11712168534619e-46,1.6611697943660563e-45,1.0
16:08:09.987,-1.0000000000000029,-0.6092784402471929,-0.39072155975280987,-4068.950000000018,0.0,2.7430670831046473e-46,1.4618294190421295e-45,1.0
16:08:10.007,-1.0000000000000029,-0.6092784402471929,-0.39072155975280987,-4068.950000000018,0.0,2.4138990331320895e-46,1.2864098887570739e-45,1.0
16:08:10.027,-1.0000000000000029,-0.6092784402471929,-0.39072155975280987,-4068.950000000018,0.0,2.1242311491562387e-46,1.132040702106225e-45,1.0
16:08:10.048,-1.0000000000000029,-0.6092784402471929,-0.39072155975280987,-4068.950000000018,0.0,1.8693234112574903e-46,9.961958178534782e-46,1.0
16:08:10.067,-1.0000000000000029,-0.6092784402471929,-0.39072155975280987,-4068.950000000018,0.0,1.6450046019065914e-46,8.766523197110607e-46,1.0
16:08:10.087,-1.0000000000000029,-0.6092784402471929,-0.39072155975280987,-4068.950000000018,0.0,1.4476040496778004e-46,7.714540413457334e-46,1.0
16:08:10.107,-1.0000000000000029,-0.6092784402471929,-0.39072155975280987,-4068.950000000018,0.0,1.2738915637164644e-46,6.788795563842454e-46,1.0
16:08:10.127,-1.0000000000000029,-0.6092784402471929,-0.39072155975280987,-4068.950000000018,0.0,1.1210245760704886e-46,5.9741400961813596e-46,1.0
16:08:10.148,-1.0000000000000029,-0.6092784402471929,-0.39072155975280987,-4068.950000000018,0.0,9.8650162694203e-47,5.257243284639597e-46,1.0
16:08:10.167,-1.0000000000000029,-0.6092784402471929,-0.39072155975280987,-4068.950000000018,0.0,8.681214317089865e-47,4.626374090482845e-46,1.0
16:08:10.187,-1.0000000000000029,-0.6092784402471929,-0.39072155975280987,-4068.950000000018,0.0,7.639468599039081e-47,4.071209199624904e-46,1.0
16:08:10.208,-1.0000000000000029,-0.5222386630690226,-0.4777613369309803,-4618.950000000018,0.0,6.722732367154392e-47,3.582664095669916e-46,1.0
16:08:10.227,-1.0000000000000029,-0.6092784402471929,-0.39072155975280987,-4068.950000000018,0.0,5.916004483095865e-47,3.1527444041895256e-46,1.0
16:08:10.247,-1.0000000000000029,-0.6092784402471929,-0.39072155975280987,-4068.950000000018,0.0,5.206083945124361e-47,2.7744150756867826e-46,1.0
16:08:10.267,-1.0000000000000029,-0.6092784402471929,-0.39072155975280987,-4068.950000000018,0.0,4.581353871709438e-47,2.4414852666043687e-46,1.0
16:08:10.287,-1.0000000000000029,-0.6092784402471929,-0.39072155975280987,-4068.950000000018,0.0,4.0315914071043053e-47,2.1485070346118444e-46,1.0
16:08:10.307,-1.0000000000000029,-0.6092784402471929,-0.39072155975280987,-4068.950000000018,0.0,3.5478004382517887e-47,1.8906861904584232e-46,1.0
16:08:10.327,-1.0000000000000029,-0.6092784402471929,-0.39072155975280987,-4068.950000000018,0.0,3.122064385661574e-47,1.6638038476034124e-46,1.0
16:08:10.347,-1.0000000000000029,-0.6092784402471929,-0.39072155975280987,-4068.950000000018,0.0,2.747416659382185e-47,1.4641473858910028e-46,1.0
16:08:10.367,-1.0000000000000029,-0.6092784402471929,-0.39072155975280987,-4068.950000000018,0.0,2.417726660256323e-47,1.2884496995840825e-46,1.0
16:08:10.387,-1.0000000000000029,-0.6092784402471929,-0.39072155975280987,-4068.950000000018,0.0,2.1275994610255642e-47,1.1338357356339928e-46,1.0
16:08:10.407,-1.0000000000000029,-0.6092784402471929,-0.39072155975280987,-4068.950000000018,0.0,1.8722875257024966e-47,9.977754473579135e-47,1.0
16:08:10.427,-1.0000000000000029,-0.6092784402471929,-0.39072155975280987,-4068.950000000018,0.0,1.647613022618197e-47,8.78042393674964e-47,1.0
16:08:10.447,-1.0000000000000029,-0.6092784402471929,-0.39072155975280987,-4068.950000000018,0.0,1.4498994599040133e-47,7.726773064339683e-47,1.0
16:08:10.467,-1.0000000000000029,-0.5222386630690226,-0.4777613369309803,-4618.950000000018,0.0,1.2759115247155317e-47,6.79956029661892e-47,1.0
16:08:10.487,-1.0000000000000029,-0.6092784402471929,-0.39072155975280987,-4068.950000000018,0.0,1.1228021417496678e-47,5.98361306102465e-47,1.0
16:08:10.507,-1.0000000000000029,-0.6092784402471929,-0.39072155975280987,-4068.950000000018,0.0,9.880658847397078e-48,5.265579493701693e-47,1.0
16:08:10.527,-1.0000000000000029,-0.6092784402471929,-0.39072155975280987,-4068.950000000018,0.0,8.694979785709428e-48,4.633709954457489e-47,1.0
16:08:10.547,-1.0000000000000029,-0.6092784402471929,-0.39072155975280987,-4068.950000000018,0.0,7.651582211424297e-48,4.0776647599225904e-47,1.0
16:08:10.568,-1.0000000000000029,-0.6092784402471929,-0.39072155975280987,-4068.950000000018,0.0,6.733392346053381e-48,3.58834498873188e-47,1.0
16:08:10.587,-1.0000000000000029,-0.6092784402471929,-0.39072155975280987,-4068.950000000018,0.0,5.925385264526975e-48,3.1577435900840542e-47,1.0
16:08:10.607,-1.0000000000000029,-0.6092784402471929,-0.39072155975280987,-4068.950000000018,0.0,5.2143390327837383e-48,2.7788143592739676e-47,1.0
16:08:10.627,-1.0000000000000029,-0.6092784402471929,-0.39072155975280987,-4068.950000000018,0.0,4.5886183488496897e-48,2.4453566361610915e-47,1.0
16:08:10.647,-1.0000000000000029,-0.6092784402471929,-0.39072155975280987,-4068.950000000018,0.0,4.0379841469877267e-48,2.1519138398217603e-47,1.0
16:08:10.667,-1.0000000000000029,-0.6092784402471929,-0.39072155975280987,-4068.950000000018,0.0,3.5534260493492e-48,1.8936841790431493e-47,1.0
16:08:10.687,-1.0000000000000029,-0.6092784402471929,-0.39072155975280987,-4068.950000000018,0.0,3.1270149234272956e-48,1.6664420775579713e-47,1.0
16:08:10.707,-1.0000000000000029,-0.6092784402471929,-0.39072155975280987,-4068.950000000018,0.0,2.7517731326160204e-48,1.4664690282510147e-47,1.0
16:08:10.727,-1.0000000000000029,-0.6092784402471929,-0.39072155975280987,-4068.950000000018,0.0,2.421560356702098e-48,1.290492744860893e-47,1.0
16:08:10.747,-1.0000000000000029,-0.6092784402471929,-0.39072155975280987,-4068.950000000018,0.0,2.1309731138978463e-48,1.1356336154775858e-47,1.0
16:08:10.767,-1.0000000000000029,-0.6092784402471929,-0.39072155975280987,-4068.950000000018,0.0,1.8752563402301048e-48,9.993575816202757e-48,1.0
16:08:10.787,-1.0000000000000029,-0.6092784402471929,-0.39072155975280987,-4068.950000000018,0.0,1.650225579402492e-48,8.794346718258425e-48,1.0
16:08:10.807,-1.0000000000000029,-0.6092784402471929,-0.39072155975280987,-4068.950000000018,0.0,1.452198509874193e-48,7.739025112067413e-48,1.0
16:08:10.827,-1.0000000000000029,-0.6092784402471929,-0.39072155975280987,-4068.950000000018,0.0,1.2779346886892899e-48,6.810342098619324e-48,1.0
16:08:10.847,-1.0000000000000029,-0.6092784402471929,-0.39072155975280987,-4068.950000000018,0.0,1.1245825260465751e-48,5.993101046785006e-48,1.0
16:08:10.867,-1.0000000000000029,-0.6092784402471929,-0.39072155975280987,-4068.950000000018,0.0,9.896326229209861e-49,5.273928921170805e-48,1.0
16:08:10.887,-1.0000000000000029,-0.6092784402471929,-0.39072155975280987,-4068.950000000018,0.0,8.708767081704678e-49,4.6410574506303086e-48,1.0
16:08:10.907,-1.0000000000000029,-0.6092784402471929,-0.39072155975280987,-4068.950000000018,0.0,7.663715031900117e-49,4.084130556554672e-48,1.0
16:08:10.927,-1.0000000000000029,-0.6092784402471929,-0.39072155975280987,-4068.950000000018,0.0,6.744069228072103e-49,3.594034889768111e-48,1.0
16:08:10.947,-1.0000000000000029,-0.6092784402471929,-0.39072155975280987,-4068.950000000018,0.0,5.934780920703451e-49,3.162750702995938e-48,1.0
16:08:10.967,-1.0000000000000029,-0.6092784402471929,-0.39072155975280987,-4068.950000000018,0.0,5.222607210219037e-49,2.783220618636425e-48,1.0
16:08:10.987,-1.0000000000000029,-0.6092784402471929,-0.39072155975280987,-4068.950000000018,0.0,4.595894344992753e-49,2.4492341444000545e-48,1.0
16:08:11.007,-1.0000000000000029,-0.6092784402471929,-0.39072155975280987,-4068.950000000018,0.0,4.0443870235936224e-49,2.155326047072048e-48,1.0
16:08:11.027,-1.0000000000000029,-0.6092784402471929,-0.39072155975280987,-4068.950000000018,0.0,3.559060580762388e-49,1.8966869214234022e-48,1.0
16:08:11.047,-1.0000000000000029,-0.5222386630690226,-0.4777613369309803,-4618.950000000018,0.0,3.1319733110709014e-49,1.669084490852594e-48,1.0
16:08:11.067,-1.0000000000000029,-0.6092784402471929,-0.39072155975280987,-4068.950000000018,0.0,2.756136513742393e-49,1.4687943519502826e-48,1.0
16:08:11.087,-1.0000000000000029,-0.6092784402471929,-0.39072155975280987,-4068.950000000018,0.0,2.425400132093306e-49,1.2925390297162487e-48,1.0
16:08:11.107,-1.0000000000000029,-0.6092784402471929,-0.39072155975280987,-4068.950000000018,0.0,2.1343521162421092e-49,1.1374343461502989e-48,1.0
16:08:11.128,-1.0000000000000029,-0.6092784402471929,-0.39072155975280987,-4068.950000000018,0.0,1.878229862293056e-49,1.000942224612263e-48,1.0
16:08:11.148,-1.0000000000000029,-0.6092784402471929,-0.39072155975280987,-4068.950000000018,0.0,1.6528422788178893e-49,8.808291576587915e-49,1.0
16:08:11.167,-1.0000000000000029,-0.6092784402471929,-0.39072155975280987,-4068.950000000018,0.0,1.4545012053597425e-49,7.751296587397364e-49,1.0
16:08:11.187,-1.0000000000000029,-0.6092784402471929,-0.39072155975280987,-4068.950000000018,0.0,1.2799610607165735e-49,6.821140996909681e-49,1.0
16:08:11.207,-1.0000000000000029,-0.6092784402471929,-0.39072155975280987,-4068.950000000018,0.0,1.1263657334305846e-49,6.0026040772805186e-49,1.0
16:08:11.227,-1.0000000000000029,-0.6092784402471929,-0.39072155975280987,-4068.950000000018,0.0,9.912018454189145e-50,5.282291588006857e-49,1.0
16:08:11.247,-1.0000000000000029,-0.6092784402471929,-0.39072155975280987,-4068.950000000018,0.0,8.722576239686448e-50,4.6484165974460345e-49,1.0
16:08:11.267,-1.0000000000000029,-0.6092784402471929,-0.39072155975280987,-4068.950000000018,0.0,7.6758670909240745e-50,4.090606605752511e-49,1.0
16:08:11.287,-1.0000000000000029,-0.6092784402471929,-0.39072155975280987,-4068.950000000018,0.0,6.754763040013185e-50,3.599733813062209e-49,1.0
16:08:11.307,-1.0000000000000029,-0.6092784402471929,-0.39072155975280987,-4068.950000000018,0.0,5.944191475211603e-50,3.167765755494744e-49,1.0
16:08:11.327,-1.0000000000000029,-0.6092784402471929,-0.39072155975280987,-4068.950000000018,0.0,5.230888498186211e-50,2.7876338648353745e-49,1.0
16:08:11.347,-1.0000000000000029,-0.6092784402471929,-0.39072155975280987,-4068.950000000018,0.0,4.603181878403865e-50,2.4531178010551295e-49,1.0
16:08:11.367,-1.0000000000000029,-0.6092784402471929,-0.39072155975280987,-4068.950000000018,0.0,4.0508000529954017e-50,2.158743664928514e-49,1.0
16:08:11.387,-1.0000000000000029,-0.6092784402471929,-0.39072155975280987,-4068.950000000018,0.0,3.5647040466359534e-50,1.8996944251370925e-49,1.0
16:08:11.407,-1.0000000000000029,-0.6092784402471929,-0.39072155975280987,-4068.950000000018,0.0,3.136939561039639e-50,1.6717310941206413e-49,1.0
16:08:11.427,-1.0000000000000029,-0.6092784402471929,-0.39072155975280987,-4068.950000000018,0.0,2.7605068137148823e-50,1.4711233628261644e-49,1.0
16:08:11.447,-1.0000000000000029,-0.6092784402471929,-0.39072155975280987,-4068.950000000018,0.0,2.4292459960690964e-50,1.2945885592870247e-49,1.0
16:08:11.467,-1.0000000000000029,-0.6092784402471929,-0.39072155975280987,-4068.950000000018,0.0,2.1377364765408049e-50,1.1392379321725818e-49,1.0
16:08:11.487,-1.0000000000000029,-0.6092784402471929,-0.39072155975280987,-4068.950000000018,0.0,1.8812080993559083e-50,1.0025293803118718e-49,1.0
16:08:11.507,-1.0000000000000029,-0.6092784402471929,-0.39072155975280987,-4068.950000000018,0.0,1.6554631274331994e-50,8.822258546744473e-50,1.0
16:08:11.527,-1.0000000000000029,-0.6092784402471929,-0.39072155975280987,-4068.950000000018,0.0,1.4568075521412156e-50,7.763587521135137e-50,1.0
16:08:11.547,-1.0000000000000029,-0.6092784402471929,-0.39072155975280987,-4068.950000000018,0.0,1.2819906458842697e-50,6.831957018598921e-50,1.0
16:08:11.567,-1.0000000000000029,-0.6092784402471929,-0.39072155975280987,-4068.950000000018,0.0,1.1281517683781573e-50,6.01212217636705e-50,1.0
16:08:11.587,-1.0000000000000029,-0.6092784402471929,-0.39072155975280987,-4068.950000000018,0.0,9.927735561727785e-51,5.290667515203004e-50,1.0
16:08:11.607,-1.0000000000000029,-0.6092784402471929,-0.39072155975280987,-4068.950000000018,0.0,8.736407294320451e-51,4.655787413378644e-50,1.0
16:08:11.628,-1.0000000000000029,-0.6092784402471929,-0.39072155975280987,-4068.950000000018,0.0,7.688038419001997e-51,4.097092923773207e-50,1.0
16:08:11.647,-1.0000000000000029,-0.6092784402471929,-0.39072155975280987,-4068.950000000018,0.0,6.765473808721758e-51,3.6054417729204224e-50,1.0
16:08:11.667,-1.0000000000000029,-0.6092784402471929,-0.39072155975280987,-4068.950000000018,0.0,5.953616951675147e-51,3.1727887601699713e-50,1.0
16:08:11.687,-1.0000000000000029,-0.6092784402471929,-0.39072155975280987,-4068.950000000018,0.0,5.239182917474129e-51,2.7920541089495746e-50,1.0
16:08:11.707,-1.0000000000000029,-0.6092784402471929,-0.39072155975280987,-4068.950000000018,0.0,4.610480967377234e-51,2.457007615875626e-50,1.0
16:08:11.727,-1.0000000000000029,-0.6092784402471929,-0.39072155975280987,-4068.950000000018,0.0,4.0572232512919656e-51,2.1621667019705507e-50,1.0
16:08:11.747,-1.0000000000000029,-0.6092784402471929,-0.39072155975280987,-4068.950000000018,0.0,3.5703564611369297e-51,1.9027066977340846e-50,1.0
16:08:11.767,-1.0000000000000029,-0.6092784402471929,-0.39072155975280987,-4068.950000000018,0.0,3.1419136858004984e-51,1.6743818940059945e-50,1.0
16:08:11.787,-1.0000000000000029,-0.6092784402471929,-0.39072155975280987,-4068.950000000018,0.0,2.7648840435044385e-51,1.4734560667252753e-50,1.0
16:08:11.807,-1.0000000000000029,-0.6092784402471929,-0.39072155975280987,-4068.950000000018,0.0,2.433097958283906e-51,1.2966413387182422e-50,1.0
16:08:11.828,-1.0000000000000029,-0.6092784402471929,-0.39072155975280987,-4068.950000000018,0.0,2.1411262032898373e-51,1.1410443780720532e-50,1.0
16:08:11.847,-1.0000000000000029,-0.6092784402471929,-0.39072155975280987,-4068.950000000018,0.0,1.884191058895057e-51,1.0041190527034068e-50,1.0
16:08:11.867,-1.0000000000000029,-0.6092784402471929,-0.39072155975280987,-4068.950000000018,0.0,1.6580881318276502e-51,8.836247663789981e-51,1.0
16:08:11.887,-1.0000000000000029,-0.6092784402471929,-0.39072155975280987,-4068.950000000018,0.0,1.4591175560083322e-51,7.775897944135183e-51,1.0
16:08:11.907,-1.0000000000000029,-0.6092784402471929,-0.39072155975280987,-4068.950000000018,0.0,1.2840234492873323e-51,6.842790190838961e-51,1.0
16:08:11.927,-1.0000000000000029,-0.6092784402471929,-0.39072155975280987,-4068.950000000018,0.0,1.1299406353728525e-51,6.021655367938287e-51,1.0
16:08:11.948,-1.0000000000000029,-0.6092784402471929,-0.39072155975280987,-4068.950000000018,0.0,9.943477591281103e-52,5.299056723785692e-51,1.0
16:08:11.967,-1.0000000000000029,-0.6092784402471929,-0.39072155975280987,-4068.950000000018,0.0,8.75026028032737e-52,4.6631699169314095e-51,1.0
16:08:11.987,-1.0000000000000029,-0.6092784402471929,-0.39072155975280987,-4068.950000000018,0.0,7.700229046688086e-52,4.10358952689964e-51,1.0
16:08:12.007,-1.0000000000000029,-0.6092784402471929,-0.39072155975280987,-4068.950000000018,0.0,6.776201561085515e-52,3.611158783671683e-51,1.0
16:08:12.027,-1.0000000000000029,-0.6092784402471929,-0.39072155975280987,-4068.950000000018,0.0,5.963057373755254e-52,3.1778197296310815e-51,1.0
16:08:12.047,-1.0000000000000029,-0.6092784402471929,-0.39072155975280987,-4068.950000000018,0.0,5.247490488904623e-52,2.7964813620753516e-51,1.0
16:08:12.067,-1.0000000000000029,-0.6092784402471929,-0.39072155975280987,-4068.950000000018,0.0,4.617791630236069e-52,2.4609035986263093e-51,1.0
16:08:12.087,-1.0000000000000029,-0.6092784402471929,-0.39072155975280987,-4068.950000000018,0.0,4.0636566346077405e-52,2.1655951667911524e-51,1.0
16:08:12.107,-1.0000000000000029,-0.6092784402471929,-0.39072155975280987,-4068.950000000018,0.0,3.576017838454812e-52,1.905723746776214e-51,1.0
16:08:12.127,-1.0000000000000029,-0.6092784402471929,-0.39072155975280987,-4068.950000000018,0.0,3.1468956978402346e-52,1.6770368971630685e-51,1.0
16:08:12.147,-1.0000000000000029,-0.6092784402471929,-0.39072155975280987,-4068.950000000018,0.0,2.7692682140994065e-52,1.4757924695035003e-51,1.0
16:08:12.167,-1.0000000000000029,-0.6092784402471929,-0.39072155975280987,-4068.950000000018,0.0,2.4369560284074778e-52,1.2986973731630804e-51,1.0
16:08:12.187,-1.0000000000000029,-0.6092784402471929,-0.39072155975280987,-4068.950000000018,0.0,2.1445213049985805e-52,1.1428536883835107e-51,1.0
16:08:12.207,-1.0000000000000029,-0.6092784402471929,-0.39072155975280987,-4068.950000000018,0.0,1.887178748398751e-52,1.0057112457774894e-51,1.0
16:08:12.227,-1.0000000000000029,-0.6092784402471929,-0.39072155975280987,-4068.950000000018,0.0,1.6607172985909008e-52,8.850258962841907e-52,1.0
16:08:12.247,-1.0000000000000029,-0.6092784402471929,-0.39072155975280987,-4068.950000000018,0.0,1.4614312227599927e-52,7.788227887300879e-52,1.0
16:08:12.267,-1.0000000000000029,-0.6092784402471929,-0.39072155975280987,-4068.950000000018,0.0,1.2860594760287935e-52,6.853640540824773e-52,1.0
16:08:12.287,-1.0000000000000029,-0.6092784402471929,-0.39072155975280987,-4068.950000000018,0.0,1.1317323389053383e-52,6.0312036759258e-52,1.0
16:08:12.307,-1.0000000000000029,-0.6092784402471929,-0.39072155975280987,-4068.950000000018,0.0,9.959244582366977e-53,5.307459234814704e-52,1.0
16:08:12.327,-1.0000000000000029,-0.6092784402471929,-0.39072155975280987,-4068.950000000018,0.0,8.76413523248294e-53,4.67056412663694e-52,1.0
16:08:12.347,-1.0000000000000029,-0.6092784402471929,-0.39072155975280987,-4068.950000000018,0.0,7.712439004584987e-53,4.110096431440507e-52,1.0
16:08:12.367,-1.0000000000000029,-0.6092784402471929,-0.39072155975280987,-4068.950000000018,0.0,6.786946324034789e-53,3.616884859667647e-52,1.0
16:08:12.387,-1.0000000000000029,-0.6092784402471929,-0.39072155975280987,-4068.950000000018,0.0,5.972512765150614e-53,3.1828586765075285e-52,1.0
16:08:12.407,-1.0000000000000029,-0.6092784402471929,-0.39072155975280987,-4068.950000000018,0.0,5.255811233332541e-53,2.8009156353266254e-52,1.0
16:08:12.427,-1.0000000000000029,-0.6092784402471929,-0.39072155975280987,-4068.950000000018,0.0,4.625113885332636e-53,2.4648057590874303e-52,1.0
16:08:12.447,-1.0000000000000029,-0.6092784402471929,-0.39072155975280987,-4068.950000000018,0.0,4.07010021909272e-53,2.169029067996939e-52,1.0
16:08:12.467,-1.0000000000000029,-0.6092784402471929,-0.39072155975280987,-4068.950000000018,0.0,3.5816881928015937e-53,1.9087455798373062e-52,1.0
16:08:12.487,-1.0000000000000029,-0.6092784402471929,-0.39072155975280987,-4068.950000000018,0.0,3.1518856096654023e-53,1.6796961102568293e-52,1.0
16:08:12.507,-1.0000000000000029,-0.6092784402471929,-0.39072155975280987,-4068.950000000018,0.0,2.773659336505554e-53,1.4781325770260098e-52,1.0
16:08:12.527,-1.0000000000000029,-0.6092784402471929,-0.39072155975280987,-4068.950000000018,0.0,2.4408202161248874e-53,1.3007566677828886e-52,1.0
16:08:12.547,-1.0000000000000029,-0.6092784402471929,-0.39072155975280987,-4068.950000000018,0.0,2.1479217901899007e-53,1.1446658676489418e-52,1.0
16:08:12.567,-1.0000000000000029,-0.6092784402471929,-0.39072155975280987,-4068.950000000018,0.0,1.8901711753671126e-53,1.0073059635310689e-52,1.0
16:08:12.588,-1.0000000000000029,-0.6092784402471929,-0.39072155975280987,-4068.950000000018,0.0,1.663350634323059e-53,8.864292479073406e-53,1.0
16:08:12.607,-1.0000000000000029,-0.6092784402471929,-0.39072155975280987,-4068.950000000018,0.0,1.463748558204292e-53,7.800577381584597e-53,1.0
16:08:12.628,-1.0000000000000029,-0.6092784402471929,-0.39072155975280987,-4068.950000000018,0.0,1.288098731219777e-53,6.864508095794446e-53,1.0
16:08:12.647,-1.0000000000000029,-0.6092784402471929,-0.39072155975280987,-4068.950000000018,0.0,1.1335268834734038e-53,6.040767124299112e-53,1.0
16:08:12.667,-1.0000000000000029,-0.6092784402471929,-0.39072155975280987,-4068.950000000018,0.0,9.975036574565953e-54,5.315875069383218e-53,1.0
16:08:12.687,-1.0000000000000029,-0.6092784402471929,-0.39072155975280987,-4068.950000000018,0.0,8.778032185618039e-54,4.677970061057233e-53,1.0
16:08:12.707,-1.0000000000000029,-0.6092784402471929,-0.39072155975280987,-4068.950000000018,0.0,7.724668323343875e-54,4.116613653730365e-53,1.0
16:08:12.728,-1.0000000000000029,-0.6092784402471929,-0.39072155975280987,-4068.950000000018,0.0,6.797708124542609e-54,3.6226200152827208e-53,1.0
16:08:12.747,-1.0000000000000029,-0.6092784402471929,-0.39072155975280987,-4068.950000000018,0.0,5.981983149597496e-54,3.1879056134487948e-53,1.0
16:08:12.767,-1.0000000000000029,-0.6092784402471929,-0.39072155975280987,-4068.950000000018,0.0,5.264145171645797e-54,2.8053569398349397e-53,1.0
16:08:12.787,-1.0000000000000029,-0.6092784402471929,-0.39072155975280987,-4068.950000000018,0.0,4.632447751048302e-54,2.4687141070547468e-53,1.0
16:08:12.807,-1.0000000000000029,-0.6092784402471929,-0.39072155975280987,-4068.950000000018,0.0,4.076554020922506e-54,2.1724684142081774e-53,1.0
16:08:12.827,-1.0000000000000029,-0.6092784402471929,-0.39072155975280987,-4068.950000000018,0.0,3.587367538411805e-54,1.911772204503196e-53,1.0
16:08:12.847,-1.0000000000000029,-0.6092784402471929,-0.39072155975280987,-4068.950000000018,0.0,3.1568834338023883e-54,1.6823595399628123e-53,1.0
16:08:12.867,-1.0000000000000029,-0.6092784402471929,-0.39072155975280987,-4068.950000000018,0.0,2.778057421746102e-54,1.480476395167275e-53,1.0
16:08:12.887,-1.0000000000000029,-0.6092784402471929,-0.39072155975280987,-4068.950000000018,0.0,2.4446905311365699e-54,1.302819227747202e-53,1.0
16:08:12.907,-1.0000000000000029,-0.6092784402471929,-0.39072155975280987,-4068.950000000018,0.0,2.1513276674001815e-54,1.146480920417538e-53,1.0
16:08:12.927,-1.0000000000000029,-0.6092784402471929,-0.39072155975280987,-4068.950000000018,0.0,1.8931683473121598e-54,1.0089032099674334e-53,1.0
16:08:12.947,-1.0000000000000029,-0.6092784402471929,-0.39072155975280987,-4068.950000000018,0.0,1.6659881456347005e-54,8.878348247713414e-54,1.0
16:08:12.967,-1.0000000000000029,-0.6092784402471929,-0.39072155975280987,-4068.950000000018,0.0,1.4660695681585364e-54,7.812946457987804e-54,1.0
16:08:12.987,-1.0000000000000029,-0.6092784402471929,-0.39072155975280987,-4068.950000000018,0.0,1.290141219979512e-54,6.875392883029266e-54,1.0
16:08:13.007,-1.0000000000000029,-0.6092784402471929,-0.39072155975280987,-4068.950000000018,0.0,1.1353242735819706e-54,6.050345737065754e-54,1.0
16:08:13.028,-1.0000000000000029,-0.6092784402471929,-0.39072155975280987,-4068.950000000018,0.0,9.990853607521341e-55,5.324304248617865e-54,1.0
16:08:13.047,-1.0000000000000029,-0.6092784402471929,-0.39072155975280987,-4068.950000000018,0.0,8.79195117461878e-55,4.6853877387837206e-54,1.0
16:08:13.067,-1.0000000000000029,-0.6092784402471929,-0.39072155975280987,-4068.950000000018,0.0,7.736917033664526e-55,4.123141210129674e-54,1.0
16:08:13.087,-1.0000000000000029,-0.6092784402471929,-0.39072155975280987,-4068.950000000018,0.0,6.808486989624783e-55,3.628364264914113e-54,1.0
16:08:13.107,-1.0000000000000029,-0.6092784402471929,-0.39072155975280987,-4068.950000000018,0.0,5.9914685508698094e-55,3.1929605531244195e-54,1.0
16:08:13.127,-1.0000000000000029,-0.6092784402471929,-0.39072155975280987,-4068.950000000018,0.0,5.2724923247654324e-55,2.809805286749489e-54,1.0
16:08:13.147,-1.0000000000000029,-0.6092784402471929,-0.39072155975280987,-4068.950000000018,0.0,4.63979324579358e-55,2.4726286523395505e-54,1.0
16:08:13.167,-1.0000000000000029,-0.6092784402471929,-0.39072155975280987,-4068.950000000018,0.0,4.0830180562983506e-55,2.1759132140588045e-54,1.0
16:08:13.187,-1.0000000000000029,-0.6092784402471929,-0.39072155975280987,-4068.950000000018,0.0,3.593055889542549e-55,1.914803628371748e-54,1.0
16:08:13.207,-1.0000000000000029,-0.6092784402471929,-0.39072155975280987,-4068.950000000018,0.0,3.161889182797443e-55,1.685027192967138e-54,1.0
16:08:13.227,-1.0000000000000029,-0.6092784402471929,-0.39072155975280987,-4068.950000000018,0.0,2.7824624808617497e-55,1.4828239298110816e-54,1.0
16:08:13.247,-1.0000000000000029,-0.6092784402471929,-0.39072155975280987,-4068.950000000018,0.0,2.4485669831583396e-55,1.3048850582337517e-54,1.0
16:08:13.267,-1.0000000000000029,-0.6092784402471929,-0.39072155975280987,-4068.950000000018,0.0,2.154738945179339e-55,1.1482988512457016e-54,1.0
16:08:13.287,-1.0000000000000029,-0.6092784402471929,-0.39072155975280987,-4068.950000000018,0.0,1.8961702717578182e-55,1.0105029890962173e-54,1.0
16:08:13.307,-1.0000000000000029,-0.6092784402471929,-0.39072155975280987,-4068.950000000018,0.0,1.66862983914688e-55,8.892426304046712e-55,1.0
16:08:13.327,-1.0000000000000029,-0.6092784402471929,-0.39072155975280987,-4068.950000000018,0.0,1.4683942584492543e-55,7.825335147561107e-55,1.0
16:08:13.347,-1.0000000000000029,-0.6092784402471929,-0.39072155975280987,-4068.950000000018,0.0,1.2921869474353439e-55,6.886294929853775e-55,1.0
16:08:13.367,-1.0000000000000029,-0.6092784402471929,-0.39072155975280987,-4068.950000000018,0.0,1.1371245137431027e-55,6.0599395382713216e-55,1.0
16:08:13.387,-1.0000000000000029,-0.6092784402471929,-0.39072155975280987,-4068.950000000018,0.0,1.0006695720939303e-55,5.332746793678763e-55,1.0
16:08:13.407,-1.0000000000000029,-0.6092784402471929,-0.39072155975280987,-4068.950000000018,0.0,8.805892234426586e-56,4.692817178437311e-55,1.0
16:08:13.427,-1.0000000000000029,-0.6092784402471929,-0.39072155975280987,-4068.950000000018,0.0,7.749185166295396e-56,4.1296791170248334e-55,1.0
16:08:13.447,-1.0000000000000029,-0.6092784402471929,-0.39072155975280987,-4068.950000000018,0.0,6.819282946339948e-56,3.6341176229818535e-55,1.0
16:08:13.467,-1.0000000000000029,-0.6092784402471929,-0.39072155975280987,-4068.950000000018,0.0,6.000968992779155e-56,3.1980235082240316e-55,1.0
16:08:13.487,-1.0000000000000029,-0.6092784402471929,-0.39072155975280987,-4068.950000000018,0.0,5.280852713645656e-56,2.8142606872371476e-55,1.0
16:08:13.507,-1.0000000000000029,-0.6092784402471929,-0.39072155975280987,-4068.950000000018,0.0,4.647150388008178e-56,2.47654940476869e-55,1.0
16:08:13.527,-1.0000000000000029,-0.6092784402471929,-0.39072155975280987,-4068.950000000018,0.0,4.089492341447197e-56,2.1793634761964474e-55,1.0
16:08:13.547,-1.0000000000000029,-0.6092784402471929,-0.39072155975280987,-4068.950000000018,0.0,3.5987532604735336e-56,1.917839859052874e-55,1.0
16:08:13.567,-1.0000000000000029,-0.6092784402471929,-0.39072155975280987,-4068.950000000018,0.0,3.1669028692167098e-56,1.687699075966529e-55,1.0
16:08:13.587,-1.0000000000000029,-0.6092784402471929,-0.39072155975280987,-4068.950000000018,0.0,2.7868745249107046e-56,1.4851751868505458e-55,1.0
16:08:13.607,-1.0000000000000029,-0.6092784402471929,-0.39072155975280987,-4068.950000000018,0.0,2.45244958192142e-56,1.3069541644284803e-55,1.0
16:08:13.628,-1.0000000000000029,-0.6092784402471929,-0.39072155975280987,-4068.950000000018,0.0,2.15815563209085e-56,1.1501196646970628e-55,1.0
16:08:13.647,-1.0000000000000029,-0.6092784402471929,-0.39072155975280987,-4068.950000000018,0.0,1.899176956239948e-56,1.0121053049334151e-55,1.0
16:08:13.667,-1.0000000000000029,-0.6092784402471929,-0.39072155975280987,-4068.950000000018,0.0,1.6712757214911542e-56,8.906526683414054e-56,1.0
16:08:13.687,-1.0000000000000029,-0.6092784402471929,-0.39072155975280987,-4068.950000000018,0.0,1.4707226349122157e-56,7.837743481404368e-56,1.0
16:08:13.707,-1.0000000000000029,-0.6092784402471929,-0.39072155975280987,-4068.950000000018,0.0,1.2942359187227498e-56,6.897214263635843e-56,1.0
16:08:13.727,-1.0000000000000029,-0.6092784402471929,-0.39072155975280987,-4068.950000000018,0.0,1.1389276084760197e-56,6.069548551999542e-56,1.0
16:08:13.747,-1.0000000000000029,-0.6092784402471929,-0.39072155975280987,-4068.950000000018,0.0,1.0022562954588974e-56,5.341202725759597e-56,1.0
16:08:13.767,-1.0000000000000029,-0.6092784402471929,-0.39072155975280987,-4068.950000000018,0.0,8.819855400038297e-57,4.700258398668445e-56,1.0
16:08:13.787,-1.0000000000000029,-0.6092784402471929,-0.39072155975280987,-4068.950000000018,0.0,7.761472752033701e-57,4.1362273908282315e-56,1.0
16:08:13.807,-1.0000000000000029,-0.6092784402471929,-0.39072155975280987,-4068.950000000018,0.0,6.830096021789657e-57,3.639880103928844e-56,1.0
16:08:13.827,-1.0000000000000029,-0.6092784402471929,-0.39072155975280987,-4068.950000000018,0.0,6.010484499174898e-57,3.2030944914573826e-56,1.0
16:08:13.847,-1.0000000000000029,-0.6092784402471929,-0.39072155975280987,-4068.950000000018,0.0,5.28922635927391e-57,2.8187231524824963e-56,1.0
16:08:13.867,-1.0000000000000029,-0.6092784402471929,-0.39072155975280987,-4068.950000000018,0.0,4.654519196161041e-57,2.480476374184597e-56,1.0
16:08:13.887,-1.0000000000000029,-0.6092784402471929,-0.39072155975280987,-4068.950000000018,0.0,4.095976892621716e-57,2.1828192092824454e-56,1.0
16:08:13.907,-1.0000000000000029,-0.6092784402471929,-0.39072155975280987,-4068.950000000018,0.0,3.60445966550711e-57,1.9208809041685519e-56,1.0
16:08:13.927,-1.0000000000000029,-0.6092784402471929,-0.39072155975280987,-4068.950000000018,0.0,3.1719245056462565e-57,1.6903751956683255e-56,1.0
16:08:13.947,-1.0000000000000029,-0.6092784402471929,-0.39072155975280987,-4068.950000000018,0.0,2.7912935649687057e-57,1.4875301721881263e-56,1.0
16:08:13.967,-1.0000000000000029,-0.6092784402471929,-0.39072155975280987,-4068.950000000018,0.0,2.456338337172461e-57,1.3090265515255513e-56,1.0
16:08:13.987,-1.0000000000000029,-0.6092784402471929,-0.39072155975280987,-4068.950000000018,0.0,2.1615777367117657e-57,1.151943365342485e-56,1.0
16:08:14.007,-1.0000000000000029,-0.6092784402471929,-0.39072155975280987,-4068.950000000018,0.0,1.9021884083063538e-57,1.0137101615013868e-56,1.0
16:08:14.028,-1.0000000000000029,-0.6092784402471929,-0.39072155975280987,-4068.950000000018,0.0,1.6739257993095915e-57,8.920649421212205e-57,1.0
16:08:14.047,-1.0000000000000029,-0.6092784402471929,-0.39072155975280987,-4068.950000000018,0.0,1.4730547033924405e-57,7.85017149066674e-57,1.0
16:08:14.067,-1.0000000000000029,-0.6092784402471929,-0.39072155975280987,-4068.950000000018,0.0,1.2962881389853478e-57,6.908150911786733e-57,1.0
16:08:14.088,-1.0000000000000029,-0.6092784402471929,-0.39072155975280987,-4068.950000000018,0.0,1.140733562307106e-57,6.079172802372324e-57,1.0
16:08:14.107,-1.0000000000000029,-0.6092784402471929,-0.39072155975280987,-4068.950000000018,0.0,1.0038455348302533e-57,5.349672066087646e-57,1.0
16:08:14.127,-1.0000000000000029,-0.6092784402471929,-0.39072155975280987,-4068.950000000018,0.0,8.833840706506229e-58,4.707711418157128e-57,1.0
16:08:14.147,-1.0000000000000029,-0.6092784402471929,-0.39072155975280987,-4068.950000000018,0.0,7.773779821725482e-58,4.1427860479782727e-57,1.0
16:08:14.167,-1.0000000000000029,-0.6092784402471929,-0.39072155975280987,-4068.950000000018,0.0,6.840926243118424e-58,3.64565172222088e-57,1.0
16:08:14.187,-1.0000000000000029,-0.6092784402471929,-0.39072155975280987,-4068.950000000018,0.0,6.020015093944213e-58,3.2081735155543746e-57,1.0
16:08:14.207,-1.0000000000000029,-0.6092784402471929,-0.39072155975280987,-4068.950000000018,0.0,5.297613282670907e-58,2.8231926936878494e-57,1.0
16:08:14.227,-1.0000000000000029,-0.6092784402471929,-0.39072155975280987,-4068.950000000018,0.0,4.6618996887503985e-58,2.4844095704453074e-57,1.0
16:08:14.247,-1.0000000000000029,-0.6092784402471929,-0.39072155975280987,-4068.950000000018,0.0,4.1024717261003506e-58,2.1862804219918706e-57,1.0
16:08:14.267,-1.0000000000000029,-0.6092784402471929,-0.39072155975280987,-4068.950000000018,0.0,3.610175118968308e-58,1.923926771352846e-57,1.0
16:08:14.287,-1.0000000000000029,-0.6092784402471929,-0.39072155975280987,-4068.950000000018,0.0,3.1769541046921114e-58,1.6930555587905044e-57,1.0
16:08:14.307,-1.0000000000000029,-0.6092784402471929,-0.39072155975280987,-4068.950000000018,0.0,2.795719612129058e-58,1.489888891735644e-57,1.0
16:08:14.327,-1.0000000000000029,-0.6092784402471929,-0.39072155975280987,-4068.950000000018,0.0,2.460233258673571e-58,1.3111022247273667e-57,1.0
16:08:14.348,-1.0000000000000029,-0.6092784402471929,-0.39072155975280987,-4068.950000000018,0.0,2.1650052676327427e-58,1.1537699577600828e-57,1.0
16:08:14.367,-1.0000000000000029,-0.6092784402471929,-0.39072155975280987,-4068.950000000018,0.0,1.9052046355168136e-58,1.0153175628288728e-57,1.0
16:08:14.387,-1.0000000000000029,-0.6092784402471929,-0.39072155975280987,-4068.950000000018,0.0,1.676580079254796e-58,8.934794552894082e-58,1.0
16:08:14.407,-1.0000000000000029,-0.6092784402471929,-0.39072155975280987,-4068.950000000018,0.0,1.4753904697442206e-58,7.862619206546791e-58,1.0
16:08:14.427,-1.0000000000000029,-0.6092784402471929,-0.39072155975280987,-4068.950000000018,0.0,1.2983436133749141e-58,6.919104901761177e-58,1.0
16:08:14.447,-1.0000000000000029,-0.6092784402471929,-0.39072155975280987,-4068.950000000018,0.0,1.1425423797699244e-58,6.088812313549835e-58,1.0
16:08:14.467,-1.0000000000000029,-0.6092784402471929,-0.39072155975280987,-4068.950000000018,0.0,1.0054372941975334e-58,5.358154835923855e-58,1.0
16:08:14.487,-1.0000000000000029,-0.6092784402471929,-0.39072155975280987,-4068.950000000018,0.0,8.847848188938294e-59,4.7151762556129926e-58,1.0
16:08:14.507,-1.0000000000000029,-0.6092784402471929,-0.39072155975280987,-4068.950000000018,0.0,7.786106406265699e-59,4.149355104939433e-58,1.0
16:08:14.528,-1.0000000000000029,-0.6092784402471929,-0.39072155975280987,-4068.950000000018,0.0,6.8517736375138155e-59,3.6514324923467016e-58,1.0
16:08:14.547,-1.0000000000000029,-0.6092784402471929,-0.39072155975280987,-4068.950000000018,0.0,6.0295608010121575e-59,3.2132605932650976e-58,1.0
16:08:14.567,-1.0000000000000029,-0.6092784402471929,-0.39072155975280987,-4068.950000000018,0.0,5.306013504890699e-59,2.8276693220732857e-58,1.0
16:08:14.587,-1.0000000000000029,-0.6092784402471929,-0.39072155975280987,-4068.950000000018,0.0,4.669291884303815e-59,2.4883490034244915e-58,1.0
16:08:14.608,-1.0000000000000029,-0.5222386630690226,-0.4777613369309803,-4618.950000000018,0.0,4.108976858187357e-59,2.1897471230135525e-58,1.0
16:08:14.627,-1.0000000000000029,-0.6092784402471929,-0.39072155975280987,-4068.950000000018,0.0,3.615899635204874e-59,1.9269774682519262e-58,1.0
16:08:14.647,-1.0000000000000029,-0.6092784402471929,-0.39072155975280987,-4068.950000000018,0.0,3.1819916789802893e-59,1.695740172061695e-58,1.0
16:08:14.667,-1.0000000000000029,-0.6092784402471929,-0.39072155975280987,-4068.950000000018,0.0,2.8001526775026547e-59,1.4922513514142916e-58,1.0
16:08:14.687,-1.0000000000000029,-0.6092784402471929,-0.39072155975280987,-4068.950000000018,0.0,2.464134356202336e-59,1.3131811892445766e-58,1.0
16:08:14.708,-1.0000000000000029,-0.6092784402471929,-0.39072155975280987,-4068.950000000018,0.0,2.1684382334580557e-59,1.1555994465352275e-58,1.0
16:08:14.727,-1.0000000000000029,-0.6092784402471929,-0.39072155975280987,-4068.950000000018,0.0,1.908225645443089e-59,1.016927512951e-58,1.0
16:08:14.748,-1.0000000000000029,-0.6092784402471929,-0.39072155975280987,-4068.950000000018,0.0,1.6792385679899183e-59,8.9489621139688e-59,1.0
16:08:14.767,-1.0000000000000029,-0.6092784402471929,-0.39072155975280987,-4068.950000000018,0.0,1.4777299398311281e-59,7.875086660292545e-59,1.0
16:08:14.787,-1.0000000000000029,-0.6092784402471929,-0.39072155975280987,-4068.950000000018,0.0,1.3004023470513927e-59,6.930076261057439e-59,1.0
16:08:14.806,-1.0000000000000029,-0.6092784402471929,-0.39072155975280987,-4068.950000000018,0.0,1.1443540654052255e-59,6.098467109730546e-59,1.0
16:08:14.827,-1.0000000000000029,-0.6092784402471929,-0.39072155975280987,-4068.950000000018,0.0,1.0070315775565985e-59,5.366651056562881e-59,1.0
16:08:14.847,-1.0000000000000029,-0.6092784402471929,-0.39072155975280987,-4068.950000000018,0.0,8.861877882498067e-60,4.722652929775336e-59,1.0
16:08:14.867,-1.0000000000000029,-0.6092784402471929,-0.39072155975280987,-4068.950000000018,0.0,7.798452536598299e-60,4.155934578202295e-59,1.0
16:08:14.887,-1.0000000000000029,-0.6092784402471929,-0.39072155975280987,-4068.950000000018,0.0,6.862638232206503e-60,3.65722242881802e-59,1.0
16:08:14.907,-1.0000000000000029,-0.6092784402471929,-0.39072155975280987,-4068.950000000018,0.0,6.039121644341723e-60,3.2183557373598573e-59,1.0
16:08:14.927,-1.0000000000000029,-0.6092784402471929,-0.39072155975280987,-4068.950000000018,0.0,5.314427047020717e-60,2.832153048876675e-59,1.0
16:08:14.947,-1.0000000000000029,-0.6092784402471929,-0.39072155975280987,-4068.950000000018,0.0,4.6766958013782305e-60,2.4922946830114737e-59,1.0
16:08:14.967,-1.0000000000000029,-0.6092784402471929,-0.39072155975280987,-4068.950000000018,0.0,4.115492305212843e-60,2.193219321050097e-59,1.0
16:08:14.987,-1.0000000000000029,-0.6092784402471929,-0.39072155975280987,-4068.950000000018,0.0,3.6216332285873014e-60,1.930033002524085e-59,1.0
16:08:15.007,-1.0000000000000029,-0.6092784402471929,-0.39072155975280987,-4068.950000000018,0.0,3.1870372411568255e-60,1.6984290422211952e-59,1.0
16:08:15.027,-1.0000000000000029,-0.6092784402471929,-0.39072155975280987,-4068.950000000018,0.0,2.8045927722180065e-60,1.4946175571546518e-59,1.0
16:08:15.047,-1.0000000000000029,-0.6092784402471929,-0.39072155975280987,-4068.950000000018,0.0,2.4680416395518457e-60,1.3152634502960934e-59,1.0
16:08:15.067,-1.0000000000000029,-0.6092784402471929,-0.39072155975280987,-4068.950000000018,0.0,2.1718766428056242e-60,1.1574318362605623e-59,1.0
16:08:15.087,-1.0000000000000029,-0.6092784402471929,-0.39072155975280987,-4068.950000000018,0.0,1.9112514456689494e-60,1.0185400159092948e-59,1.0
16:08:15.107,-1.0000000000000029,-0.6092784402471929,-0.39072155975280987,-4068.950000000018,0.0,1.6819012721886755e-60,8.963152140001795e-60,1.0
16:08:15.127,-1.0000000000000029,-0.6092784402471929,-0.39072155975280987,-4068.950000000018,0.0,1.4800731195260345e-60,7.88757388320158e-60,1.0
16:08:15.147,-1.0000000000000029,-0.6092784402471929,-0.39072155975280987,-4068.950000000018,0.0,1.3024643451829105e-60,6.941065017217391e-60,1.0
16:08:15.167,-1.0000000000000029,-0.6092784402471929,-0.39072155975280987,-4068.950000000018,0.0,1.1461686237609613e-60,6.108137215151304e-60,1.0
16:08:15.188,-1.0000000000000029,-0.6092784402471929,-0.39072155975280987,-4068.950000000018,0.0,1.008628388909646e-60,5.375160749333148e-60,1.0
16:08:15.207,-1.0000000000000029,-0.6092784402471929,-0.39072155975280987,-4068.950000000018,0.0,8.875929822404885e-61,4.7301414594131703e-60,1.0
16:08:15.227,-1.0000000000000029,-0.6092784402471929,-0.39072155975280987,-4068.950000000018,0.0,7.810818243716299e-61,4.16252448428359e-60,1.0
16:08:15.248,-1.0000000000000029,-0.6092784402471929,-0.39072155975280987,-4068.950000000018,0.0,6.873520054470343e-61,3.6630215461695594e-60,1.0
16:08:15.268,-1.0000000000000029,-0.6092784402471929,-0.39072155975280987,-4068.950000000018,0.0,6.048697647933902e-61,3.223458960629212e-60,1.0
16:08:15.287,-1.0000000000000029,-0.6092784402471929,-0.39072155975280987,-4068.950000000018,0.0,5.322853930181834e-61,2.836643885353707e-60,1.0
16:08:15.307,-1.0000000000000029,-0.6092784402471929,-0.39072155975280987,-4068.950000000018,0.0,4.684111458560014e-61,2.496246619111262e-60,1.0
16:08:15.327,-1.0000000000000029,-0.6092784402471929,-0.39072155975280987,-4068.950000000018,0.0,4.122018083532812e-61,2.1966970248179106e-60,1.0
16:08:15.347,-1.0000000000000029,-0.6092784402471929,-0.39072155975280987,-4068.950000000018,0.0,3.6273759135088746e-61,1.9330933818397612e-60,1.0
16:08:15.368,-1.0000000000000029,-0.6092784402471929,-0.39072155975280987,-4068.950000000018,0.0,3.19209080388781e-61,1.70112217601899e-60,1.0
16:08:15.387,-1.0000000000000029,-0.6092784402471929,-0.39072155975280987,-4068.950000000018,0.0,2.8090399074212728e-61,1.4969875148967112e-60,1.0
16:08:15.407,-1.0000000000000029,-0.6092784402471929,-0.39072155975280987,-4068.950000000018,0.0,2.47195511853072e-61,1.317349013109106e-60,1.0
16:08:15.428,-1.0000000000000029,-0.6092784402471929,-0.39072155975280987,-4068.950000000018,0.0,2.1753205043070337e-61,1.1592671315360132e-60,1.0
16:08:15.447,-1.0000000000000029,-0.6092784402471929,-0.39072155975280987,-4068.950000000018,0.0,1.9142820437901897e-61,1.0201550757516917e-60,1.0
16:08:15.467,-1.0000000000000029,-0.6092784402471929,-0.39072155975280987,-4068.950000000018,0.0,1.684568198535367e-61,8.977364666614887e-61,1.0
16:08:15.487,-1.0000000000000029,-0.6092784402471929,-0.39072155975280987,-4068.950000000018,0.0,1.482420014711123e-61,7.9000809066211e-61,1.0
16:08:15.507,-1.0000000000000029,-0.6092784402471929,-0.39072155975280987,-4068.950000000018,0.0,1.3045296129457882e-61,6.952071197826568e-61,1.0
16:08:15.528,-1.0000000000000029,-0.6092784402471929,-0.39072155975280987,-4068.950000000018,0.0,1.1479860593922935e-61,6.11782265408738e-61,1.0
16:08:15.547,-1.0000000000000029,-0.6092784402471929,-0.39072155975280987,-4068.950000000018,0.0,1.0102277322652184e-61,5.3836839355968946e-61,1.0
16:08:15.568,-1.0000000000000029,-0.6092784402471929,-0.39072155975280987,-4068.950000000018,0.0,8.890004043933922e-62,4.737641863325267e-61,1.0
16:08:15.588,-1.0000000000000029,-0.6092784402471929,-0.39072155975280987,-4068.950000000018,0.0,7.823203558661852e-62,4.1691248397262355e-61,1.0
16:08:15.608,-1.0000000000000029,-0.6092784402471929,-0.39072155975280987,-4068.950000000018,0.0,6.88441913162243e-62,3.668829858959088e-61,1.0
16:08:15.628,-1.0000000000000029,-0.6092784402471929,-0.39072155975280987,-4068.950000000018,0.0,6.058288835827738e-62,3.228570275883997e-61,1.0
16:08:15.647,-1.0000000000000029,-0.5222386630690226,-0.4777613369309803,-4618.950000000018,0.0,5.33129417552841e-62,2.841141842777917e-61,1.0
16:08:15.667,-1.0000000000000029,-0.6092784402471929,-0.39072155975280987,-4068.950000000018,0.0,4.691538874465e-62,2.500204821644567e-61,1.0
16:08:15.687,-1.0000000000000029,-0.6092784402471929,-0.39072155975280987,-4068.950000000018,0.0,4.1285542095292e-62,2.2001802430472192e-61,1.0
16:08:15.707,-1.0000000000000029,-0.6092784402471929,-0.39072155975280987,-4068.950000000018,0.0,3.6331277043856965e-62,1.936158613881553e-61,1.0
16:08:15.727,-1.0000000000000029,-0.6092784402471929,-0.39072155975280987,-4068.950000000018,0.0,3.197152379859413e-62,1.7038195802157667e-61,1.0
16:08:15.747,-1.0000000000000029,-0.6092784402471929,-0.39072155975280987,-4068.950000000018,0.0,2.8134940942762833e-62,1.4993612305898746e-61,1.0
16:08:15.767,-1.0000000000000029,-0.6092784402471929,-0.39072155975280987,-4068.950000000018,0.0,2.475874802963129e-62,1.3194378829190894e-61,1.0
16:08:15.787,-1.0000000000000029,-0.6092784402471929,-0.39072155975280987,-4068.950000000018,0.0,2.1787698266075538e-62,1.1611053369687988e-61,1.0
16:08:15.807,-1.0000000000000029,-0.6092784402471929,-0.39072155975280987,-4068.950000000018,0.0,1.9173174474146474e-62,1.021772696532543e-61,1.0
16:08:15.827,-1.0000000000000029,-0.6092784402471929,-0.39072155975280987,-4068.950000000018,0.0,1.6872393537248896e-62,8.991599729486378e-62,1.0
16:08:15.847,-1.0000000000000029,-0.6092784402471929,-0.39072155975280987,-4068.950000000018,0.0,1.4847706312779028e-62,7.912607761948012e-62,1.0
16:08:15.867,-1.0000000000000029,-0.6092784402471929,-0.39072155975280987,-4068.950000000018,0.0,1.3065981555245544e-62,6.963094830514251e-62,1.0
16:08:15.887,-1.0000000000000029,-0.6092784402471929,-0.39072155975280987,-4068.950000000018,0.0,1.149806376861608e-62,6.127523450852541e-62,1.0
16:08:15.908,-1.0000000000000029,-0.6092784402471929,-0.39072155975280987,-4068.950000000018,0.0,1.011829611638215e-62,5.392220636750235e-62,1.0
16:08:15.927,-1.0000000000000029,-0.6092784402471929,-0.39072155975280987,-4068.950000000018,0.0,8.904100582416292e-63,4.745154160340207e-62,1.0
16:08:15.947,-1.0000000000000029,-0.6092784402471929,-0.39072155975280987,-4068.950000000018,0.0,7.835608512526337e-63,4.175735661099382e-62,1.0
16:08:15.968,-1.0000000000000029,-0.6092784402471929,-0.39072155975280987,-4068.950000000018,0.0,6.895335491023176e-63,3.6746473817674566e-62,1.0
16:08:15.987,-1.0000000000000029,-0.6092784402471929,-0.39072155975280987,-4068.950000000018,0.0,6.067895232100395e-63,3.2336896959553615e-62,1.0
16:08:16.007,-1.0000000000000029,-0.6092784402471929,-0.39072155975280987,-4068.950000000018,0.0,5.339747804248348e-63,2.8456469324407184e-62,1.0
16:08:16.027,-1.0000000000000029,-0.6092784402471929,-0.39072155975280987,-4068.950000000018,0.0,4.6989780677385457e-63,2.504169300547832e-62,1.0
16:08:16.047,-1.0000000000000029,-0.6092784402471929,-0.39072155975280987,-4068.950000000018,0.0,4.13510069960992e-63,2.203668984482092e-62,1.0
16:08:16.067,-1.0000000000000029,-0.6092784402471929,-0.39072155975280987,-4068.950000000018,0.0,3.63888861565673e-63,1.9392287063442412e-62,1.0
16:08:16.087,-1.0000000000000029,-0.6092784402471929,-0.39072155975280987,-4068.950000000018,0.0,3.202221981777922e-63,1.7065212615829322e-62,1.0
16:08:16.107,-1.0000000000000029,-0.6092784402471929,-0.39072155975280987,-4068.950000000018,0.0,2.817955343964572e-63,1.5017387101929805e-62,1.0
16:08:16.127,-1.0000000000000029,-0.6092784402471929,-0.39072155975280987,-4068.950000000018,0.0,2.479800702688823e-63,1.3215300649698229e-62,1.0
16:08:16.147,-1.0000000000000029,-0.6092784402471929,-0.39072155975280987,-4068.950000000018,0.0,2.1822246183661644e-63,1.162946457173444e-62,1.0
16:08:16.167,-1.0000000000000029,-0.6092784402471929,-0.39072155975280987,-4068.950000000018,0.0,1.9203576641622247e-63,1.0233928823126308e-62,1.0
16:08:16.187,-1.0000000000000029,-0.6092784402471929,-0.39072155975280987,-4068.950000000018,0.0,1.6899147444627577e-63,9.00585736435115e-63,1.0
16:08:16.208,-1.0000000000000029,-0.6092784402471929,-0.39072155975280987,-4068.950000000018,0.0,1.4871249751272268e-63,7.925154480629012e-63,1.0
16:08:16.227,-1.0000000000000029,-0.6092784402471929,-0.39072155975280987,-4068.950000000018,0.0,1.3086699781119596e-63,6.974135942953531e-63,1.0
16:08:16.248,-1.0000000000000029,-0.6092784402471929,-0.39072155975280987,-4068.950000000018,0.0,1.1516295807385245e-63,6.137239629799108e-63,1.0
16:08:16.267,-1.0000000000000029,-0.6092784402471929,-0.39072155975280987,-4068.950000000018,0.0,1.0134340310499016e-63,5.400770874223215e-63,1.0
16:08:16.287,-1.0000000000000029,-0.6092784402471929,-0.39072155975280987,-4068.950000000018,0.0,8.918219473239134e-64,4.7526783693164296e-63,1.0
16:08:16.308,-1.0000000000000029,-0.6092784402471929,-0.39072155975280987,-4068.950000000018,0.0,7.848033136450438e-64,4.1823569649984574e-63,1.0
16:08:16.327,-1.0000000000000029,-0.6092784402471929,-0.39072155975280987,-4068.950000000018,0.0,6.906269160076385e-64,3.6804741291986424e-63,1.0
16:08:16.347,-1.0000000000000029,-0.6092784402471929,-0.39072155975280987,-4068.950000000018,0.0,6.077516860867219e-64,3.2388172336948055e-63,1.0
16:08:16.368,-1.0000000000000029,-0.5222386630690226,-0.4777613369309803,-4618.950000000018,0.0,5.3482148375631525e-64,2.850159165651429e-63,1.0
16:08:16.387,-1.0000000000000029,-0.6092784402471929,-0.39072155975280987,-4068.950000000018,0.0,4.706429057055574e-64,2.5081400657732573e-63,1.0
16:08:16.407,-1.0000000000000029,-0.6092784402471929,-0.39072155975280987,-4068.950000000018,0.0,4.141657570208905e-64,2.2071632578804664e-63,1.0
16:08:16.428,-1.0000000000000029,-0.6092784402471929,-0.39072155975280987,-4068.950000000018,0.0,3.6446586617838364e-64,1.9423036669348103e-63,1.0
16:08:16.448,-1.0000000000000029,-0.6092784402471929,-0.39072155975280987,-4068.950000000018,0.0,3.207299622369776e-64,1.709227226902633e-63,1.0
16:08:16.468,-1.0000000000000029,-0.6092784402471929,-0.39072155975280987,-4068.950000000018,0.0,2.822423667685403e-64,1.5041199596743172e-63,1.0
16:08:16.487,-1.0000000000000029,-0.6092784402471929,-0.39072155975280987,-4068.950000000018,0.0,2.4837328275631547e-64,1.323625564513399e-63,1.0
16:08:16.507,-1.0000000000000029,-0.6092784402471929,-0.39072155975280987,-4068.950000000018,0.0,2.1856848882555763e-64,1.1647904967717913e-63,1.0
16:08:16.527,-1.0000000000000029,-0.6092784402471929,-0.39072155975280987,-4068.950000000018,0.0,1.923402701664907e-64,1.0250156371591763e-63,1.0
16:08:16.548,-1.0000000000000029,-0.6092784402471929,-0.39072155975280987,-4068.950000000018,0.0,1.6925943774651183e-64,9.020137607000752e-64,1.0
16:08:16.568,-1.0000000000000029,-0.6092784402471929,-0.39072155975280987,-4068.950000000018,0.0,1.489483052169304e-64,7.937721094160661e-64,1.0
16:08:16.588,-1.0000000000000029,-0.6092784402471929,-0.39072155975280987,-4068.950000000018,0.0,1.3107450859089875e-64,6.985194562861382e-64,1.0
16:08:16.607,-1.0000000000000029,-0.6092784402471929,-0.39072155975280987,-4068.950000000018,0.0,1.1534556755999091e-64,6.146971215318017e-64,1.0
16:08:16.627,-1.0000000000000029,-0.6092784402471929,-0.39072155975280987,-4068.950000000018,0.0,1.01504099452792e-64,5.4093346694798544e-64,1.0
16:08:16.647,-1.0000000000000029,-0.6092784402471929,-0.39072155975280987,-4068.950000000018,0.0,8.932360751845696e-65,4.760214509142272e-64,1.0
16:08:16.667,-1.0000000000000029,-0.6092784402471929,-0.39072155975280987,-4068.950000000018,0.0,7.860477461624213e-65,4.1889887680452e-64,1.0
16:08:16.687,-1.0000000000000029,-0.6092784402471929,-0.39072155975280987,-4068.950000000018,0.0,6.917220166229307e-65,3.686310115879776e-64,1.0
16:08:16.707,-1.0000000000000029,-0.6092784402471929,-0.39072155975280987,-4068.950000000018,0.0,6.087153746281791e-65,3.243952901974203e-64,1.0
16:08:16.727,-1.0000000000000029,-0.6092784402471929,-0.39072155975280987,-4068.950000000018,0.0,5.356695296727976e-65,2.8546785537372987e-64,1.0
16:08:16.747,-1.0000000000000029,-0.6092784402471929,-0.39072155975280987,-4068.950000000018,0.0,4.71389186112062e-65,2.512117127288823e-64,1.0
16:08:16.767,-1.0000000000000029,-0.6092784402471929,-0.39072155975280987,-4068.950000000018,0.0,4.1482248377861455e-65,2.2106630720141643e-64,1.0
16:08:16.786,-1.0000000000000029,-0.6092784402471929,-0.39072155975280987,-4068.950000000018,0.0,3.650437857251808e-65,1.9453835033724645e-64,1.0
16:08:16.807,-1.0000000000000029,-0.6092784402471929,-0.39072155975280987,-4068.950000000018,0.0,3.212385314381591e-65,1.711937482967769e-64,1.0
16:08:16.827,-1.0000000000000029,-0.6092784402471929,-0.39072155975280987,-4068.950000000018,0.0,2.8268990766558003e-65,1.5065049850116368e-64,1.0
16:08:16.848,-1.0000000000000029,-0.6092784402471929,-0.39072155975280987,-4068.950000000018,0.0,2.487671187457104e-65,1.3257243868102403e-64,1.0
16:08:16.867,-1.0000000000000029,-0.6092784402471929,-0.39072155975280987,-4068.950000000018,0.0,2.189150644962252e-65,1.1666374603930116e-64,1.0
16:08:16.887,-1.0000000000000029,-0.6092784402471929,-0.39072155975280987,-4068.950000000018,0.0,1.9264525675667814e-65,1.02664096514585e-64,1.0
16:08:16.907,-1.0000000000000029,-0.6092784402471929,-0.39072155975280987,-4068.950000000018,0.0,1.6952782594587675e-65,9.03444049328348e-65,1.0
16:08:16.928,-1.0000000000000029,-0.6092784402471929,-0.39072155975280987,-4068.950000000018,0.0,1.4918448683237155e-65,7.950307634089463e-65,1.0
16:08:16.948,-1.0000000000000029,-0.6092784402471929,-0.39072155975280987,-4068.950000000018,0.0,1.3128234841248697e-65,6.996270717998727e-65,1.0
16:08:16.967,-1.0000000000000029,-0.6092784402471929,-0.39072155975280987,-4068.950000000018,0.0,1.1552846660298853e-65,6.15671823183888e-65,1.0
16:08:16.987,-1.0000000000000029,-0.5222386630690226,-0.4777613369309803,-4618.950000000018,0.0,1.0166505061062992e-65,5.417912044018215e-65,1.0
16:08:17.007,-1.0000000000000029,-0.6092784402471929,-0.39072155975280987,-4068.950000000018,0.0,8.946524453735433e-66,4.767762598736029e-65,1.0
16:08:17.027,-1.0000000000000029,-0.6092784402471929,-0.39072155975280987,-4068.950000000018,0.0,7.872941519287181e-66,4.195631086887706e-65,1.0
16:08:17.047,-1.0000000000000029,-0.6092784402471929,-0.39072155975280987,-4068.950000000018,0.0,6.92818853697272e-66,3.6921553564611812e-65,1.0
16:08:17.068,-1.0000000000000029,-0.5222386630690226,-0.4777613369309803,-4618.950000000018,0.0,6.096805912535993e-66,3.2490967136858393e-65,1.0
16:08:17.087,-1.0000000000000029,-0.6092784402471929,-0.39072155975280987,-4068.950000000018,0.0,5.365189203031674e-66,2.8592051080435387e-65,1.0
16:08:17.108,-1.0000000000000029,-0.6092784402471929,-0.39072155975280987,-4068.950000000018,0.0,4.721366498667873e-66,2.516100495078314e-65,1.0
16:08:17.127,-1.0000000000000029,-0.6092784402471929,-0.39072155975280987,-4068.950000000018,0.0,4.154802518827728e-66,2.214168435668916e-65,1.0
16:08:17.148,-1.0000000000000029,-0.6092784402471929,-0.39072155975280987,-4068.950000000018,0.0,3.6562262165684004e-66,1.948468223388646e-65,1.0
16:08:17.167,-1.0000000000000029,-0.6092784402471929,-0.39072155975280987,-4068.950000000018,0.0,3.217479070580192e-66,1.7146520365820085e-65,1.0
16:08:17.187,-1.0000000000000029,-0.6092784402471929,-0.39072155975280987,-4068.950000000018,0.0,2.8313815821105694e-66,1.5088937921921677e-65,1.0
16:08:17.207,-1.0000000000000029,-0.6092784402471929,-0.39072155975280987,-4068.950000000018,0.0,2.491615792257301e-66,1.3278265371291076e-65,1.0
16:08:17.227,-1.0000000000000029,-0.6092784402471929,-0.39072155975280987,-4068.950000000018,0.0,2.1926218971864248e-66,1.1684873526736146e-65,1.0
16:08:17.247,-1.0000000000000029,-0.6092784402471929,-0.39072155975280987,-4068.950000000018,0.0,1.929507269524054e-66,1.028268870352781e-65,1.0
16:08:17.267,-1.0000000000000029,-0.6092784402471929,-0.39072155975280987,-4068.950000000018,0.0,1.6979663971811676e-66,9.048766059104472e-66,1.0
16:08:17.287,-1.0000000000000029,-0.6092784402471929,-0.39072155975280987,-4068.950000000018,0.0,1.4942104295194274e-66,7.962914132011935e-66,1.0
16:08:17.307,-1.0000000000000029,-0.6092784402471929,-0.39072155975280987,-4068.950000000018,0.0,1.314905177977096e-66,7.007364436170503e-66,1.0
16:08:17.328,-1.0000000000000029,-0.6092784402471929,-0.39072155975280987,-4068.950000000018,0.0,1.1571165566198445e-66,6.166480703830042e-66,1.0
16:08:17.347,-1.0000000000000029,-0.6092784402471929,-0.39072155975280987,-4068.950000000018,0.0,1.0182625698254632e-66,5.426503019370437e-66,1.0
16:08:17.367,-1.0000000000000029,-0.6092784402471929,-0.39072155975280987,-4068.950000000018,0.0,8.960710614464077e-67,4.775322657045985e-66,1.0
16:08:17.387,-1.0000000000000029,-0.6092784402471929,-0.39072155975280987,-4068.950000000018,0.0,7.885425340728387e-67,4.202283938200467e-66,1.0
16:08:17.408,-1.0000000000000029,-0.6092784402471929,-0.39072155975280987,-4068.950000000018,0.0,6.93917429984098e-67,3.6980098656164106e-66,1.0
16:08:17.428,-1.0000000000000029,-0.6092784402471929,-0.39072155975280987,-4068.950000000018,0.0,6.106473383860063e-67,3.2542486817424415e-66,1.0
16:08:17.447,-1.0000000000000029,-0.6092784402471929,-0.39072155975280987,-4068.950000000018,0.0,5.3736965777968555e-67,2.8637388399333486e-66,1.0
16:08:17.467,-1.0000000000000029,-0.6092784402471929,-0.39072155975280987,-4068.950000000018,0.0,4.7288529884612326e-67,2.5200901791413463e-66,1.0
16:08:17.487,-1.0000000000000029,-0.6092784402471929,-0.39072155975280987,-4068.950000000018,0.0,4.161390629845885e-67,2.217679357644385e-66,1.0
16:08:17.507,-1.0000000000000029,-0.6092784402471929,-0.39072155975280987,-4068.950000000018,0.0,3.6620237542643784e-67,1.9515578347270586e-66,1.0
16:08:17.527,-1.0000000000000029,-0.6092784402471929,-0.39072155975280987,-4068.950000000018,0.0,3.222580903752653e-67,1.7173708945598115e-66,1.0
16:08:17.547,-1.0000000000000029,-0.6092784402471929,-0.39072155975280987,-4068.950000000018,0.0,2.8358711953023345e-67,1.5112863872126342e-66,1.0
16:08:17.567,-1.0000000000000029,-0.6092784402471929,-0.39072155975280987,-4068.950000000018,0.0,2.4955666518660542e-67,1.329932020747118e-66,1.0
16:08:17.587,-1.0000000000000029,-0.6092784402471929,-0.39072155975280987,-4068.950000000018,0.0,2.1960986536421276e-67,1.1703401782574638e-66,1.0
16:08:17.608,-1.0000000000000029,-0.6092784402471929,-0.39072155975280987,-4068.950000000018,0.0,1.9325668152050724e-67,1.0298993568665681e-66,1.0
16:08:17.627,-1.0000000000000029,-0.6092784402471929,-0.39072155975280987,-4068.950000000018,0.0,1.7006587973804636e-67,9.063114340425799e-67,1.0
16:08:17.647,-1.0000000000000029,-0.6092784402471929,-0.39072155975280987,-4068.950000000018,0.0,1.496579741694808e-67,7.975540619574703e-67,1.0
16:08:17.668,-1.0000000000000029,-0.6092784402471929,-0.39072155975280987,-4068.950000000018,0.0,1.316990172691431e-67,7.018475745225739e-67,1.0
16:08:17.687,-1.0000000000000029,-0.6092784402471929,-0.39072155975280987,-4068.950000000018,0.0,1.1589513519684592e-67,6.17625865579865e-67,1.0
16:08:17.707,-1.0000000000000029,-0.6092784402471929,-0.39072155975280987,-4068.950000000018,0.0,1.0198771897322442e-67,5.435107617102812e-67,1.0
16:08:17.727,-1.0000000000000029,-0.6092784402471929,-0.39072155975280987,-4068.950000000018,0.0,8.974919269643748e-68,4.7828947030504746e-67,1.0
16:08:17.747,-1.0000000000000029,-0.6092784402471929,-0.39072155975280987,-4068.950000000018,0.0,7.897928957286499e-68,4.208947338684418e-67,1.0
16:08:17.767,-1.0000000000000029,-0.6092784402471929,-0.39072155975280987,-4068.950000000018,0.0,6.950177482412119e-68,3.703873658042288e-67,1.0
16:08:17.787,-1.0000000000000029,-0.6092784402471929,-0.39072155975280987,-4068.950000000018,0.0,6.116156184522665e-68,3.2594088190772135e-67,1.0
16:08:17.807,-1.0000000000000029,-0.6092784402471929,-0.39072155975280987,-4068.950000000018,0.0,5.382217442379945e-68,2.8682797607879477e-67,1.0
16:08:17.827,-1.0000000000000029,-0.6092784402471929,-0.39072155975280987,-4068.950000000018,0.0,4.736351349294352e-68,2.5240861894933943e-67,1.0
16:08:17.847,-1.0000000000000029,-0.6092784402471929,-0.39072155975280987,-4068.950000000018,0.0,4.16798918737903e-68,2.221195846754187e-67,1.0
16:08:17.868,-1.0000000000000029,-0.6092784402471929,-0.39072155975280987,-4068.950000000018,0.0,3.6678304848935466e-68,1.9546523451436846e-67,1.0
16:08:17.887,-1.0000000000000029,-0.6092784402471929,-0.39072155975280987,-4068.950000000018,0.0,3.227690826706321e-68,1.7200940637264426e-67,1.0
16:08:17.908,-1.0000000000000029,-0.6092784402471929,-0.39072155975280987,-4068.950000000018,0.0,2.8403679275015625e-68,1.5136827760792693e-67,1.0
16:08:17.928,-1.0000000000000029,-0.6092784402471929,-0.39072155975280987,-4068.950000000018,0.0,2.499523776201375e-68,1.332040842949757e-67,1.0
16:08:17.948,-1.0000000000000029,-0.6092784402471929,-0.39072155975280987,-4068.950000000018,0.0,2.19958092305721e-68,1.1721959417957862e-67,1.0
16:08:17.967,-1.0000000000000029,-0.6092784402471929,-0.39072155975280987,-4068.950000000018,0.0,1.935631212290345e-68,1.031532428780292e-67,1.0
16:08:17.987,-1.0000000000000029,-0.6092784402471929,-0.39072155975280987,-4068.950000000018,0.0,1.7033554668155036e-68,9.077485373266569e-68,1.0
16:08:18.008,-1.0000000000000029,-0.6092784402471929,-0.39072155975280987,-4068.950000000018,0.0,1.4989528107976432e-68,7.988187128474581e-68,1.0
16:08:18.027,-1.0000000000000029,-0.6092784402471929,-0.39072155975280987,-4068.950000000018,0.0,1.319078473501926e-68,7.029604673057632e-68,1.0
16:08:18.048,-1.0000000000000029,-0.6092784402471929,-0.39072155975280987,-4068.950000000018,0.0,1.1607890566816949e-68,6.186052112290715e-68,1.0
16:08:18.067,-1.0000000000000029,-0.6092784402471929,-0.39072155975280987,-4068.950000000018,0.0,1.0214943698798915e-68,5.44372585881583e-68,1.0
16:08:18.087,-1.0000000000000029,-0.6092784402471929,-0.39072155975280987,-4068.950000000018,0.0,8.989150454943045e-69,4.79047875575793e-68,1.0
16:08:18.108,-1.0000000000000029,-0.6092784402471929,-0.39072155975280987,-4068.950000000018,0.0,7.91045240034988e-69,4.215621305066979e-68,1.0
16:08:18.127,-1.0000000000000029,-0.6092784402471929,-0.39072155975280987,-4068.950000000018,0.0,6.961198112307894e-69,3.709746748458941e-68,1.0
16:08:18.147,-1.0000000000000029,-0.6092784402471929,-0.39072155975280987,-4068.950000000018,0.0,6.125854338830946e-69,3.264577138643868e-68,1.0
16:08:18.168,-1.0000000000000029,-0.6092784402471929,-0.39072155975280987,-4068.950000000018,0.0,5.390751818171233e-69,2.872827882006604e-68,1.0
16:08:18.187,-1.0000000000000029,-0.6092784402471929,-0.39072155975280987,-4068.950000000018,0.0,4.743861599990685e-69,2.5280885361658113e-68,1.0
16:08:18.207,-1.0000000000000029,-0.6092784402471929,-0.39072155975280987,-4068.950000000018,0.0,4.1745982079918027e-69,2.224717911825914e-68,1.0
16:08:18.227,-1.0000000000000029,-0.6092784402471929,-0.39072155975280987,-4068.950000000018,0.0,3.6736464230327863e-69,1.9577517624068043e-68,1.0
16:08:18.247,-1.0000000000000029,-0.6092784402471929,-0.39072155975280987,-4068.950000000018,0.0,3.232808852268852e-69,1.7228215509179877e-68,1.0
16:08:18.267,-1.0000000000000029,-0.6092784402471929,-0.39072155975280987,-4068.950000000018,0.0,2.84487178999659e-69,1.5160829648078293e-68,1.0
16:08:18.287,-1.0000000000000029,-0.6092784402471929,-0.39072155975280987,-4068.950000000018,0.0,2.503487175196999e-69,1.33415300903089e-68,1.0
16:08:18.307,-1.0000000000000029,-0.6092784402471929,-0.39072155975280987,-4068.950000000018,0.0,2.2030687141733592e-69,1.174054647947183e-68,1.0
16:08:18.327,-1.0000000000000029,-0.6092784402471929,-0.39072155975280987,-4068.950000000018,0.0,1.938700468472556e-69,1.033168090193521e-68,1.0
16:08:18.347,-1.0000000000000029,-0.6092784402471929,-0.39072155975280987,-4068.950000000018,0.0,1.7060564122558493e-69,9.091879193702985e-69,1.0
16:08:18.367,-1.0000000000000029,-0.6092784402471929,-0.39072155975280987,-4068.950000000018,0.0,1.5013296427851475e-69,8.000853690458627e-69,1.0
16:08:18.387,-1.0000000000000029,-0.6092784402471929,-0.39072155975280987,-4068.950000000018,0.0,1.3211700856509299e-69,7.040751247603592e-69,1.0
16:08:18.408,-1.0000000000000029,-0.6092784402471929,-0.39072155975280987,-4068.950000000018,0.0,1.1626296753728183e-69,6.195861097891161e-69,1.0
16:08:18.428,-1.0000000000000029,-0.6092784402471929,-0.39072155975280987,-4068.950000000018,0.0,1.0231141143280801e-69,5.452357766144222e-69,1.0
16:08:18.447,-1.0000000000000029,-0.6092784402471929,-0.39072155975280987,-4068.950000000018,0.0,9.003404206087104e-70,4.798074834206915e-69,1.0
16:08:18.468,-1.0000000000000029,-0.6092784402471929,-0.39072155975280987,-4068.950000000018,0.0,7.922995701356652e-70,4.2223058541020854e-69,1.0
16:08:18.487,-1.0000000000000029,-0.6092784402471929,-0.39072155975280987,-4068.950000000018,0.0,6.972236217193854e-70,3.715629151609835e-69,1.0
16:08:18.508,-1.0000000000000029,-0.6092784402471929,-0.39072155975280987,-4068.950000000018,0.0,6.135567871130592e-70,3.2697536534166557e-69,1.0
16:08:18.527,-1.0000000000000029,-0.6092784402471929,-0.39072155975280987,-4068.950000000018,0.0,5.399299726594921e-70,2.877383215006657e-69,1.0
16:08:18.547,-1.0000000000000029,-0.6092784402471929,-0.39072155975280987,-4068.950000000018,0.0,4.751383759403531e-70,2.532097229205858e-69,1.0
16:08:18.568,-1.0000000000000029,-0.6092784402471929,-0.39072155975280987,-4068.950000000018,0.0,4.181217708275107e-70,2.2282455617011551e-69,1.0
16:08:18.587,-1.0000000000000029,-0.6092784402471929,-0.39072155975280987,-4068.950000000018,0.0,3.679471583282094e-70,1.9608560942970164e-69,1.0
16:08:18.608,-1.0000000000000029,-0.6092784402471929,-0.39072155975280987,-4068.950000000018,0.0,3.2379349932882426e-70,1.7255533629813744e-69,1.0
16:08:18.627,-1.0000000000000029,-0.6092784402471929,-0.39072155975280987,-4068.950000000018,0.0,2.8493827940936536e-70,1.5184869594236095e-69,1.0
16:08:18.647,-1.0000000000000029,-0.6092784402471929,-0.39072155975280987,-4068.950000000018,0.0,2.5074568588024152e-70,1.3362685242927763e-69,1.0
16:08:18.667,-1.0000000000000029,-0.6092784402471929,-0.39072155975280987,-4068.950000000018,0.0,2.2065620357461254e-70,1.175916301377643e-69,1.0
16:08:18.687,-1.0000000000000029,-0.6092784402471929,-0.39072155975280987,-4068.950000000018,0.0,1.9417745914565903e-70,1.034806345212326e-69,1.0
16:08:18.707,-1.0000000000000029,-0.6092784402471929,-0.39072155975280987,-4068.950000000018,0.0,1.7087616404817995e-70,9.106295837868468e-70,1.0
16:08:18.727,-1.0000000000000029,-0.6092784402471929,-0.39072155975280987,-4068.950000000018,0.0,1.5037102436239834e-70,8.013540337324252e-70,1.0
16:08:18.747,-1.0000000000000029,-0.6092784402471929,-0.39072155975280987,-4068.950000000018,0.0,1.3232650143891054e-70,7.051915496845342e-70,1.0
16:08:18.767,-1.0000000000000029,-0.6092784402471929,-0.39072155975280987,-4068.950000000018,0.0,1.1644732126624128e-70,6.2056856372239e-70,1.0
16:08:18.787,-1.0000000000000029,-0.6092784402471929,-0.39072155975280987,-4068.950000000018,0.0,1.0247364271429233e-70,5.461003360757033e-70,1.0
16:08:18.808,-1.0000000000000029,-0.6092784402471929,-0.39072155975280987,-4068.950000000018,0.0,9.017680558857726e-71,4.8056829574661893e-70,1.0
16:08:18.827,-1.0000000000000029,-0.6092784402471929,-0.39072155975280987,-4068.950000000018,0.0,7.935558891794798e-71,4.229001002570246e-70,1.0
16:08:18.847,-1.0000000000000029,-0.6092784402471929,-0.39072155975280987,-4068.950000000018,0.0,6.983291824779422e-71,3.7215208822618166e-70,1.0
16:08:18.867,-1.0000000000000029,-0.6092784402471929,-0.39072155975280987,-4068.950000000018,0.0,6.145296805805891e-71,3.274938376390399e-70,1.0
16:08:18.887,-1.0000000000000029,-0.6092784402471929,-0.39072155975280987,-4068.950000000018,0.0,5.407861189109184e-71,2.881945771223551e-70,1.0
16:08:18.907,-1.0000000000000029,-0.6092784402471929,-0.39072155975280987,-4068.950000000018,0.0,4.758917846416082e-71,2.5361122786767248e-70,1.0
16:08:18.928,8.000000000000002,-0.5222386630690226,8.522238663069025,9500.0,0.0,4.187847704846153e-71,2.231778805235518e-70,1.0
16:08:18.947,8.000000000000002,-0.6092784402471929,8.609278440247195,9500.0,0.0,3.685305980264614e-71,1.9639653486072556e-70,1.0
16:08:18.967,8.000000000000002,-0.5222386630690226,8.522238663069025,9500.0,0.0,3.2430692626328606e-71,1.728289506774385e-70,1.0
16:08:18.987,8.000000000000002,-0.5222386630690226,8.522238663069025,9500.0,0.0,2.8539009511169173e-71,1.520894765961459e-70,1.0
16:08:19.007,8.000000000000002,-0.5222386630690226,8.522238663069025,9500.0,0.0,2.5114328369828873e-71,1.3383873940460838e-70,1.0
16:08:19.027,8.000000000000002,-0.5222386630690226,8.522238663069025,9500.0,0.0,2.2100608965449408e-71,1.1777809067605538e-70,1.0
16:08:19.047,8.000000000000002,-0.5222386630690226,8.522238663069025,9500.0,0.0,1.9448535889595478e-71,1.0364471979492873e-70,1.0
16:08:19.067,8.000000000000002,-0.5222386630690226,8.522238663069025,9500.0,0.0,1.7114711582844021e-71,9.120735341953729e-71,1.0
16:08:19.087,8.000000000000002,-0.5222386630690226,8.522238663069025,9500.0,0.0,1.506094619290274e-71,8.02624710091928e-71,1.0
16:08:19.107,8.000000000000002,-0.5222386630690226,8.522238663069025,9500.0,0.0,1.3253632649754411e-71,7.063097448808968e-71,1.0
16:08:19.127,8.000000000000002,-0.5222386630690226,8.522238663069025,9500.0,0.0,1.1663196731783881e-71,6.215525754951891e-71,1.0
16:08:19.147,8.000000000000002,-0.5222386630690226,8.522238663069025,9500.0,0.0,1.0263613123969815e-71,5.469662664357664e-71,1.0
16:08:19.167,8.000000000000002,-0.5222386630690226,8.522238663069025,9500.0,0.0,9.031979549093437e-72,4.813303144634744e-71,1.0
16:08:19.187,8.000000000000002,-0.5222386630690226,8.522238663069025,9500.0,0.0,7.948142003202224e-72,4.2357067672785744e-71,1.0
16:08:19.207,8.000000000000002,-0.5222386630690226,8.522238663069025,9500.0,0.0,6.994364962817957e-72,3.727421955205145e-71,1.0
16:08:19.228,8.000000000000002,-0.5222386630690226,8.522238663069025,9500.0,0.0,6.155041167279803e-72,3.2801313205805284e-71,1.0
16:08:19.247,8.000000000000002,-0.5222386630690226,8.522238663069025,9500.0,0.0,5.416436227206226e-72,2.886515562110865e-71,1.0
16:08:19.267,8.000000000000002,-0.5222386630690226,8.522238663069025,9500.0,0.0,4.766463879941479e-72,2.540133694657561e-71,1.0
16:08:19.287,8.000000000000002,-0.5222386630690226,8.522238663069025,9500.0,0.0,4.194488214348501e-72,2.2353176512986533e-71,1.0
16:08:19.307,8.000000000000002,-0.5222386630690226,8.522238663069025,9500.0,0.0,3.691149628626681e-72,1.967079533142815e-71,1.0
16:08:19.327,8.000000000000002,-0.5222386630690226,8.522238663069025,9500.0,0.0,3.2482116731914794e-72,1.7310299891656774e-71,1.0
16:08:19.347,8.000000000000002,-0.5222386630690226,8.522238663069025,9500.0,0.0,2.8584262724085017e-72,1.523306390465796e-71,1.0
16:08:19.367,8.000000000000002,-0.5222386630690226,8.522238663069025,9500.0,0.0,2.5154151197194816e-72,1.3405096236099004e-71,1.0
16:08:19.387,8.000000000000002,-0.5222386630690226,8.522238663069025,9500.0,0.0,2.2135653053531439e-72,1.1796484687767125e-71,1.0
16:08:19.407,8.000000000000002,-0.5222386630690226,8.522238663069025,9500.0,0.0,1.9479374687107667e-72,1.038090652523507e-71,1.0
16:08:19.427,8.000000000000002,-0.5222386630690226,8.522238663069025,9500.0,0.0,1.7141849724654747e-72,9.135197742206861e-72,1.0
16:08:19.447,8.000000000000002,-0.5222386630690226,8.522238663069025,9500.0,0.0,1.5084827757696177e-72,8.038974013142038e-72,1.0
16:08:19.467,8.000000000000002,-0.5222386630690226,8.522238663069025,9500.0,0.0,1.3274648426772636e-72,7.074297131564994e-72,1.0
16:08:19.487,8.000000000000002,-0.5222386630690226,8.522238663069025,9500.0,0.0,1.168169061555992e-72,6.225381475777195e-72,1.0
16:08:19.507,8.000000000000002,-0.5222386630690226,8.522238663069025,9500.0,0.0,1.027988774169273e-72,5.478335698683931e-72,1.0
16:08:19.527,8.000000000000002,-0.5222386630690226,8.522238663069025,9500.0,0.0,9.046301212689602e-73,4.82093541484186e-72,1.0
16:08:19.547,8.000000000000002,-0.5222386630690226,8.522238663069025,9500.0,0.0,7.96074506716685e-73,4.242423165060836e-72,1.0
16:08:19.567,8.000000000000002,-0.5222386630690226,8.522238663069025,9500.0,0.0,7.005455659106828e-73,3.733332385253536e-72,1.0
16:08:19.587,8.000000000000002,-0.5222386630690226,8.522238663069025,9500.0,0.0,6.164800980014009e-73,3.285332499023112e-72,1.0
16:08:19.606,8.000000000000002,-0.5222386630690226,8.522238663069025,9500.0,0.0,5.4250248624123276e-73,2.8910925991403383e-72,1.0
16:08:19.627,8.000000000000002,-0.5222386630690226,8.522238663069025,9500.0,0.0,4.7740218789228484e-73,2.544161487243498e-72,1.0
16:08:19.647,8.000000000000002,-0.5222386630690226,8.522238663069025,9500.0,0.0,4.2011392534521066e-73,2.238862108774278e-72,1.0
16:08:19.667,8.000000000000002,-0.5222386630690226,8.522238663069025,9500.0,0.0,3.6970025430378536e-73,1.9701986557213645e-72,1.0
16:08:19.687,8.000000000000002,-0.5222386630690226,8.522238663069025,9500.0,0.0,3.253362237873311e-73,1.733774817034801e-72,1.0
16:08:19.707,8.000000000000002,-0.5222386630690226,8.522238663069025,9500.0,0.0,2.862958769328514e-73,1.5257218389906247e-72,1.0
16:08:19.727,8.000000000000002,-0.5222386630690226,8.522238663069025,9500.0,0.0,2.5194037170090922e-73,1.3426352183117499e-72,1.0
16:08:19.747,8.000000000000002,-0.5222386630690226,8.522238663069025,9500.0,0.0,2.2170752709680013e-73,1.18151899211434e-72,1.0
16:08:19.767,8.000000000000002,-0.5222386630690226,8.522238663069025,9500.0,0.0,1.951026238451841e-73,1.039736713060619e-72,1.0
16:08:19.787,8.000000000000002,-0.5222386630690226,8.522238663069025,9500.0,0.0,1.7169030898376202e-73,9.149683074933449e-73,1.0
16:08:19.807,8.000000000000002,-0.5222386630690226,8.522238663069025,9500.0,0.0,1.510874719057106e-73,8.051721105941435e-73,1.0
16:08:19.828,8.000000000000002,-0.5222386630690226,8.522238663069025,9500.0,0.0,1.3295697527702532e-73,7.085514573228463e-73,1.0
16:08:19.848,8.000000000000002,-0.5222386630690226,8.522238663069025,9500.0,0.0,1.1700213824378227e-73,6.235252824441046e-73,1.0
16:08:19.867,8.000000000000002,-0.5222386630690226,8.522238663069025,9500.0,0.0,1.029618816545284e-73,5.487022485508121e-73,1.0
16:08:19.887,8.000000000000002,-0.5222386630690226,8.522238663069025,9500.0,0.0,9.0606455855985e-74,4.8285797872471466e-73,1.0
16:08:19.908,8.000000000000002,-0.5222386630690226,8.522238663069025,9500.0,0.0,7.973368115326679e-74,4.249150212777489e-73,1.0
16:08:19.927,8.000000000000002,-0.5222386630690226,8.522238663069025,9500.0,0.0,7.016563941487477e-74,3.73925218724419e-73,1.0
16:08:19.947,8.000000000000002,-0.5222386630690226,8.522238663069025,9500.0,0.0,6.17457626850898e-74,3.290541924774887e-73,1.0
16:08:19.967,8.000000000000002,-0.5222386630690226,8.522238663069025,9500.0,0.0,5.4336271162879025e-74,2.895676893801901e-73,1.0
16:08:19.987,8.000000000000002,-0.5222386630690226,8.522238663069025,9500.0,0.0,4.781591862333354e-74,2.5481956665456728e-73,1.0
16:08:20.007,8.000000000000002,-0.5222386630690226,8.522238663069025,9500.0,0.0,4.207800838853352e-74,2.2424121865601923e-73,1.0
16:08:20.027,8.000000000000002,-0.5222386630690226,8.522238663069025,9500.0,0.0,3.70286473819095e-74,1.973322724172969e-73,1.0
16:08:20.047,8.000000000000002,-0.5222386630690226,8.522238663069025,9500.0,0.0,3.258520969608036e-74,1.736523997272213e-73,1.0
16:08:20.067,8.000000000000002,-0.5222386630690226,8.522238663069025,9500.0,0.0,2.8674984532550717e-74,1.5281411175995475e-73,1.0
16:08:20.087,8.000000000000002,-0.5222386630690226,8.522238663069025,9500.0,0.0,2.523398638864463e-74,1.3447641834876018e-73,1.0
16:08:20.107,8.000000000000002,-0.5222386630690226,8.522238663069025,9500.0,0.0,2.2205908022007274e-74,1.1833924814690894e-73,1.0
16:08:20.127,8.000000000000002,-0.5222386630690226,8.522238663069025,9500.0,0.0,1.95411990593664e-74,1.0413853836927987e-73,1.0
16:08:20.147,8.000000000000002,-0.5222386630690226,8.522238663069025,9500.0,0.0,1.7196255172242433e-74,9.164191376496629e-74,1.0
16:08:20.167,8.000000000000002,-0.5222386630690226,8.522238663069025,9500.0,0.0,1.513270455157334e-74,8.064488411317033e-74,1.0
16:08:20.187,8.000000000000002,-0.5222386630690226,8.522238663069025,9500.0,0.0,1.3316780005384538e-74,7.096749801958988e-74,1.0
16:08:20.208,8.000000000000002,-0.5222386630690226,8.522238663069025,9500.0,0.0,1.1718766404738393e-74,6.2451398257239096e-74,1.0
16:08:20.228,8.000000000000002,-0.5222386630690226,8.522238663069025,9500.0,0.0,1.0312514436169787e-74,5.495723046637041e-74,1.0
16:08:20.248,8.000000000000002,-0.5222386630690226,8.522238663069025,9500.0,0.0,9.075012703829413e-75,4.836236281040596e-74,1.0
16:08:20.267,8.000000000000002,-0.5222386630690226,8.522238663069025,9500.0,0.0,7.986011179369883e-75,4.2558879273157245e-74,1.0
16:08:20.287,8.000000000000002,-0.5222386630690226,8.522238663069025,9500.0,0.0,7.027689837845497e-75,3.745181376037837e-74,1.0
16:08:20.307,8.000000000000002,-0.5222386630690226,8.522238663069025,9500.0,0.0,6.184367057304037e-75,3.295759610913297e-74,1.0
16:08:20.327,8.000000000000002,-0.5222386630690226,8.522238663069025,9500.0,0.0,5.442243010427552e-75,2.9002684576037012e-74,1.0
16:08:20.347,8.000000000000002,-0.5222386630690226,8.522238663069025,9500.0,0.0,4.789173849176246e-75,2.5522362426912573e-74,1.0
16:08:20.367,8.000000000000002,-0.5222386630690226,8.522238663069025,9500.0,0.0,4.214472987275097e-75,2.2459678935683063e-74,1.0
16:08:20.387,8.000000000000002,-0.5222386630690226,8.522238663069025,9500.0,0.0,3.7087362288020854e-75,1.9764517463401098e-74,1.0
16:08:20.408,8.000000000000002,-0.5222386630690226,8.522238663069025,9500.0,0.0,3.2636878813458353e-75,1.7392775367792966e-74,1.0
16:08:20.427,8.000000000000002,-0.5222386630690226,8.522238663069025,9500.0,0.0,2.872045335584335e-75,1.530564232365781e-74,1.0
16:08:20.448,8.000000000000002,-0.5222386630690226,8.522238663069025,9500.0,0.0,2.527399895314215e-75,1.3468965244818874e-74,1.0
16:08:20.467,8.000000000000002,-0.5222386630690226,8.522238663069025,9500.0,0.0,2.2241119078765094e-75,1.185268941544061e-74,1.0
16:08:20.487,8.000000000000002,-0.5222386630690226,8.522238663069025,9500.0,0.0,1.9572184789313282e-75,1.0430366685587736e-74,1.0
16:08:20.507,8.000000000000002,-0.5222386630690226,8.522238663069025,9500.0,0.0,1.722352261459569e-75,9.178722683317209e-75,1.0
16:08:20.527,8.000000000000002,-0.5222386630690226,8.522238663069025,9500.0,0.0,1.5156699900844206e-75,8.077275961319142e-75,1.0
16:08:20.547,8.000000000000002,-0.5222386630690226,8.522238663069025,9500.0,0.0,1.33378959127429e-75,7.108002845960845e-75,1.0
16:08:20.567,8.000000000000002,-0.5222386630690226,8.522238663069025,9500.0,0.0,1.1737348403213751e-75,6.255042504445543e-75,1.0
16:08:20.587,8.000000000000002,-0.5222386630690226,8.522238663069025,9500.0,0.0,1.0328866594828101e-75,5.504437403912078e-75,1.0
16:08:20.608,8.000000000000002,-0.5222386630690226,8.522238663069025,9500.0,0.0,9.08940260344873e-76,4.843904915442629e-75,1.0
16:08:20.627,8.000000000000002,-0.5222386630690226,8.522238663069025,9500.0,0.0,7.998674291034882e-76,4.2626363255895135e-75,1.0
16:08:20.647,8.000000000000002,-0.5222386630690226,8.522238663069025,9500.0,0.0,7.038833376110697e-76,3.7511199665187723e-75,1.0
16:08:20.668,8.000000000000002,-0.5222386630690226,8.522238663069025,9500.0,0.0,6.194173370977413e-76,3.3009855705365197e-75,1.0
16:08:20.687,8.000000000000002,-0.5222386630690226,8.522238663069025,9500.0,0.0,5.4508725664601236e-76,2.9048673020721374e-75,1.0
16:08:20.707,8.000000000000002,-0.5222386630690226,8.522238663069025,9500.0,0.0,4.796767858484909e-76,2.556283225823481e-75,1.0
16:08:20.727,8.000000000000002,-0.5222386630690226,8.522238663069025,9500.0,0.0,4.22115571546672e-76,2.2495292387246634e-75,1.0
16:08:20.748,8.000000000000002,-0.5222386630690226,8.522238663069025,9500.0,0.0,3.7146170296107137e-76,1.9795857300777037e-75,1.0
16:08:20.767,8.000000000000002,-0.5222386630690226,8.522238663069025,9500.0,0.0,3.268862986057428e-76,1.742035442468379e-75,1.0
16:08:20.787,8.000000000000002,-0.5222386630690226,8.522238663069025,9500.0,0.0,2.8765994277305366e-76,1.5329911893721737e-75,1.0
16:08:20.807,8.000000000000002,-0.5222386630690226,8.522238663069025,9500.0,0.0,2.5314074964028722e-76,1.3490322466475128e-75,1.0
16:08:20.827,8.000000000000002,-0.5222386630690226,8.522238663069025,9500.0,0.0,2.2276385968345274e-76,1.1871483770498113e-75,1.0
16:08:20.847,8.000000000000002,-0.5222386630690226,8.522238663069025,9500.0,0.0,1.960321965214384e-76,1.0446905718038339e-75,1.0
16:08:20.867,8.000000000000002,-0.5222386630690226,8.522238663069025,9500.0,0.0,1.725083329388658e-76,9.193277031873737e-76,1.0
16:08:20.887,8.000000000000002,-0.5222386630690226,8.522238663069025,9500.0,0.0,1.5180733298620188e-76,8.090083788048888e-76,1.0
16:08:20.907,8.000000000000002,-0.5222386630690226,8.522238663069025,9500.0,0.0,1.3359045302785765e-76,7.119273733483021e-76,1.0
16:08:20.928,8.000000000000002,-0.5222386630690226,8.522238663069025,9500.0,0.0,1.1755959866451474e-76,6.264960885465059e-76,1.0
16:08:20.947,8.000000000000002,-0.5222386630690226,8.522238663069025,9500.0,0.0,1.0345244682477297e-76,5.513165579209252e-76,1.0
16:08:20.967,8.000000000000002,-0.5222386630690226,8.522238663069025,9500.0,0.0,9.10381532058002e-77,4.8515857097041414e-76,1.0
16:08:20.987,8.000000000000002,-0.5222386630690226,8.522238663069025,9500.0,0.0,8.011357482110419e-77,4.269395424539645e-76,1.0
16:08:21.007,8.000000000000002,-0.5222386630690226,8.522238663069025,9500.0,0.0,7.049994584257169e-77,3.757067973594888e-76,1.0
16:08:21.027,8.000000000000002,-0.5222386630690226,8.522238663069025,9500.0,0.0,6.203995234146308e-77,3.306219816763501e-76,1.0
16:08:21.047,8.000000000000002,-0.5222386630690226,8.522238663069025,9500.0,0.0,5.459515806048751e-77,2.909473438751881e-76,1.0
16:08:21.067,8.000000000000002,-0.5222386630690226,8.522238663069025,9500.0,0.0,4.804373909322901e-77,2.5603366261016553e-76,1.0
16:08:21.087,8.000000000000002,-0.5222386630690226,8.522238663069025,9500.0,0.0,4.227849040204153e-77,2.2530962309694568e-76,1.0
16:08:21.107,8.000000000000002,-0.5222386630690226,8.522238663069025,9500.0,0.0,3.720507155379655e-77,1.982724683253122e-76,1.0
16:08:21.128,8.000000000000002,-0.5222386630690226,8.522238663069025,9500.0,0.0,3.2740462967340967e-77,1.7447977212627476e-76,1.0
16:08:21.147,8.000000000000002,-0.5222386630690226,8.522238663069025,9500.0,0.0,2.881160741126005e-77,1.5354219947112176e-76,1.0
16:08:21.168,8.000000000000002,-0.5222386630690226,8.522238663069025,9500.0,0.0,2.5354214521908843e-77,1.3511713553458715e-76,1.0
16:08:21.187,8.000000000000002,-0.5222386630690226,8.522238663069025,9500.0,0.0,2.231170877927978e-77,1.189030792704367e-76,1.0
16:08:21.208,8.000000000000002,-0.5222386630690226,8.522238663069025,9500.0,0.0,1.963430372576621e-77,1.046347097579843e-76,1.0
16:08:21.227,8.000000000000002,-0.5222386630690226,8.522238663069025,9500.0,0.0,1.7278187278674265e-77,9.207854458702619e-77,1.0
16:08:21.247,8.000000000000002,-0.5222386630690226,8.522238663069025,9500.0,0.0,1.5204804805233353e-77,8.102911923658305e-77,1.0
16:08:21.267,8.000000000000002,-0.5222386630690226,8.522238663069025,9500.0,0.0,1.338022822860535e-77,7.130562492819308e-77,1.0
16:08:21.287,8.000000000000002,-0.5222386630690226,8.522238663069025,9500.0,0.0,1.1774600841172708e-77,6.274894993680991e-77,1.0
16:08:21.307,8.000000000000002,-0.5222386630690226,8.522238663069025,9500.0,0.0,1.0361648740231984e-77,5.521907594439272e-77,1.0
16:08:21.328,8.000000000000002,-0.5222386630690226,8.522238663069025,9500.0,0.0,9.118250891404146e-78,4.85927868310656e-77,1.0
16:08:21.348,8.000000000000002,-0.5222386630690226,8.522238663069025,9500.0,0.0,8.024060784435648e-78,4.276165241133772e-77,1.0
16:08:21.367,8.000000000000002,-0.5222386630690226,8.522238663069025,9500.0,0.0,7.06117349030337e-78,3.76302541219772e-77,1.0
16:08:21.387,8.000000000000002,-0.5222386630690226,8.522238663069025,9500.0,0.0,6.213832671466965e-78,3.311462362733993e-77,1.0
16:08:21.407,8.000000000000002,-0.5222386630690226,8.522238663069025,9500.0,0.0,5.46817275089093e-78,2.9140868792059143e-77,1.0
16:08:21.427,8.000000000000002,-0.5222386630690226,8.522238663069025,9500.0,0.0,4.811992020784018e-78,2.5643964537012044e-77,1.0
16:08:21.447,8.000000000000002,-0.5222386630690226,8.522238663069025,9500.0,0.0,4.2345529782899363e-78,2.25666887925706e-77,1.0
16:08:21.467,8.000000000000002,-0.5222386630690226,8.522238663069025,9500.0,0.0,3.726406620895144e-78,1.9858686137462127e-77,1.0
16:08:21.487,8.000000000000002,-0.5222386630690226,8.522238663069025,9500.0,0.0,3.279237826387727e-78,1.7475643800966675e-77,1.0
16:08:21.508,8.000000000000002,-0.5222386630690226,8.522238663069025,9500.0,0.0,2.8857292872211997e-78,1.5378566544850672e-77,1.0
16:08:21.527,8.000000000000002,-0.5222386630690226,8.522238663069025,9500.0,0.0,2.539441772754656e-78,1.3533138559468592e-77,1.0
16:08:21.548,8.000000000000002,-0.5222386630690226,8.522238663069025,9500.0,0.0,2.234708760024097e-78,1.190916193233236e-77,1.0
16:08:21.567,8.000000000000002,-0.5222386630690226,8.522238663069025,9500.0,0.0,1.9665437088212054e-78,1.0480062500452478e-77,1.0
16:08:21.587,8.000000000000002,-0.5222386630690226,8.522238663069025,9500.0,0.0,1.7305584637626608e-78,9.222455000398181e-78,1.0
16:08:21.607,8.000000000000002,-0.5222386630690226,8.522238663069025,9500.0,0.0,1.5228914481111415e-78,8.115760400350399e-78,1.0
16:08:21.627,8.000000000000002,-0.5222386630690226,8.522238663069025,9500.0,0.0,1.3401444743378047e-78,7.141869152308352e-78,1.0
16:08:21.647,8.000000000000002,-0.5222386630690226,8.522238663069025,9500.0,0.0,1.1793271374172682e-78,6.28484485403135e-78,1.0
16:08:21.668,8.000000000000002,-0.5222386630690226,8.522238663069025,9500.0,0.0,1.037807880927196e-78,5.530663471547587e-78,1.0
16:08:21.687,8.000000000000002,-0.5222386630690226,8.522238663069025,9500.0,0.0,9.132709352159325e-79,4.866983854961878e-78,1.0
16:08:21.707,8.000000000000002,-0.5222386630690226,8.522238663069025,9500.0,0.0,8.036784229900206e-79,4.282945792366452e-78,1.0
16:08:21.727,8.000000000000002,-0.5222386630690226,8.522238663069025,9500.0,0.0,7.072370122312182e-79,3.7689922972824782e-78,1.0
16:08:21.747,8.000000000000002,-0.5222386630690226,8.522238663069025,9500.0,0.0,6.22368570763472e-79,3.3167132216085805e-78,1.0
16:08:21.767,8.000000000000002,-0.5222386630690226,8.522238663069025,9500.0,0.0,5.476843422718553e-79,2.9187076350155507e-78,1.0
16:08:21.787,8.000000000000002,-0.5222386630690226,8.522238663069025,9500.0,0.0,4.819622211992327e-79,2.568462718813685e-78,1.0
16:08:21.807,8.000000000000002,-0.5222386630690226,8.522238663069025,9500.0,0.0,4.2412675465532474e-79,2.2602471925560423e-78,1.0
16:08:21.827,8.000000000000002,-0.5222386630690226,8.522238663069025,9500.0,0.0,3.7323154409668576e-79,1.9890175294493174e-78,1.0
16:08:21.847,8.000000000000002,-0.5222386630690226,8.522238663069025,9500.0,0.0,3.284437588050835e-79,1.7503354259153994e-78,1.0
16:08:21.867,8.000000000000002,-0.5222386630690226,8.522238663069025,9500.0,0.0,2.8903050774847347e-79,1.5402951748055514e-78,1.0
16:08:21.888,8.000000000000002,-0.5222386630690226,8.522238663069025,9500.0,0.0,2.5434684681865664e-79,1.3554597538288852e-78,1.0
16:08:21.907,8.000000000000002,-0.5222386630690226,8.522238663069025,9500.0,0.0,2.2382522520041784e-79,1.192804583369419e-78,1.0
16:08:21.927,8.000000000000002,-0.5222386630690226,8.522238663069025,9500.0,0.0,1.969661981763677e-79,1.0496680333650887e-78,1.0
16:08:21.947,8.000000000000002,-0.5222386630690226,8.522238663069025,9500.0,0.0,1.7333025439520357e-79,9.237078693612779e-79,1.0
16:08:21.967,8.000000000000002,-0.5222386630690226,8.522238663069025,9500.0,0.0,1.5253062386777913e-79,8.128629250379246e-79,1.0
16:08:21.987,8.000000000000002,-0.5222386630690226,8.522238663069025,9500.0,0.0,1.3422694900364563e-79,7.153193740333736e-79,1.0
16:08:22.008,8.000000000000002,-0.5222386630690226,8.522238663069025,9500.0,0.0,1.1811971512320815e-79,6.294810491493688e-79,1.0
16:08:22.027,8.000000000000002,-0.5222386630690226,8.522238663069025,9500.0,0.0,1.0394534930842317e-79,5.539433232514445e-79,1.0
16:08:22.047,8.000000000000002,-0.5222386630690226,8.522238663069025,9500.0,0.0,9.14719073914124e-80,4.874701244612712e-79,1.0
16:08:22.067,8.000000000000002,-0.5222386630690226,8.522238663069025,9500.0,0.0,8.04952785044429e-80,4.2897370952591865e-79,1.0
16:08:22.087,8.000000000000002,-0.5222386630690226,8.522238663069025,9500.0,0.0,7.083584508390976e-80,3.774968643828084e-79,1.0
16:08:22.108,8.000000000000002,-0.5222386630690226,8.522238663069025,9500.0,0.0,6.233554367384059e-80,3.321972406568714e-79,1.0
16:08:22.127,8.000000000000002,-0.5222386630690226,8.522238663069025,9500.0,0.0,5.485527843297972e-80,2.9233357177804684e-79,1.0
16:08:22.147,8.000000000000002,-0.5222386630690226,8.522238663069025,9500.0,0.0,4.8272645021022155e-80,2.5725354316468123e-79,1.0
16:08:22.167,8.000000000000002,-0.5222386630690226,8.522238663069025,9500.0,0.0,4.24799276184995e-80,2.263831179849195e-79,1.0
16:08:22.187,8.000000000000002,-0.5222386630690226,8.522238663069025,9500.0,0.0,3.738233630427956e-80,1.9921714382672914e-79,1.0
16:08:22.207,8.000000000000002,-0.5222386630690226,8.522238663069025,9500.0,0.0,3.289645594776601e-80,1.7531108656752164e-79,1.0
16:08:22.227,8.000000000000002,-0.5222386630690226,8.522238663069025,9500.0,0.0,2.8948881234034087e-80,1.5427375617941904e-79,1.0
16:08:22.247,8.000000000000002,-0.5222386630690226,8.522238663069025,9500.0,0.0,2.5475015485949997e-80,1.3576090543788876e-79,1.0
16:08:22.267,8.000000000000002,-0.5222386630690226,8.522238663069025,9500.0,0.0,2.2418013627635998e-80,1.1946959678534211e-79,1.0
16:08:22.287,8.000000000000002,-0.5222386630690226,8.522238663069025,9500.0,0.0,1.9727851992319677e-80,1.0513324517110105e-79,1.0
16:08:22.307,8.000000000000002,-0.5222386630690226,8.522238663069025,9500.0,0.0,1.7360509753241316e-80,9.251725575056893e-80,1.0
16:08:22.327,8.000000000000002,-0.5222386630690226,8.522238663069025,9500.0,0.0,1.5277248582852358e-80,8.141518506050065e-80,1.0
16:08:22.347,8.000000000000002,-0.5222386630690226,8.522238663069025,9500.0,0.0,1.3443978752910075e-80,7.164536285324058e-80,1.0
16:08:22.367,8.000000000000002,-0.5222386630690226,8.522238663069025,9500.0,0.0,1.1830701302560867e-80,6.304791931085171e-80,1.0
16:08:22.387,8.000000000000002,-0.5222386630690226,8.522238663069025,9500.0,0.0,1.0411017146253563e-80,5.5482168993549506e-80,1.0
16:08:22.407,8.000000000000002,-0.5222386630690226,8.522238663069025,9500.0,0.0,9.161695088703135e-81,4.882430871432356e-80,1.0
16:08:22.427,8.000000000000002,-0.5222386630690226,8.522238663069025,9500.0,0.0,8.062291678058759e-81,4.296539166860473e-80,1.0
16:08:22.448,8.000000000000002,-0.5222386630690226,8.522238663069025,9500.0,0.0,7.094816676691707e-81,3.780954466837216e-80,1.0
16:08:22.467,8.000000000000002,-0.5222386630690226,8.522238663069025,9500.0,0.0,6.243438675488702e-81,3.3272399308167505e-80,1.0
16:08:22.487,8.000000000000002,-0.5222386630690226,8.522238663069025,9500.0,0.0,5.494226034430058e-81,2.9279711391187403e-80,1.0
16:08:22.507,8.000000000000002,-0.5222386630690226,8.522238663069025,9500.0,0.0,4.8349189102984515e-81,2.5766146024244916e-80,1.0
16:08:22.527,8.000000000000002,-0.5222386630690226,8.522238663069025,9500.0,0.0,4.254728641062637e-81,2.267420850133553e-80,1.0
16:08:22.548,8.000000000000002,-0.5222386630690226,8.522238663069025,9500.0,0.0,3.7441612041351207e-81,1.9953303481175264e-80,1.0
16:08:22.567,8.000000000000002,-0.5222386630690226,8.522238663069025,9500.0,0.0,3.294861859638906e-81,1.755890706343423e-80,1.0
16:08:22.587,8.000000000000002,-0.5222386630690226,8.522238663069025,9500.0,0.0,2.8994784364822374e-81,1.5451838215822123e-80,1.0
16:08:22.608,8.000000000000002,-0.5222386630690226,8.522238663069025,9500.0,0.0,2.5515410241043688e-81,1.3597617629923469e-80,1.0
16:08:22.627,8.000000000000002,-0.5222386630690226,8.522238663069025,9500.0,0.0,2.2453561012118446e-81,1.1965903514332653e-80,1.0
16:08:22.648,8.000000000000002,-0.5222386630690226,8.522238663069025,9500.0,0.0,1.9759133690664232e-81,1.0529995092612735e-80,1.0
16:08:22.667,8.000000000000002,-0.5222386630690226,8.522238663069025,9500.0,0.0,1.7388037647784525e-81,9.266395681499207e-81,1.0
16:08:22.687,8.000000000000002,-0.5222386630690226,8.522238663069025,9500.0,0.0,1.5301473130050382e-81,8.154428199719302e-81,1.0
16:08:22.707,8.000000000000002,-0.5222386630690226,8.522238663069025,9500.0,0.0,1.3465296354444337e-81,7.175896815752985e-81,1.0
16:08:22.727,8.000000000000002,-0.5222386630690226,8.522238663069025,9500.0,0.0,1.1849460791911016e-81,6.314789197862627e-81,1.0
16:08:22.748,8.000000000000002,-0.5222386630690226,8.522238663069025,9500.0,0.0,1.0427525496881694e-81,5.557014494119112e-81,1.0
16:08:22.767,8.000000000000002,-0.5222386630690226,8.522238663069025,9500.0,0.0,9.176222437255891e-82,4.890172754824819e-81,1.0
16:08:22.787,8.000000000000002,-0.5222386630690226,8.522238663069025,9500.0,0.0,8.075075744785184e-82,4.30335202424584e-81,1.0
16:08:22.807,8.000000000000002,-0.5222386630690226,8.522238663069025,9500.0,0.0,7.106066655410962e-82,3.7869497813363393e-81,1.0
16:08:22.827,8.000000000000002,-0.5222386630690226,8.522238663069025,9500.0,0.0,6.253338656761647e-82,3.332515807575979e-81,1.0
16:08:22.847,8.000000000000002,-0.5222386630690226,8.522238663069025,9500.0,0.0,5.502938017950249e-82,2.9326139106668615e-81,1.0
16:08:22.867,8.000000000000002,-0.5222386630690226,8.522238663069025,9500.0,0.0,4.842585455796219e-82,2.580700241386838e-81,1.0
16:08:22.887,8.000000000000002,-0.5222386630690226,8.522238663069025,9500.0,0.0,4.2614752011006727e-82,2.2710162124204173e-81,1.0
16:08:22.907,8.000000000000002,-0.5222386630690226,8.522238663069025,9500.0,0.0,3.750098176968592e-82,1.9984942669299673e-81,1.0
16:08:22.927,8.000000000000002,-0.5222386630690226,8.522238663069025,9500.0,0.0,3.300086395732361e-82,1.7586749548983711e-81,1.0
16:08:22.947,8.000000000000002,-0.5222386630690226,8.522238663069025,9500.0,0.0,2.904076028244478e-82,1.5476339603105668e-81,1.0
16:08:22.967,8.000000000000002,-0.5222386630690226,8.522238663069025,9500.0,0.0,2.5555869048551405e-82,1.3619178850732987e-81,1.0
16:08:22.987,8.000000000000002,-0.5222386630690226,8.522238663069025,9500.0,0.0,2.2489164762725237e-82,1.198487738864503e-81,1.0
16:08:23.007,8.000000000000002,-0.5222386630690226,8.522238663069025,9500.0,0.0,1.9790464991198208e-82,1.0546692102007625e-81,1.0
16:08:23.027,8.000000000000002,-0.5222386630690226,8.522238663069025,9500.0,0.0,1.7415609192254424e-82,9.281089049766711e-82,1.0
16:08:23.048,8.000000000000002,-0.5222386630690226,8.522238663069025,9500.0,0.0,1.5325736089183893e-82,8.167358363794706e-82,1.0
16:08:23.067,8.000000000000002,-0.5222386630690226,8.522238663069025,9500.0,0.0,1.3486647758481826e-82,7.187275360139341e-82,1.0
16:08:23.087,8.000000000000002,-0.5222386630690226,8.522238663069025,9500.0,0.0,1.1868250027464007e-82,6.32480231692262e-82,1.0
16:08:23.107,8.000000000000002,-0.5222386630690226,8.522238663069025,9500.0,0.0,1.0444060024168326e-82,5.565826038891906e-82,1.0
16:08:23.127,8.000000000000002,-0.5222386630690226,8.522238663069025,9500.0,0.0,9.190772821268128e-83,4.897926914224878e-82,1.0
16:08:23.147,8.000000000000002,-0.5222386630690226,8.522238663069025,9500.0,0.0,8.087880082715953e-83,4.3101756845178923e-82,1.0
16:08:23.167,8.000000000000002,-0.5222386630690226,8.522238663069025,9500.0,0.0,7.117334472790038e-83,3.792954602375745e-82,1.0
16:08:23.187,8.000000000000002,-0.5222386630690226,8.522238663069025,9500.0,0.0,6.263254336055234e-83,3.337800050090656e-82,1.0
16:08:23.207,8.000000000000002,-0.5222386630690226,8.522238663069025,9500.0,0.0,5.511663815728606e-83,2.937264044079777e-82,1.0
16:08:23.228,8.000000000000002,-0.5222386630690226,8.522238663069025,9500.0,0.0,4.850264157841173e-83,2.584792358790204e-82,1.0
16:08:23.248,8.000000000000002,-0.5222386630690226,8.522238663069025,9500.0,0.0,4.2682324589002324e-83,2.2746172757353795e-82,1.0
16:08:23.267,8.000000000000002,-0.5222386630690226,8.522238663069025,9500.0,0.0,3.756044563832205e-83,2.001663202647134e-82,1.0
16:08:23.287,8.000000000000002,-0.5222386630690226,8.522238663069025,9500.0,0.0,3.30531921617234e-83,1.761463618329478e-82,1.0
16:08:23.307,8.000000000000002,-0.5222386630690226,8.522238663069025,9500.0,0.0,2.9086809102316595e-83,1.5500879841299406e-82,1.0
16:08:23.327,8.000000000000002,-0.5222386630690226,8.522238663069025,9500.0,0.0,2.5596392010038604e-83,1.364077426034348e-82,1.0
16:08:23.348,8.000000000000002,-0.5222386630690226,8.522238663069025,9500.0,0.0,2.2524824968833973e-83,1.2003881349102261e-82,1.0
16:08:23.367,8.000000000000002,-0.5222386630690226,8.522238663069025,9500.0,0.0,1.9821845972573896e-83,1.056341558720999e-82,1.0
16:08:23.387,8.000000000000002,-0.5222386630690226,8.522238663069025,9500.0,0.0,1.744322445586503e-83,9.295805716744792e-83,1.0
16:08:23.408,8.000000000000002,-0.5222386630690226,8.522238663069025,9500.0,0.0,1.5350037521161226e-83,8.180309030735417e-83,1.0
16:08:23.427,8.000000000000002,-0.5222386630690226,8.522238663069025,9500.0,0.0,1.3508033018621878e-83,7.198671947047167e-83,1.0
16:08:23.447,8.000000000000002,-0.5222386630690226,8.522238663069025,9500.0,0.0,1.1887069056387253e-83,6.334831313401507e-83,1.0
16:08:23.467,8.000000000000002,-0.5222386630690226,8.522238663069025,9500.0,0.0,1.0460620769620782e-83,5.5746515557933254e-83,1.0
16:08:23.487,8.000000000000002,-0.5222386630690226,8.522238663069025,9500.0,0.0,9.20534627726629e-84,4.905693369098127e-83,1.0
16:08:23.507,8.000000000000002,-0.5222386630690226,8.522238663069025,9500.0,0.0,8.100704723994335e-84,4.317010164806352e-83,1.0
16:08:23.528,8.000000000000002,-0.5222386630690226,8.522238663069025,9500.0,0.0,7.128620157115015e-84,3.79896894502959e-83,1.0
16:08:23.548,8.000000000000002,-0.5222386630690226,8.522238663069025,9500.0,0.0,6.273185738261213e-84,3.343092671626039e-83,1.0
16:08:23.567,8.000000000000002,-0.5222386630690226,8.522238663069025,9500.0,0.0,5.520403449669868e-84,2.9419215510309145e-83,1.0
16:08:23.587,8.000000000000002,-0.5222386630690226,8.522238663069025,9500.0,0.0,4.857955035709484e-84,2.588890964907205e-83,1.0
16:08:23.607,8.000000000000002,-0.5222386630690226,8.522238663069025,9500.0,0.0,4.275000431424346e-84,2.2782240491183405e-83,1.0
16:08:23.628,8.000000000000002,-0.5222386630690226,8.522238663069025,9500.0,0.0,3.7620003796534246e-84,2.0048371632241395e-83,1.0
16:08:23.647,8.000000000000002,-0.5222386630690226,8.522238663069025,9500.0,0.0,3.310560334095014e-84,1.764256703637243e-83,1.0
16:08:23.667,8.000000000000002,-0.5222386630690226,8.522238663069025,9500.0,0.0,2.913293094003612e-84,1.5525458992007739e-83,1.0
16:08:23.687,8.000000000000002,-0.5222386630690226,8.522238663069025,9500.0,0.0,2.563697922723179e-84,1.366240391296681e-83,1.0
16:08:23.707,8.000000000000002,-0.5222386630690226,8.522238663069025,9500.0,0.0,2.2560541719963974e-84,1.2022915443410793e-83,1.0
16:08:23.727,8.000000000000002,-0.5222386630690226,8.522238663069025,9500.0,0.0,1.9853276713568297e-84,1.0580165590201497e-83,1.0
16:08:23.747,8.000000000000002,-0.5222386630690226,8.522238663069025,9500.0,0.0,1.74708835079401e-84,9.310545719377318e-84,1.0
16:08:23.767,8.000000000000002,-0.5222386630690226,8.522238663069025,9500.0,0.0,1.537437748698729e-84,8.19328023305204e-84,1.0
16:08:23.787,8.000000000000002,-0.5222386630690226,8.522238663069025,9500.0,0.0,1.3529452188548814e-84,7.210086605085795e-84,1.0
16:08:23.807,8.000000000000002,-0.5222386630690226,8.522238663069025,9500.0,0.0,1.1905917925922956e-84,6.3448762124755e-84,1.0
16:08:23.827,8.000000000000002,-0.5222386630690226,8.522238663069025,9500.0,0.0,1.0477207774812201e-84,5.583491066978439e-84,1.0
16:08:23.847,8.000000000000002,-0.5222386630690226,8.522238663069025,9500.0,0.0,9.219942841834738e-85,4.9134721389410265e-84,1.0
16:08:23.867,8.000000000000002,-0.5222386630690226,8.522238663069025,9500.0,0.0,8.113549700814569e-85,4.323855482268103e-84,1.0
16:08:23.887,8.000000000000002,-0.5222386630690226,8.522238663069025,9500.0,0.0,7.139923736716821e-85,3.804992824395931e-84,1.0
16:08:23.907,8.000000000000002,-0.5222386630690226,8.522238663069025,9500.0,0.0,6.283132888310803e-85,3.3483936854684195e-84,1.0
16:08:23.927,8.000000000000002,-0.5222386630690226,8.522238663069025,9500.0,0.0,5.529156941713506e-85,2.9465864432122093e-84,1.0
16:08:23.947,8.000000000000002,-0.5222386630690226,8.522238663069025,9500.0,0.0,4.8656581087078853e-85,2.592996070026744e-84,1.0
16:08:23.967,8.000000000000002,-0.5222386630690226,8.522238663069025,9500.0,0.0,4.2817791356629394e-85,2.281836541623535e-84,1.0
16:08:23.987,8.000000000000002,-0.5222386630690226,8.522238663069025,9500.0,0.0,3.7679656393833867e-85,2.0080161566287107e-84,1.0
16:08:24.008,8.000000000000002,-0.5222386630690226,8.522238663069025,9500.0,0.0,3.31580976265738e-85,1.7670542178332654e-84,1.0
16:08:24.027,8.000000000000002,-0.5222386630690226,8.522238663069025,9500.0,0.0,2.9179125911384946e-85,1.5550077116932736e-84,1.0
16:08:24.047,8.000000000000002,-0.5222386630690226,8.522238663069025,9500.0,0.0,2.5677630802018752e-85,1.3684067862900806e-84,1.0
16:08:24.067,8.000000000000002,-0.5222386630690226,8.522238663069025,9500.0,0.0,2.2596315105776502e-85,1.204197971935271e-84,1.0
16:08:24.088,8.000000000000002,-0.5222386630690226,8.522238663069025,9500.0,0.0,1.9884757293083323e-85,1.0596942153030387e-84,1.0
16:08:24.107,8.000000000000002,-0.5222386630690226,8.522238663069025,9500.0,0.0,1.7498586417913325e-85,9.32530909466674e-85,1.0
16:08:24.128,8.000000000000002,-0.5222386630690226,8.522238663069025,9500.0,0.0,1.5398756047763727e-85,8.206272003306731e-85,1.0
16:08:24.147,8.000000000000002,-0.5222386630690226,8.522238663069025,9500.0,0.0,1.355090532203208e-85,7.221519362909924e-85,1.0
16:08:24.167,8.000000000000002,-0.5222386630690226,8.522238663069025,9500.0,0.0,1.192479668338823e-85,6.354937039360732e-85,1.0
16:08:24.187,8.000000000000002,-0.5222386630690226,8.522238663069025,9500.0,0.0,1.0493821081381642e-85,5.592344594637445e-85,1.0
16:08:24.207,8.000000000000002,-0.5222386630690226,8.522238663069025,9500.0,0.0,9.234562551615846e-86,4.9212632432809517e-85,1.0
16:08:24.227,8.000000000000002,-0.5222386630690226,8.522238663069025,9500.0,0.0,8.126415045421945e-86,4.330711654087238e-85,1.0
16:08:24.247,8.000000000000002,-0.5222386630690226,8.522238663069025,9500.0,0.0,7.151245239971312e-86,3.8110262555967697e-85,1.0
16:08:24.267,8.000000000000002,-0.5222386630690226,8.522238663069025,9500.0,0.0,6.293095811174754e-86,3.353703104925157e-85,1.0
16:08:24.287,8.000000000000002,-0.5222386630690226,8.522238663069025,9500.0,0.0,5.537924313833784e-86,2.9512587323341385e-85,1.0
16:08:24.307,8.000000000000002,-0.5222386630690226,8.522238663069025,9500.0,0.0,4.87337339617373e-86,2.5971076844540417e-85,1.0
16:08:24.327,8.000000000000002,-0.5222386630690226,8.522238663069025,9500.0,0.0,4.288568588632882e-86,2.2854547623195565e-85,1.0
16:08:24.348,8.000000000000002,-0.5222386630690226,8.522238663069025,9500.0,0.0,3.773940357996936e-86,2.0112001908412098e-85,1.0
16:08:24.367,8.000000000000002,-0.5222386630690226,8.522238663069025,9500.0,0.0,3.321067515037304e-86,1.7698561679402647e-85,1.0
16:08:24.387,8.000000000000002,-0.5222386630690226,8.522238663069025,9500.0,0.0,2.9225394132328275e-86,1.557473427787433e-85,1.0
16:08:24.407,8.000000000000002,-0.5222386630690226,8.522238663069025,9500.0,0.0,2.571834683644888e-86,1.370576616452941e-85,1.0
16:08:24.427,8.000000000000002,-0.5222386630690226,8.522238663069025,9500.0,0.0,2.2632145216075015e-86,1.2061074224785881e-85,1.0
16:08:24.447,8.000000000000002,-0.5222386630690226,8.522238663069025,9500.0,0.0,1.9916287790146015e-86,1.0613745317811576e-85,1.0
16:08:24.467,8.000000000000002,-0.5222386630690226,8.522238663069025,9500.0,0.0,1.7526333255328493e-86,9.340095879674186e-86,1.0
16:08:24.487,8.000000000000002,-0.5222386630690226,8.522238663069025,9500.0,0.0,1.5423173264689074e-86,8.219284374113284e-86,1.0
16:08:24.507,8.000000000000002,-0.5222386630690226,8.522238663069025,9500.0,0.0,1.3572392472926385e-86,7.23297024921969e-86,1.0
16:08:24.527,8.000000000000002,-0.5222386630690226,8.522238663069025,9500.0,0.0,1.1943705376175219e-86,6.3650138193133275e-86,1.0
16:08:24.547,8.000000000000002,-0.5222386630690226,8.522238663069025,9500.0,0.0,1.0510460731034192e-86,5.601212160995727e-86,1.0
16:08:24.567,8.000000000000002,-0.5222386630690226,8.522238663069025,9500.0,0.0,9.24920544331009e-87,4.9290667016762406e-86,1.0
16:08:24.587,8.000000000000002,-0.5222386630690226,8.522238663069025,9500.0,0.0,8.139300790112879e-87,4.3375786974750916e-86,1.0
16:08:24.607,8.000000000000002,-0.5222386630690226,8.522238663069025,9500.0,0.0,7.1625846952993335e-87,3.817069253778081e-86,1.0
16:08:24.627,8.000000000000002,-0.5222386630690226,8.522238663069025,9500.0,0.0,6.303074531863414e-87,3.359020943324711e-86,1.0
16:08:24.647,8.000000000000002,-0.5222386630690226,8.522238663069025,9500.0,0.0,5.546705588039805e-87,2.9559384301257462e-86,1.0
16:08:24.667,8.000000000000002,-0.5222386630690226,8.522238663069025,9500.0,0.0,4.881100917475028e-87,2.6012258185106566e-86,1.0
16:08:24.687,8.000000000000002,-0.5222386630690226,8.522238663069025,9500.0,0.0,4.295368807378025e-87,2.2890787202893778e-86,1.0
16:08:24.707,8.000000000000002,-0.5222386630690226,8.522238663069025,9500.0,0.0,3.7799245504926617e-87,2.0143892738546526e-86,1.0
16:08:24.727,8.000000000000002,-0.5222386630690226,8.522238663069025,9500.0,0.0,3.326333604433542e-87,1.772662560992094e-86,1.0
16:08:24.747,8.000000000000002,-0.5222386630690226,8.522238663069025,9500.0,0.0,2.9271735719015173e-87,1.5599430536730429e-86,1.0
16:08:24.767,8.000000000000002,-0.5222386630690226,8.522238663069025,9500.0,0.0,2.5759127432733354e-87,1.3727498872322779e-86,1.0
16:08:24.787,8.000000000000002,-0.5222386630690226,8.522238663069025,9500.0,0.0,2.266803214080535e-87,1.2080199007644044e-86,1.0
16:08:24.807,8.000000000000002,-0.5222386630690226,8.522238663069025,9500.0,0.0,1.994786828390871e-87,1.063057512672676e-86,1.0
16:08:24.827,8.000000000000002,-0.5222386630690226,8.522238663069025,9500.0,0.0,1.7554124089839664e-87,9.354906111519548e-87,1.0
16:08:24.847,8.000000000000002,-0.5222386630690226,8.522238663069025,9500.0,0.0,1.5447629199058904e-87,8.232317378137202e-87,1.0
16:08:24.867,8.000000000000002,-0.5222386630690226,8.522238663069025,9500.0,0.0,1.3593913695171836e-87,7.244439292760738e-87,1.0
16:08:24.887,8.000000000000002,-0.5222386630690226,8.522238663069025,9500.0,0.0,1.1962644051751216e-87,6.37510657762945e-87,1.0
16:08:24.907,8.000000000000002,-0.5222386630690226,8.522238663069025,9500.0,0.0,1.052712676554107e-87,5.610093788313916e-87,1.0
16:08:24.927,8.000000000000002,-0.5222386630690226,8.522238663069025,9500.0,0.0,9.263871553676141e-88,4.936882533716246e-87,1.0
16:08:24.947,8.000000000000002,-0.5222386630690226,8.522238663069025,9500.0,0.0,8.152206967235004e-88,4.344456629670296e-87,1.0
16:08:24.967,8.000000000000002,-0.5222386630690226,8.522238663069025,9500.0,0.0,7.173942131166804e-88,3.8231218341098607e-87,1.0
16:08:24.987,8.000000000000002,-0.5222386630690226,8.522238663069025,9500.0,0.0,6.313069075426787e-88,3.3643472140166774e-87,1.0
16:08:25.007,8.000000000000002,-0.5222386630690226,8.522238663069025,9500.0,0.0,5.555500786375572e-88,2.960625548334676e-87,1.0
16:08:25.027,8.000000000000002,-0.5222386630690226,8.522238663069025,9500.0,0.0,4.888840692010504e-88,2.605350482534515e-87,1.0
16:08:25.047,8.000000000000002,-0.5222386630690226,8.522238663069025,9500.0,0.0,4.302179808969243e-88,2.292708424630373e-87,1.0
16:08:25.068,8.000000000000002,-0.5222386630690226,8.522238663069025,9500.0,0.0,3.785918231892934e-88,2.017583413674728e-87,1.0
16:08:25.087,8.000000000000002,-0.5222386630690226,8.522238663069025,9500.0,0.0,3.3316080440657816e-88,1.7754734040337606e-87,1.0
16:08:25.107,8.000000000000002,-0.5222386630690226,8.522238663069025,9500.0,0.0,2.9318150787778877e-88,1.5624165955497094e-87,1.0
16:08:25.127,8.000000000000002,-0.4351988858908521,8.435198885890854,9500.0,0.0,2.5799972693245413e-88,1.3749266040837444e-87,1.0
16:08:25.147,8.000000000000002,-0.4351988858908521,8.435198885890854,9500.0,0.0,2.2703975970055964e-88,1.209935411593695e-87,1.0
16:08:25.168,8.000000000000002,-0.4351988858908521,8.435198885890854,9500.0,0.0,1.9979498853649248e-88,1.0647431622024516e-87,1.0
16:08:25.187,8.000000000000002,-0.4351988858908521,8.435198885890854,9500.0,0.0,1.7581958991211337e-88,9.369739827381573e-88,1.0
16:08:25.207,8.000000000000002,-0.3481591087126817,8.348159108712684,9500.0,0.0,1.5472123912265977e-88,8.245371048095785e-88,1.0
16:08:25.227,8.000000000000002,-0.2611193315345113,8.261119331534514,9500.0,1.0,0.12,0.6395014229346258,1.0
16:08:25.247,8.000000000000002,1.2185568804943858,6.781443119505616,9500.0,18.0,2.2656,12.073786865005735,1.0
16:08:25.267,8.000000000000002,3.742710418661328,4.257289581338674,9500.0,23.0,4.753728,25.333465168701437,1.0
16:08:25.287,8.000000000000002,5.570545739402907,2.4294542605970957,9500.0,17.0,6.22328064,33.164973538345905,1.0
16:08:25.307,8.000000000000002,7.485420837322656,0.5145791626773465,4887.321573533239,15.0,7.276486963199999,38.77769805776378,1.0
16:08:25.327,8.000000000000002,8.616937940638872,-0.6169379406388689,-5464.019508176074,5.0,7.0033085276159985,37.32188140550525,1.0
16:08:25.348,8.000000000000002,8.791017494995213,-0.7910174949952098,-6568.145167194944,0.0,6.162911504302079,32.84325563684462,1.0
16:08:25.367,8.000000000000002,8.791017494995213,-0.7910174949952098,-6571.775747131548,0.0,5.42336212378583,28.902064960423267,1.0
16:08:25.387,8.000000000000002,8.791017494995213,-0.7910174949952098,-6574.97065747576,0.0,4.77255866893153,25.433817165172474,1.0
16:08:25.407,8.000000000000002,8.703977717817041,-0.7039777178170393,-6028.371280001601,-1.0,4.079851628659746,21.74225768241715,1.0
16:08:25.427,8.000000000000002,8.355818609104361,-0.35581860910435764,-3839.6112477454258,-15.0,1.7902694332205766,9.540665416507707,1.0
16:08:25.447,8.000000000000002,7.050221951431804,0.9497780485681986,7602.8539863317465,-11.0,0.2554371012341077,1.3612699142458993,1.0
16:08:25.467,8.000000000000002,6.26686395682827,1.7331360431717324,9500.0,-2.0,-0.015215350913985237,-0.08108532133286016,1.0
16:08:25.487,8.000000000000002,6.35390373400644,1.6460962659935618,9500.0,-1.0,-0.133389508804307,-0.7108565057075427,1.0
16:08:25.507,8.000000000000002,6.35390373400644,1.6460962659935618,9500.0,0.0,-0.11738276774779016,-0.6255537250226376,1.0
16:08:25.527,8.000000000000002,6.615023065540952,1.3849769344590508,9500.0,9.0,0.9767031643819447,5.205025528391712,1.0
16:08:25.547,8.000000000000002,8.791017494995213,-0.7910174949952098,-6583.576741411729,18.0,3.0194987846561117,16.09144807780797,1.0
16:08:25.567,8.000000000000002,10.27069370702411,-2.270693707024107,-9500.0,9.0,3.7371589304973782,19.915987114882647,1.0
16:08:25.587,8.000000000000002,10.096614152667769,-2.096614152667766,-9500.0,-9.0,2.2086998588376927,11.770555854685098,1.0
16:08:25.608,8.000000000000002,9.226216380886065,-1.2262163808860618,-9342.981956276228,-7.0,1.1036558757771697,5.881579191580506,1.0
16:08:25.627,8.000000000000002,9.052136826529724,-1.052136826529721,-8243.043020100144,1.0,1.0912171706839093,5.815291111525471,1.0
16:08:25.647,8.000000000000002,8.791017494995213,-0.7910174949952098,-6598.987770494536,-9.0,-0.11972888979815988,-0.6380566282692187,1.0
16:08:25.667,8.000000000000002,6.876142397075463,1.1238576029245395,8689.30073350612,-20.0,-2.5053614230223804,-13.351518291569427,1.0
16:08:25.687,8.000000000000002,5.657585516581078,2.342414483418925,9500.0,0.0,-2.204718052259695,-11.749336096581096,1.0
16:08:25.707,8.000000000000002,5.744625293759247,2.255374706240755,9500.0,3.0,-1.5801518859885317,-8.420911496187488,1.0
16:08:25.727,8.000000000000002,5.831665070937418,2.1683349290625844,9500.0,1.0,-1.270533659669908,-6.770900693710364,1.0
16:08:25.747,8.000000000000002,5.918704848115588,2.081295151884414,9500.0,0.0,-1.118069620509519,-5.958392610465121,1.0
16:08:25.767,8.000000000000002,7.485420837322656,0.5145791626773465,4858.551881493243,20.0,1.4160987339516231,7.546642961483209,1.0
16:08:25.787,8.000000000000002,9.400295935242406,-1.4002959352424027,-9500.0,14.0,2.9261668858774286,15.594065727189987,1.0
16:08:25.807,8.000000000000002,10.27069370702411,-2.270693707024107,-9500.0,-4.0,2.0950268595721373,11.164772148188685,1.0
16:08:25.827,8.000000000000002,9.748455043955087,-1.7484550439550843,-9500.0,-9.0,0.7636236364234807,4.069486683994411,1.0
16:08:25.847,8.000000000000002,9.052136826529724,-1.052136826529721,-8248.046594128762,-5.0,0.07198880005266306,0.3836411672419524,1.0
16:08:25.867,8.000000000000002,8.965097049351552,-0.9650970493515506,-7698.089002833308,0.0,0.0633501440463435,0.33760422717291816,1.0
16:08:25.887,8.000000000000002,8.18173905474802,-0.18173905474801683,-2757.5519452602625,-16.0,-1.8642518732392177,-9.934931047041845,1.0
16:08:25.907,8.000000000000002,6.35390373400644,1.6460962659935618,9500.0,-9.0,-2.720541648450512,-14.498252127808456,1.0
16:08:25.927,8.000000000000002,6.0927844024719295,1.9072155975280731,9500.0,1.0,-2.2740766506364505,-12.118960449536816,1.0
16:08:25.947,8.000000000000002,6.1798241796501,1.8201758203499028,9500.0,1.0,-1.8811874525600762,-10.025183772657773,1.0
16:08:25.968,8.000000000000002,6.1798241796501,1.8201758203499028,9500.0,0.0,-1.6554449582528672,-8.82216171993884,1.0
16:08:25.987,8.000000000000002,6.26686395682827,1.7331360431717324,9500.0,0.0,-1.4567915632625232,-7.763502313546179,1.0
16:08:26.007,8.000000000000002,8.355818609104361,-0.35581860910435764,-3844.0896262612964,18.0,0.8780234243289797,4.679143576902628,1.0
16:08:26.027,8.000000000000002,9.922534598311428,-1.9225345983114253,-9500.0,9.0,1.8526606134095023,9.873159154085945,1.0
16:08:26.047,8.000000000000002,10.009574375489597,-2.0095743754895956,-9500.0,-4.0,1.1503413398003621,6.130374363857129,1.0
16:08:26.067,8.000000000000002,9.226216380886065,-1.2262163808860618,-9347.554146679518,-7.0,0.1723003790243186,0.9182194796518925,1.0
16:08:26.087,8.000000000000002,9.052136826529724,-1.052136826529721,-8247.066547655042,1.0,0.27162433354140036,1.4475345650282911,1.0
16:08:26.107,8.000000000000002,8.965097049351552,-0.9650970493515506,-7697.815663359368,-1.0,0.11902941351643231,0.6343289942902703,1.0
16:08:26.127,8.000000000000002,7.224301505788144,0.7756984942118578,6492.09949205387,-17.0,-1.9352541161055397,-10.313314674913201,1.0
16:08:26.147,8.000000000000002,6.0927844024719295,1.9072155975280731,9500.0,2.0,-1.463023622172875,-7.796714068054365,1.0
16:08:26.167,8.000000000000002,6.005744625293759,1.9942553747062437,9500.0,1.0,-1.16746078751213,-6.221606956953216,1.0
16:08:26.187,8.000000000000002,6.005744625293759,1.9942553747062437,9500.0,0.0,-1.0273654930106744,-5.47501412211883,1.0
16:08:26.207,8.000000000000002,6.005744625293759,1.9942553747062437,9500.0,0.0,-0.9040816338493934,-4.818012427464571,1.0
16:08:26.227,8.000000000000002,6.005744625293759,1.9942553747062437,9500.0,0.0,-0.7955918377874662,-4.239850936168822,1.0
16:08:26.247,8.000000000000002,6.005744625293759,1.9942553747062437,9500.0,0.0,-0.7001208172529703,-3.731068823828563,1.0
16:08:26.267,8.000000000000002,6.005744625293759,1.9942553747062437,9500.0,0.0,-0.6161063191826138,-3.283340564969136,1.0
16:08:26.287,8.000000000000002,6.005744625293759,1.9942553747062437,9500.0,0.0,-0.5421735608807001,-2.889339697172839,1.0
16:08:26.307,8.000000000000002,6.005744625293759,1.9942553747062437,9500.0,0.0,-0.4771127335750161,-2.5426189335120983,1.0
16:08:26.327,8.000000000000002,6.005744625293759,1.9942553747062437,9500.0,0.0,-0.4198592055460142,-2.2375046614906466,1.0
16:08:26.347,8.000000000000002,6.005744625293759,1.9942553747062437,9500.0,0.0,-0.3694761008804925,-1.969004102111769,1.0
16:08:26.368,8.000000000000002,6.005744625293759,1.9942553747062437,9500.0,0.0,-0.3251389687748334,-1.732723609858357,1.0
16:08:26.387,8.000000000000002,6.005744625293759,1.9942553747062437,9500.0,0.0,-0.2861222925218534,-1.524796776675354,1.0
16:08:26.407,8.000000000000002,6.005744625293759,1.9942553747062437,9500.0,0.0,-0.251787617419231,-1.3418211634743116,1.0
16:08:26.427,8.000000000000002,6.005744625293759,1.9942553747062437,9500.0,0.0,-0.22157310332892327,-1.180802623857394,1.0
16:08:26.447,8.000000000000002,6.005744625293759,1.9942553747062437,9500.0,0.0,-0.19498433092945247,-1.039106308994507,1.0
16:08:26.467,8.000000000000002,6.005744625293759,1.9942553747062437,9500.0,0.0,-0.17158621121791817,-0.914413551915166,1.0
16:08:26.487,8.000000000000002,6.005744625293759,1.9942553747062437,9500.0,0.0,-0.150995865871768,-0.8046839256853462,1.0
16:08:26.507,8.000000000000002,6.005744625293759,1.9942553747062437,9500.0,0.0,-0.13287636196715583,-0.7081218546031045,1.0
16:08:26.528,8.000000000000002,6.005744625293759,1.9942553747062437,9500.0,0.0,-0.11693119853109712,-0.623147232050732,1.0
16:08:26.547,8.000000000000002,6.005744625293759,1.9942553747062437,9500.0,0.0,-0.10289945470736547,-0.5483695642046441,1.0
16:08:26.567,8.000000000000002,6.005744625293759,1.9942553747062437,9500.0,0.0,-0.09055152014248162,-0.4825652165000869,1.0
16:08:26.587,8.000000000000002,6.005744625293759,1.9942553747062437,9500.0,0.0,-0.07968533772538383,-0.4246573905200765,1.0
16:08:26.607,8.000000000000002,6.005744625293759,1.9942553747062437,9500.0,0.0,-0.07012309719833777,-0.3736985036576673,1.0
16:08:26.627,8.000000000000002,6.005744625293759,1.9942553747062437,9500.0,0.0,-0.06170832553453724,-0.3288546832187472,1.0
16:08:26.647,8.000000000000002,6.005744625293759,1.9942553747062437,9500.0,0.0,-0.05430332647039277,-0.2893921212324976,1.0
16:08:26.667,8.000000000000002,6.005744625293759,1.9942553747062437,9500.0,0.0,-0.04778692729394564,-0.2546650666845979,1.0
16:08:26.687,8.000000000000002,6.005744625293759,1.9942553747062437,9500.0,0.0,-0.04205249601867216,-0.22410525868244613,1.0
16:08:26.707,8.000000000000002,6.005744625293759,1.9942553747062437,9500.0,0.0,-0.037006196496431505,-0.19721262764055258,1.0
16:08:26.727,8.000000000000002,6.005744625293759,1.9942553747062437,9500.0,0.0,-0.03256545291685972,-0.17354711232368628,1.0
16:08:26.748,8.000000000000002,6.005744625293759,1.9942553747062437,9500.0,0.0,-0.028657598566836556,-0.15272145884484392,1.0
16:08:26.767,8.000000000000002,6.005744625293759,1.9942553747062437,9500.0,0.0,-0.02521868673881617,-0.13439488378346265,1.0
16:08:26.788,8.000000000000002,6.005744625293759,1.9942553747062437,9500.0,0.0,-0.02219244433015823,-0.11826749772944714,1.0
16:08:26.807,8.000000000000002,6.005744625293759,1.9942553747062437,9500.0,0.0,-0.019529351010539243,-0.10407539800191348,1.0
16:08:26.827,8.000000000000002,6.005744625293759,1.9942553747062437,9500.0,0.0,-0.017185828889274533,-0.09158635024168386,1.0
16:08:26.847,8.000000000000002,6.005744625293759,1.9942553747062437,9500.0,0.0,-0.015123529422561588,-0.0805959882126818,1.0
16:08:26.867,8.000000000000002,6.005744625293759,1.9942553747062437,9500.0,0.0,-0.013308705891854197,-0.07092446962715998,1.0
16:08:26.887,8.000000000000002,6.005744625293759,1.9942553747062437,9500.0,0.0,-0.011711661184831693,-0.06241353327190078,1.0
16:08:26.907,8.000000000000002,6.005744625293759,1.9942553747062437,9500.0,0.0,-0.01030626184265189,-0.05492390927927268,1.0
16:08:26.928,8.000000000000002,6.005744625293759,1.9942553747062437,9500.0,0.0,-0.009069510421533663,-0.04833304016575996,1.0
16:08:26.947,8.000000000000002,6.005744625293759,1.9942553747062437,9500.0,0.0,-0.007981169170949624,-0.04253307534586877,1.0
16:08:26.967,8.000000000000002,6.005744625293759,1.9942553747062437,9500.0,0.0,-0.007023428870435669,-0.037429106304364516,1.0
16:08:26.987,8.000000000000002,6.005744625293759,1.9942553747062437,9500.0,0.0,-0.006180617405983389,-0.03293761354784077,1.0
16:08:27.007,8.000000000000002,6.005744625293759,1.9942553747062437,9500.0,0.0,-0.005438943317265382,-0.028985099922099883,1.0
16:08:27.028,8.000000000000002,6.005744625293759,1.9942553747062437,9500.0,0.0,-0.004786270119193537,-0.025506887931447897,1.0
16:08:27.047,8.000000000000002,6.005744625293759,1.9942553747062437,9500.0,0.0,-0.004211917704890312,-0.022446061379674146,1.0
16:08:27.068,8.000000000000002,6.005744625293759,1.9942553747062437,9500.0,0.0,-0.0037064875803034746,-0.01975253401411325,1.0
16:08:27.087,8.000000000000002,6.005744625293759,1.9942553747062437,9500.0,0.0,-0.0032617090706670575,-0.01738222993241966,1.0
16:08:27.107,8.000000000000002,6.005744625293759,1.9942553747062437,9500.0,0.0,-0.002870303982187011,-0.015296362340529302,1.0
16:08:27.127,8.000000000000002,6.005744625293759,1.9942553747062437,9500.0,0.0,-0.0025258675043245697,-0.013460798859665788,1.0
16:08:27.147,8.000000000000002,6.005744625293759,1.9942553747062437,9500.0,0.0,-0.0022227634038056213,-0.011845502996505893,1.0
16:08:27.167,8.000000000000002,6.005744625293759,1.9942553747062437,9500.0,0.0,-0.001956031795348947,-0.010424042636925186,1.0
16:08:27.187,8.000000000000002,6.005744625293759,1.9942553747062437,9500.0,0.0,-0.0017213079799070733,-0.009173157520494163,1.0
16:08:27.207,8.000000000000002,6.005744625293759,1.9942553747062437,9500.0,0.0,-0.0015147510223182245,-0.008072378618034864,1.0
16:08:27.228,8.000000000000002,6.005744625293759,1.9942553747062437,9500.0,0.0,-0.0013329808996400375,-0.00710369318387068,1.0
16:08:27.247,8.000000000000002,6.005744625293759,1.9942553747062437,9500.0,0.0,-0.001173023191683233,-0.006251250001806198,1.0
16:08:27.267,8.000000000000002,6.005744625293759,1.9942553747062437,9500.0,0.0,-0.001032260408681245,-0.005501100001589454,1.0
16:08:27.287,8.000000000000002,6.005744625293759,1.9942553747062437,9500.0,0.0,-0.0009083891596394956,-0.00484096800139872,1.0
16:08:27.307,8.000000000000002,6.005744625293759,1.9942553747062437,9500.0,0.0,-0.0007993824604827562,-0.004260051841230874,1.0
16:08:27.327,8.000000000000002,6.005744625293759,1.9942553747062437,9500.0,0.0,-0.0007034565652248255,-0.0037488456202831692,1.0
16:08:27.348,8.000000000000002,6.005744625293759,1.9942553747062437,9500.0,0.0,-0.0006190417773978464,-0.0032989841458491887,1.0
16:08:27.367,8.000000000000002,6.005744625293759,1.9942553747062437,9500.0,0.0,-0.0005447567641101048,-0.002903106048347286,1.0
16:08:27.388,8.000000000000002,6.005744625293759,1.9942553747062437,9500.0,0.0,-0.00047938595241689224,-0.0025547333225456118,1.0
16:08:27.408,8.000000000000002,6.005744625293759,1.9942553747062437,9500.0,0.0,-0.00042185963812686517,-0.002248165323840138,1.0
16:08:27.427,8.000000000000002,6.005744625293759,1.9942553747062437,9500.0,0.0,-0.00037123648155164133,-0.0019783854849793215,1.0
16:08:27.448,8.000000000000002,6.005744625293759,1.9942553747062437,9500.0,0.0,-0.00032668810376544437,-0.001740979226781803,1.0
16:08:27.467,8.000000000000002,6.005744625293759,1.9942553747062437,9500.0,0.0,-0.000287485531313591,-0.0015320617195679865,1.0
16:08:27.487,8.000000000000002,6.005744625293759,1.9942553747062437,9500.0,0.0,-0.0002529872675559601,-0.0013482143132198283,1.0
16:08:27.507,8.000000000000002,6.005744625293759,1.9942553747062437,9500.0,0.0,-0.0002226287954492449,-0.0011864285956334488,1.0
16:08:27.528,8.000000000000002,6.005744625293759,1.9942553747062437,9500.0,0.0,-0.00019591333999533552,-0.001044057164157435,1.0
16:08:27.547,8.000000000000002,6.005744625293759,1.9942553747062437,9500.0,0.0,-0.00017240373919589526,-0.0009187703044585429,1.0
16:08:27.567,8.000000000000002,6.005744625293759,1.9942553747062437,9500.0,0.0,-0.00015171529049238784,-0.0008085178679235177,1.0
16:08:27.588,8.000000000000002,6.005744625293759,1.9942553747062437,9500.0,0.0,-0.0001335094556333013,-0.0007114957237726956,1.0
16:08:27.607,8.000000000000002,6.005744625293759,1.9942553747062437,9500.0,0.0,-0.00011748832095730514,-0.000626116236919972,1.0
16:08:27.627,8.000000000000002,6.005744625293759,1.9942553747062437,9500.0,0.0,-0.00010338972244242852,-0.0005509822884895754,1.0
16:08:27.647,8.000000000000002,6.005744625293759,1.9942553747062437,9500.0,0.0,-9.09829557493371e-05,-0.0004848644138708264,1.0
16:08:27.667,8.000000000000002,6.005744625293759,1.9942553747062437,9500.0,0.0,-8.006500105941665e-05,-0.00042668068420632726,1.0
16:08:27.687,8.000000000000002,6.005744625293759,1.9942553747062437,9500.0,0.0,-7.045720093228664e-05,-0.00037547900210156796,1.0
16:08:27.707,8.000000000000002,6.005744625293759,1.9942553747062437,9500.0,0.0,-6.200233682041225e-05,-0.0003304215218493798,1.0
16:08:27.727,8.000000000000002,6.005744625293759,1.9942553747062437,9500.0,0.0,-5.456205640196278e-05,-0.00029077093922745426,1.0
16:08:27.747,8.000000000000002,6.005744625293759,1.9942553747062437,9500.0,0.0,-4.8014609633727246e-05,-0.0002558784265201597,1.0
16:08:27.767,8.000000000000002,6.005744625293759,1.9942553747062437,9500.0,0.0,-4.225285647767998e-05,-0.00022517301533774055,1.0
16:08:27.788,8.000000000000002,6.005744625293759,1.9942553747062437,9500.0,0.0,-3.718251370035838e-05,-0.0001981522534972117,1.0
16:08:27.807,8.000000000000002,6.005744625293759,1.9942553747062437,9500.0,0.0,-3.272061205631537e-05,-0.00017437398307754625,1.0
16:08:27.828,8.000000000000002,6.005744625293759,1.9942553747062437,9500.0,0.0,-2.8794138609557526e-05,-0.00015344910510824072,1.0
16:08:27.848,8.000000000000002,6.005744625293759,1.9942553747062437,9500.0,0.0,-2.5338841976410624e-05,-0.00013503521249525182,1.0
16:08:27.867,8.000000000000002,6.005744625293759,1.9942553747062437,9500.0,0.0,-2.2298180939241348e-05,-0.0001188309869958216,1.0
16:08:27.887,8.000000000000002,6.005744625293759,1.9942553747062437,9500.0,0.0,-1.9622399226532386e-05,-0.00010457126855632301,1.0
16:08:27.907,8.000000000000002,6.005744625293759,1.9942553747062437,9500.0,0.0,-1.72677113193485e-05,-9.202271632956426e-05,1.0
16:08:27.927,8.000000000000002,6.005744625293759,1.9942553747062437,9500.0,0.0,-1.5195585961026682e-05,-8.097999037001656e-05,1.0
16:08:27.948,8.000000000000002,6.005744625293759,1.9942553747062437,9500.0,0.0,-1.337211564570348e-05,-7.126239152561457e-05,1.0
16:08:27.967,8.000000000000002,6.005744625293759,1.9942553747062437,9500.0,0.0,-1.1767461768219063e-05,-6.271090454254082e-05,1.0
16:08:27.987,8.000000000000002,6.005744625293759,1.9942553747062437,9500.0,0.0,-1.0355366356032775e-05,-5.518559599743592e-05,1.0
16:08:28.007,8.000000000000002,6.005744625293759,1.9942553747062437,9500.0,0.0,-9.112722393308843e-06,-4.856332447774361e-05,1.0
16:08:28.027,8.000000000000002,6.005744625293759,1.9942553747062437,9500.0,0.0,-8.019195706111782e-06,-4.273572554041438e-05,1.0
16:08:28.047,8.000000000000002,6.005744625293759,1.9942553747062437,9500.0,0.0,-7.056892221378368e-06,-3.7607438475564655e-05,1.0
16:08:28.067,8.000000000000002,6.0927844024719295,1.9072155975280731,9500.0,0.0,-6.210065154812963e-06,-3.309454585849689e-05,1.0
16:08:28.087,8.000000000000002,6.0927844024719295,1.9072155975280731,9500.0,0.0,-5.464857336235408e-06,-2.9123200355477267e-05,1.0
16:08:28.107,8.000000000000002,6.0927844024719295,1.9072155975280731,9500.0,0.0,-4.809074455887159e-06,-2.5628416312819995e-05,1.0
16:08:28.127,8.000000000000002,6.005744625293759,1.9942553747062437,9500.0,0.0,-4.2319855211807e-06,-2.2553006355281595e-05,1.0
16:08:28.147,8.000000000000002,6.005744625293759,1.9942553747062437,9500.0,0.0,-3.724147258639016e-06,-1.9846645592647805e-05,1.0
16:08:28.167,8.000000000000002,6.005744625293759,1.9942553747062437,9500.0,0.0,-3.2772495876023337e-06,-1.7465048121530066e-05,1.0
16:08:28.187,8.000000000000002,6.005744625293759,1.9942553747062437,9500.0,0.0,-2.8839796370900536e-06,-1.5369242346946457e-05,1.0
16:08:28.207,8.000000000000002,6.005744625293759,1.9942553747062437,9500.0,0.0,-2.537902080639247e-06,-1.3524933265312883e-05,1.0
16:08:28.227,8.000000000000002,6.005744625293759,1.9942553747062437,9500.0,0.0,-2.2333538309625374e-06,-1.1901941273475337e-05,1.0
16:08:28.247,8.000000000000002,6.005744625293759,1.9942553747062437,9500.0,0.0,-1.965351371247033e-06,-1.0473708320658298e-05,1.0
16:08:28.267,8.000000000000002,6.005744625293759,1.9942553747062437,9500.0,0.0,-1.7295092066973892e-06,-9.216863322179302e-06,1.0
16:08:28.287,8.000000000000002,6.005744625293759,1.9942553747062437,9500.0,0.0,-1.5219681018937026e-06,-8.110839723517787e-06,1.0
16:08:28.307,8.000000000000002,6.005744625293759,1.9942553747062437,9500.0,0.0,-1.3393319296664584e-06,-7.137538956695652e-06,1.0
16:08:28.327,8.000000000000002,6.005744625293759,1.9942553747062437,9500.0,0.0,-1.1786120981064833e-06,-6.281034281892174e-06,1.0
16:08:28.347,8.000000000000002,6.005744625293759,1.9942553747062437,9500.0,0.0,-1.0371786463337054e-06,-5.527310168065113e-06,1.0
16:08:28.367,8.000000000000002,6.005744625293759,1.9942553747062437,9500.0,0.0,-9.127172087736607e-07,-4.8640329478973e-06,1.0
16:08:28.387,8.000000000000002,6.005744625293759,1.9942553747062437,9500.0,0.0,-8.031911437208215e-07,-4.280348994149624e-06,1.0
16:08:28.407,8.000000000000002,6.005744625293759,1.9942553747062437,9500.0,0.0,-7.06808206474323e-07,-3.7667071148516692e-06,1.0
16:08:28.427,8.000000000000002,6.005744625293759,1.9942553747062437,9500.0,0.0,-6.219912216974042e-07,-3.3147022610694692e-06,1.0
16:08:28.447,8.000000000000002,6.005744625293759,1.9942553747062437,9500.0,0.0,-5.473522750937158e-07,-2.916937989741133e-06,1.0
16:08:28.467,8.000000000000002,6.005744625293759,1.9942553747062437,9500.0,0.0,-4.816700020824699e-07,-2.5669054309721973e-06,1.0
16:08:28.487,8.000000000000002,6.005744625293759,1.9942553747062437,9500.0,0.0,-4.238696018325735e-07,-2.2588767792555336e-06,1.0
16:08:28.507,8.000000000000002,6.005744625293759,1.9942553747062437,9500.0,0.0,-3.7300524961266465e-07,-1.9878115657448695e-06,1.0
16:08:28.527,8.000000000000002,6.005744625293759,1.9942553747062437,9500.0,0.0,-3.282446196591449e-07,-1.749274177855485e-06,1.0
16:08:28.547,8.000000000000002,6.005744625293759,1.9942553747062437,9500.0,0.0,-2.8885526530004753e-07,-1.539361276512827e-06,1.0
16:08:28.567,8.000000000000002,6.005744625293759,1.9942553747062437,9500.0,0.0,-2.541926334640418e-07,-1.3546379233312877e-06,1.0
16:08:28.587,8.000000000000002,6.005744625293759,1.9942553747062437,9500.0,0.0,-2.2368951744835678e-07,-1.192081372531533e-06,1.0
16:08:28.607,8.000000000000002,6.005744625293759,1.9942553747062437,9500.0,0.0,-1.9684677535455396e-07,-1.049031607827749e-06,1.0
16:08:28.627,8.000000000000002,6.005744625293759,1.9942553747062437,9500.0,0.0,-1.732251623120075e-07,-9.231478148884192e-07,1.0
16:08:28.647,8.000000000000002,6.005744625293759,1.9942553747062437,9500.0,0.0,-1.524381428345666e-07,-8.123700771018089e-07,1.0
16:08:28.667,8.000000000000002,6.005744625293759,1.9942553747062437,9500.0,0.0,-1.341455656944186e-07,-7.148856678495919e-07,1.0
16:08:28.687,8.000000000000002,6.005744625293759,1.9942553747062437,9500.0,0.0,-1.1804809781108837e-07,-6.290993877076408e-07,1.0
16:08:28.707,8.000000000000002,6.005744625293759,1.9942553747062437,9500.0,0.0,-1.0388232607375777e-07,-5.536074611827239e-07,1.0
16:08:28.727,8.000000000000002,6.005744625293759,1.9942553747062437,9500.0,0.0,-9.141644694490684e-08,-4.871745658407971e-07,1.0
16:08:28.747,8.000000000000002,6.005744625293759,1.9942553747062437,9500.0,0.0,-8.044647331151802e-08,-4.2871361793990145e-07,1.0
16:08:28.767,8.000000000000002,6.005744625293759,1.9942553747062437,9500.0,0.0,-7.079289651413585e-08,-3.7726798378711323e-07,1.0
16:08:28.787,8.000000000000002,6.005744625293759,1.9942553747062437,9500.0,0.0,-6.229774893243955e-08,-3.3199582573265963e-07,1.0
16:08:28.807,8.000000000000002,6.005744625293759,1.9942553747062437,9500.0,0.0,-5.4822019060546804e-08,-2.9215632664474047e-07,1.0
16:08:28.827,8.000000000000002,6.005744625293759,1.9942553747062437,9500.0,0.0,-4.824337677328119e-08,-2.5709756744737163e-07,1.0
16:08:28.847,8.000000000000002,6.005744625293759,1.9942553747062437,9500.0,0.0,-4.245417156048745e-08,-2.2624585935368704e-07,1.0
16:08:28.867,8.000000000000002,6.005744625293759,1.9942553747062437,9500.0,0.0,-3.735967097322896e-08,-1.9909635623124462e-07,1.0
16:08:28.887,8.000000000000002,6.005744625293759,1.9942553747062437,9500.0,0.0,-3.2876510456441485e-08,-1.7520479348349528e-07,1.0
16:08:28.908,8.000000000000002,6.005744625293759,1.9942553747062437,9500.0,0.0,-2.8931329201668508e-08,-1.5418021826547584e-07,1.0
16:08:28.927,8.000000000000002,6.005744625293759,1.9942553747062437,9500.0,0.0,-2.5459569697468286e-08,-1.3567859207361874e-07,1.0
16:08:28.947,8.000000000000002,5.831665070937418,2.1683349290625844,9500.0,0.0,-2.240442133377209e-08,-1.193971610247845e-07,1.0
16:08:28.967,8.000000000000002,3.8297501958394986,4.1702498041605045,9500.0,-22.0,-2.6400000197158904,-14.069031409631267,1.0
16:08:28.987,8.000000000000002,1.653755766385238,6.346244233614764,9500.0,-4.0,-2.8032000173499836,-14.938753332214018,1.0
16:08:29.007,8.000000000000002,2.263034206632431,5.736965793367571,9500.0,11.0,-1.1468160152679858,-6.111587280067454,1.0
16:08:29.027,8.000000000000002,3.742710418661328,4.257289581338674,9500.0,13.0,0.5508019065641725,2.935321691690776,1.0
16:08:29.047,8.000000000000002,5.135346853512055,2.8646531464879477,9500.0,12.0,1.9247056777764717,10.257100163903392,1.0
16:08:29.067,8.000000000000002,6.0927844024719295,1.9072155975280731,9500.0,5.0,2.293740996443295,12.223755258908113,1.0
16:08:29.087,8.000000000000002,6.440943511184611,1.5590564888153915,9500.0,1.0,2.1384920768701,11.396406050773766,1.0
16:08:29.107,8.000000000000002,6.440943511184611,1.5590564888153915,9500.0,-1.0,1.761873027645688,9.38933590174629,1.0
16:08:29.128,8.000000000000002,6.440943511184611,1.5590564888153915,9500.0,0.0,1.5504482643282054,8.262615593536735,1.0
16:08:29.147,8.000000000000002,6.440943511184611,1.5590564888153915,9500.0,0.0,1.3643944726088206,7.271101722312326,1.0
16:08:29.167,8.000000000000002,6.5279832883627815,1.4720167116372211,9500.0,1.0,1.320667135895762,7.038070938569472,1.0
16:08:29.187,8.000000000000002,6.5279832883627815,1.4720167116372211,9500.0,1.0,1.2821870795882706,6.833003848875761,1.0
16:08:29.207,8.000000000000002,6.5279832883627815,1.4720167116372211,9500.0,0.0,1.1283246300376781,6.01304338701067,1.0
16:08:29.227,8.000000000000002,6.5279832883627815,1.4720167116372211,9500.0,0.0,0.9929256744331567,5.291478180569389,1.0
16:08:29.247,8.000000000000002,6.5279832883627815,1.4720167116372211,9500.0,0.0,0.8737745935011779,4.656500798901063,1.0
16:08:29.267,8.000000000000002,6.5279832883627815,1.4720167116372211,9500.0,0.0,0.7689216422810365,4.097720703032935,1.0
16:08:29.287,8.000000000000002,6.5279832883627815,1.4720167116372211,9500.0,0.0,0.6766510452073121,3.6059942186689824,1.0
16:08:29.307,8.000000000000002,6.5279832883627815,1.4720167116372211,9500.0,0.0,0.5954529197824346,3.1732749124287047,1.0
16:08:29.327,8.000000000000002,6.5279832883627815,1.4720167116372211,9500.0,0.0,0.5239985694085425,2.79248192293726,1.0
16:08:29.347,8.000000000000002,6.5279832883627815,1.4720167116372211,9500.0,0.0,0.4611187410795174,2.457384092184789,1.0
16:08:29.367,8.000000000000002,6.5279832883627815,1.4720167116372211,9500.0,0.0,0.4057844921499753,2.1624980011226143,1.0
16:08:29.387,8.000000000000002,6.5279832883627815,1.4720167116372211,9500.0,0.0,0.3570903530919783,1.9029982409879005,1.0
16:08:29.408,8.000000000000002,6.5279832883627815,1.4720167116372211,9500.0,0.0,0.3142395107209409,1.6746384520693527,1.0
16:08:29.427,8.000000000000002,6.5279832883627815,1.4720167116372211,9500.0,0.0,0.276530769434428,1.4736818378210303,1.0
16:08:29.447,8.000000000000002,6.5279832883627815,1.4720167116372211,9500.0,0.0,0.24334707710229664,1.2968400172825065,1.0
16:08:29.467,8.000000000000002,6.5279832883627815,1.4720167116372211,9500.0,0.0,0.21414542785002105,1.1412192152086058,1.0
16:08:29.487,8.000000000000002,6.5279832883627815,1.4720167116372211,9500.0,0.0,0.18844797650801853,1.0042729093835732,1.0
16:08:29.507,8.000000000000002,6.5279832883627815,1.4720167116372211,9500.0,0.0,0.1658342193270563,0.8837601602575444,1.0
16:08:29.527,8.000000000000002,6.5279832883627815,1.4720167116372211,9500.0,0.0,0.14593411300780953,0.777708941026639,1.0
16:08:29.547,8.000000000000002,6.5279832883627815,1.4720167116372211,9500.0,0.0,0.1284220194468724,0.6843838681034424,1.0
16:08:29.567,8.000000000000002,6.5279832883627815,1.4720167116372211,9500.0,0.0,0.11301137711324771,0.6022578039310293,1.0
16:08:29.587,8.000000000000002,6.5279832883627815,1.4720167116372211,9500.0,0.0,0.09945001185965799,0.5299868674593058,1.0
16:08:29.607,8.000000000000002,6.5279832883627815,1.4720167116372211,9500.0,0.0,0.08751601043649904,0.4663884433641891,1.0
16:08:29.627,8.000000000000002,6.5279832883627815,1.4720167116372211,9500.0,0.0,0.07701408918411916,0.41042183016048644,1.0
16:08:29.647,8.000000000000002,6.5279832883627815,1.4720167116372211,9500.0,0.0,0.06777239848202486,0.3611712105412281,1.0
16:08:29.668,8.000000000000002,6.5279832883627815,1.4720167116372211,9500.0,0.0,0.05963971066418188,0.31783066527628073,1.0
16:08:29.687,8.000000000000002,6.5279832883627815,1.4720167116372211,9500.0,0.0,0.052482945384480055,0.27969098544312704,1.0
16:08:29.707,8.000000000000002,6.5279832883627815,1.4720167116372211,9500.0,0.0,0.04618499193834245,0.2461280671899518,1.0
16:08:29.728,8.000000000000002,6.5279832883627815,1.4720167116372211,9500.0,0.0,0.040642792905741354,0.2165926991271576,1.0
16:08:29.747,8.000000000000002,6.5279832883627815,1.4720167116372211,9500.0,0.0,0.03576565775705239,0.1906015752318987,1.0
16:08:29.767,8.000000000000002,6.5279832883627815,1.4720167116372211,9500.0,0.0,0.031473778826206104,0.16772938620407082,1.0
16:08:29.787,8.000000000000002,6.5279832883627815,1.4720167116372211,9500.0,0.0,0.02769692536706137,0.14760185985958232,1.0
16:08:29.807,8.000000000000002,6.5279832883627815,1.4720167116372211,9500.0,0.0,0.024373294323014008,0.12988963667643247,1.0
16:08:29.827,8.000000000000002,6.5279832883627815,1.4720167116372211,9500.0,0.0,0.021448499004252327,0.11430288027526056,1.0
16:08:29.847,8.000000000000002,6.5279832883627815,1.4720167116372211,9500.0,0.0,0.018874679123742046,0.10058653464222929,1.0
16:08:29.867,8.000000000000002,6.5279832883627815,1.4720167116372211,9500.0,0.0,0.016609717628893,0.08851615048516177,1.0
16:08:29.887,8.000000000000002,6.5279832883627815,1.4720167116372211,9500.0,0.0,0.01461655151342584,0.07789421242694236,1.0
16:08:29.908,8.000000000000002,6.5279832883627815,1.4720167116372211,9500.0,0.0,0.01286256533181474,0.06854690693570928,1.0
16:08:29.927,8.000000000000002,6.5279832883627815,1.4720167116372211,9500.0,0.0,0.011319057491996971,0.060321278103424164,1.0
16:08:29.947,8.000000000000002,6.5279832883627815,1.4720167116372211,9500.0,0.0,0.009960770592957335,0.05308272473101327,1.0
16:08:29.967,8.000000000000002,6.5279832883627815,1.4720167116372211,9500.0,0.0,0.008765478121802455,0.04671279776329168,1.0
16:08:29.987,8.000000000000002,6.5279832883627815,1.4720167116372211,9500.0,0.0,0.007713620747186161,0.04110726203169668,1.0
16:08:30.007,8.000000000000002,6.5279832883627815,1.4720167116372211,9500.0,0.0,0.006787986257523822,0.036174390587893075,1.0
16:08:30.027,8.000000000000002,6.5279832883627815,1.4720167116372211,9500.0,0.0,0.005973427906620963,0.03183346371734591,1.0
16:08:30.047,8.000000000000002,6.5279832883627815,1.4720167116372211,9500.0,0.0,0.005256616557826448,0.0280134480712644,1.0
16:08:30.068,8.000000000000002,6.5279832883627815,1.4720167116372211,9500.0,0.0,0.004625822570887274,0.024651834302712672,1.0
16:08:30.087,8.000000000000002,6.5279832883627815,1.4720167116372211,9500.0,0.0,0.004070723862380801,0.021693614186387152,1.0
16:08:30.107,8.000000000000002,6.5279832883627815,1.4720167116372211,9500.0,0.0,0.003582236998895105,0.019090380484020692,1.0
16:08:30.127,8.000000000000002,6.5279832883627815,1.4720167116372211,9500.0,0.0,0.0031523685590276926,0.01679953482593821,1.0
16:08:30.147,8.000000000000002,6.5279832883627815,1.4720167116372211,9500.0,0.0,0.0027740843319443696,0.014783590646825627,1.0
16:08:30.167,8.000000000000002,6.5279832883627815,1.4720167116372211,9500.0,0.0,0.002441194212111045,0.013009559769206551,1.0
16:08:30.187,8.000000000000002,6.5279832883627815,1.4720167116372211,9500.0,0.0,0.00214825090665772,0.011448412596901766,1.0
16:08:30.207,8.000000000000002,6.5279832883627815,1.4720167116372211,9500.0,0.0,0.0018904607978587934,0.010074603085273554,1.0
16:08:30.227,8.000000000000002,6.5279832883627815,1.4720167116372211,9500.0,0.0,0.0016636055021157382,0.008865650715040727,1.0
16:08:30.247,8.000000000000002,6.5279832883627815,1.4720167116372211,9500.0,0.0,0.0014639728418618496,0.007801772629235839,1.0
16:08:30.267,8.000000000000002,6.5279832883627815,1.4720167116372211,9500.0,0.0,0.0012882961008384276,0.006865559913727538,1.0
16:08:30.287,8.000000000000002,6.5279832883627815,1.4720167116372211,9500.0,0.0,0.0011337005687378162,0.006041692724080234,1.0
16:08:30.307,8.000000000000002,6.5279832883627815,1.4720167116372211,9500.0,0.0,0.0009976565004892783,0.0053166895971906054,1.0
16:08:30.327,8.000000000000002,6.5279832883627815,1.4720167116372211,9500.0,0.0,0.0008779377204305649,0.0046786868455277325,1.0
16:08:30.347,8.000000000000002,6.5279832883627815,1.4720167116372211,9500.0,0.0,0.0007725851939788971,0.004117244424064405,1.0
16:08:30.367,8.000000000000002,6.5279832883627815,1.4720167116372211,9500.0,0.0,0.0006798749707014294,0.003623175093176676,1.0
16:08:30.387,8.000000000000002,6.5279832883627815,1.4720167116372211,9500.0,0.0,0.0005982899742172579,0.003188394081995475,1.0
16:08:30.407,8.000000000000002,6.5279832883627815,1.4720167116372211,9500.0,0.0,0.000526495177311187,0.002805786792156018,1.0
16:08:30.427,8.000000000000002,6.5279832883627815,1.4720167116372211,9500.0,0.0,0.00046331575603384453,0.002469092377097296,1.0
16:08:30.447,8.000000000000002,6.5279832883627815,1.4720167116372211,9500.0,0.0,0.0004077178653097832,0.0021728012918456204,1.0
16:08:30.467,8.000000000000002,6.5279832883627815,1.4720167116372211,9500.0,0.0,0.0003587917214726092,0.001912065136824146,1.0
16:08:30.487,8.000000000000002,6.5279832883627815,1.4720167116372211,9500.0,0.0,0.0003157367148958961,0.0016826173204052485,1.0
16:08:30.507,8.000000000000002,6.5279832883627815,1.4720167116372211,9500.0,0.0,0.0002778483091083886,0.001480703241956619,1.0
16:08:30.527,8.000000000000002,6.5279832883627815,1.4720167116372211,9500.0,0.0,0.000244506512015382,0.0013030188529218247,1.0
16:08:30.547,8.000000000000002,6.5279832883627815,1.4720167116372211,9500.0,0.0,0.00021516573057353615,0.0011466565905712057,1.0
16:08:30.567,8.000000000000002,6.5279832883627815,1.4720167116372211,9500.0,0.0,0.00018934584290471182,0.0010090577997026611,1.0
16:08:30.588,8.000000000000002,6.5279832883627815,1.4720167116372211,9500.0,0.0,0.0001666243417561464,0.0008879708637383417,1.0
16:08:30.607,8.000000000000002,6.5279832883627815,1.4720167116372211,9500.0,0.0,0.00014662942074540882,0.0007814143600897407,1.0
16:08:30.627,8.000000000000002,6.5279832883627815,1.4720167116372211,9500.0,0.0,0.00012903389025595977,0.0006876446368789718,1.0
16:08:30.647,8.000000000000002,6.5279832883627815,1.4720167116372211,9500.0,0.0,0.0001135498234252446,0.0006051272804534952,1.0
16:08:30.667,8.000000000000002,6.5279832883627815,1.4720167116372211,9500.0,0.0,9.992384461421525e-05,0.0005325120067990758,1.0
16:08:30.687,8.000000000000002,6.5279832883627815,1.4720167116372211,9500.0,0.0,8.793298326050941e-05,0.0004686105659831867,1.0
16:08:30.707,8.000000000000002,6.5279832883627815,1.4720167116372211,9500.0,0.0,7.738102526924828e-05,0.00041237729806520426,1.0
16:08:30.727,8.000000000000002,6.5279832883627815,1.4720167116372211,9500.0,0.0,6.809530223693848e-05,0.00036289202229737973,1.0
16:08:30.747,8.000000000000002,6.789102619897292,1.2108973801027099,9254.545801291648,5.0,0.6000599238659685,3.1978264596527506,1.0
16:08:30.767,8.000000000000002,7.485420837322656,0.5145791626773465,4860.083319365998,10.0,1.7280527330020523,9.209101513840679,1.0
16:08:30.787,8.000000000000002,8.703977717817041,-0.7039777178170393,-6034.454563305639,11.0,2.840686405041806,15.138524984460682,1.0
16:08:30.807,8.000000000000002,9.487335712420576,-1.487335712420573,-9500.0,4.0,2.9798040364367893,15.879907678063903,1.0
16:08:30.827,8.000000000000002,9.226216380886065,-1.2262163808860618,-9340.828929621564,-9.0,1.5422275520643747,8.218805950284603,1.0
16:08:30.847,8.000000000000002,8.5298981634607,-0.5298981634606985,-4940.559255221104,2.0,1.5971602458166496,8.511552082119701,1.0
16:08:30.867,8.000000000000002,8.44285838628253,-0.4428583862825281,-4391.500144594569,0.0,1.4055010163186517,7.490165832265337,1.0
16:08:30.887,8.000000000000002,8.26877883192619,-0.26877883192618723,-3292.9172286661533,-1.0,1.1168408943604136,5.951844509458871,1.0
16:08:30.907,8.000000000000002,7.311341282966315,0.6886587170336873,5952.8902302361785,-6.0,0.2628199870371639,1.4006146307160519,1.0
16:08:30.927,8.000000000000002,6.702062842719122,1.2979371572808802,9500.0,2.0,0.47128158859270425,2.511543720899377,1.0
16:08:30.947,8.000000000000002,6.702062842719122,1.2979371572808802,9500.0,0.0,0.4147277979615797,2.2101584743914517,1.0
16:08:30.967,8.000000000000002,6.702062842719122,1.2979371572808802,9500.0,0.0,0.36496046220619016,1.9449394574644778,1.0
16:08:30.987,8.000000000000002,6.702062842719122,1.2979371572808802,9500.0,0.0,0.32116520674144733,1.7115467225687404,1.0
16:08:31.007,8.000000000000002,8.44285838628253,-0.4428583862825281,-4387.586918777578,16.0,2.2026253819324735,11.738183882814504,1.0
16:08:31.027,8.000000000000002,10.009574375489597,-2.0095743754895956,-9500.0,13.0,3.4983103361005767,18.6431203150269,1.0
16:08:31.047,8.000000000000002,10.009574375489597,-2.0095743754895956,-9500.0,-3.0,2.7185130957685075,14.487441608419793,1.0
16:08:31.067,8.000000000000002,9.226216380886065,-1.2262163808860618,-9340.779523785312,-7.0,1.5522915242762867,8.272438654867038,1.0
16:08:31.087,8.000000000000002,9.052136826529724,-1.052136826529721,-8241.104879508135,1.0,1.4860165413631323,7.919247439217619,1.0
16:08:31.107,8.000000000000002,8.878057272173383,-0.8780572721733801,-7143.158496813026,-2.0,1.0676945563995566,5.689934900642254,1.0
16:08:31.127,8.000000000000002,7.137261728609975,0.8627382713900282,7045.608697191716,-18.0,-1.2204287903683904,-6.503882900258081,1.0
16:08:31.147,8.000000000000002,6.005744625293759,1.9942553747062437,9500.0,4.0,-0.5939773355241835,-3.1654112604886087,1.0
16:08:31.167,8.000000000000002,6.005744625293759,1.9942553747062437,9500.0,0.0,-0.5227000552612815,-2.7855619092299753,1.0
16:08:31.187,8.000000000000002,6.005744625293759,1.9942553747062437,9500.0,0.0,-0.4599760486299277,-2.451294480122378,1.0
16:08:31.207,8.000000000000002,6.005744625293759,1.9942553747062437,9500.0,0.0,-0.40477892279433636,-2.1571391425076927,1.0
16:08:31.228,8.000000000000002,6.005744625293759,1.9942553747062437,9500.0,0.0,-0.356205452059016,-1.8982824454067697,1.0
16:08:31.247,8.000000000000002,6.005744625293759,1.9942553747062437,9500.0,0.0,-0.3134607978119341,-1.6704885519579573,1.0
16:08:31.267,8.000000000000002,6.005744625293759,1.9942553747062437,9500.0,0.0,-0.275845502074502,-1.4700299257230025,1.0
16:08:31.287,8.000000000000002,6.005744625293759,1.9942553747062437,9500.0,0.0,-0.24274404182556175,-1.2936263346362422,1.0
16:08:31.307,8.000000000000002,6.005744625293759,1.9942553747062437,9500.0,0.0,-0.21361475680649433,-1.1383911744798931,1.0
16:08:31.327,8.000000000000002,6.005744625293759,1.9942553747062437,9500.0,0.0,-0.18798098598971502,-1.001784233542306,1.0
16:08:31.347,8.000000000000002,6.005744625293759,1.9942553747062437,9500.0,0.0,-0.16542326767094923,-0.8815701255172292,1.0
16:08:31.368,8.000000000000002,6.005744625293759,1.9942553747062437,9500.0,0.0,-0.14557247555043532,-0.7757817104551618,1.0
16:08:31.387,8.000000000000002,6.005744625293759,1.9942553747062437,9500.0,0.0,-0.1281037784843831,-0.6826879052005423,1.0
16:08:31.407,8.000000000000002,6.005744625293759,1.9942553747062437,9500.0,0.0,-0.11273132506625712,-0.6007653565764773,1.0
16:08:31.427,8.000000000000002,6.005744625293759,1.9942553747062437,9500.0,0.0,-0.09920356605830627,-0.5286735137873001,1.0
16:08:31.448,8.000000000000002,6.005744625293759,1.9942553747062437,9500.0,0.0,-0.08729913813130952,-0.46523269213282403,1.0
16:08:31.467,8.000000000000002,6.005744625293759,1.9942553747062437,9500.0,0.0,-0.07682324155555238,-0.4094047690768852,1.0
16:08:31.487,8.000000000000002,6.005744625293759,1.9942553747062437,9500.0,0.0,-0.0676044525688861,-0.360276196787659,1.0
16:08:31.507,8.000000000000002,6.005744625293759,1.9942553747062437,9500.0,0.0,-0.05949191826061977,-0.3170430531731399,1.0
16:08:31.527,8.000000000000002,6.005744625293759,1.9942553747062437,9500.0,0.0,-0.0523528880693454,-0.27899788679236315,1.0
16:08:31.547,8.000000000000002,6.005744625293759,1.9942553747062437,9500.0,0.0,-0.04607054150102395,-0.24551814037727956,1.0
16:08:31.567,8.000000000000002,6.005744625293759,1.9942553747062437,9500.0,0.0,-0.040542076520901076,-0.216055963532006,1.0
16:08:31.587,8.000000000000002,6.005744625293759,1.9942553747062437,9500.0,0.0,-0.035677027338392946,-0.1901292479081653,1.0
16:08:31.607,8.000000000000002,6.005744625293759,1.9942553747062437,9500.0,0.0,-0.03139578405778579,-0.16731373815918546,1.0
16:08:31.627,8.000000000000002,6.005744625293759,1.9942553747062437,9500.0,0.0,-0.027628289970851497,-0.1472360895800832,1.0
16:08:31.647,8.000000000000002,6.005744625293759,1.9942553747062437,9500.0,0.0,-0.024312895174349317,-0.12956775883047322,1.0
16:08:31.667,8.000000000000002,6.005744625293759,1.9942553747062437,9500.0,0.0,-0.0213953477534274,-0.11401962777081642,1.0
16:08:31.687,8.000000000000002,6.005744625293759,1.9942553747062437,9500.0,0.0,-0.018827906023016112,-0.10033727243831846,1.0
16:08:31.707,8.000000000000002,6.005744625293759,1.9942553747062437,9500.0,0.0,-0.016568557300254177,-0.08829679974572023,1.0
16:08:31.727,8.000000000000002,6.005744625293759,1.9942553747062437,9500.0,0.0,-0.014580330424223676,-0.0777011837762338,1.0
16:08:31.747,8.000000000000002,6.005744625293759,1.9942553747062437,9500.0,0.0,-0.012830690773316835,-0.06837704172308576,1.0
16:08:31.768,8.000000000000002,6.005744625293759,1.9942553747062437,9500.0,0.0,-0.011291007880518815,-0.06017179671631546,1.0
16:08:31.787,8.000000000000002,6.005744625293759,1.9942553747062437,9500.0,0.0,-0.009936086934856557,-0.052951181110357605,1.0
16:08:31.807,8.000000000000002,6.005744625293759,1.9942553747062437,9500.0,0.0,-0.00874375650267377,-0.04659703937711469,1.0
16:08:31.827,8.000000000000002,6.005744625293759,1.9942553747062437,9500.0,0.0,-0.007694505722352919,-0.041005394651860934,1.0
16:08:31.847,8.000000000000002,6.005744625293759,1.9942553747062437,9500.0,0.0,-0.006771165035670569,-0.03608474729363763,1.0
16:08:31.866,8.000000000000002,6.005744625293759,1.9942553747062437,9500.0,0.0,-0.005958625231390101,-0.031754577618401114,1.0
16:08:31.887,8.000000000000002,6.005744625293759,1.9942553747062437,9500.0,0.0,-0.005243590203623289,-0.02794402830419298,1.0
16:08:31.907,8.000000000000002,6.005744625293759,1.9942553747062437,9500.0,0.0,-0.004614359379188494,-0.02459074490768982,1.0
16:08:31.927,8.000000000000002,6.005744625293759,1.9942553747062437,9500.0,0.0,-0.004060636253685875,-0.021639855518767043,1.0
16:08:31.947,8.000000000000002,6.005744625293759,1.9942553747062437,9500.0,0.0,-0.0035733599032435697,-0.019043072856514996,1.0
16:08:31.967,8.000000000000002,6.005744625293759,1.9942553747062437,9500.0,0.0,-0.0031445567148543413,-0.016757904113733197,1.0
16:08:31.987,8.000000000000002,6.005744625293759,1.9942553747062437,9500.0,0.0,-0.0027672099090718205,-0.014746955620085215,1.0
16:08:32.007,8.000000000000002,6.005744625293759,1.9942553747062437,9500.0,0.0,-0.002435144719983202,-0.012977320945674988,1.0
16:08:32.027,8.000000000000002,6.005744625293759,1.9942553747062437,9500.0,0.0,-0.0021429273535852177,-0.011420042432193989,1.0
16:08:32.047,8.000000000000002,6.005744625293759,1.9942553747062437,9500.0,0.0,-0.0018857760711549917,-0.010049637340330712,1.0
16:08:32.067,8.000000000000002,6.005744625293759,1.9942553747062437,9500.0,0.0,-0.0016594829426163926,-0.008843680859491025,1.0
16:08:32.087,8.000000000000002,6.005744625293759,1.9942553747062437,9500.0,0.0,-0.0014603449895024254,-0.007782439156352102,1.0
16:08:32.107,8.000000000000002,6.005744625293759,1.9942553747062437,9500.0,0.0,-0.0012851035907621344,-0.00684854645758985,1.0
16:08:32.127,8.000000000000002,6.005744625293759,1.9942553747062437,9500.0,0.0,-0.0011308911598706783,-0.006026720882679068,1.0
16:08:32.147,8.000000000000002,6.005744625293759,1.9942553747062437,9500.0,0.0,-0.0009951842206861968,-0.00530351437675758,1.0
16:08:32.168,8.000000000000002,6.005744625293759,1.9942553747062437,9500.0,0.0,-0.0008757621142038532,-0.004667092651546669,1.0
16:08:32.187,8.000000000000002,6.005744625293759,1.9942553747062437,9500.0,0.0,-0.0007706706604993907,-0.004107041533361069,1.0
16:08:32.207,8.000000000000002,6.005744625293759,1.9942553747062437,9500.0,0.0,-0.0006781901812394638,-0.003614196549357741,1.0
16:08:32.227,8.000000000000002,6.005744625293759,1.9942553747062437,9500.0,0.0,-0.0005968073594907282,-0.003180492963434812,1.0
16:08:32.247,8.000000000000002,6.005744625293759,1.9942553747062437,9500.0,0.0,-0.0005251904763518408,-0.0027988338078226344,1.0
16:08:32.267,8.000000000000002,6.005744625293759,1.9942553747062437,9500.0,0.0,-0.0004621676191896199,-0.0024629737508839182,1.0
16:08:32.287,8.000000000000002,6.005744625293759,1.9942553747062437,9500.0,0.0,-0.0004067075048868655,-0.0021674169007778483,1.0
16:08:32.307,8.000000000000002,6.005744625293759,1.9942553747062437,9500.0,0.0,-0.00035790260430044167,-0.0019073268726845065,1.0
16:08:32.327,8.000000000000002,6.005744625293759,1.9942553747062437,9500.0,0.0,-0.0003149542917843887,-0.0016784476479623658,1.0
16:08:32.347,8.000000000000002,6.005744625293759,1.9942553747062437,9500.0,0.0,-0.00027715977677026207,-0.001477033930206882,1.0
16:08:32.367,8.000000000000002,6.005744625293759,1.9942553747062437,9500.0,0.0,-0.0002439006035578306,-0.0012997898585820561,1.0
16:08:32.387,8.000000000000002,6.005744625293759,1.9942553747062437,9500.0,0.0,-0.00021463253113089092,-0.0011438150755522093,1.0
16:08:32.407,8.000000000000002,6.005744625293759,1.9942553747062437,9500.0,0.0,-0.00018887662739518402,-0.0010065572664859441,1.0
16:08:32.428,8.000000000000002,6.005744625293759,1.9942553747062437,9500.0,0.0,-0.00016621143210776194,-0.0008857703945076309,1.0
16:08:32.447,8.000000000000002,6.005744625293759,1.9942553747062437,9500.0,0.0,-0.00014626606025483052,-0.0007794779471667153,1.0
16:08:32.467,8.000000000000002,6.005744625293759,1.9942553747062437,9500.0,0.0,-0.00012871413302425086,-0.0006859405935067095,1.0
16:08:32.487,8.000000000000002,6.005744625293759,1.9942553747062437,9500.0,0.0,-0.00011326843706134076,-0.0006036277222859043,1.0
16:08:32.507,8.000000000000002,6.005744625293759,1.9942553747062437,9500.0,0.0,-9.967622461397987e-05,-0.0005311923956115958,1.0
16:08:32.527,8.000000000000002,6.005744625293759,1.9942553747062437,9500.0,0.0,-8.771507766030228e-05,-0.00046744930813820434,1.0
16:08:32.547,8.000000000000002,6.005744625293759,1.9942553747062437,9500.0,0.0,-7.718926834106601e-05,-0.0004113553911616198,1.0
16:08:32.567,8.000000000000002,6.005744625293759,1.9942553747062437,9500.0,0.0,-6.792655614013809e-05,-0.00036199274422222546,1.0
16:08:32.587,8.000000000000002,6.005744625293759,1.9942553747062437,9500.0,0.0,-5.977536940332152e-05,-0.00031855361491555837,1.0
16:08:32.607,8.000000000000002,6.005744625293759,1.9942553747062437,9500.0,0.0,-5.2602325074922935e-05,-0.00028032718112569135,1.0
16:08:32.627,8.000000000000002,6.005744625293759,1.9942553747062437,9500.0,0.0,-4.629004606593218e-05,-0.0002466879193906084,1.0
16:08:32.647,8.000000000000002,6.005744625293759,1.9942553747062437,9500.0,0.0,-4.073524053802032e-05,-0.00021708536906373538,1.0
16:08:32.667,8.000000000000002,6.005744625293759,1.9942553747062437,9500.0,0.0,-3.584701167345788e-05,-0.00019103512477608713,1.0
16:08:32.687,8.000000000000002,6.005744625293759,1.9942553747062437,9500.0,0.0,-3.1545370272642934e-05,-0.00016811090980295667,1.0
16:08:32.707,8.000000000000002,6.005744625293759,1.9942553747062437,9500.0,0.0,-2.7759925839925782e-05,-0.00014793760062660187,1.0
16:08:32.727,8.000000000000002,6.005744625293759,1.9942553747062437,9500.0,0.0,-2.4428734739134687e-05,-0.00013018508855140964,1.0
16:08:32.747,8.000000000000002,6.005744625293759,1.9942553747062437,9500.0,0.0,-2.1497286570438526e-05,-0.0001145628779252405,1.0
16:08:32.767,8.000000000000002,6.005744625293759,1.9942553747062437,9500.0,0.0,-1.8917612181985902e-05,-0.00010081533257421164,1.0
16:08:32.787,8.000000000000002,6.005744625293759,1.9942553747062437,9500.0,0.0,-1.6647498720147595e-05,-8.871749266530624e-05,1.0
16:08:32.807,8.000000000000002,6.005744625293759,1.9942553747062437,9500.0,0.0,-1.4649798873729884e-05,-7.807139354546949e-05,1.0
16:08:32.827,8.000000000000002,6.005744625293759,1.9942553747062437,9500.0,0.0,-1.2891823008882298e-05,-6.870282632001315e-05,1.0
16:08:32.847,8.000000000000002,6.005744625293759,1.9942553747062437,9500.0,0.0,-1.1344804247816422e-05,-6.045848716161158e-05,1.0
16:08:32.867,8.000000000000002,6.005744625293759,1.9942553747062437,9500.0,0.0,-9.983427738078451e-06,-5.320346870221818e-05,1.0
16:08:32.887,8.000000000000002,6.005744625293759,1.9942553747062437,9500.0,0.0,-8.785416409509037e-06,-4.6819052457952e-05,1.0
16:08:32.907,8.000000000000002,6.005744625293759,1.9942553747062437,9500.0,0.0,-7.731166440367952e-06,-4.1200766162997756e-05,1.0
16:08:32.928,8.000000000000002,6.005744625293759,1.9942553747062437,9500.0,0.0,-6.803426467523798e-06,-3.625667422343803e-05,1.0
16:08:32.947,8.000000000000002,6.005744625293759,1.9942553747062437,9500.0,0.0,-5.9870152914209425e-06,-3.1905873316625464e-05,1.0
16:08:32.967,8.000000000000002,6.005744625293759,1.9942553747062437,9500.0,0.0,-5.268573456450429e-06,-2.8077168518630412e-05,1.0
16:08:32.987,8.000000000000002,6.005744625293759,1.9942553747062437,9500.0,0.0,-4.636344641676378e-06,-2.4707908296394765e-05,1.0
16:08:33.007,8.000000000000002,6.005744625293759,1.9942553747062437,9500.0,0.0,-4.079983284675213e-06,-2.1742959300827393e-05,1.0
16:08:33.027,8.000000000000002,6.005744625293759,1.9942553747062437,9500.0,0.0,-3.5903852905141873e-06,-1.9133804184728105e-05,1.0
16:08:33.047,8.000000000000002,6.005744625293759,1.9942553747062437,9500.0,0.0,-3.159539055652485e-06,-1.6837747682560733e-05,1.0
16:08:33.067,8.000000000000002,6.005744625293759,1.9942553747062437,9500.0,0.0,-2.780394368974187e-06,-1.4817217960653446e-05,1.0
16:08:33.087,8.000000000000002,6.005744625293759,1.9942553747062437,9500.0,0.0,-2.4467470446972845e-06,-1.3039151805375033e-05,1.0
16:08:33.108,8.000000000000002,5.918704848115588,2.081295151884414,9500.0,0.0,-2.1531373993336103e-06,-1.1474453588730028e-05,1.0
16:08:33.127,8.000000000000002,5.918704848115588,2.081295151884414,9500.0,0.0,-1.894760911413577e-06,-1.0097519158082424e-05,1.0
16:08:33.147,8.000000000000002,5.918704848115588,2.081295151884414,9500.0,0.0,-1.6673896020439478e-06,-8.885816859112534e-06,1.0
16:08:33.167,8.000000000000002,5.918704848115588,2.081295151884414,9500.0,0.0,-1.4673028497986741e-06,-7.81951883601903e-06,1.0
16:08:33.187,8.000000000000002,5.918704848115588,2.081295151884414,9500.0,0.0,-1.2912265078228331e-06,-6.881176575696746e-06,1.0
16:08:33.207,8.000000000000002,5.918704848115588,2.081295151884414,9500.0,0.0,-1.1362793268840932e-06,-6.0554353866131366e-06,1.0
16:08:33.227,8.000000000000002,5.918704848115588,2.081295151884414,9500.0,0.0,-9.99925807658002e-07,-5.32878314021956e-06,1.0
16:08:33.247,8.000000000000002,5.918704848115588,2.081295151884414,9500.0,0.0,-8.799347107390417e-07,-4.689329163393212e-06,1.0
16:08:33.267,8.000000000000002,5.918704848115588,2.081295151884414,9500.0,0.0,-7.743425454503567e-07,-4.1266096637860275e-06,1.0
16:08:33.287,8.000000000000002,5.918704848115588,2.081295151884414,9500.0,0.0,-6.814214399963139e-07,-3.631416504131704e-06,1.0
16:08:33.307,8.000000000000002,5.918704848115588,2.081295151884414,9500.0,0.0,-5.996508671967562e-07,-3.1956465236358997e-06,1.0
16:08:33.327,8.000000000000002,5.918704848115588,2.081295151884414,9500.0,0.0,-5.276927631331455e-07,-2.8121689407995914e-06,1.0
16:08:33.347,8.000000000000002,5.918704848115588,2.081295151884414,9500.0,0.0,-4.64369631557168e-07,-2.4747086679036406e-06,1.0
16:08:33.367,8.000000000000002,5.918704848115588,2.081295151884414,9500.0,0.0,-4.0864527577030786e-07,-2.177743627755204e-06,1.0
16:08:33.387,8.000000000000002,5.918704848115588,2.081295151884414,9500.0,0.0,-3.596078426778709e-07,-1.916414392424579e-06,1.0
16:08:33.407,8.000000000000002,5.918704848115588,2.081295151884414,9500.0,0.0,-3.164549015565264e-07,-1.6864446653336297e-06,1.0
16:08:33.427,8.000000000000002,5.918704848115588,2.081295151884414,9500.0,0.0,-2.7848031336974324e-07,-1.4840713054935942e-06,1.0
16:08:33.448,8.000000000000002,5.918704848115588,2.081295151884414,9500.0,0.0,-2.4506267576537406e-07,-1.305982748834363e-06,1.0
16:08:33.467,8.000000000000002,5.918704848115588,2.081295151884414,9500.0,0.0,-2.1565515467352916e-07,-1.1492648189742393e-06,1.0
16:08:33.487,8.000000000000002,5.918704848115588,2.081295151884414,9500.0,0.0,-1.8977653611270568e-07,-1.0113530406973308e-06,1.0
16:08:33.507,8.000000000000002,5.918704848115588,2.081295151884414,9500.0,0.0,-1.67003351779181e-07,-8.899906758136511e-07,1.0
16:08:33.527,8.000000000000002,5.918704848115588,2.081295151884414,9500.0,0.0,-1.469629495656793e-07,-7.83191794716013e-07,1.0
16:08:33.547,8.000000000000002,5.918704848115588,2.081295151884414,9500.0,0.0,-1.2932739561779778e-07,-6.892087793500914e-07,1.0
16:08:33.567,8.000000000000002,5.918704848115588,2.081295151884414,9500.0,0.0,-1.1380810814366205e-07,-6.065037258280805e-07,1.0
16:08:33.587,8.000000000000002,5.918704848115588,2.081295151884414,9500.0,0.0,-1.001511351664226e-07,-5.337232787287108e-07,1.0
16:08:33.608,8.000000000000002,5.918704848115588,2.081295151884414,9500.0,0.0,-8.81329989464519e-08,-4.696764852812655e-07,1.0
16:08:33.627,8.000000000000002,5.918704848115588,2.081295151884414,9500.0,0.0,-7.755703907287766e-08,-4.1331530704751365e-07,1.0
16:08:33.647,8.000000000000002,5.918704848115588,2.081295151884414,9500.0,0.0,-6.825019438413235e-08,-3.63717470201812e-07,1.0
16:08:33.667,8.000000000000002,5.918704848115588,2.081295151884414,9500.0,0.0,-6.006017105803647e-08,-3.200713737775946e-07,1.0
16:08:33.687,8.000000000000002,5.918704848115588,2.081295151884414,9500.0,0.0,-5.2852950531072096e-08,-2.8166280892428327e-07,1.0
16:08:33.707,8.000000000000002,5.918704848115588,2.081295151884414,9500.0,0.0,-4.651059646734344e-08,-2.478632718533693e-07,1.0
16:08:33.727,8.000000000000002,5.918704848115588,2.081295151884414,9500.0,0.0,-4.092932489126223e-08,-2.1811967923096494e-07,1.0
16:08:33.747,8.000000000000002,5.918704848115588,2.081295151884414,9500.0,0.0,-3.6017805904310764e-08,-1.9194531772324917e-07,1.0
16:08:33.767,8.000000000000002,5.918704848115588,2.081295151884414,9500.0,0.0,-3.169566919579347e-08,-1.6891187959645925e-07,1.0
16:08:33.787,8.000000000000002,5.918704848115588,2.081295151884414,9500.0,0.0,-2.7892188892298255e-08,-1.4864245404488416e-07,1.0
16:08:33.808,8.000000000000002,5.918704848115588,2.081295151884414,9500.0,0.0,-2.4545126225222464e-08,-1.3080535955949805e-07,1.0
16:08:33.827,8.000000000000002,5.918704848115588,2.081295151884414,9500.0,0.0,-2.1599711078195768e-08,-1.1510871641235829e-07,1.0
16:08:33.848,8.000000000000002,5.918704848115588,2.081295151884414,9500.0,0.0,-1.9007745748812276e-08,-1.012956704428753e-07,1.0
16:08:33.867,8.000000000000002,5.918704848115588,2.081295151884414,9500.0,0.0,-1.6726816258954803e-08,-8.914018998973026e-08,1.0
16:08:33.887,8.000000000000002,5.918704848115588,2.081295151884414,9500.0,0.0,-1.4719598307880227e-08,-7.844336719096263e-08,1.0
16:08:33.907,8.000000000000002,5.918704848115588,2.081295151884414,9500.0,0.0,-1.29532465109346e-08,-6.903016312804711e-08,1.0
16:08:33.928,8.000000000000002,5.918704848115588,2.081295151884414,9500.0,0.0,-1.1398856929622447e-08,-6.074654355268146e-08,1.0
16:08:33.947,8.000000000000002,5.918704848115588,2.081295151884414,9500.0,0.0,-1.0030994098067753e-08,-5.345695832635968e-08,1.0
16:08:33.967,8.000000000000002,5.918704848115588,2.081295151884414,9500.0,0.0,-8.827274806299622e-09,-4.7042123327196514e-08,1.0
16:08:33.987,8.000000000000002,5.918704848115588,2.081295151884414,9500.0,0.0,-7.768001829543668e-09,-4.139706852793294e-08,1.0
16:08:34.007,8.000000000000002,5.918704848115588,2.081295151884414,9500.0,0.0,-6.835841609998428e-09,-3.642942030458099e-08,1.0
16:08:34.027,8.000000000000002,5.918704848115588,2.081295151884414,9500.0,0.0,-6.015540616798617e-09,-3.205788986803127e-08,1.0
16:08:34.047,8.000000000000002,5.918704848115588,2.081295151884414,9500.0,0.0,-5.293675742782783e-09,-2.8210943083867517e-08,1.0
16:08:34.067,8.000000000000002,5.918704848115588,2.081295151884414,9500.0,0.0,-4.658434653648849e-09,-2.4825629913803414e-08,1.0
16:08:34.088,8.000000000000002,5.918704848115588,2.081295151884414,9500.0,0.0,-4.099422495210987e-09,-2.1846554324147006e-08,1.0
16:08:34.107,8.000000000000002,5.918704848115588,2.081295151884414,9500.0,0.0,-3.6074917957856687e-09,-1.9224967805249362e-08,1.0
16:08:34.127,8.000000000000002,5.918704848115588,2.081295151884414,9500.0,0.0,-3.1745927802913883e-09,-1.691797166861944e-08,1.0
16:08:34.147,8.000000000000002,5.918704848115588,2.081295151884414,9500.0,0.0,-2.793641646656422e-09,-1.4887815068385107e-08,1.0
16:08:34.167,8.000000000000002,5.918704848115588,2.081295151884414,9500.0,0.0,-2.4584046490576514e-09,-1.3101277260178895e-08,1.0
16:08:34.187,8.000000000000002,5.918704848115588,2.081295151884414,9500.0,0.0,-2.163396091170733e-09,-1.1529123988957427e-08,1.0
16:08:34.208,8.000000000000002,5.918704848115588,2.081295151884414,9500.0,0.0,-1.903788560230245e-09,-1.0145629110282536e-08,1.0
16:08:34.227,8.000000000000002,5.918704848115588,2.081295151884414,9500.0,0.0,-1.6753339330026158e-09,-8.928153617048632e-09,1.0
16:08:34.247,8.000000000000002,5.918704848115588,2.081295151884414,9500.0,0.0,-1.4742938610423019e-09,-7.856775183002797e-09,1.0
16:08:34.267,8.000000000000002,5.918704848115588,2.081295151884414,9500.0,0.0,-1.2973785977172256e-09,-6.91396216104246e-09,1.0
16:08:34.287,8.000000000000002,5.918704848115588,2.081295151884414,9500.0,0.0,-1.1416931659911586e-09,-6.0842867017173656e-09,1.0
16:08:34.307,8.000000000000002,5.918704848115588,2.081295151884414,9500.0,0.0,-1.0046899860722196e-09,-5.354172297511282e-09,1.0
16:08:34.327,8.000000000000002,5.918704848115588,2.081295151884414,9500.0,0.0,-8.841271877435533e-10,-4.711671621809928e-09,1.0
16:08:34.347,8.000000000000002,5.918704848115588,2.081295151884414,9500.0,0.0,-7.780319252143269e-10,-4.146271027192737e-09,1.0
16:08:34.367,8.000000000000002,5.918704848115588,2.081295151884414,9500.0,0.0,-6.846680941886076e-10,-3.648718503929608e-09,1.0
16:08:34.387,8.000000000000002,5.918704848115588,2.081295151884414,9500.0,0.0,-6.025079228859747e-10,-3.210872283458055e-09,1.0
16:08:34.407,8.000000000000002,5.918704848115588,2.081295151884414,9500.0,0.0,-5.302069721396578e-10,-2.8255676094430888e-09,1.0
16:08:34.427,8.000000000000002,5.918704848115588,2.081295151884414,9500.0,0.0,-4.665821354828988e-10,-2.486499496309918e-09,1.0
16:08:34.448,8.000000000000002,5.918704848115588,2.081295151884414,9500.0,0.0,-4.1059227922495094e-10,-2.1881195567527278e-09,1.0
16:08:34.467,8.000000000000002,5.918704848115588,2.081295151884414,9500.0,0.0,-3.6132120571795683e-10,-1.9255452099424003e-09,1.0
16:08:34.487,8.000000000000002,5.918704848115588,2.081295151884414,9500.0,0.0,-3.17962661031802e-10,-1.6944797847493123e-09,1.0
16:08:34.508,8.000000000000002,5.918704848115588,2.081295151884414,9500.0,0.0,-2.7980714170798576e-10,-1.4911422105793947e-09,1.0
16:08:34.527,8.000000000000002,5.918704848115588,2.081295151884414,9500.0,0.0,-2.462302847030275e-10,-1.3122051453098676e-09,1.0
16:08:34.547,8.000000000000002,5.918704848115588,2.081295151884414,9500.0,0.0,-2.166826505386642e-10,-1.1547405278726833e-09,1.0
16:08:34.568,8.000000000000002,5.918704848115588,2.081295151884414,9500.0,0.0,-1.906807324740245e-10,-1.0161716645279614e-09,1.0
16:08:34.587,8.000000000000002,5.918704848115588,2.081295151884414,9500.0,0.0,-1.6779904457714156e-10,-8.942310647846061e-10,1.0
16:08:34.607,8.000000000000002,5.918704848115588,2.081295151884414,9500.0,0.0,-1.4766315922788457e-10,-7.869233370104534e-10,1.0
16:08:34.627,8.000000000000002,5.918704848115588,2.081295151884414,9500.0,0.0,-1.2994358012053843e-10,-6.92492536569199e-10,1.0
16:08:34.647,8.000000000000002,5.918704848115588,2.081295151884414,9500.0,0.0,-1.1435035050607382e-10,-6.093934321808952e-10,1.0
16:08:34.667,8.000000000000002,5.918704848115588,2.081295151884414,9500.0,0.0,-1.0062830844534497e-10,-5.362662203191878e-10,1.0
16:08:34.687,8.000000000000002,5.918704848115588,2.081295151884414,9500.0,0.0,-8.855291143190357e-11,-4.719142738808852e-10,1.0
16:08:34.707,8.000000000000002,5.918704848115588,2.081295151884414,9500.0,0.0,-7.792656206007514e-11,-4.15284561015179e-10,1.0
16:08:34.727,8.000000000000002,5.918704848115588,2.081295151884414,9500.0,0.0,-6.857537461286613e-11,-3.6545041369335754e-10,1.0
16:08:34.747,8.000000000000002,5.918704848115588,2.081295151884414,9500.0,0.0,-6.034632965932219e-11,-3.215963640501546e-10,1.0
16:08:34.767,8.000000000000002,5.918704848115588,2.081295151884414,9500.0,0.0,-5.310477010020353e-11,-2.8300480036413606e-10,1.0
16:08:34.787,8.000000000000002,5.918704848115588,2.081295151884414,9500.0,0.0,-4.6732197688179106e-11,-2.4904422432043975e-10,1.0
16:08:34.807,8.000000000000002,5.918704848115588,2.081295151884414,9500.0,0.0,-4.1124333965597613e-11,-2.1915891740198696e-10,1.0
16:08:34.827,8.000000000000002,5.918704848115588,2.081295151884414,9500.0,0.0,-3.61894138897259e-11,-1.9285984731374854e-10,1.0
16:08:34.847,8.000000000000002,5.918704848115588,2.081295151884414,9500.0,0.0,-3.1846684222958796e-11,-1.6971666563609873e-10,1.0
16:08:34.867,8.000000000000002,5.918704848115588,2.081295151884414,9500.0,0.0,-2.802508211620374e-11,-1.493506657597669e-10,1.0
16:08:34.887,8.000000000000002,5.918704848115588,2.081295151884414,9500.0,0.0,-2.4662072262259293e-11,-1.3142858586859487e-10,1.0
16:08:34.907,8.000000000000002,5.918704848115588,2.081295151884414,9500.0,0.0,-2.1702623590788177e-11,-1.1565715556436347e-10,1.0
16:08:34.927,8.000000000000002,5.918704848115588,2.081295151884414,9500.0,0.0,-1.9098308759893596e-11,-1.0177829689663986e-10,1.0
16:08:34.947,8.000000000000002,5.918704848115588,2.081295151884414,9500.0,0.0,-1.6806511708706364e-11,-8.956490126904307e-11,1.0
16:08:34.967,8.000000000000002,5.918704848115588,2.081295151884414,9500.0,0.0,-1.47897303036616e-11,-7.88171131167579e-11,1.0
16:08:34.987,8.000000000000002,5.918704848115588,2.081295151884414,9500.0,0.0,-1.3014962667222208e-11,-6.935905954274696e-11,1.0
16:08:35.007,8.000000000000002,5.918704848115588,2.081295151884414,9500.0,0.0,-1.1453167147155543e-11,-6.103597239761732e-11,1.0
16:08:35.027,8.000000000000002,5.918704848115588,2.081295151884414,9500.0,0.0,-1.0078787089496877e-11,-5.371165570990324e-11,1.0
16:08:35.047,8.000000000000002,5.918704848115588,2.081295151884414,9500.0,0.0,-8.869332638757252e-12,-4.726625702471485e-11,1.0
16:08:35.067,8.000000000000002,5.918704848115588,2.081295151884414,9500.0,0.0,-7.805012722106383e-12,-4.1594306181749074e-11,1.0
16:08:35.087,8.000000000000002,5.918704848115588,2.081295151884414,9500.0,0.0,-6.868411195453617e-12,-3.6602989439939183e-11,1.0
16:08:35.107,8.000000000000002,5.918704848115588,2.081295151884414,9500.0,0.0,-6.044201851999183e-12,-3.221063070714648e-11,1.0
16:08:35.127,8.000000000000002,5.918704848115588,2.081295151884414,9500.0,0.0,-5.3188976297592815e-12,-2.834535502228891e-11,1.0
16:08:35.147,8.000000000000002,5.918704848115588,2.081295151884414,9500.0,0.0,-4.680629914188168e-12,-2.4943912419614242e-11,1.0
16:08:35.167,8.000000000000002,5.918704848115588,2.081295151884414,9500.0,0.0,-4.118954324485588e-12,-2.1950642929260534e-11,1.0
16:08:35.187,8.000000000000002,5.918704848115588,2.081295151884414,9500.0,0.0,-3.6246798055473177e-12,-1.931656577774927e-11,1.0
16:08:35.207,8.000000000000002,5.918704848115588,2.081295151884414,9500.0,0.0,-3.1897182288816396e-12,-1.6998577884419358e-11,1.0
16:08:35.227,8.000000000000002,5.918704848115588,2.081295151884414,9500.0,0.0,-2.806952041415843e-12,-1.4958748538289034e-11,1.0
16:08:35.247,8.000000000000002,5.918704848115588,2.081295151884414,9500.0,0.0,-2.4701177964459417e-12,-1.316369871369435e-11,1.0
16:08:35.267,8.000000000000002,5.918704848115588,2.081295151884414,9500.0,0.0,-2.173703660872429e-12,-1.158405486805103e-11,1.0
16:08:35.287,8.000000000000002,5.918704848115588,2.081295151884414,9500.0,0.0,-1.9128592215677376e-12,-1.0193968283884907e-11,1.0
16:08:35.308,8.000000000000002,5.918704848115588,2.081295151884414,9500.0,0.0,-1.6833161149796091e-12,-8.970692089818718e-12,1.0
16:08:35.327,8.000000000000002,5.918704848115588,2.081295151884414,9500.0,0.0,-1.481318181182056e-12,-7.894209039040472e-12,1.0
16:08:35.347,8.000000000000002,5.918704848115588,2.081295151884414,9500.0,0.0,-1.3035599994402093e-12,-6.946903954355615e-12,1.0
16:08:35.368,8.000000000000002,5.918704848115588,2.081295151884414,9500.0,0.0,-1.1471327995073842e-12,-6.113275479832942e-12,1.0
16:08:35.387,8.000000000000002,5.918704848115588,2.081295151884414,9500.0,0.0,-1.0094768635664982e-12,-5.379682422252989e-12,1.0
16:08:35.408,8.000000000000002,5.918704848115588,2.081295151884414,9500.0,0.0,-8.883396399385185e-13,-4.7341205315826305e-12,1.0
16:08:35.427,8.000000000000002,5.918704848115588,2.081295151884414,9500.0,0.0,-7.817388831458963e-13,-4.166026067792715e-12,1.0
16:08:35.447,8.000000000000002,5.918704848115588,2.081295151884414,9500.0,0.0,-6.879302171683888e-13,-3.66610293965759e-12,1.0
16:08:35.467,8.000000000000002,5.918704848115588,2.081295151884414,9500.0,0.0,-6.053785911081821e-13,-3.226170586898679e-12,1.0
16:08:35.487,8.000000000000002,5.918704848115588,2.081295151884414,9500.0,0.0,-5.327331601752003e-13,-2.8390301164708377e-12,1.0
16:08:35.507,8.000000000000002,5.918704848115588,2.081295151884414,9500.0,0.0,-4.688051809541762e-13,-2.498346502494337e-12,1.0
16:08:35.527,8.000000000000002,5.918704848115588,2.081295151884414,9500.0,0.0,-4.125485592396751e-13,-2.1985449221950165e-12,1.0
16:08:35.547,8.000000000000002,5.918704848115588,2.081295151884414,9500.0,0.0,-3.630427321309141e-13,-1.9347195315316146e-12,1.0
16:08:35.567,8.000000000000002,5.918704848115588,2.081295151884414,9500.0,0.0,-3.194776042752044e-13,-1.7025531877478208e-12,1.0
16:08:35.587,8.000000000000002,5.918704848115588,2.081295151884414,9500.0,0.0,-2.8114029176217984e-13,-1.4982468052180823e-12,1.0
16:08:35.607,8.000000000000002,5.918704848115588,2.081295151884414,9500.0,0.0,-2.474034567507183e-13,-1.3184571885919123e-12,1.0
16:08:35.627,8.000000000000002,5.918704848115588,2.081295151884414,9500.0,0.0,-2.1771504194063207e-13,-1.1602423259608828e-12,1.0
16:08:35.647,8.000000000000002,5.918704848115588,2.081295151884414,9500.0,0.0,-1.9158923690775623e-13,-1.021013246845577e-12,1.0
16:08:35.667,8.000000000000002,5.918704848115588,2.081295151884414,9500.0,0.0,-1.685985284788255e-13,-8.984916572241077e-13,1.0
16:08:35.687,8.000000000000002,5.918704848115588,2.081295151884414,9500.0,0.0,-1.4836670506136642e-13,-7.906726583572148e-13,1.0
16:08:35.707,8.000000000000002,5.918704848115588,2.081295151884414,9500.0,0.0,-1.3056270045400245e-13,-6.95791939354349e-13,1.0
16:08:35.727,8.000000000000002,5.918704848115588,2.081295151884414,9500.0,0.0,-1.1489517639952216e-13,-6.122969066318271e-13,1.0
16:08:35.747,8.000000000000002,5.918704848115588,2.081295151884414,9500.0,0.0,-1.011077552315795e-13,-5.388212778360079e-13,1.0
16:08:35.767,8.000000000000002,5.918704848115588,2.081295151884414,9500.0,0.0,-8.897482460378996e-14,-4.741627244956869e-13,1.0
16:08:35.787,8.000000000000002,5.918704848115588,2.081295151884414,9500.0,0.0,-7.829784565133517e-14,-4.1726319755620455e-13,1.0
16:08:35.807,8.000000000000002,5.918704848115588,2.081295151884414,9500.0,0.0,-6.890210417317495e-14,-3.6719161384946e-13,1.0
16:08:35.827,8.000000000000002,5.918704848115588,2.081295151884414,9500.0,0.0,-6.063385167239396e-14,-3.231286201875248e-13,1.0
16:08:35.847,8.000000000000002,5.918704848115588,2.081295151884414,9500.0,0.0,-5.3357789471706686e-14,-2.8435318576502185e-13,1.0
16:08:35.867,8.000000000000002,5.918704848115588,2.081295151884414,9500.0,0.0,-4.6954854735101885e-14,-2.5023080347321925e-13,1.0
16:08:35.887,8.000000000000002,5.918704848115588,2.081295151884414,9500.0,0.0,-4.132027216688966e-14,-2.2020310705643293e-13,1.0
16:08:35.907,8.000000000000002,5.918704848115588,2.081295151884414,9500.0,0.0,-3.63618395068629e-14,-1.93778734209661e-13,1.0
16:08:35.927,8.000000000000002,5.918704848115588,2.081295151884414,9500.0,0.0,-3.199841876603935e-14,-1.7052528610450166e-13,1.0
16:08:35.948,8.000000000000002,5.918704848115588,2.081295151884414,9500.0,0.0,-2.815860851411463e-14,-1.5006225177196146e-13,1.0
16:08:35.967,8.000000000000002,5.918704848115588,2.081295151884414,9500.0,0.0,-2.4779575492420874e-14,-1.3205478155932608e-13,1.0
16:08:35.987,8.000000000000002,5.918704848115588,2.081295151884414,9500.0,0.0,-2.180602643333037e-14,-1.1620820777220695e-13,1.0
16:08:36.007,8.000000000000002,5.918704848115588,2.081295151884414,9500.0,0.0,-1.9189303261330727e-14,-1.0226322283954212e-13,1.0
16:08:36.028,8.000000000000002,5.918704848115588,2.081295151884414,9500.0,0.0,-1.688658686997104e-14,-8.999163609879708e-14,1.0
16:08:36.047,8.000000000000002,5.831665070937418,2.1683349290625844,9500.0,0.0,-1.4860196445574516e-14,-7.919263976694143e-14,1.0
16:08:36.067,8.000000000000002,5.918704848115588,2.081295151884414,9500.0,0.0,-1.3076972872105574e-14,-6.968952299490846e-14,1.0
16:08:36.087,8.000000000000002,5.831665070937418,2.1683349290625844,9500.0,0.0,-1.1507736127452906e-14,-6.132678023551945e-14,1.0
16:08:36.107,8.000000000000002,5.831665070937418,2.1683349290625844,9500.0,0.0,-1.0126807792158558e-14,-5.3967566607257115e-14,1.0
16:08:36.127,8.000000000000002,5.831665070937418,2.1683349290625844,9500.0,0.0,-8.911590857099531e-15,-4.7491458614386264e-14,1.0
16:08:36.147,8.000000000000002,5.831665070937418,2.1683349290625844,9500.0,0.0,-7.842199954247588e-15,-4.179248358065991e-14,1.0
16:08:36.167,8.000000000000002,5.831665070937418,2.1683349290625844,9500.0,0.0,-6.901135959737877e-15,-3.6777385550980726e-14,1.0
16:08:36.187,8.000000000000002,5.831665070937418,2.1683349290625844,9500.0,0.0,-6.0729996445693316e-15,-3.236409928486304e-14,1.0
16:08:36.207,8.000000000000002,5.831665070937418,2.1683349290625844,9500.0,0.0,-5.344239687221012e-15,-2.848040737067947e-14,1.0
16:08:36.227,8.000000000000002,5.831665070937418,2.1683349290625844,9500.0,0.0,-4.702930924754491e-15,-2.5062758486197936e-14,1.0
16:08:36.247,8.000000000000002,5.831665070937418,2.1683349290625844,9500.0,0.0,-4.138579213783952e-15,-2.2055227467854184e-14,1.0
16:08:36.267,8.000000000000002,5.918704848115588,2.081295151884414,9500.0,0.0,-3.6419497081298774e-15,-1.940860017171168e-14,1.0
16:08:36.287,8.000000000000002,5.918704848115588,2.081295151884414,9500.0,0.0,-3.2049157431542923e-15,-1.707956815110628e-14,1.0
16:08:36.307,8.000000000000002,5.918704848115588,2.081295151884414,9500.0,0.0,-2.820325853975777e-15,-1.5030019972973527e-14,1.0
16:08:36.327,8.000000000000002,5.918704848115588,2.081295151884414,9500.0,0.0,-2.481886751498684e-15,-1.3226417576216702e-14,1.0
16:08:36.347,8.000000000000002,5.918704848115588,2.081295151884414,9500.0,0.0,-2.184060341318842e-15,-1.1639247467070699e-14,1.0
16:08:36.367,8.000000000000002,5.918704848115588,2.081295151884414,9500.0,0.0,-1.921973100360581e-15,-1.0242537771022215e-14,1.0
16:08:36.387,8.000000000000002,5.918704848115588,2.081295151884414,9500.0,0.0,-1.6913363283173112e-15,-9.01343323849955e-15,1.0
16:08:36.407,8.000000000000002,5.831665070937418,2.1683349290625844,9500.0,0.0,-1.4883759689192338e-15,-7.931821249879603e-15,1.0
16:08:36.427,8.000000000000002,5.831665070937418,2.1683349290625844,9500.0,0.0,-1.3097708526489257e-15,-6.9800026998940506e-15,1.0
16:08:36.447,8.000000000000002,5.831665070937418,2.1683349290625844,9500.0,0.0,-1.1525983503310547e-15,-6.142402375906765e-15,1.0
16:08:36.467,8.000000000000002,5.831665070937418,2.1683349290625844,9500.0,0.0,-1.014286548291328e-15,-5.405314090797953e-15,1.0
16:08:36.487,8.000000000000002,5.831665070937418,2.1683349290625844,9500.0,0.0,-8.925721624963687e-16,-4.756676399902198e-15,1.0
16:08:36.507,8.000000000000002,5.831665070937418,2.1683349290625844,9500.0,0.0,-7.854635029968045e-16,-4.185875231913935e-15,1.0
16:08:36.528,8.000000000000002,5.831665070937418,2.1683349290625844,9500.0,0.0,-6.91207882637188e-16,-3.683570204084263e-15,1.0
16:08:36.547,8.000000000000002,5.831665070937418,2.1683349290625844,9500.0,0.0,-6.082629367207254e-16,-3.2415417795941515e-15,1.0
16:08:36.567,8.000000000000002,5.831665070937418,2.1683349290625844,9500.0,0.0,-5.3527138431423835e-16,-2.852556766042853e-15,1.0
16:08:36.587,8.000000000000002,5.831665070937418,2.1683349290625844,9500.0,0.0,-4.710388181965297e-16,-2.5102499541177105e-15,1.0
16:08:36.607,8.000000000000002,5.831665070937418,2.1683349290625844,9500.0,0.0,-4.145141600129462e-16,-2.2090199596235853e-15,1.0
16:08:36.627,8.000000000000002,5.831665070937418,2.1683349290625844,9500.0,0.0,-3.6477246081139266e-16,-1.9439375644687553e-15,1.0
16:08:36.647,8.000000000000002,5.831665070937418,2.1683349290625844,9500.0,0.0,-3.2099976551402555e-16,-1.7106650567325048e-15,1.0
16:08:36.667,8.000000000000002,5.831665070937418,2.1683349290625844,9500.0,0.0,-2.8247979365234247e-16,-1.505385249924604e-15,1.0
16:08:36.687,8.000000000000002,5.831665070937418,2.1683349290625844,9500.0,0.0,-2.4858221841406135e-16,-1.3247390199336514e-15,1.0
16:08:36.707,8.000000000000002,5.831665070937418,2.1683349290625844,9500.0,0.0,-2.1875235220437398e-16,-1.1657703375416131e-15,1.0
16:08:36.727,8.000000000000002,5.831665070937418,2.1683349290625844,9500.0,0.0,-1.925020699398491e-16,-1.0258778970366196e-15,1.0
16:08:36.747,8.000000000000002,5.831665070937418,2.1683349290625844,9500.0,0.0,-1.694018215470672e-16,-9.027725493922253e-16,1.0
16:08:36.767,8.000000000000002,5.831665070937418,2.1683349290625844,9500.0,0.0,-1.4907360296141916e-16,-7.944398434651583e-16,1.0
16:08:36.787,8.000000000000002,5.831665070937418,2.1683349290625844,9500.0,0.0,-1.3118477060604885e-16,-6.991070622493392e-16,1.0
16:08:36.807,8.000000000000002,5.831665070937418,2.1683349290625844,9500.0,0.0,-1.1544259813332298e-16,-6.152142147794185e-16,1.0
16:08:36.827,8.000000000000002,5.831665070937418,2.1683349290625844,9500.0,0.0,-1.0158948635732423e-16,-5.413885090058883e-16,1.0
16:08:36.847,8.000000000000002,5.831665070937418,2.1683349290625844,9500.0,0.0,-8.939874799444532e-17,-4.764218879251817e-16,1.0
16:08:36.867,8.000000000000002,5.831665070937418,2.1683349290625844,9500.0,0.0,-7.867089823511188e-17,-4.1925126137415993e-16,1.0
16:08:36.887,8.000000000000002,5.831665070937418,2.1683349290625844,9500.0,0.0,-6.923039044689846e-17,-3.6894111000926077e-16,1.0
16:08:36.907,8.000000000000002,5.831665070937418,2.1683349290625844,9500.0,0.0,-6.092274359327064e-17,-3.2466817680814945e-16,1.0
16:08:36.927,8.000000000000002,5.831665070937418,2.1683349290625844,9500.0,0.0,-5.361201436207817e-17,-2.857079955911715e-16,1.0
16:08:36.947,8.000000000000002,5.831665070937418,2.1683349290625844,9500.0,0.0,-4.717857263862879e-17,-2.5142303612023095e-16,1.0
16:08:36.968,8.000000000000002,5.831665070937418,2.1683349290625844,9500.0,0.0,-4.151714392199334e-17,-2.2125227178580326e-16,1.0
16:08:36.988,8.000000000000002,5.831665070937418,2.1683349290625844,9500.0,0.0,-3.653508665135414e-17,-1.9470199917150687e-16,1.0
16:08:37.007,8.000000000000002,5.831665070937418,2.1683349290625844,9500.0,0.0,-3.2150876253191644e-17,-1.7133775927092605e-16,1.0
16:08:37.027,8.000000000000002,5.831665070937418,2.1683349290625844,9500.0,0.0,-2.8292771102808644e-17,-1.507772281584149e-16,1.0
16:08:37.047,8.000000000000002,5.831665070937418,2.1683349290625844,9500.0,0.0,-2.4897638570471607e-17,-1.3268396077940512e-16,1.0
16:08:37.067,8.000000000000002,5.831665070937418,2.1683349290625844,9500.0,0.0,-2.1909921942015013e-17,-1.167618854858765e-16,1.0
16:08:37.087,8.000000000000002,5.831665070937418,2.1683349290625844,9500.0,0.0,-1.928073130897321e-17,-1.0275045922757132e-16,1.0
16:08:37.107,8.000000000000002,5.831665070937418,2.1683349290625844,9500.0,0.0,-1.6967043551896424e-17,-9.042040412026276e-17,1.0
16:08:37.127,8.000000000000002,5.831665070937418,2.1683349290625844,9500.0,0.0,-1.4930998325668852e-17,-7.956995562583123e-17,1.0
16:08:37.147,8.000000000000002,5.831665070937418,2.1683349290625844,9500.0,0.0,-1.313927852658859e-17,-7.002156095073147e-17,1.0
16:08:37.167,8.000000000000002,5.831665070937418,2.1683349290625844,9500.0,0.0,-1.1562565103397959e-17,-6.16189736366437e-17,1.0
16:08:37.187,8.000000000000002,5.831665070937418,2.1683349290625844,9500.0,0.0,-1.0175057290990204e-17,-5.422469680024645e-17,1.0
16:08:37.207,8.000000000000002,5.831665070937418,2.1683349290625844,9500.0,0.0,-8.954050416071379e-18,-4.7717733184216876e-17,1.0
16:08:37.227,8.000000000000002,5.831665070937418,2.1683349290625844,9500.0,0.0,-7.879564366142814e-18,-4.1991605202110854e-17,1.0
16:08:37.247,8.000000000000002,5.831665070937418,2.1683349290625844,9500.0,0.0,-6.9340166422056765e-18,-3.695261257785755e-17,1.0
16:08:37.267,8.000000000000002,5.831665070937418,2.1683349290625844,9500.0,0.0,-6.101934645140996e-18,-3.2518299068514646e-17,1.0
16:08:37.287,8.000000000000002,5.831665070937418,2.1683349290625844,9500.0,0.0,-5.369702487724076e-18,-2.861610318029289e-17,1.0
16:08:37.307,8.000000000000002,5.831665070937418,2.1683349290625844,9500.0,0.0,-4.725338189197187e-18,-2.5182170798657742e-17,1.0
16:08:37.327,8.000000000000002,5.831665070937418,2.1683349290625844,9500.0,0.0,-4.1582976064935245e-18,-2.2160310302818814e-17,1.0
16:08:37.347,8.000000000000002,5.831665070937418,2.1683349290625844,9500.0,0.0,-3.659301893714301e-18,-1.9501073066480554e-17,1.0
16:08:37.368,0.0,5.831665070937418,-5.831665070937418,-9500.0,0.0,-3.220185666468585e-18,-1.7160944298502886e-17,1.0
16:08:37.387,0.0,5.831665070937418,-5.831665070937418,-9500.0,0.0,-2.8337633864923547e-18,-1.510163098268254e-17,1.0
16:08:37.407,0.0,5.831665070937418,-5.831665070937418,-9500.0,0.0,-2.493711780113272e-18,-1.3289435264760635e-17,1.0
16:08:37.428,0.0,5.831665070937418,-5.831665070937418,-9500.0,0.0,-2.1944663664996796e-18,-1.1694703032989359e-17,1.0
16:08:37.447,0.0,5.744625293759247,-5.744625293759247,-9500.0,0.0,-1.9311304025197182e-18,-1.0291338669030638e-17,1.0
16:08:37.467,0.0,5.744625293759247,-5.744625293759247,-9500.0,0.0,-1.699394754217352e-18,-9.056378028746961e-18,1.0
16:08:37.487,0.0,5.744625293759247,-5.744625293759247,-9500.0,0.0,-1.4954673837112696e-18,-7.969612665297324e-18,1.0
16:08:37.507,0.0,5.744625293759247,-5.744625293759247,-9500.0,0.0,-1.3160112976659172e-18,-7.013259145461646e-18,1.0
16:08:37.527,0.0,5.744625293759247,-5.744625293759247,-9500.0,0.0,-1.1580899419460072e-18,-6.1716680480062485e-18,1.0
16:08:37.547,0.0,5.744625293759247,-5.744625293759247,-9500.0,0.0,-1.0191191489124863e-18,-5.431067882245498e-18,1.0
16:08:37.567,0.0,5.744625293759247,-5.744625293759247,-9500.0,0.0,-8.96824851042988e-19,-4.7793397363760385e-18,1.0
16:08:37.587,0.0,5.744625293759247,-5.744625293759247,-9500.0,0.0,-7.892058689178294e-19,-4.205818968010914e-18,1.0
16:08:37.607,0.0,5.744625293759247,-5.744625293759247,-9500.0,0.0,-6.945011646476898e-19,-3.701120691849604e-18,1.0
16:08:37.627,0.0,5.744625293759247,-5.744625293759247,-9500.0,0.0,-6.11161024889967e-19,-3.2569862088276517e-18,1.0
16:08:37.647,0.0,5.744625293759247,-5.744625293759247,-9500.0,0.0,-5.37821701903171e-19,-2.8661478637683337e-18,1.0
16:08:37.667,0.0,5.744625293759247,-5.744625293759247,-9500.0,0.0,-4.732830976747906e-19,-2.522210120116134e-18,1.0
16:08:37.687,0.0,5.744625293759247,-5.744625293759247,-9500.0,0.0,-4.1648912595381567e-19,-2.2195449057021974e-18,1.0
16:08:37.707,0.0,5.744625293759247,-5.744625293759247,-9500.0,0.0,-3.665104308393578e-19,-1.953199517017934e-18,1.0
16:08:37.727,0.0,5.744625293759247,-5.744625293759247,-9500.0,0.0,-3.2252917913863487e-19,-1.718815574975782e-18,1.0
16:08:37.747,0.0,5.744625293759247,-5.744625293759247,-9500.0,0.0,-2.838256776419987e-19,-1.5125577059786882e-18,1.0
16:08:37.767,0.0,5.744625293759247,-5.744625293759247,-9500.0,0.0,-2.4976659632495885e-19,-1.3310507812612455e-18,1.0
16:08:37.787,0.0,5.744625293759247,-5.744625293759247,-9500.0,0.0,-2.1979460476596377e-19,-1.171324687509896e-18,1.0
16:08:37.807,0.0,5.744625293759247,-5.744625293759247,-9500.0,0.0,-1.9341925219404812e-19,-1.0307657250087085e-18,1.0
16:08:37.827,0.0,5.744625293759247,-5.744625293759247,-9500.0,0.0,-1.7020894193076235e-19,-9.070738380076634e-19,1.0
16:08:37.847,0.0,5.744625293759247,-5.744625293759247,-9500.0,0.0,-1.4978386889907087e-19,-7.982249774467438e-19,1.0
16:08:37.867,0.0,5.744625293759247,-5.744625293759247,-9500.0,0.0,-1.3180980463118235e-19,-7.024379801531345e-19,1.0
16:08:37.887,0.0,5.744625293759247,-5.744625293759247,-9500.0,0.0,-1.1599262807544048e-19,-6.181454225347585e-19,1.0
16:08:37.907,0.0,5.744625293759247,-5.744625293759247,-9500.0,0.0,-1.0207351270638762e-19,-5.439679718305874e-19,1.0
16:08:37.927,0.0,5.744625293759247,-5.744625293759247,-9500.0,0.0,-8.982469118162111e-20,-4.786918152109169e-19,1.0
16:08:37.947,0.0,5.744625293759247,-5.744625293759247,-9500.0,0.0,-7.904572823982658e-20,-4.2124879738560694e-19,1.0
16:08:37.967,0.0,5.744625293759247,-5.744625293759247,-9500.0,0.0,-6.956024085104738e-20,-3.7069894169933407e-19,1.0
16:08:37.988,0.0,5.744625293759247,-5.744625293759247,-9500.0,0.0,-6.12130119489217e-20,-3.26215068695414e-19,1.0
16:08:38.007,0.0,5.744625293759247,-5.744625293759247,-9500.0,0.0,-5.38674505150511e-20,-2.870692604519643e-19,1.0
16:08:38.027,0.0,5.744625293759247,-5.744625293759247,-9500.0,0.0,-4.740335645324496e-20,-2.526209491977286e-19,1.0
16:08:38.047,0.0,5.744625293759247,-5.744625293759247,-9500.0,0.0,-4.171495367885557e-20,-2.223064352940012e-19,1.0
16:08:38.067,0.0,5.744625293759247,-5.744625293759247,-9500.0,0.0,-3.67091592373929e-20,-1.9562966305872103e-19,1.0
16:08:38.087,0.0,5.744625293759247,-5.744625293759247,-9500.0,0.0,-3.2304060128905755e-20,-1.721541034916745e-19,1.0
16:08:38.107,0.0,5.744625293759247,-5.744625293759247,-9500.0,0.0,-2.8427572913437065e-20,-1.5149561107267357e-19,1.0
16:08:38.127,0.0,5.744625293759247,-5.744625293759247,-9500.0,0.0,-2.501626416382462e-20,-1.3331613774395275e-19,1.0
16:08:38.147,0.0,5.744625293759247,-5.744625293759247,-9500.0,0.0,-2.2014312464165665e-20,-1.1731820121467843e-19,1.0
16:08:38.167,0.0,5.744625293759247,-5.744625293759247,-9500.0,0.0,-1.9372594968465784e-20,-1.03240017068917e-19,1.0
16:08:38.187,0.0,5.744625293759247,-5.744625293759247,-9500.0,0.0,-1.704788357224989e-20,-9.085121502064696e-20,1.0
16:08:38.207,0.0,5.744625293759247,-5.744625293759247,-9500.0,0.0,-1.5002137543579903e-20,-7.994906921816933e-20,1.0
16:08:38.227,0.0,5.744625293759247,-5.744625293759247,-9500.0,0.0,-1.3201881038350316e-20,-7.035518091198902e-20,1.0
16:08:38.247,0.0,5.744625293759247,-5.744625293759247,-9500.0,0.0,-1.1617655313748278e-20,-6.191255920255033e-20,1.0
16:08:38.267,0.0,5.744625293759247,-5.744625293759247,-9500.0,0.0,-1.0223536676098485e-20,-5.448305209824429e-20,1.0
16:08:38.287,0.0,5.744625293759247,-5.744625293759247,-9500.0,0.0,-8.996712274966667e-21,-4.7945085846454985e-20,1.0
16:08:38.307,0.0,5.744625293759247,-5.744625293759247,-9500.0,0.0,-7.917106801970667e-21,-4.2191675544880383e-20,1.0
16:08:38.327,0.0,5.744625293759247,-5.744625293759247,-9500.0,0.0,-6.967053985734186e-21,-3.712867447949474e-20,1.0
16:08:38.347,0.0,5.744625293759247,-5.744625293759247,-9500.0,0.0,-6.131007507446084e-21,-3.267323354195537e-20,1.0
16:08:38.367,0.0,5.744625293759247,-5.744625293759247,-9500.0,0.0,-5.395286606552554e-21,-2.875244551692072e-20,1.0
16:08:38.387,0.0,5.744625293759247,-5.744625293759247,-9500.0,0.0,-4.7478522137662474e-21,-2.5302152054890237e-20,1.0
16:08:38.407,0.0,5.744625293759247,-5.744625293759247,-9500.0,0.0,-4.178109948114298e-21,-2.226589380830341e-20,1.0
16:08:38.427,0.0,5.744625293759247,-5.744625293759247,-9500.0,0.0,-3.6767367543405825e-21,-1.9593986551307e-20,1.0
16:08:38.447,0.0,5.744625293759247,-5.744625293759247,-9500.0,0.0,-3.2355283438197124e-21,-1.724270816515016e-20,1.0
16:08:38.467,0.0,5.744625293759247,-5.744625293759247,-9500.0,0.0,-2.847264942561347e-21,-1.5173583185332143e-20,1.0
16:08:38.487,0.0,5.744625293759247,-5.744625293759247,-9500.0,0.0,-2.5055931494539856e-21,-1.3352753203092287e-20,1.0
16:08:38.507,0.0,5.744625293759247,-5.744625293759247,-9500.0,0.0,-2.2049219715195073e-21,-1.1750422818721212e-20,1.0
16:08:38.527,0.0,5.744625293759247,-5.744625293759247,-9500.0,0.0,-1.9403313349371664e-21,-1.0340372080474667e-20,1.0
16:08:38.547,0.0,5.744625293759247,-5.744625293759247,-9500.0,0.0,-1.7074915747447064e-21,-9.099527430817706e-21,1.0
16:08:38.567,0.0,5.744625293759247,-5.744625293759247,-9500.0,0.0,-1.5025925857753417e-21,-8.007584139119581e-21,1.0
16:08:38.587,0.0,5.744625293759247,-5.744625293759247,-9500.0,0.0,-1.3222814754823007e-21,-7.046674042425232e-21,1.0
16:08:38.607,0.0,5.744625293759247,-5.744625293759247,-9500.0,0.0,-1.1636076984244246e-21,-6.201073157334204e-21,1.0
16:08:38.627,0.0,5.744625293759247,-5.744625293759247,-9500.0,0.0,-1.0239747746134937e-21,-5.4569443784541e-21,1.0
16:08:38.647,0.0,5.744625293759247,-5.744625293759247,-9500.0,0.0,-9.010978016598746e-22,-4.802111053039609e-21,1.0
16:08:38.667,0.0,5.744625293759247,-5.744625293759247,-9500.0,0.0,-7.929660654606896e-22,-4.2258577266748555e-21,1.0
16:08:38.687,0.0,5.744625293759247,-5.744625293759247,-9500.0,0.0,-6.978101376054069e-22,-3.718754799473873e-21,1.0
16:08:38.707,0.0,5.744625293759247,-5.744625293759247,-9500.0,0.0,-6.140729210927581e-22,-3.2725042235370084e-21,1.0
16:08:38.726,0.0,5.744625293759247,-5.744625293759247,-9500.0,0.0,-5.403841705616271e-22,-2.8798037167125673e-21,1.0
16:08:38.748,1.9999999999999958,5.744625293759247,-3.744625293759252,-9500.0,0.0,-4.755380700942318e-22,-2.534227270707059e-21,1.0
16:08:38.767,1.9999999999999958,5.744625293759247,-3.744625293759252,-9500.0,0.0,-4.18473501682924e-22,-2.230119998222212e-21,1.0
16:08:38.787,1.9999999999999958,5.744625293759247,-3.744625293759252,-9500.0,0.0,-3.6825668148097313e-22,-1.9625055984355466e-21,1.0
16:08:38.807,1.9999999999999958,5.744625293759247,-3.744625293759252,-9500.0,0.0,-3.240658797032564e-22,-1.727004926623281e-21,1.0
16:08:38.827,1.9999999999999958,5.744625293759247,-3.744625293759252,-9500.0,0.0,-2.8517797413886563e-22,-1.5197643354284875e-21,1.0
16:08:38.847,1.9999999999999958,5.744625293759247,-3.744625293759252,-9500.0,0.0,-2.5095661724220177e-22,-1.337392615177069e-21,1.0
16:08:38.867,1.9999999999999958,5.744625293759247,-3.744625293759252,-9500.0,0.0,-2.2084182317313757e-22,-1.1769055013558208e-21,1.0
16:08:38.888,1.9999999999999958,5.744625293759247,-3.744625293759252,-9500.0,0.0,-1.9434080439236106e-22,-1.0356768411931223e-21,1.0
16:08:38.907,1.9999999999999958,5.744625293759247,-3.744625293759252,-9500.0,0.0,-1.7101990786527773e-22,-9.113956202499477e-22,1.0
16:08:38.928,1.9999999999999958,5.744625293759247,-3.744625293759252,-9500.0,0.0,-1.504975189214444e-22,-8.020281458199539e-22,1.0
16:08:38.947,1.9999999999999958,5.744625293759247,-3.744625293759252,-9500.0,0.0,-1.3243781665087108e-22,-7.057847683215594e-22,1.0
16:08:38.967,1.9999999999999958,5.744625293759247,-3.744625293759252,-9500.0,0.0,-1.1654527865276656e-22,-6.210905961229724e-22,1.0
16:08:38.988,1.9999999999999958,5.744625293759247,-3.744625293759252,-9500.0,0.0,-1.0255984521443457e-22,-5.465597245882157e-22,1.0
16:08:39.007,1.9999999999999958,5.744625293759247,-3.744625293759252,-9500.0,0.0,-9.025266378870243e-23,-4.809725576376298e-22,1.0
16:08:39.028,1.9999999999999958,5.744625293759247,-3.744625293759252,-9500.0,0.0,-7.942234413405814e-23,-4.2325585072111426e-22,1.0
16:08:39.048,1.9999999999999958,5.744625293759247,-3.744625293759252,-9500.0,0.0,-6.989166283797117e-23,-3.7246514863458056e-22,1.0
16:08:39.067,1.9999999999999958,5.744625293759247,-3.744625293759252,-9500.0,0.0,-6.150466329741462e-23,-3.277693307984309e-22,1.0
16:08:39.087,1.9999999999999958,5.744625293759247,-3.744625293759252,-9500.0,0.0,-5.412410370172486e-23,-2.8843701110261916e-22,1.0
16:08:39.107,1.9999999999999958,5.744625293759247,-3.744625293759252,-9500.0,0.0,-4.762921125751788e-23,-2.5382456977030486e-22,1.0
16:08:39.127,1.9999999999999958,5.744625293759247,-3.744625293759252,-9500.0,0.0,-4.191370590661574e-23,-2.2336562139786826e-22,1.0
16:08:39.148,1.9999999999999958,5.744625293759247,-3.744625293759252,-9500.0,0.0,-3.688406119782185e-23,-1.965617468301241e-22,1.0
16:08:39.167,1.9999999999999958,5.744625293759247,-3.744625293759252,-9500.0,0.0,-3.245797385408323e-23,-1.729743372105092e-22,1.0
16:08:39.188,1.9999999999999958,5.744625293759247,-3.744625293759252,-9500.0,0.0,-2.856301699159324e-23,-1.5221741674524809e-22,1.0
16:08:39.207,1.9999999999999958,5.744625293759247,-3.744625293759252,-9500.0,0.0,-2.5135454952602048e-23,-1.339513267358183e-22,1.0
16:08:39.227,1.9999999999999958,5.744625293759247,-3.744625293759252,-9500.0,0.0,-2.2119200358289802e-23,-1.178771675275201e-22,1.0
16:08:39.247,1.9999999999999958,5.744625293759247,-3.744625293759252,-9500.0,0.0,-1.9464896315295026e-23,-1.037319074242177e-22,1.0
16:08:39.267,1.9999999999999958,5.744625293759247,-3.744625293759252,-9500.0,0.0,-1.7129108757459624e-23,-9.128407853331158e-23,1.0
16:08:39.287,1.9999999999999958,5.744625293759247,-3.744625293759252,-9500.0,0.0,-1.507361570656447e-23,-8.03299891093142e-23,1.0
16:08:39.307,1.9999999999999958,5.744625293759247,-3.744625293759252,-9500.0,0.0,-1.3264781821776734e-23,-7.06903904161965e-23,1.0
16:08:39.327,1.9999999999999958,5.744625293759247,-3.744625293759252,-9500.0,0.0,-1.1673008003163526e-23,-6.220754356625292e-23,1.0
16:08:39.347,1.9999999999999958,5.744625293759247,-3.744625293759252,-9500.0,0.0,-1.0272247042783903e-23,-5.474263833830257e-23,1.0
16:08:39.367,1.9999999999999958,5.744625293759247,-3.744625293759252,-9500.0,0.0,-9.039577397649834e-24,-4.817352173770626e-23,1.0
16:08:39.387,1.9999999999999958,5.744625293759247,-3.744625293759252,-9500.0,0.0,-7.954828109931854e-24,-4.23926991291815e-23,1.0
16:08:39.407,1.9999999999999958,5.744625293759247,-3.744625293759252,-9500.0,0.0,-7.000248736740032e-24,-3.730557523367973e-23,1.0
16:08:39.427,1.9999999999999958,5.744625293759247,-3.744625293759252,-9500.0,0.0,-6.160218888331228e-24,-3.282890620563816e-23,1.0
16:08:39.447,1.9999999999999958,5.744625293759247,-3.744625293759252,-9500.0,0.0,-5.42099262173148e-24,-2.8889437460961576e-23,1.0
16:08:39.467,1.9999999999999958,5.744625293759247,-3.744625293759252,-9500.0,0.0,-4.770473507123703e-24,-2.542270496564619e-23,1.0
16:08:39.488,1.9999999999999958,5.744625293759247,-3.744625293759252,-9500.0,0.0,-4.198016686268859e-24,-2.237198036976865e-23,1.0
16:08:39.507,1.9999999999999958,5.744625293759247,-3.744625293759252,-9500.0,0.0,-3.6942546839165955e-24,-1.968734272539641e-23,1.0
16:08:39.527,1.9999999999999958,5.744625293759247,-3.744625293759252,-9500.0,0.0,-3.2509441218466042e-24,-1.7324861598348842e-23,1.0
16:08:39.547,1.9999999999999958,5.744625293759247,-3.744625293759252,-9500.0,0.0,-2.8608308272250118e-24,-1.524587820654698e-23,1.0
16:08:39.567,1.9999999999999958,5.744625293759247,-3.744625293759252,-9500.0,0.0,-2.5175311279580103e-24,-1.3416372821761343e-23,1.0
16:08:39.587,1.9999999999999958,5.744625293759247,-3.744625293759252,-9500.0,0.0,-2.215427392603049e-24,-1.1806408083149982e-23,1.0
16:08:39.607,1.9999999999999958,5.744625293759247,-3.744625293759252,-9500.0,0.0,-1.949576105490683e-24,-1.0389639113171983e-23,1.0
16:08:39.627,1.9999999999999958,5.744625293759247,-3.744625293759252,-9500.0,0.0,-1.715626972831801e-24,-9.142882419591346e-24,1.0
16:08:39.647,1.9999999999999958,5.744625293759247,-3.744625293759252,-9500.0,0.0,-1.509751736091985e-24,-8.045736529240383e-24,1.0
16:08:39.667,1.9999999999999958,5.744625293759247,-3.744625293759252,-9500.0,0.0,-1.3285815277609468e-24,-7.080248145731538e-24,1.0
16:08:39.687,1.9999999999999958,5.744625293759247,-3.744625293759252,-9500.0,0.0,-1.1691517444296333e-24,-6.230618368243754e-24,1.0
16:08:39.707,1.9999999999999958,5.744625293759247,-3.744625293759252,-9500.0,0.0,-1.0288535350980773e-24,-5.4829441640545034e-24,1.0
16:08:39.727,1.9999999999999958,5.744625293759247,-3.744625293759252,-9500.0,0.0,-9.05391110886308e-25,-4.824990864367963e-24,1.0
16:08:39.747,1.9999999999999958,5.744625293759247,-3.744625293759252,-9500.0,0.0,-7.96744177579951e-25,-4.2459919606438075e-24,1.0
16:08:39.767,1.9999999999999958,5.744625293759247,-3.744625293759252,-9500.0,0.0,-7.011348762703569e-25,-3.73647292536655e-24,1.0
16:08:39.787,1.9999999999999958,5.744625293759247,-3.744625293759252,-9500.0,0.0,-6.169986911179141e-25,-3.2880961743225643e-24,1.0
16:08:39.807,1.9999999999999958,5.744625293759247,-3.744625293759252,-9500.0,0.0,-5.429588481837644e-25,-2.8935246334038567e-24,1.0
16:08:39.827,1.9999999999999958,5.744625293759247,-3.744625293759252,-9500.0,0.0,-4.778037864017127e-25,-2.5463016773953942e-24,1.0
16:08:39.847,1.9999999999999958,5.744625293759247,-3.744625293759252,-9500.0,0.0,-4.204673320335072e-25,-2.240745476107947e-24,1.0
16:08:39.867,1.9999999999999958,5.744625293759247,-3.744625293759252,-9500.0,0.0,-3.7001125218948634e-25,-1.971856018974993e-24,1.0
16:08:39.887,1.9999999999999958,5.744625293759247,-3.744625293759252,-9500.0,0.0,-3.25609901926748e-25,-1.735233296697994e-24,1.0
16:08:39.907,1.9999999999999958,5.744625293759247,-3.744625293759252,-9500.0,0.0,-2.8653671369553827e-25,-1.5270053010942351e-24,1.0
16:08:39.927,1.9999999999999958,5.744625293759247,-3.744625293759252,-9500.0,0.0,-2.5215230805207366e-25,-1.3437646649629267e-24,1.0
16:08:39.947,1.9999999999999958,5.744625293759247,-3.744625293759252,-9500.0,0.0,-2.218940310858248e-25,-1.1825129051673754e-24,1.0
16:08:39.968,1.9999999999999958,5.744625293759247,-3.744625293759252,-9500.0,0.0,-1.9526674735552584e-25,-1.0406113565472905e-24,1.0
16:08:39.988,1.9999999999999958,5.744625293759247,-3.744625293759252,-9500.0,0.0,-1.7183473767286275e-25,-9.157379937616156e-25,1.0
16:08:40.007,1.9999999999999958,5.744625293759247,-3.744625293759252,-9500.0,0.0,-1.5121456915211922e-25,-8.058494345102218e-25,1.0
16:08:40.027,1.9999999999999958,5.744625293759247,-3.744625293759252,-9500.0,0.0,-1.3306882085386492e-25,-7.091475023689952e-25,1.0
16:08:40.047,1.9999999999999958,5.744625293759247,-3.744625293759252,-9500.0,0.0,-1.1710056235140113e-25,-6.240498020847158e-25,1.0
16:08:40.067,1.9999999999999958,5.744625293759247,-3.744625293759252,-9500.0,0.0,-1.0304849486923299e-25,-5.491638258345499e-25,1.0
16:08:40.087,1.9999999999999958,5.744625293759247,-3.744625293759252,-9500.0,0.0,-9.068267548492504e-26,-4.832641667344039e-25,1.0
16:08:40.107,1.9999999999999958,5.744625293759247,-3.744625293759252,-9500.0,0.0,-7.980075442673403e-26,-4.252724667262754e-25,1.0
16:08:40.127,1.9999999999999958,5.744625293759247,-3.744625293759252,-9500.0,0.0,-7.022466389552595e-26,-3.742397707191224e-25,1.0
16:08:40.147,1.9999999999999958,5.744625293759247,-3.744625293759252,-9500.0,0.0,-6.179770422806284e-26,-3.293309982328277e-25,1.0
16:08:40.167,1.9999999999999958,5.744625293759247,-3.744625293759252,-9500.0,0.0,-5.43819797206953e-26,-2.898112784448884e-25,1.0
16:08:40.187,1.9999999999999958,5.744625293759247,-3.744625293759252,-9500.0,0.0,-4.785614215421186e-26,-2.550339250315018e-25,1.0
16:08:40.207,1.9999999999999958,5.744625293759247,-3.744625293759252,-9500.0,0.0,-4.211340509570644e-26,-2.2442985402772158e-25,1.0
16:08:40.227,1.9999999999999958,5.744625293759247,-3.744625293759252,-9500.0,0.0,-3.705979648422167e-26,-1.9749827154439498e-25,1.0
16:08:40.248,1.9999999999999958,5.744625293759247,-3.744625293759252,-9500.0,0.0,-3.2612620906115065e-26,-1.7379847895906758e-25,1.0
16:08:40.267,1.9999999999999958,5.744625293759247,-3.744625293759252,-9500.0,0.0,-2.869910639738126e-26,-1.5294266148397949e-25,1.0
16:08:40.287,1.9999999999999958,5.744625293759247,-3.744625293759252,-9500.0,0.0,-2.525521362969551e-26,-1.3458954210590195e-25,1.0
16:08:40.307,1.9999999999999958,5.744625293759247,-3.744625293759252,-9500.0,0.0,-2.222458799413205e-26,-1.1843879705319372e-25,1.0
16:08:40.327,1.9999999999999958,5.744625293759247,-3.744625293759252,-9500.0,0.0,-1.9557637434836202e-26,-1.0422614140681047e-25,1.0
16:08:40.347,1.9999999999999958,5.744625293759247,-3.744625293759252,-9500.0,0.0,-1.7210720942655857e-26,-9.17190044379932e-26,1.0
16:08:40.367,1.9999999999999958,5.744625293759247,-3.744625293759252,-9500.0,0.0,-1.5145434429537155e-26,-8.071272390543402e-26,1.0
16:08:40.387,1.9999999999999958,5.744625293759247,-3.744625293759252,-9500.0,0.0,-1.3327982297992696e-26,-7.102719703678195e-26,1.0
16:08:40.407,1.9999999999999958,5.744625293759247,-3.744625293759252,-9500.0,0.0,-1.1728624422233572e-26,-6.250393339236811e-26,1.0
16:08:40.427,1.9999999999999958,5.744625293759247,-3.744625293759252,-9500.0,0.0,-1.0321189491565543e-26,-5.500346138528393e-26,1.0
16:08:40.447,1.9999999999999958,5.744625293759247,-3.744625293759252,-9500.0,0.0,-9.082646752577678e-27,-4.840304601904986e-26,1.0
16:08:40.467,1.9999999999999958,5.744625293759247,-3.744625293759252,-9500.0,0.0,-7.992729142268356e-27,-4.259468049676388e-26,1.0
16:08:40.487,1.9999999999999958,5.744625293759247,-3.744625293759252,-9500.0,0.0,-7.033601645196154e-27,-3.748331883715221e-26,1.0
16:08:40.507,1.9999999999999958,5.744625293759247,-3.744625293759252,-9500.0,0.0,-6.189569447772615e-27,-3.298532057669395e-26,1.0
16:08:40.527,1.9999999999999958,5.744625293759247,-3.744625293759252,-9500.0,0.0,-5.446821114039902e-27,-2.9027082107490675e-26,1.0
16:08:40.547,1.9999999999999958,5.744625293759247,-3.744625293759252,-9500.0,0.0,-4.793202580355114e-27,-2.5543832254591793e-26,1.0
16:08:40.567,1.9999999999999958,5.744625293759247,-3.744625293759252,-9500.0,0.0,-4.2180182707125e-27,-2.2478572384040777e-26,1.0
16:08:40.587,1.9999999999999958,5.744625293759247,-3.744625293759252,-9500.0,0.0,-3.711856078227e-27,-1.9781143697955884e-26,1.0
16:08:40.607,1.9999999999999958,5.744625293759247,-3.744625293759252,-9500.0,0.0,-3.26643334883976e-27,-1.7407406454201177e-26,1.0
16:08:40.627,1.9999999999999958,5.744625293759247,-3.744625293759252,-9500.0,0.0,-2.8744613469789884e-27,-1.5318517679697036e-26,1.0
16:08:40.647,1.9999999999999958,5.744625293759247,-3.744625293759252,-9500.0,0.0,-2.52952598534151e-27,-1.348029555813339e-26,1.0
16:08:40.667,1.9999999999999958,5.744625293759247,-3.744625293759252,-9500.0,0.0,-2.2259828671005286e-27,-1.1862660091157384e-26,1.0
16:08:40.687,1.9999999999999958,5.744625293759247,-3.744625293759252,-9500.0,0.0,-1.9588649230484652e-27,-1.0439140880218498e-26,1.0
16:08:40.707,1.9999999999999958,5.744625293759247,-3.744625293759252,-9500.0,0.0,-1.7238011322826493e-27,-9.186443974592278e-27,1.0
16:08:40.727,1.9999999999999958,5.744625293759247,-3.744625293759252,-9500.0,0.0,-1.5169449964087315e-27,-8.084070697641206e-27,1.0
16:08:40.747,1.9999999999999958,5.744625293759247,-3.744625293759252,-9500.0,0.0,-1.3349115968396837e-27,-7.113982213924261e-27,1.0
16:08:40.767,1.9999999999999958,5.744625293759247,-3.744625293759252,-9500.0,0.0,-1.1747222052189216e-27,-6.2603043482533494e-27,1.0
16:08:40.787,1.9999999999999958,5.744625293759247,-3.744625293759252,-9500.0,0.0,-1.033755540592651e-27,-5.509067826462947e-27,1.0
16:08:40.807,1.9999999999999958,5.744625293759247,-3.744625293759252,-9500.0,0.0,-9.097048757215329e-28,-4.847979687287394e-27,1.0
16:08:40.827,1.9999999999999958,5.744625293759247,-3.744625293759252,-9500.0,0.0,-8.00540290634949e-28,-4.266222124812906e-27,1.0
16:08:40.848,-10.000000000000009,5.744625293759247,-15.744625293759256,-9500.0,0.0,-7.044754557587551e-28,-3.754275469835357e-27,1.0
16:08:40.867,-10.000000000000009,5.744625293759247,-15.744625293759256,-9500.0,0.0,-6.199384010677045e-28,-3.3037624134551145e-27,1.0
16:08:40.887,-10.000000000000009,5.744625293759247,-15.744625293759256,-9500.0,0.0,-5.455457929395799e-28,-2.9073109238405005e-27,1.0
16:08:40.907,-10.000000000000009,5.744625293759247,-15.744625293759256,-9500.0,0.0,-4.800802977868303e-28,-2.5584336129796405e-27,1.0
16:08:40.928,-10.000000000000009,5.744625293759247,-15.744625293759256,-9500.0,0.0,-4.224706620524107e-28,-2.251421579422084e-27,1.0
16:08:40.947,-10.000000000000009,5.744625293759247,-15.744625293759256,-9500.0,0.0,-3.7177418260612145e-28,-1.981250989891434e-27,1.0
16:08:40.967,-10.000000000000009,5.744625293759247,-15.744625293759256,-9500.0,0.0,-3.271612806933869e-28,-1.743500871104462e-27,1.0
16:08:40.988,-10.000000000000009,5.744625293759247,-15.744625293759256,-9500.0,0.0,-2.8790192701018047e-28,-1.5342807665719266e-27,1.0
16:08:41.008,-10.000000000000009,5.744625293759247,-15.744625293759256,-9500.0,0.0,-2.5335369576895884e-28,-1.3501670745832955e-27,1.0
16:08:41.027,-10.000000000000009,5.744625293759247,-15.744625293759256,-9500.0,0.0,-2.2295125227668376e-28,-1.1881470256333e-27,1.0
16:08:41.048,-10.000000000000009,5.744625293759247,-15.744625293759256,-9500.0,0.0,-1.961971020034817e-28,-1.045569382557304e-27,1.0
16:08:41.067,-10.000000000000009,5.744625293759247,-15.744625293759256,-9500.0,0.0,-1.726534497630639e-28,-9.201010566504274e-28,1.0
16:08:41.088,-10.000000000000009,5.744625293759247,-15.744625293759256,-9500.0,0.0,-1.5193503579149623e-28,-8.096889298523762e-28,1.0
16:08:41.107,-10.000000000000009,5.744625293759247,-15.744625293759256,-9500.0,0.0,-1.3370283149651669e-28,-7.125262582700911e-28,1.0
16:08:41.127,-10.000000000000009,5.744625293759247,-15.744625293759256,-9500.0,0.0,-1.176584917169347e-28,-6.270231072776802e-28,1.0
16:08:41.147,-10.000000000000009,5.744625293759247,-15.744625293759256,-9500.0,0.0,-1.0353947271090253e-28,-5.517803344043585e-28,1.0
16:08:41.167,-10.000000000000009,5.744625293759247,-15.744625293759256,-9500.0,0.0,-9.111473598559422e-29,-4.855666942758355e-28,1.0
16:08:41.187,-10.000000000000009,5.744625293759247,-15.744625293759256,-9500.0,0.0,-8.018096766732292e-29,-4.272986909627352e-28,1.0
16:08:41.207,-10.000000000000009,5.744625293759247,-15.744625293759256,-9500.0,0.0,-7.055925154724416e-29,-3.76022848047207e-28,1.0
16:08:41.227,-10.000000000000009,5.744625293759247,-15.744625293759256,-9500.0,0.0,-6.209214136157487e-29,-3.309001062815422e-28,1.0
16:08:41.247,-10.000000000000009,5.744625293759247,-15.744625293759256,-9500.0,0.0,-5.464108439818589e-29,-2.9119209352775713e-28,1.0
16:08:41.267,-10.000000000000009,5.744625293759247,-15.744625293759256,-9500.0,0.0,-4.8084154270403585e-29,-2.562490423044263e-28,1.0
16:08:41.287,-10.000000000000009,5.744625293759247,-15.744625293759256,-9500.0,0.0,-4.2314055757955155e-29,-2.2549915722789516e-28,1.0
16:08:41.308,-10.000000000000009,5.744625293759247,-15.744625293759256,-9500.0,0.0,-3.723636906700054e-29,-1.9843925836054775e-28,1.0
16:08:41.327,-10.000000000000009,5.744625293759247,-15.744625293759256,-9500.0,0.0,-3.276800477896048e-29,-1.7462654735728202e-28,1.0
16:08:41.348,-10.000000000000009,5.744625293759247,-15.744625293759256,-9500.0,0.0,-2.883584420548522e-29,-1.536713616744082e-28,1.0
16:08:41.367,-10.000000000000009,5.744625293759247,-15.744625293759256,-9500.0,0.0,-2.537554290082699e-29,-1.352307982734792e-28,1.0
16:08:41.387,-10.000000000000009,5.744625293759247,-15.744625293759256,-9500.0,0.0,-2.2330477752727752e-29,-1.190031024806617e-28,1.0
16:08:41.407,-10.000000000000009,5.831665070937418,-15.831665070937426,-9500.0,0.0,-1.965082042240042e-29,-1.0472273018298228e-28,1.0
16:08:41.427,-10.000000000000009,5.744625293759247,-15.744625293759256,-9500.0,0.0,-1.729272197171237e-29,-9.21560025610244e-29,1.0
16:08:41.448,-10.000000000000009,5.744625293759247,-15.744625293759256,-9500.0,0.0,-1.5217595335106885e-29,-8.109728225370147e-29,1.0
16:08:41.467,-10.000000000000009,5.744625293759247,-15.744625293759256,-9500.0,0.0,-1.339148389489406e-29,-7.13656083832573e-29,1.0
16:08:41.487,-10.000000000000009,5.744625293759247,-15.744625293759256,-9500.0,0.0,-1.1784505827506773e-29,-6.280173537726643e-29,1.0
16:08:41.507,-10.000000000000009,5.744625293759247,-15.744625293759256,-9500.0,0.0,-1.037036512820596e-29,-5.526552713199446e-29,1.0
16:08:41.527,-10.000000000000009,5.744625293759247,-15.744625293759256,-9500.0,0.0,-9.125921312821245e-30,-4.863366387615512e-29,1.0
16:08:41.548,-10.000000000000009,5.744625293759247,-15.744625293759256,-9500.0,0.0,-8.030810755282695e-30,-4.2797624211016504e-29,1.0
16:08:41.567,-10.000000000000009,5.744625293759247,-15.744625293759256,-9500.0,0.0,-7.067113464648772e-30,-3.7661909305694526e-29,1.0
16:08:41.587,-10.000000000000009,5.744625293759247,-15.744625293759256,-9500.0,0.0,-6.219059848890919e-30,-3.314248018901118e-29,1.0
16:08:41.607,-10.000000000000009,5.744625293759247,-15.744625293759256,-9500.0,0.0,-5.472772667024009e-30,-2.916538256632984e-29,1.0
16:08:41.627,-10.000000000000009,5.744625293759247,-15.744625293759256,-9500.0,0.0,-4.816039946981128e-30,-2.566553665837026e-29,1.0
16:08:41.647,-10.000000000000009,5.744625293759247,-15.744625293759256,-9500.0,0.0,-4.238115153343392e-30,-2.2585672259365827e-29,1.0
16:08:41.667,-10.000000000000009,5.744625293759247,-15.744625293759256,-9500.0,0.0,-3.729541334942185e-30,-1.9875391588241926e-29,1.0
16:08:41.687,-10.000000000000009,5.744625293759247,-15.744625293759256,-9500.0,0.0,-3.2819963747491225e-30,-1.7490344597652895e-29,1.0
16:08:41.707,-10.000000000000009,5.744625293759247,-15.744625293759256,-9500.0,0.0,-2.888156809779228e-30,-1.5391503245934548e-29,1.0
16:08:41.727,-10.000000000000009,5.744625293759247,-15.744625293759256,-9500.0,0.0,-2.5415779926057207e-30,-1.3544522856422403e-29,1.0
16:08:41.747,-10.000000000000009,5.744625293759247,-15.744625293759256,-9500.0,0.0,-2.2365886334930343e-30,-1.1919180113651714e-29,1.0
16:08:41.767,-10.000000000000009,5.744625293759247,-15.744625293759256,-9500.0,0.0,-1.9681979974738703e-30,-1.0488878500013509e-29,1.0
16:08:41.787,-10.000000000000009,5.744625293759247,-15.744625293759256,-9500.0,0.0,-1.732014237777006e-30,-9.230213080011889e-30,1.0
16:08:41.808,-10.000000000000009,5.744625293759247,-15.744625293759256,-9500.0,0.0,-1.5241725292437652e-30,-8.122587510410461e-30,1.0
16:08:41.827,-10.000000000000009,5.744625293759247,-15.744625293759256,-9500.0,0.0,-1.3412718257345134e-30,-7.147877009161206e-30,1.0
16:08:41.848,-10.000000000000009,5.744625293759247,-15.744625293759256,-9500.0,0.0,-1.1803192066463718e-30,-6.2901317680618616e-30,1.0
16:08:41.867,-10.000000000000009,5.744625293759247,-15.744625293759256,-9500.0,0.0,-1.0386809018488073e-30,-5.5353159558944384e-30,1.0
16:08:41.887,-10.000000000000009,5.744625293759247,-15.744625293759256,-9500.0,0.0,-9.140391936269504e-31,-4.8710780411871055e-30,1.0
16:08:41.907,-10.000000000000009,5.744625293759247,-15.744625293759256,-9500.0,0.0,-8.043544903917163e-31,-4.286548676244653e-30,1.0
16:08:41.927,-10.000000000000009,5.744625293759247,-15.744625293759256,-9500.0,0.0,-7.078319515447103e-31,-3.772162835095295e-30,1.0
16:08:41.948,-10.000000000000009,5.744625293759247,-15.744625293759256,-9500.0,0.0,-6.228921173593451e-31,-3.3195032948838595e-30,1.0
16:08:41.967,-10.000000000000009,5.744625293759247,-15.744625293759256,-9500.0,0.0,-5.481450632762237e-31,-2.9211628994977963e-30,1.0
16:08:41.987,-10.000000000000009,5.744625293759247,-15.744625293759256,-9500.0,0.0,-4.823676556830769e-31,-2.570623351558061e-30,1.0
16:08:42.007,-10.000000000000009,5.744625293759247,-15.744625293759256,-9500.0,0.0,-4.244835370011077e-31,-2.2621485493710936e-30,1.0
16:08:42.028,-10.000000000000009,5.744625293759247,-15.744625293759256,-9500.0,0.0,-3.7354551256097476e-31,-1.9906907234465626e-30,1.0
16:08:42.047,-10.000000000000009,5.744625293759247,-15.744625293759256,-9500.0,0.0,-3.287200510536578e-31,-1.751807836632975e-30,1.0
16:08:42.067,-10.000000000000009,5.744625293759247,-15.744625293759256,-9500.0,0.0,-2.892736449272189e-31,-1.5415908962370182e-30,1.0
16:08:42.087,-10.000000000000009,5.744625293759247,-15.744625293759256,-9500.0,0.0,-2.5456080753595263e-31,-1.356599988688576e-30,1.0
16:08:42.107,-10.000000000000009,5.744625293759247,-15.744625293759256,-9500.0,0.0,-2.2401351063163832e-31,-1.1938079900459469e-30,1.0
16:08:42.127,-10.000000000000009,5.744625293759247,-15.744625293759256,-9500.0,0.0,-1.9713188935584173e-31,-1.0505510312404333e-30,1.0
16:08:42.147,-10.000000000000009,5.744625293759247,-15.744625293759256,-9500.0,0.0,-1.7347606263314073e-31,-9.244849074915814e-31,1.0
16:08:42.167,-10.000000000000009,5.744625293759247,-15.744625293759256,-9500.0,0.0,-1.5265893511716385e-31,-8.135467185925916e-31,1.0
16:08:42.187,-10.000000000000009,5.744625293759247,-15.744625293759256,-9500.0,0.0,-1.343398629031042e-31,-7.159211123614807e-31,1.0
16:08:42.207,-10.000000000000009,5.744625293759247,-15.744625293759256,-9500.0,0.0,-1.182190793547317e-31,-6.300105788781031e-31,1.0
16:08:42.227,-10.000000000000009,5.744625293759247,-15.744625293759256,-9500.0,0.0,-1.040327898321639e-31,-5.544093094127307e-31,1.0
16:08:42.248,-10.000000000000009,5.744625293759247,-15.744625293759256,-9500.0,0.0,-9.154885505230424e-32,-4.878801922832031e-31,1.0
16:08:42.267,-10.000000000000009,5.744625293759247,-15.744625293759256,-9500.0,0.0,-8.056299244602773e-32,-4.293345692092187e-31,1.0
16:08:42.287,-10.000000000000009,5.744625293759247,-15.744625293759256,-9500.0,0.0,-7.08954333525044e-32,-3.7781442090411245e-31,1.0
16:08:42.307,-10.000000000000009,5.744625293759247,-15.744625293759256,-9500.0,0.0,-6.238798135020388e-32,-3.3247669039561896e-31,1.0
16:08:42.327,-10.000000000000009,5.744625293759247,-15.744625293759256,-9500.0,0.0,-5.490142358817941e-32,-2.925794875481447e-31,1.0
16:08:42.348,-10.000000000000009,5.744625293759247,-15.744625293759256,-9500.0,0.0,-4.831325275759788e-32,-2.574699490423673e-31,1.0
16:08:42.367,-10.000000000000009,5.744625293759247,-15.744625293759256,-9500.0,0.0,-4.2515662426686135e-32,-2.2657355515728325e-31,1.0
16:08:42.387,-10.000000000000009,5.744625293759247,-15.744625293759256,-9500.0,0.0,-3.74137829354838e-32,-1.9938472853840925e-31,1.0
16:08:42.407,-10.000000000000009,5.744625293759247,-15.744625293759256,-9500.0,0.0,-3.2924128983225746e-32,-1.7545856111380016e-31,1.0
16:08:42.427,-10.000000000000009,5.744625293759247,-15.744625293759256,-9500.0,0.0,-2.8973233505238656e-32,-1.5440353378014415e-31,1.0
16:08:42.448,-10.000000000000009,5.744625293759247,-15.744625293759256,-9500.0,0.0,-2.549644548461002e-32,-1.3587510972652684e-31,1.0
16:08:42.467,-10.000000000000009,5.744625293759247,-15.744625293759256,-9500.0,0.0,-2.2436872026456817e-32,-1.1957009655934363e-31,1.0
16:08:42.487,-10.000000000000009,5.744625293759247,-15.744625293759256,-9500.0,0.0,-1.9744447383282e-32,-1.052216849722224e-31,1.0
16:08:42.507,-10.000000000000009,5.744625293759247,-15.744625293759256,-9500.0,0.0,-1.737511369728816e-32,-9.259508277555571e-32,1.0
16:08:42.527,-10.000000000000009,5.744625293759247,-15.744625293759256,-9500.0,0.0,-1.5290100053613582e-32,-8.148367284248903e-32,1.0
16:08:42.547,-10.000000000000009,5.744625293759247,-15.744625293759256,-9500.0,0.0,-1.3455288047179953e-32,-7.170563210139035e-32,1.0
16:08:42.567,-10.000000000000009,5.744625293759247,-15.744625293759256,-9500.0,0.0,-1.1840653481518358e-32,-6.310095624922351e-32,1.0
16:08:42.587,-10.000000000000009,5.744625293759247,-15.744625293759256,-9500.0,0.0,-1.0419775063736155e-32,-5.552884149931669e-32,1.0
16:08:42.607,-10.000000000000009,5.744625293759247,-15.744625293759256,-9500.0,0.0,-9.169402056087817e-33,-4.8865380519398684e-32,1.0
16:08:42.627,-10.000000000000009,5.744625293759247,-15.744625293759256,-9500.0,0.0,-8.06907380935728e-33,-4.3001534857070846e-32,1.0
16:08:42.647,-10.000000000000009,5.744625293759247,-15.744625293759256,-9500.0,0.0,-7.100784952234406e-33,-3.7841350674222345e-32,1.0
16:08:42.667,-10.000000000000009,5.744625293759247,-15.744625293759256,-9500.0,0.0,-6.248690757966278e-33,-3.3300388593315665e-32,1.0
16:08:42.687,-10.000000000000009,5.744625293759247,-15.744625293759256,-9500.0,0.0,-5.498847867010325e-33,-2.930434196211779e-32,1.0
16:08:42.707,-10.000000000000009,5.744625293759247,-15.744625293759256,-9500.0,0.0,-4.838986122969086e-33,-2.5787820926663656e-32,1.0
16:08:42.727,-10.000000000000009,5.744625293759247,-15.744625293759256,-9500.0,0.0,-4.258307788212796e-33,-2.2693282415464017e-32,1.0
16:08:42.747,-10.000000000000009,5.744625293759247,-15.744625293759256,-9500.0,0.0,-3.747310853627261e-33,-1.997008852560834e-32,1.0
16:08:42.768,-10.000000000000009,5.744625293759247,-15.744625293759256,-9500.0,0.0,-3.297633551191989e-33,-1.7573677902535335e-32,1.0
16:08:42.787,-10.000000000000009,5.744625293759247,-15.744625293759256,-9500.0,0.0,-2.9019175250489504e-33,-1.5464836554231095e-32,1.0
16:08:42.807,-10.000000000000009,5.744625293759247,-15.744625293759256,-9500.0,0.0,-2.5536874220430763e-33,-1.3609056167723364e-32,1.0
16:08:42.827,-10.000000000000009,5.744625293759247,-15.744625293759256,-9500.0,0.0,-2.2472449313979072e-33,-1.197596942759656e-32,1.0
16:08:42.847,-10.000000000000009,5.744625293759247,-15.744625293759256,-9500.0,0.0,-1.9775755396301585e-33,-1.0538853096284973e-32,1.0
16:08:42.867,-10.000000000000009,5.744625293759247,-15.744625293759256,-9500.0,0.0,-1.7402664748745394e-33,-9.274190724730777e-33,1.0
16:08:42.887,-10.000000000000009,5.744625293759247,-15.744625293759256,-9500.0,0.0,-1.5314344978895946e-33,-8.161287837763083e-33,1.0
16:08:42.907,-10.000000000000009,5.744625293759247,-15.744625293759256,-9500.0,0.0,-1.3476623581428434e-33,-7.181933297231514e-33,1.0
16:08:42.927,-10.000000000000009,5.744625293759247,-15.744625293759256,-9500.0,0.0,-1.1859428751657021e-33,-6.320101301563731e-33,1.0
16:08:42.947,-10.000000000000009,5.744625293759247,-15.744625293759256,-9500.0,0.0,-1.0436297301458179e-33,-5.561689145376084e-33,1.0
16:08:42.967,-10.000000000000009,5.744625293759247,-15.744625293759256,-9500.0,0.0,-9.183941625283198e-34,-4.8942864479309545e-33,1.0
16:08:42.987,-10.000000000000009,5.744625293759247,-15.744625293759256,-9500.0,0.0,-8.081868630249214e-34,-4.30697207417924e-33,1.0
16:08:43.007,-10.000000000000009,5.744625293759247,-15.744625293759256,-9500.0,0.0,-7.112044394619308e-34,-3.7901354252777304e-33,1.0
16:08:43.027,-10.000000000000009,5.744625293759247,-15.744625293759256,-9500.0,0.0,-6.258599067264991e-34,-3.335319174244403e-33,1.0
16:08:43.048,-10.000000000000009,5.744625293759247,-15.744625293759256,-9500.0,0.0,-5.507567179193192e-34,-2.9350808733350746e-33,1.0
16:08:43.067,-10.000000000000009,5.744625293759247,-15.744625293759256,-9500.0,0.0,-4.846659117690009e-34,-2.5828711685348656e-33,1.0
16:08:43.087,-10.000000000000009,5.744625293759247,-15.744625293759256,-9500.0,0.0,-4.265060023567208e-34,-2.2729266283106818e-33,1.0
16:08:43.107,-10.000000000000009,5.744625293759247,-15.744625293759256,-9500.0,0.0,-3.753252820739143e-34,-2.0001754329134e-33,1.0
16:08:43.127,-10.000000000000009,5.744625293759247,-15.744625293759256,-9500.0,0.0,-3.302862482250446e-34,-1.760154380963792e-33,1.0
16:08:43.147,-10.000000000000009,5.744625293759247,-15.744625293759256,-9500.0,0.0,-2.906518984380392e-34,-1.548935855248137e-33,1.0
16:08:43.167,-10.000000000000009,5.744625293759247,-15.744625293759256,-9500.0,0.0,-2.557736706254745e-34,-1.3630635526183604e-33,1.0
16:08:43.187,-10.000000000000009,5.744625293759247,-15.744625293759256,-9500.0,0.0,-2.2508083015041756e-34,-1.1994959263041572e-33,1.0
16:08:43.207,-10.000000000000009,5.744625293759247,-15.744625293759256,-9500.0,0.0,-1.9807113053236748e-34,-1.0555564151476584e-33,1.0
16:08:43.227,-10.000000000000009,5.744625293759247,-15.744625293759256,-9500.0,0.0,-1.7430259486848338e-34,-9.288896453299395e-34,1.0
16:08:43.247,-10.000000000000009,5.744625293759247,-15.744625293759256,-9500.0,0.0,-1.5338628348426537e-34,-8.174228878903467e-34,1.0
16:08:43.267,-10.000000000000009,5.744625293759247,-15.744625293759256,-9500.0,0.0,-1.3497992946615352e-34,-7.19332141343505e-34,1.0
16:08:43.287,-10.000000000000009,5.744625293759247,-15.744625293759256,-9500.0,0.0,-1.187823379302151e-34,-6.330122843822844e-34,1.0
16:08:43.307,-10.000000000000009,5.744625293759247,-15.744625293759256,-9500.0,0.0,-1.0452845737858927e-34,-5.570508102564102e-34,1.0
16:08:43.327,-10.000000000000009,5.744625293759247,-15.744625293759256,-9500.0,0.0,-9.198504249315855e-35,-4.902047130256409e-34,1.0
16:08:43.347,-10.000000000000009,5.744625293759247,-15.744625293759256,-9500.0,0.0,-8.094683739397953e-35,-4.31380147462564e-34,1.0
16:08:43.367,-10.000000000000009,5.744625293759247,-15.744625293759256,-9500.0,0.0,-7.123321690670199e-35,-3.796145297670564e-34,1.0
16:08:43.387,-10.000000000000009,5.744625293759247,-15.744625293759256,-9500.0,0.0,-6.268523087789775e-35,-3.340607861950096e-34,1.0
16:08:43.408,-10.000000000000009,5.744625293759247,-15.744625293759256,-9500.0,0.0,-5.516300317255002e-35,-2.9397349185160843e-34,1.0
16:08:43.427,-10.000000000000009,5.744625293759247,-15.744625293759256,-9500.0,0.0,-4.854344279184402e-35,-2.5869667282941543e-34,1.0
16:08:43.447,-10.000000000000009,5.744625293759247,-15.744625293759256,-9500.0,0.0,-4.2718229656822734e-35,-2.276530720898856e-34,1.0
16:08:43.467,-10.000000000000009,5.744625293759247,-15.744625293759256,-9500.0,0.0,-3.7592042098004006e-35,-2.003347034390993e-34,1.0
16:08:43.487,-10.000000000000009,5.744625293759247,-15.744625293759256,-9500.0,0.0,-3.308099704624353e-35,-1.762945390264074e-34,1.0
16:08:43.507,-10.000000000000009,5.744625293759247,-15.744625293759256,-9500.0,0.0,-2.9111277400694303e-35,-1.5513919434323852e-34,1.0
16:08:43.527,-10.000000000000009,5.744625293759247,-15.744625293759256,-9500.0,0.0,-2.5617924112610985e-35,-1.3652249102204989e-34,1.0
16:08:43.547,-10.000000000000009,5.657585516581078,-15.657585516581085,-9500.0,0.0,-2.2543773219097667e-35,-1.201397920994039e-34,1.0
16:08:43.567,-10.000000000000009,5.570545739402907,-15.570545739402915,-9500.0,0.0,-1.9838520432805947e-35,-1.0572301704747544e-34,1.0
16:08:43.587,-10.000000000000009,5.570545739402907,-15.570545739402915,-9500.0,0.0,-1.7457897980869234e-35,-9.303625500177838e-35,1.0
16:08:43.607,-10.000000000000009,4.526068413264862,-14.52606841326487,-9500.0,-12.0,-1.44,-7.6740170752155095,1.0
16:08:43.627,-10.000000000000009,2.4371137609887716,-12.43711376098878,-9500.0,-18.0,-3.4272,-18.264160639012914,1.0
16:08:43.647,-10.000000000000009,0.9574375489598747,-10.957437548959883,-9500.0,-7.0,-3.855936,-20.548971322873744,1.0
16:08:43.668,-10.000000000000009,0.0,-10.000000000000009,-9500.0,-9.0,-4.47322368,-23.83860757054053,1.0
16:08:43.687,-10.000000000000009,-1.479676212028897,-8.520323787971112,-9500.0,-22.0,-6.576436838399999,-35.04700596663743,1.0
16:08:43.707,-10.000000000000009,-3.742710418661328,-6.25728958133868,-9500.0,-21.0,-8.307264417792,-44.27089513226808,1.0
16:08:43.727,-10.000000000000009,-6.1798241796501,-3.8201758203499083,-9500.0,-20.0,-9.71039268765696,-51.74841617508842,1.0
16:08:43.747,-10.000000000000009,-8.18173905474802,-1.8182609452519887,-9500.0,-13.0,-10.105145565138125,-53.85212473222795,1.0
16:08:43.767,-10.000000000000009,-9.139176603707893,-0.8608233962921141,-7085.511413655278,-4.0,-9.37252809732155,-49.947875456099105,1.0
16:08:43.787,-10.000000000000009,-10.009574375489597,0.009574375489590038,0.0,-22.0,-10.887824725642965,-58.02316170592898,1.0
16:08:43.807,-10.000000000000009,-12.185568804943859,2.1855688049438506,9500.0,-15.0,-11.38128575856581,-60.65290364523689,1.0
16:08:43.827,-10.000000000000009,-13.055966576725563,3.0559665767255546,9500.0,-5.0,-10.615531467537911,-56.57206232248159,1.0
16:08:43.847,-10.000000000000009,-13.143006353903733,3.143006353903725,9500.0,0.0,-9.341667691433361,-49.783414843783795,1.0
16:08:43.867,-10.000000000000009,-13.055966576725563,3.0559665767255546,9500.0,1.0,-8.10066756846136,-43.16990363959512,1.0
16:08:43.887,-10.000000000000009,-11.924449473409346,1.9244494734093391,9500.0,24.0,-4.2485874602459965,-22.64148105241269,1.0
16:08:43.907,-10.000000000000009,-9.400295935242406,-0.5997040647576029,-5397.250399788048,18.0,-1.5787569650164768,-8.413477713299901,1.0
16:08:43.927,-10.000000000000009,-7.659500391678997,-2.3404996083210112,-9500.0,12.0,0.05069387078550047,0.2701566875115967,1.0
16:08:43.947,-10.000000000000009,-7.920619723213508,-2.0793802767865,-9500.0,-5.0,-0.5553893937087595,-2.9597692296629234,1.0
16:08:43.968,-10.000000000000009,-9.052136826529724,-0.9478631734702846,-7591.899325002243,0.0,-0.48874266646370834,-2.6045969221033727,1.0
16:08:43.987,-10.000000000000009,-9.226216380886065,-0.7737836191139438,-6491.022304579046,1.0,-0.31009354648806337,-1.652543868516342,1.0
16:08:44.007,-10.000000000000009,-9.748455043955087,-0.2515449560449212,-3199.6761493735867,-15.0,-2.0728823209094958,-11.046759948313769,1.0
16:08:44.027,-10.000000000000009,-11.663330141874836,1.663330141874828,9500.0,-17.0,-3.8641364424003566,-20.592672944404757,1.0
16:08:44.047,-10.000000000000009,-12.620767690834711,2.6207676908347026,9500.0,4.0,-2.920440069312314,-15.563546499337683,1.0
16:08:44.067,-10.000000000000009,-12.53372791365654,2.533727913656532,9500.0,3.0,-2.2099872609948363,-11.777416650613285,1.0
16:08:44.087,-10.000000000000009,-12.53372791365654,2.533727913656532,9500.0,0.0,-1.9447887896754559,-10.364126652539689,1.0
16:08:44.107,-10.000000000000009,-11.924449473409346,1.9244494734093391,9500.0,26.0,1.408585865085599,7.506605542065344,1.0
16:08:44.127,-10.000000000000009,-9.313256158064235,-0.6867438419357733,-5919.2763663083415,24.0,4.119555561275327,21.95384702744852,1.0
16:08:44.147,-10.000000000000009,-7.572460614500827,-2.427539385499182,-9500.0,4.0,4.1052088939222875,21.8773910758932,1.0
16:08:44.167,-10.000000000000009,-7.8335799460353375,-2.1664200539646705,-9500.0,-9.0,2.5325838266516127,13.496591340374383,1.0
16:08:44.187,-10.000000000000009,-8.965097049351552,-1.034902950648455,-8133.271853986333,-8.0,1.2686737674534192,6.760988996052451,1.0
16:08:44.208,-10.000000000000009,-9.052136826529724,-0.9478631734702846,-7583.430130085045,1.0,1.2364329153590088,6.589171739460782,1.0
16:08:44.227,-10.000000000000009,-9.574375489598745,-0.42562451040126204,-4292.995035818866,-15.0,-0.7119390344840721,-3.794050213293898,1.0
16:08:44.248,-10.000000000000009,-11.750369919053007,1.7503699190529984,9500.0,-16.0,-2.5465063503459833,-13.570786954652641,1.0
16:08:44.267,-10.000000000000009,-12.968926799547392,2.968926799547384,9500.0,-5.0,-2.8409255883044655,-15.139799634767455,1.0
16:08:44.287,-10.000000000000009,-12.881887022369222,2.881887022369214,9500.0,3.0,-2.1400145177079297,-11.404519409791483,1.0
16:08:44.307,-10.000000000000009,-12.794847245191052,2.7948472451910433,9500.0,1.0,-1.763212775582978,-9.39647565768188,1.0
16:08:44.327,-10.000000000000009,-12.44668813647837,2.446688136478362,9500.0,15.0,0.24837275748697918,1.3236227652593326,1.0
16:08:44.347,-10.000000000000009,-9.835494821133258,-0.16450517886675078,0.0,21.0,2.738568026588542,14.594317915055356,1.0
16:08:44.367,-10.000000000000009,-8.007659500391679,-1.9923404996083296,-9500.0,11.0,3.7299398633979166,19.877515417529594,1.0
16:08:44.387,-10.000000000000009,-7.746540168857167,-2.2534598311428407,-9500.0,0.0,3.2823470797901666,17.492213567426045,1.0
16:08:44.408,-10.000000000000009,-8.878057272173383,-1.1219427278266254,-8684.156528885429,-15.0,1.0884654302153467,5.800626595315532,1.0
16:08:44.428,-10.000000000000009,-9.139176603707893,-0.8608233962921141,-7033.619542573315,2.0,1.1978495785895051,6.38355424974692,1.0
16:08:44.447,-10.000000000000009,-9.226216380886065,-0.7737836191139438,-6483.73609604159,1.0,1.1741076291587644,6.257029162711915,1.0
16:08:44.467,-10.000000000000009,-11.141091478805814,1.1410914788058055,8804.379308447637,-19.0,-1.246785286340287,-6.644341372571404,1.0
16:08:44.487,-10.000000000000009,-12.70780746801288,2.707807468012873,9500.0,-5.0,-1.6971710519794527,-9.044527522535965,1.0
16:08:44.508,-10.000000000000009,-12.620767690834711,2.6207676908347026,9500.0,3.0,-1.1335105257419182,-6.040679951027771,1.0
16:08:44.527,-10.000000000000009,-12.53372791365654,2.533727913656532,9500.0,1.0,-0.8774892626528881,-4.676296933969812,1.0
16:08:44.547,-10.000000000000009,-12.44668813647837,2.446688136478362,9500.0,1.0,-0.6521905511345415,-3.4756398789588094,1.0
16:08:44.567,-10.000000000000009,-10.096614152667769,0.09661415266776045,0.0,26.0,2.5460723150016036,13.56847390281652,1.0
16:08:44.587,-10.000000000000009,-8.094699277569848,-1.9053007224301592,-9500.0,9.0,3.3205436372014114,17.695769840890172,1.0
16:08:44.607,-10.000000000000009,-7.8335799460353375,-2.1664200539646705,-9500.0,-1.0,2.802078400737242,14.932776037048724,1.0
16:08:44.627,-10.000000000000009,-8.878057272173383,-1.1219427278266254,-8686.820428031318,-16.0,0.5458289926487732,2.9088201456488654,1.0
16:08:44.647,-10.000000000000009,-9.139176603707893,-0.8608233962921141,-7036.552875244632,1.0,0.6003295135309203,3.1992631511056273,1.0
16:08:44.666,-10.000000000000009,-9.226216380886065,-0.7737836191139438,-6487.495631638218,-1.0,0.40828997190720995,2.1758501500383263,1.0
16:08:44.687,-10.000000000000009,-11.054051701627643,1.054051701627635,8252.838221391406,-16.0,-1.5607048247216553,-8.317274634920286,1.0
16:08:44.707,-10.000000000000009,-12.620767690834711,2.6207676908347026,9500.0,-5.0,-1.9734202457550567,-10.51670879340298,1.0
16:08:44.727,-10.000000000000009,-12.53372791365654,2.533727913656532,9500.0,3.0,-1.37660981626445,-7.336199469390746,1.0
16:08:44.747,-10.000000000000009,-12.44668813647837,2.446688136478362,9500.0,1.0,-1.0914166383127162,-5.8163541101292315,1.0
16:08:44.767,-10.000000000000009,-12.44668813647837,2.446688136478362,9500.0,0.0,-0.9604466417151902,-5.1183916169137245,1.0
16:08:44.787,-10.000000000000009,-10.096614152667769,0.09661415266776045,0.0,22.0,1.7948069552906323,9.56484668167769,1.0
16:08:44.807,-10.000000000000009,-8.007659500391679,-1.9923404996083296,-9500.0,9.0,2.6594301206557565,14.172577886287998,1.0
16:08:44.827,-10.000000000000009,-7.746540168857167,-2.2534598311428407,-9500.0,-1.0,2.2202985061770657,11.832367116998814,1.0
16:08:44.847,-10.000000000000009,-8.878057272173383,-1.1219427278266254,-8685.21005207139,-9.0,0.8738626854358178,4.656970256547323,1.0
16:08:44.867,-10.000000000000009,-9.139176603707893,-0.8608233962921141,-7034.54664297696,2.0,1.0089991631835198,5.377136671630897,1.0
16:08:44.887,-10.000000000000009,-9.226216380886065,-0.7737836191139438,-6485.730147242667,-1.0,0.7679192636014974,4.092378848100563,1.0
16:08:44.907,-10.000000000000009,-11.054051701627643,1.054051701627635,8253.213644813624,-18.0,-1.4842310480306824,-7.90973222649477,1.0
16:08:44.927,-10.000000000000009,-12.620767690834711,2.6207676908347026,9500.0,-5.0,-1.9061233222670007,-10.158071473988526,1.0
16:08:44.947,-10.000000000000009,-12.53372791365654,2.533727913656532,9500.0,3.0,-1.3173885235949605,-7.0205986283060255,1.0
16:08:44.967,-10.000000000000009,-12.44668813647837,2.446688136478362,9500.0,1.0,-1.039301900763565,-5.538625369974676,1.0
16:08:44.987,-10.000000000000009,-12.44668813647837,2.446688136478362,9500.0,0.0,-0.9145856726719372,-4.873990325577715,1.0
16:08:45.007,-10.000000000000009,-10.183653929845939,0.18365392984593087,2771.8655563743564,26.0,2.315164608048695,12.337925509791882,1.0
16:08:45.027,-10.000000000000009,-8.094699277569848,-1.9053007224301592,-9500.0,13.0,3.5973448550828517,19.17089294676699,1.0
16:08:45.047,-10.000000000000009,-7.572460614500827,-2.427539385499182,-9500.0,0.0,3.1656634724729096,16.870385793154952,1.0
16:08:45.067,-10.000000000000009,-8.5298981634607,-1.470101836539307,-9500.0,-12.0,1.3457838557761606,7.171922422760849,1.0
16:08:45.087,-10.000000000000009,-8.965097049351552,-1.034902950648455,-8132.50790713525,2.0,1.4242897930830214,7.590294577898799,1.0
16:08:45.107,-10.000000000000009,-9.052136826529724,-0.9478631734702846,-7582.757856856093,1.0,1.3733750179130588,7.318960651485569,1.0
16:08:45.128,-10.000000000000009,-10.967011924449473,0.9670119244494646,7704.061956085005,-21.0,-1.3114299842365083,-6.988844508319841,1.0
16:08:45.147,-10.000000000000009,-12.794847245191052,2.7948472451910433,9500.0,-4.0,-1.6340583861281273,-8.708188859059963,1.0
16:08:45.167,-10.000000000000009,-12.70780746801288,2.707807468012873,9500.0,5.0,-0.837971379792752,-4.465699081299639,1.0
16:08:45.187,-10.000000000000009,-12.53372791365654,2.533727913656532,9500.0,0.0,-0.7374148142176218,-3.9298151915436823,1.0
16:08:45.207,-10.000000000000009,-12.53372791365654,2.533727913656532,9500.0,1.0,-0.5289250365115071,-2.818735945623814,1.0
16:08:45.228,-10.000000000000009,-10.61885281573679,0.618852815736783,5519.997031519983,20.0,1.9345459678698735,10.309540826543559,1.0
16:08:45.247,-10.000000000000009,-8.26877883192619,-1.7312211680738183,-9500.0,13.0,3.2624004517254885,17.385914425508467,1.0
16:08:45.268,-10.000000000000009,-7.311341282966315,-2.688658717033693,-9500.0,-4.0,2.39091239751843,12.741599002708947,1.0
16:08:45.288,-10.000000000000009,-8.094699277569848,-1.9053007224301592,-9500.0,-11.0,0.7840029098162185,4.17809147010299,1.0
16:08:45.307,-10.000000000000009,-8.791017494995213,-1.2089825050047958,-9234.934844135962,2.0,0.9299225606382723,4.955723339559883,1.0
16:08:45.327,-10.000000000000009,-8.878057272173383,-1.1219427278266254,-8685.482662839655,0.0,0.8183318533616796,4.361036538812697,1.0
16:08:45.347,-10.000000000000009,-10.53181303855862,0.5318130385586125,4948.129518281862,-27.0,-2.5198679690417216,-13.42882626507972,1.0
16:08:45.367,-10.000000000000009,-12.620767690834711,2.6207676908347026,9500.0,-9.0,-3.297483812756715,-17.572879919681785,1.0
16:08:45.387,-10.000000000000009,-12.70780746801288,2.707807468012873,9500.0,3.0,-2.5417857552259093,-13.545630060516096,1.0
16:08:45.407,-10.000000000000009,-12.53372791365654,2.533727913656532,9500.0,2.0,-1.9967714645988004,-10.641151607384913,1.0
16:08:45.428,-10.000000000000009,-12.44668813647837,2.446688136478362,9500.0,1.0,-1.6371588888469444,-8.724711991564098,1.0
16:08:45.447,-10.000000000000009,-11.228131255983984,1.2281312559839759,9370.51128863779,29.0,2.039300177814689,10.867794712527742,1.0
16:08:45.468,-10.000000000000009,-8.616937940638872,-1.3830620593611367,-9500.0,18.0,3.9545841564769266,21.07468495984768,1.0
16:08:45.487,-10.000000000000009,-7.050221951431804,-2.9497780485682044,-9500.0,5.0,4.080034057699695,21.743229879339086,1.0
16:08:45.507,-10.000000000000009,-7.485420837322656,-2.514579162677352,-9500.0,-7.0,2.750429970775732,14.657532333276015,1.0
16:08:45.527,-10.000000000000009,-8.355818609104361,-1.644181390895648,-9500.0,-5.0,1.8203783742826438,9.701121338609763,1.0
16:08:45.547,-10.000000000000009,-8.44285838628253,-1.5571416137174774,-9500.0,-3.0,1.2419329693687264,6.618482509172713,1.0
16:08:45.567,-10.000000000000009,-9.661415266776917,-0.3385847332230916,-3753.5751007743042,-33.0,-2.867098986955521,-15.279282348770664,1.0
16:08:45.587,-10.000000000000009,-12.185568804943859,2.1855688049438506,9500.0,-18.0,-4.683047108520858,-24.95679407974145,1.0
16:08:45.607,-10.000000000000009,-13.230046131081904,3.2300461310818953,9500.0,-2.0,-4.361081455498356,-23.24098163604173,1.0
16:08:45.627,-10.000000000000009,-12.70780746801288,2.707807468012873,9500.0,5.0,-3.237751680838553,-17.254556725043592,1.0
16:08:45.647,-10.000000000000009,-12.53372791365654,2.533727913656532,9500.0,-1.0,-2.969221479137927,-15.823511340972988,1.0
16:08:45.667,-10.000000000000009,-12.3596483593002,2.3596483593001913,9500.0,1.0,-2.4929149016413756,-13.285188557121604,1.0
16:08:45.687,-10.000000000000009,-10.009574375489597,0.009574375489590038,0.0,26.0,0.9262348865555894,4.936071066033259,1.0
16:08:45.708,-10.000000000000009,-7.8335799460353375,-2.1664200539646705,-9500.0,9.0,1.895086700168919,10.099255344520902,1.0
16:08:45.727,-10.000000000000009,-7.3983810601444855,-2.6016189398555225,-9500.0,-2.0,1.4276762961486487,7.608341857309142,1.0
16:08:45.747,-10.000000000000009,-8.355818609104361,-1.644181390895648,-9500.0,-13.0,-0.30364485938918917,-1.6181776637180905,1.0
16:08:45.767,-10.000000000000009,-8.616937940638872,-1.3830620593611367,-9500.0,-2.0,-0.5072074762624865,-2.7029991899411714,1.0
16:08:45.787,-10.000000000000009,-8.616937940638872,-1.3830620593611367,-9500.0,0.0,-0.4463425791109881,-2.3786392871482307,1.0
16:08:45.808,-10.000000000000009,-10.967011924449473,0.9670119244494646,7695.611534339932,-22.0,-3.032781469617669,-16.16223387725221,1.0
16:08:45.827,-10.000000000000009,-13.055966576725563,3.0559665767255546,9500.0,-7.0,-3.5088476932635486,-18.699275772524324,1.0
16:08:45.847,-10.000000000000009,-12.968926799547392,2.968926799547384,9500.0,9.0,-2.007785970071923,-10.699849873409773,1.0
16:08:45.868,-10.000000000000009,-12.53372791365654,2.533727913656532,9500.0,2.0,-1.5268516536632921,-8.136865042731348,1.0
16:08:45.887,-10.000000000000009,-12.44668813647837,2.446688136478362,9500.0,2.0,-1.1036294552236972,-5.881438391734335,1.0
16:08:45.907,-10.000000000000009,-11.141091478805814,1.1410914788058055,8822.816176926974,29.0,2.5088060794031466,13.369875480377933,1.0
16:08:45.927,-10.000000000000009,-8.5298981634607,-1.470101836539307,-9500.0,18.0,4.367749349874769,23.276516035555847,1.0
16:08:45.947,-10.000000000000009,-6.9631821742536335,-3.0368178257463745,-9500.0,-4.0,3.363619427889797,17.92532841955064,1.0
16:08:45.967,-10.000000000000009,-7.485420837322656,-2.514579162677352,-9500.0,-7.0,2.1199850965430214,11.297779048662186,1.0
16:08:45.987,-10.000000000000009,-8.26877883192619,-1.7312211680738183,-9500.0,-5.0,1.2655868849578589,6.744538448149594,1.0
16:08:46.007,-10.000000000000009,-8.355818609104361,-1.644181390895648,-9500.0,0.0,1.1137164587629158,5.935193834371643,1.0
16:08:46.027,-10.000000000000009,-9.574375489598745,-0.42562451040126204,-4295.29248464179,-18.0,-1.179929516288634,-6.288055038576219,1.0
16:08:46.048,-10.000000000000009,-12.185568804943859,2.1855688049438506,9500.0,-21.0,-3.5583379743339982,-18.963018315574214,1.0
16:08:46.067,-10.000000000000009,-13.317085908260074,3.317085908260066,9500.0,-2.0,-3.371337417413918,-17.96645896357456,1.0
16:08:46.087,-10.000000000000009,-12.70780746801288,2.707807468012873,9500.0,8.0,-2.006776927324248,-10.694472504468607,1.0
16:08:46.107,-10.000000000000009,-12.53372791365654,2.533727913656532,9500.0,2.0,-1.5259636960453382,-8.132132958063123,1.0
16:08:46.127,-10.000000000000009,-12.44668813647837,2.446688136478362,9500.0,1.0,-1.2228480525198977,-6.516775580160922,1.0
16:08:46.147,-10.000000000000009,-10.096614152667769,0.09661415266776045,0.0,25.0,1.92389371378249,10.252773062824033,1.0
16:08:46.168,-10.000000000000009,-7.920619723213508,-2.0793802767865,-9500.0,7.0,2.5330264681285914,13.498950255827532,1.0
16:08:46.187,-10.000000000000009,-7.3983810601444855,-2.6016189398555225,-9500.0,1.0,2.3490632919531604,12.518577648062854,1.0
16:08:46.207,-10.000000000000009,-8.26877883192619,-1.7312211680738183,-9500.0,-10.0,0.8671756969187812,4.621334100949053,1.0
16:08:46.227,-10.000000000000009,-8.616937940638872,-1.3830620593611367,-9500.0,-2.0,0.5231146132885275,2.787771162965915,1.0
16:08:46.247,-10.000000000000009,-8.616937940638872,-1.3830620593611367,-9500.0,1.0,0.5803408596939041,3.092740046344631,1.0
16:08:46.267,-10.000000000000009,-10.967011924449473,0.9670119244494646,7700.046885954424,-22.0,-2.129300043469364,-11.34742006377849,1.0
16:08:46.287,-10.000000000000009,-13.055966576725563,3.0559665767255546,9500.0,-7.0,-2.7137840382530403,-14.462239616667452,1.0
16:08:46.307,-10.000000000000009,-12.968926799547392,2.968926799547384,9500.0,2.0,-2.148129953662676,-11.447768016798108,1.0
16:08:46.327,-10.000000000000009,-12.53372791365654,2.533727913656532,9500.0,2.0,-1.6503543592231549,-8.795033008913084,1.0
16:08:46.347,-10.000000000000009,-12.53372791365654,2.533727913656532,9500.0,1.0,-1.3323118361163764,-7.100127624908889,1.0
16:08:46.368,-10.000000000000009,-11.054051701627643,1.054051701627635,8271.828251409757,29.0,2.307565584217589,12.297428955184326,1.0
16:08:46.387,-10.000000000000009,-8.44285838628253,-1.5571416137174774,-9500.0,22.0,4.670657714111478,24.890768785123974,1.0
16:08:46.407,-10.000000000000009,-6.9631821742536335,-3.0368178257463745,-9500.0,5.0,4.710178788418101,25.101383645582224,1.0
16:08:46.427,-10.000000000000009,-7.485420837322656,-2.514579162677352,-9500.0,-9.0,3.0649573338079286,16.333704801700726,1.0
16:08:46.447,-10.000000000000009,-8.355818609104361,-1.644181390895648,-9500.0,-2.0,2.4571624537509775,13.09465737962739,1.0
16:08:46.467,-10.000000000000009,-8.44285838628253,-1.5571416137174774,-9500.0,0.0,2.16230295930086,11.523298494072103,1.0
16:08:46.487,-10.000000000000009,-9.661415266776917,-0.3385847332230916,-3747.242625764133,-29.0,-1.5771733958152432,-8.405038590320698,1.0
16:08:46.508,-10.000000000000009,-12.185568804943859,2.1855688049438506,9500.0,-21.0,-3.907912588317414,-20.825963841109356,1.0
16:08:46.527,-10.000000000000009,-13.230046131081904,3.2300461310818953,9500.0,4.0,-2.958963077719324,-15.768842488437729,1.0
16:08:46.547,-10.000000000000009,-12.620767690834711,2.6207676908347026,9500.0,5.0,-2.0038875083930052,-10.679074275152074,1.0
16:08:46.567,-10.000000000000009,-12.44668813647837,2.446688136478362,9500.0,2.0,-1.5234210073858445,-8.118582516264572,1.0
16:08:46.587,-10.000000000000009,-12.3596483593002,2.3596483593001913,9500.0,1.0,-1.220610486499543,-6.504851191378197,1.0
16:08:46.607,-10.000000000000009,-10.096614152667769,0.09661415266776045,0.0,22.0,1.5658627718804017,8.344762256148952,1.0
16:08:46.627,-10.000000000000009,-7.8335799460353375,-2.1664200539646705,-9500.0,15.0,3.1779592392547533,16.935912129430463,1.0
16:08:46.647,-10.000000000000009,-7.3983810601444855,-2.6016189398555225,-9500.0,-2.0,2.5566041305441827,13.624599828029556,1.0
16:08:46.668,-10.000000000000009,-8.26877883192619,-1.7312211680738183,-9500.0,-11.0,0.929811634878881,4.955132196385126,1.0
16:08:46.687,-10.000000000000009,-8.44285838628253,-1.5571416137174774,-9500.0,1.0,0.9382342386934153,5.000017755753537,1.0
16:08:46.707,-10.000000000000009,-8.5298981634607,-1.470101836539307,-9500.0,-1.0,0.7056461300502055,3.760514202128487,1.0
16:08:46.727,-10.000000000000009,-10.792932370093132,0.7929323700931238,6599.999112960655,-23.0,-2.139031405555819,-11.399280229623324,1.0
16:08:46.747,-10.000000000000009,-12.968926799547392,2.968926799547384,9500.0,-7.0,-2.7223476368891206,-14.507876562610905,1.0
16:08:46.767,-10.000000000000009,-12.881887022369222,2.881887022369214,9500.0,9.0,-1.315665920462426,-7.011418568685963,1.0
16:08:46.787,-10.000000000000009,-12.53372791365654,2.533727913656532,9500.0,-2.0,-1.3977860100069348,-7.449051186312899,1.0
16:08:46.807,-10.000000000000009,-12.3596483593002,2.3596483593001913,9500.0,2.0,-0.9900516888061026,-5.2761621980861,1.0
16:08:46.827,-10.000000000000009,-11.315171033162155,1.3151710331621462,9500.0,33.0,3.08875451385063,16.460524222526885,1.0
16:08:46.847,-10.000000000000009,-8.616937940638872,-1.3830620593611367,-9500.0,18.0,4.878103972188555,25.996286928646924,1.0
16:08:46.867,-10.000000000000009,-6.9631821742536335,-3.0368178257463745,-9500.0,-4.0,3.8127314955259286,20.318726805470792,1.0
16:08:46.887,-10.000000000000009,-7.485420837322656,-2.514579162677352,-9500.0,-9.0,2.275203716062817,12.124966782402664,1.0
16:08:46.907,-10.000000000000009,-8.26877883192619,-1.7312211680738183,-9500.0,-2.0,1.762179270135279,9.390967922645094,1.0
16:08:46.927,-10.000000000000009,-8.355818609104361,-1.644181390895648,-9500.0,0.0,1.5507177577190454,8.264051771927681,1.0
16:08:46.947,-10.000000000000009,-9.574375489598745,-0.42562451040126204,-4299.8847209891155,-29.0,-2.11536837320724,-11.273175705807787,1.0
16:08:46.967,-10.000000000000009,-12.098529027765688,2.09852902776568,9500.0,-19.0,-4.141524168422371,-22.07092165686874,1.0
16:08:46.987,-10.000000000000009,-13.230046131081904,3.2300461310818953,9500.0,-2.0,-3.884541268211686,-20.701413903913743,1.0
16:08:47.007,-10.000000000000009,-12.620767690834711,2.6207676908347026,9500.0,8.0,-2.458396316026284,-13.101232851967088,1.0
16:08:47.027,-10.000000000000009,-12.3596483593002,2.3596483593001913,9500.0,2.0,-1.92338875810313,-10.250082063861786,1.0
16:08:47.047,-10.000000000000009,-12.272608582122029,2.2726085821220208,9500.0,0.0,-1.6925821071307543,-9.020072216198372,1.0
16:08:47.067,-10.000000000000009,-10.096614152667769,0.09661415266776045,0.0,26.0,1.6305277457249363,8.689373446045703,1.0
16:08:47.087,-10.000000000000009,-7.8335799460353375,-2.1664200539646705,-9500.0,15.0,3.2348644162379436,17.239169976539603,1.0
16:08:47.107,-10.000000000000009,-7.3983810601444855,-2.6016189398555225,-9500.0,-2.0,2.6066806862893905,13.8914667334856,1.0
16:08:47.127,-10.000000000000009,-8.18173905474802,-1.8182609452519887,-9500.0,-10.0,1.0938790039346638,5.829476496121072,1.0
16:08:47.147,-10.000000000000009,-8.355818609104361,-1.644181390895648,-9500.0,1.0,1.082613523462504,5.769440739521169,1.0
16:08:47.167,-10.000000000000009,-8.44285838628253,-1.5571416137174774,-9500.0,-1.0,0.8326999006470036,4.437606427844003,1.0
16:08:47.187,-10.000000000000009,-10.705892592914962,0.7058925929149534,6050.547995045673,-23.0,-2.0272240874306364,-10.803439070993669,1.0
16:08:47.207,-10.000000000000009,-12.968926799547392,2.968926799547384,9500.0,-7.0,-2.62395719693896,-13.983536343016809,1.0
16:08:47.227,-10.000000000000009,-12.881887022369222,2.881887022369214,9500.0,5.0,-1.7090823333062848,-9.108004867181663,1.0
16:08:47.247,-10.000000000000009,-12.44668813647837,2.446688136478362,9500.0,2.0,-1.2639924533095306,-6.736041437250612,1.0
16:08:47.267,-10.000000000000009,-12.3596483593002,2.3596483593001913,9500.0,1.0,-0.992313358912387,-5.288215041845913,1.0
16:08:47.287,-10.000000000000009,-11.315171033162155,1.3151710331621462,9500.0,26.0,2.2467642441570996,11.973407759475869,1.0
16:08:47.307,-10.000000000000009,-8.616937940638872,-1.3830620593611367,-9500.0,18.0,4.137152534858248,22.04762444116203,1.0
16:08:47.327,-10.000000000000009,-6.9631821742536335,-3.0368178257463745,-9500.0,-4.0,3.1606942306752583,16.843903816484083,1.0
16:08:47.347,-10.000000000000009,-7.3983810601444855,-2.6016189398555225,-9500.0,-9.0,1.7014109229942274,9.067122552094363,1.0
16:08:47.367,-10.000000000000009,-8.18173905474802,-1.8182609452519887,-9500.0,2.0,1.7372416122349201,9.258070691712291,1.0
16:08:47.387,-10.000000000000009,-8.26877883192619,-1.7312211680738183,-9500.0,0.0,1.5287726187667297,8.147102208706816,1.0
16:08:47.407,-10.000000000000009,-9.313256158064235,-0.6867438419357733,-5947.03401856672,-24.0,-1.5346800954852777,-8.17858420676902,1.0
16:08:47.427,-10.000000000000009,-12.011489250587518,2.0114892505875095,9500.0,-22.0,-3.990518484027044,-21.266185406518503,1.0
16:08:47.447,-10.000000000000009,-13.317085908260074,3.317085908260066,9500.0,-2.0,-3.751656265943799,-19.993246003605538,1.0
16:08:47.467,-10.000000000000009,-12.794847245191052,2.7948472451910433,9500.0,5.0,-2.701457514030543,-14.396549368499743,1.0
16:08:47.487,-10.000000000000009,-12.44668813647837,2.446688136478362,9500.0,2.0,-2.137282612346878,-11.389960598410523,1.0
16:08:47.507,-10.000000000000009,-12.3596483593002,2.3596483593001913,9500.0,1.0,-1.7608086988652527,-9.383663903666635,1.0
16:08:47.527,-10.000000000000009,-10.53181303855862,0.5318130385586125,4964.675199118512,20.0,0.8504883449985776,4.5324042234658775,1.0
16:08:47.547,-10.000000000000009,-8.094699277569848,-1.9053007224301592,-9500.0,19.0,3.028429743598748,16.13904275240786,1.0
16:08:47.567,-10.000000000000009,-7.050221951431804,-2.9497780485682044,-9500.0,-4.0,2.185018174366898,11.644351930380415,1.0
16:08:47.587,-10.000000000000009,-7.746540168857167,-2.2534598311428407,-9500.0,-13.0,0.3628159934428703,1.9335112005846284,1.0
16:08:47.607,-10.000000000000009,-8.355818609104361,-1.644181390895648,-9500.0,0.0,0.3192780742297259,1.7014898565144732,1.0
16:08:47.627,-10.000000000000009,-8.44285838628253,-1.5571416137174774,-9500.0,0.0,0.2809647053221588,1.4973110737327364,1.0
16:08:47.647,-10.000000000000009,-10.009574375489597,0.009574375489590038,0.0,-27.0,-2.9927510593165,-15.948904674350086,1.0
16:08:47.667,-10.000000000000009,-12.3596483593002,2.3596483593001913,9500.0,-13.0,-4.19362093219852,-22.348554611578212,1.0
16:08:47.687,-10.000000000000009,-13.055966576725563,3.0559665767255546,9500.0,0.0,-3.690386420334698,-19.666728058188827,1.0
16:08:47.707,-10.000000000000009,-12.44668813647837,2.446688136478362,9500.0,2.0,-3.0075400498945344,-16.02771784533692,1.0
16:08:47.728,-10.000000000000009,-12.3596483593002,2.3596483593001913,9500.0,-1.0,-2.7666352439071904,-14.743893126831114,1.0
16:08:47.747,-10.000000000000009,-12.098529027765688,2.09852902776568,9500.0,4.0,-1.9546390146383277,-10.416620259872879,1.0
16:08:47.767,-10.000000000000009,-9.400295935242406,-0.5997040647576029,-5386.1621627902405,20.0,0.6799176671182716,3.623402630004383,1.0
16:08:47.788,-10.000000000000009,-7.3983810601444855,-2.6016189398555225,-9500.0,9.0,1.678327547064079,8.94410712081549,1.0
16:08:47.807,-10.000000000000009,-7.3983810601444855,-2.6016189398555225,-9500.0,-3.0,1.1169282414163897,5.952309997513754,1.0
16:08:47.827,-10.000000000000009,-8.26877883192619,-1.7312211680738183,-9500.0,-4.0,0.5028968524464229,2.6800271060736,1.0
16:08:47.847,-10.000000000000009,-8.44285838628253,-1.5571416137174774,-9500.0,-3.0,0.08254923015285215,0.4399195845408906,1.0
16:08:47.867,-10.000000000000009,-8.791017494995213,-1.2089825050047958,-9247.979902305142,-15.0,-1.7273566774654898,-9.205392109623402,1.0
16:08:47.888,-10.000000000000009,-11.489250587518494,1.4892505875184872,9500.0,-21.0,-4.040073876169631,-21.530274938095733,1.0
16:08:47.907,-10.000000000000009,-13.404125685438244,3.4041256854382365,9500.0,-4.0,-4.035265011029275,-21.50464763726275,1.0
16:08:47.928,-10.000000000000009,-13.055966576725563,3.0559665767255546,9500.0,7.0,-2.711033209705762,-14.447579960248838,1.0
16:08:47.947,-10.000000000000009,-12.53372791365654,2.533727913656532,9500.0,1.0,-2.2657092245410704,-12.074368942084352,1.0
16:08:47.967,-10.000000000000009,-12.44668813647837,2.446688136478362,9500.0,1.0,-1.873824117596142,-9.985943246099604,1.0
16:08:47.988,-10.000000000000009,-10.967011924449473,0.9670119244494646,7719.488876602346,29.0,1.831034776515395,9.757911208536497,1.0
16:08:48.008,-10.000000000000009,-8.355818609104361,-1.644181390895648,-9500.0,21.0,4.131310603333548,22.01649174513926,1.0
16:08:48.027,-10.000000000000009,-6.876142397075463,-3.123857602924545,-9500.0,5.0,4.235553330933522,22.572019850395677,1.0
16:08:48.048,-10.000000000000009,-7.3983810601444855,-2.6016189398555225,-9500.0,-9.0,2.6472869312214993,14.107864661936564,1.0
16:08:48.067,-10.000000000000009,-8.007659500391679,-1.9923404996083296,-9500.0,0.0,2.329612499474919,12.414920902504175,1.0
16:08:48.088,-10.000000000000009,-8.094699277569848,-1.9053007224301592,-9500.0,1.0,2.170058999537929,11.5646318171383,1.0
16:08:48.107,-10.000000000000009,-9.487335712420576,-0.5126642875794325,-4844.263611957634,-24.0,-0.9703480804066225,-5.171158151349315,1.0
16:08:48.128,-10.000000000000009,-12.098529027765688,2.09852902776568,9500.0,-18.0,-3.013906310757828,-16.06164478601066,1.0
16:08:48.147,-10.000000000000009,-13.230046131081904,3.2300461310818953,9500.0,-2.0,-2.892237553466889,-15.413250257558635,1.0
16:08:48.167,-10.000000000000009,-12.620767690834711,2.6207676908347026,9500.0,8.0,-1.5851690470508624,-8.447648843174594,1.0
16:08:48.187,-10.000000000000009,-12.272608582122029,2.2726085821220208,9500.0,2.0,-1.1549487614047589,-6.154928136124391,1.0
16:08:48.207,-10.000000000000009,-12.185568804943859,2.1855688049438506,9500.0,1.0,-0.8963549100361877,-4.7768353368548375,1.0
16:08:48.228,19.999999999999996,-10.009574375489597,30.009574375489596,9500.0,27.0,2.4512076791681547,13.06292332280264,1.0
16:08:48.248,19.999999999999996,-7.746540168857167,27.746540168857162,9500.0,17.0,4.197062757667976,22.36689671395496,1.0
16:08:48.267,19.999999999999996,-5.918704848115588,25.918704848115585,9500.0,15.0,5.493415226747819,29.275390452299753,1.0
16:08:48.287,19.999999999999996,-4.439028636086691,24.439028636086686,9500.0,12.0,6.274205399538081,33.43636067323929,1.0
16:08:48.307,19.999999999999996,-2.8723126468796236,22.87231264687962,9500.0,13.0,7.081300751593512,37.73751589060071,1.0
16:08:48.327,19.999999999999996,-2.698233092523283,22.698233092523278,9500.0,-1.0,6.11154466140229,32.569512560794,1.0
16:08:48.347,19.999999999999996,-2.698233092523283,22.698233092523278,9500.0,0.0,5.378159302034015,28.66117105349872,1.0
16:08:48.367,19.999999999999996,-2.698233092523283,22.698233092523278,9500.0,0.0,4.732780185789933,25.221830527078872,1.0
16:08:48.387,19.999999999999996,-2.698233092523283,22.698233092523278,9500.0,0.0,4.164846563495141,22.19521086382941,1.0
16:08:48.407,19.999999999999996,-2.698233092523283,22.698233092523278,9500.0,0.0,3.6650649758757243,19.53178556016988,1.0
16:08:48.427,19.999999999999996,-2.698233092523283,22.698233092523278,9500.0,0.0,3.2252571787706374,17.187971292949495,1.0
16:08:48.447,19.999999999999996,-2.698233092523283,22.698233092523278,9500.0,0.0,2.8382263173181608,15.125414737795555,1.0
16:08:48.467,19.999999999999996,-2.698233092523283,22.698233092523278,9500.0,0.0,2.4976391592399816,13.310364969260089,1.0
16:08:48.487,19.999999999999996,-2.698233092523283,22.698233092523278,9500.0,0.0,2.197922460131184,11.71312117294888,1.0
16:08:48.507,19.999999999999996,-2.698233092523283,22.698233092523278,9500.0,0.0,1.934171764915442,10.307546632195013,1.0
16:08:48.528,19.999999999999996,-2.698233092523283,22.698233092523278,9500.0,0.0,1.702071153125589,9.070641036331613,1.0
16:08:48.547,19.999999999999996,-2.698233092523283,22.698233092523278,9500.0,0.0,1.4978226147505183,7.9821641119718185,1.0
16:08:48.567,19.999999999999996,-2.698233092523283,22.698233092523278,9500.0,0.0,1.3180839009804561,7.024304418535201,1.0
16:08:48.587,19.999999999999996,-2.698233092523283,22.698233092523278,9500.0,0.0,1.1599138328628014,6.181387888310977,1.0
16:08:48.607,19.999999999999996,-2.698233092523283,22.698233092523278,9500.0,0.0,1.0207241729192653,5.43962134171366,1.0
16:08:48.628,19.999999999999996,-2.698233092523283,22.698233092523278,9500.0,0.0,0.8982372721689534,4.786866780708021,1.0
16:08:48.648,19.999999999999996,-2.698233092523283,22.698233092523278,9500.0,0.0,0.7904487995086791,4.212442767023059,1.0
16:08:48.667,19.999999999999996,-2.698233092523283,22.698233092523278,9500.0,0.0,0.6955949435676376,3.7069496349802917,1.0
16:08:48.687,19.999999999999996,-2.698233092523283,22.698233092523278,9500.0,0.0,0.6121235503395211,3.262115678782657,1.0
16:08:48.707,19.999999999999996,-2.698233092523283,22.698233092523278,9500.0,0.0,0.5386687242987787,2.8706617973287383,1.0
16:08:48.727,19.999999999999996,-2.698233092523283,22.698233092523278,9500.0,0.0,0.4740284773829252,2.5261823816492894,1.0
16:08:48.748,19.999999999999996,-2.698233092523283,22.698233092523278,9500.0,0.0,0.41714506009697416,2.2230404958513748,1.0
16:08:48.768,19.999999999999996,-2.698233092523283,22.698233092523278,9500.0,0.0,0.3670876528853373,1.95627563634921,1.0
16:08:48.787,19.999999999999996,-2.698233092523283,22.698233092523278,9500.0,0.0,0.3230371345390968,1.7215225599873047,1.0
16:08:48.807,19.999999999999996,-2.698233092523283,22.698233092523278,9500.0,0.0,0.28427267839440523,1.5149398527888283,1.0
16:08:48.827,19.999999999999996,-2.698233092523283,22.698233092523278,9500.0,0.0,0.2501599569870766,1.333147070454169,1.0
16:08:48.847,19.999999999999996,-2.698233092523283,22.698233092523278,9500.0,0.0,0.2201407621486274,1.1731694219996687,1.0
16:08:48.867,19.999999999999996,-2.698233092523283,22.698233092523278,9500.0,0.0,0.1937238706907921,1.0323890913597085,1.0
16:08:48.887,19.999999999999996,-2.698233092523283,22.698233092523278,9500.0,0.0,0.17047700620789705,0.9085024003965433,1.0
16:08:48.907,19.999999999999996,-2.698233092523283,22.698233092523278,9500.0,0.0,0.1500197654629494,0.7994821123489582,1.0
16:08:48.928,19.999999999999996,-2.698233092523283,22.698233092523278,9500.0,0.0,0.13201739360739548,0.7035442588670832,1.0
16:08:48.947,19.999999999999996,-2.698233092523283,22.698233092523278,9500.0,0.0,0.11617530637450803,0.6191189478030332,1.0
16:08:48.968,19.999999999999996,-2.698233092523283,22.698233092523278,9500.0,0.0,0.10223426960956707,0.5448246740666692,1.0
16:08:48.987,19.999999999999996,-2.698233092523283,22.698233092523278,9500.0,0.0,0.08996615725641902,0.4794457131786689,1.0
16:08:49.007,19.999999999999996,-2.698233092523283,22.698233092523278,9500.0,0.0,0.07917021838564874,0.4219122275972287,1.0
16:08:49.027,19.999999999999996,-2.698233092523283,22.698233092523278,9500.0,0.0,0.06966979217937089,0.37128276028556123,1.0
16:08:49.047,19.999999999999996,-2.698233092523283,22.698233092523278,9500.0,0.0,0.06130941711784638,0.3267288290512939,1.0
16:08:49.067,19.999999999999996,-2.698233092523283,22.698233092523278,9500.0,0.0,0.05395228706370482,0.28752136956513863,1.0
16:08:49.087,19.999999999999996,-2.698233092523283,22.698233092523278,9500.0,0.0,0.047478012616060244,0.253018805217322,1.0
16:08:49.107,19.999999999999996,-2.698233092523283,22.698233092523278,9500.0,0.0,0.04178065110213301,0.22265654859124337,1.0
16:08:49.127,19.999999999999996,-2.698233092523283,22.698233092523278,9500.0,0.0,0.03676697296987705,0.19593776276029415,1.0
16:08:49.148,19.999999999999996,-2.698233092523283,22.698233092523278,9500.0,0.0,0.0323549362134918,0.17242523122905884,1.0
16:08:49.167,19.999999999999996,-2.698233092523283,22.698233092523278,9500.0,0.0,0.028472343867872785,0.15173420348157177,1.0
16:08:49.187,19.999999999999996,-2.698233092523283,22.698233092523278,9500.0,0.0,0.02505566260372805,0.13352609906378315,1.0
16:08:49.207,19.999999999999996,-2.698233092523283,22.698233092523278,9500.0,0.0,0.022048983091280682,0.11750296717612917,1.0
16:08:49.228,19.999999999999996,-2.698233092523283,22.698233092523278,9500.0,0.0,0.019403105120327,0.10340261111499366,1.0
16:08:49.247,19.999999999999996,-2.698233092523283,22.698233092523278,9500.0,0.0,0.017074732505887757,0.09099429778119442,1.0
16:08:49.267,19.999999999999996,-2.698233092523283,22.698233092523278,9500.0,0.0,0.015025764605181227,0.08007498204745109,1.0
16:08:49.287,19.999999999999996,-2.698233092523283,22.698233092523278,9500.0,0.0,0.01322267285255948,0.07046598420175695,1.0
16:08:49.307,19.999999999999996,-2.698233092523283,22.698233092523278,9500.0,0.0,0.011635952110252342,0.06201006609754612,1.0
16:08:49.327,19.999999999999996,-2.698233092523283,22.698233092523278,9500.0,0.0,0.01023963785702206,0.05456885816584058,1.0
16:08:49.348,19.999999999999996,-2.698233092523283,22.698233092523278,9500.0,0.0,0.009010881314179413,0.048020595185939714,1.0
16:08:49.367,19.999999999999996,-2.698233092523283,22.698233092523278,9500.0,0.0,0.007929575556477884,0.04225812376362695,1.0
16:08:49.387,19.999999999999996,-2.698233092523283,22.698233092523278,9500.0,0.0,0.006978026489700538,0.037187148911991715,1.0
16:08:49.407,19.999999999999996,-2.6111933153451123,22.61119331534511,9500.0,0.0,0.006140663310936474,0.03272469104255271,1.0
16:08:49.428,19.999999999999996,-2.6111933153451123,22.61119331534511,9500.0,0.0,0.005403783713624097,0.028797728117446388,1.0
16:08:49.447,19.999999999999996,-2.6111933153451123,22.61119331534511,9500.0,0.0,0.004755329667989206,0.025342000743352824,1.0
16:08:49.468,19.999999999999996,-2.698233092523283,22.698233092523278,9500.0,0.0,0.004184690107830501,0.022300960654150485,1.0
16:08:49.487,19.999999999999996,-2.698233092523283,22.698233092523278,9500.0,0.0,0.003682527294890841,0.019624845375652428,1.0
16:08:49.507,19.999999999999996,-2.698233092523283,22.698233092523278,9500.0,0.0,0.0032406240195039402,0.017269863930574135,1.0
16:08:49.527,19.999999999999996,-2.698233092523283,22.698233092523278,9500.0,0.0,0.0028517491371634674,0.01519748025890524,1.0
16:08:49.548,19.999999999999996,-2.698233092523283,22.698233092523278,9500.0,0.0,0.0025095392407038512,0.01337378262783661,1.0
16:08:49.568,19.999999999999996,-2.698233092523283,22.698233092523278,9500.0,0.0,0.002208394531819389,0.011768928712496218,1.0
16:08:49.587,19.999999999999996,-2.698233092523283,22.698233092523278,9500.0,0.0,0.0019433871880010624,0.010356657266996671,1.0
16:08:49.607,19.999999999999996,-2.6111933153451123,22.61119331534511,9500.0,0.0,0.001710180725440935,0.009113858394957071,1.0
16:08:49.627,19.999999999999996,-2.6111933153451123,22.61119331534511,9500.0,0.0,0.0015049590383880227,0.008020195387562223,1.0
16:08:49.647,19.999999999999996,-2.6111933153451123,22.61119331534511,9500.0,0.0,0.0013243639537814601,0.007057771941054756,1.0
16:08:49.667,19.999999999999996,-2.6111933153451123,22.61119331534511,9500.0,0.0,0.001165440279327685,0.006210839308128185,1.0
16:08:49.687,19.999999999999996,-2.6111933153451123,22.61119331534511,9500.0,0.0,0.0010255874458083628,0.005465538591152804,1.0
16:08:49.707,19.999999999999996,-2.6111933153451123,22.61119331534511,9500.0,0.0,0.0009025169523113592,0.004809673960214467,1.0
16:08:49.727,19.999999999999996,-2.6111933153451123,22.61119331534511,9500.0,0.0,0.0007942149180339962,0.004232513084988732,1.0
16:08:49.747,19.999999999999996,-2.6111933153451123,22.61119331534511,9500.0,0.0,0.0006989091278699166,0.0037246115147900835,1.0
16:08:49.768,19.999999999999996,-2.6111933153451123,22.61119331534511,9500.0,0.0,0.0006150400325255266,0.0032776581330152734,1.0
16:08:49.787,19.999999999999996,-2.6111933153451123,22.61119331534511,9500.0,0.0,0.0005412352286224635,0.0028843391570534407,1.0
16:08:49.807,19.999999999999996,-2.6111933153451123,22.61119331534511,9500.0,0.0,0.00047628700118776786,0.002538218458207028,1.0
16:08:49.828,19.999999999999996,-2.6111933153451123,22.61119331534511,9500.0,0.0,0.0004191325610452357,0.0022336322432221847,1.0
16:08:49.847,19.999999999999996,-2.6111933153451123,22.61119331534511,9500.0,0.0,0.00036883665371980744,0.0019655963740355226,1.0
16:08:49.867,19.999999999999996,-2.6111933153451123,22.61119331534511,9500.0,0.0,0.00032457625527343057,0.0017297248091512599,1.0
16:08:49.887,19.999999999999996,-2.6111933153451123,22.61119331534511,9500.0,0.0,0.0002856271046406189,0.0015221578320531088,1.0
16:08:49.907,19.999999999999996,-2.6111933153451123,22.61119331534511,9500.0,0.0,0.0002513518520837446,0.0013394988922067357,1.0
16:08:49.927,19.999999999999996,-2.6111933153451123,22.61119331534511,9500.0,0.0,0.00022118962983369526,0.0011787590251419273,1.0
16:08:49.947,19.999999999999996,-2.6111933153451123,22.61119331534511,9500.0,0.0,0.00019464687425365182,0.001037307942124896,1.0
16:08:49.967,19.999999999999996,-2.6111933153451123,22.61119331534511,9500.0,0.0,0.0001712892493432136,0.0009128309890699084,1.0
16:08:49.987,19.999999999999996,-2.6111933153451123,22.61119331534511,9500.0,0.0,0.00015073453942202796,0.0008032912703815194,1.0
16:08:50.007,19.999999999999996,-2.6111933153451123,22.61119331534511,9500.0,0.0,0.0001326463946913846,0.000706896317935737,1.0
16:08:50.027,19.999999999999996,-2.6111933153451123,22.61119331534511,9500.0,0.0,0.00011672882732841844,0.0006220687597834485,1.0
16:08:50.047,19.999999999999996,-2.6111933153451123,22.61119331534511,9500.0,0.0,0.00010272136804900823,0.0005474205086094347,1.0
16:08:50.067,19.999999999999996,-2.6111933153451123,22.61119331534511,9500.0,0.0,9.039480388312725e-05,0.00048173004757630264,1.0
16:08:50.088,19.999999999999996,-2.6111933153451123,22.61119331534511,9500.0,0.0,7.954742741715198e-05,0.0004239224418671463,1.0
16:08:50.107,19.999999999999996,-2.6111933153451123,22.61119331534511,9500.0,0.0,7.000173612709374e-05,0.0003730517488430887,1.0
16:08:50.127,19.999999999999996,-2.6111933153451123,22.61119331534511,9500.0,0.0,6.160152779184249e-05,0.0003282855389819181,1.0
16:08:50.148,19.999999999999996,-2.6111933153451123,22.61119331534511,9500.0,0.0,5.420934445682139e-05,0.0002888912743040879,1.0
16:08:50.167,19.999999999999996,-2.6111933153451123,22.61119331534511,9500.0,0.0,4.7704223122002824e-05,0.00025422432138759736,1.0
16:08:50.187,19.999999999999996,-2.698233092523283,22.698233092523278,9500.0,0.0,4.197971634736248e-05,0.00022371740282108566,1.0
16:08:50.207,19.999999999999996,-2.6111933153451123,22.61119331534511,9500.0,0.0,3.694215038567899e-05,0.0001968713144825554,1.0
16:08:50.227,19.999999999999996,-2.6111933153451123,22.61119331534511,9500.0,0.0,3.250909233939751e-05,0.00017324675674464877,1.0
16:08:50.248,19.999999999999996,-2.6111933153451123,22.61119331534511,9500.0,0.0,2.860800125866981e-05,0.00015245714593529092,1.0
16:08:50.267,19.999999999999996,-2.6111933153451123,22.61119331534511,9500.0,0.0,2.517504110762943e-05,0.000134162288423056,1.0
16:08:50.287,19.999999999999996,-2.6111933153451123,22.61119331534511,9500.0,0.0,2.21540361747139e-05,0.00011806281381228928,1.0
16:08:50.307,19.999999999999996,-2.6111933153451123,22.61119331534511,9500.0,0.0,1.9495551833748234e-05,0.00010389527615481457,1.0
16:08:50.327,19.999999999999996,-2.6111933153451123,22.61119331534511,9500.0,0.0,1.7156085613698446e-05,9.142784301623682e-05,1.0
16:08:50.347,19.999999999999996,-2.6111933153451123,22.61119331534511,9500.0,0.0,1.5097355340054632e-05,8.045650185428841e-05,1.0
16:08:50.367,19.999999999999996,-2.6111933153451123,22.61119331534511,9500.0,0.0,1.3285672699248075e-05,7.080172163177379e-05,1.0
16:08:50.387,19.999999999999996,-2.6111933153451123,22.61119331534511,9500.0,0.0,1.1691391975338306e-05,6.230551503596094e-05,1.0
16:08:50.407,19.999999999999996,-2.6111933153451123,22.61119331534511,9500.0,0.0,1.028842493829771e-05,5.4828853231645626e-05,1.0
16:08:50.427,19.999999999999996,-2.6111933153451123,22.61119331534511,9500.0,0.0,9.053813945701984e-06,4.824939084384815e-05,1.0
16:08:50.447,19.999999999999996,-2.6111933153451123,22.61119331534511,9500.0,0.0,7.967356272217747e-06,4.2459463942586376e-05,1.0
16:08:50.467,19.999999999999996,-2.6111933153451123,22.61119331534511,9500.0,0.0,7.011273519551617e-06,3.736432826947601e-05,1.0
16:08:50.488,19.999999999999996,-2.6111933153451123,22.61119331534511,9500.0,0.0,6.169920697205423e-06,3.288060887713889e-05,1.0
16:08:50.507,19.999999999999996,-2.6111933153451123,22.61119331534511,9500.0,0.0,5.429530213540773e-06,2.8934935811882224e-05,1.0
16:08:50.528,19.999999999999996,-2.6111933153451123,22.61119331534511,9500.0,0.0,4.77798658791588e-06,2.5462743514456357e-05,1.0
16:08:50.547,19.999999999999996,-2.6111933153451123,22.61119331534511,9500.0,0.0,4.204628197365974e-06,2.2407214292721593e-05,1.0
16:08:50.568,19.999999999999996,-2.6111933153451123,22.61119331534511,9500.0,0.0,3.7000728136820575e-06,1.9718348577595004e-05,1.0
16:08:50.587,19.999999999999996,-2.6111933153451123,22.61119331534511,9500.0,0.0,3.2560640760402105e-06,1.7352146748283602e-05,1.0
16:08:50.607,19.999999999999996,-2.6111933153451123,22.61119331534511,9500.0,0.0,2.865336386915385e-06,1.526988913848957e-05,1.0
16:08:50.628,19.999999999999996,-2.6111933153451123,22.61119331534511,9500.0,0.0,2.521496020485539e-06,1.3437502441870822e-05,1.0
16:08:50.647,19.999999999999996,-2.6111933153451123,22.61119331534511,9500.0,0.0,2.2189164980272744e-06,1.1825002148846323e-05,1.0
16:08:50.667,19.999999999999996,-2.6111933153451123,22.61119331534511,9500.0,0.0,1.9526465182640017e-06,1.0406001890984766e-05,1.0
16:08:50.687,19.999999999999996,-2.6111933153451123,22.61119331534511,9500.0,0.0,1.7183289360723214e-06,9.157281664066593e-06,1.0
16:08:50.707,19.999999999999996,-2.6111933153451123,22.61119331534511,9500.0,0.0,1.5121294637436428e-06,8.058407864378601e-06,1.0
16:08:50.727,19.999999999999996,-2.6111933153451123,22.61119331534511,9500.0,0.0,1.3306739280944057e-06,7.09139892065317e-06,1.0
16:08:50.747,19.999999999999996,-2.6111933153451123,22.61119331534511,9500.0,0.0,1.170993056723077e-06,6.24043105017479e-06,1.0
16:08:50.768,19.999999999999996,-2.6111933153451123,22.61119331534511,9500.0,0.0,1.0304738899163077e-06,5.4915793241538144e-06,1.0
16:08:50.787,19.999999999999996,-2.6111933153451123,22.61119331534511,9500.0,0.0,9.068170231263508e-07,4.832589805255357e-06,1.0
16:08:50.808,19.999999999999996,-2.6111933153451123,22.61119331534511,9500.0,0.0,7.979989803511887e-07,4.252679028624714e-06,1.0
16:08:50.827,19.999999999999996,-2.6111933153451123,22.61119331534511,9500.0,0.0,7.022391027090461e-07,3.7423575451897485e-06,1.0
16:08:50.848,19.999999999999996,-2.6111933153451123,22.61119331534511,9500.0,0.0,6.179704103839605e-07,3.2932746397669785e-06,1.0
16:08:50.868,19.999999999999996,-2.6111933153451123,22.61119331534511,9500.0,0.0,5.438139611378852e-07,2.8980816829949407e-06,1.0
16:08:50.887,19.999999999999996,-2.4371137609887716,22.43711376098877,9500.0,0.0,4.78556285801339e-07,2.550311881035548e-06,1.0
16:08:50.907,19.999999999999996,-2.0889546522760902,22.088954652276087,9500.0,7.0,0.8400004211295314,4.476512204816836,1.0
16:08:50.927,19.999999999999996,-1.0444773261380451,21.04447732613804,9500.0,13.0,2.299200370593988,12.252849238388952,1.0
16:08:50.947,19.999999999999996,0.08703977717817042,19.912960222821827,9500.0,11.0,3.3432963261227093,17.81702298206316,1.0
16:08:50.967,19.999999999999996,1.2185568804943858,18.78144311950561,9500.0,10.0,4.142100766987984,22.07399445356184,1.0
16:08:50.987,19.999999999999996,2.263034206632431,17.736965793367567,9500.0,9.0,4.725048674949426,25.18062792554605,1.0
16:08:51.007,19.999999999999996,2.959352424057794,17.040647575942202,9500.0,5.0,4.7580428339554945,25.356459689153652,1.0
16:08:51.027,19.999999999999996,3.394551309948646,16.60544869005135,9500.0,3.0,4.547077693880835,24.23218879525909,1.0
16:08:51.047,19.999999999999996,5.744625293759247,14.25537470624075,9500.0,22.0,6.6414283706151345,35.393357444389764,1.0
16:08:51.067,19.999999999999996,7.920619723213508,12.079380276786488,9500.0,18.0,8.00445696614132,42.65718016388626,1.0
16:08:51.088,19.999999999999996,9.835494821133258,10.164505178866738,9500.0,14.0,8.723922130204361,46.49133846530467,1.0
16:08:51.107,19.999999999999996,11.924449473409346,8.075550526590648,9500.0,18.0,9.837051474579837,52.423403462291375,1.0
16:08:51.127,19.999999999999996,14.187483680041778,5.812516319958218,9500.0,18.0,10.816605297630257,57.64362065963968,1.0
16:08:51.147,19.999999999999996,16.27643833231787,3.723561667682128,9500.0,13.0,11.078612661914628,59.03990467863306,1.0
16:08:51.168,19.999999999999996,18.191313430237617,1.8086865697623788,9500.0,15.0,11.54917914248487,61.54763746121647,1.0
16:08:51.187,19.999999999999996,20.367307859691877,-0.36730785969188157,-3861.0919314553184,17.0,12.203277645386688,65.03344515575914,1.0
16:08:51.207,19.999999999999996,22.282182957611628,-2.2821829576116306,-9500.0,7.0,11.578884327940285,61.70594169761042,1.0
16:08:51.227,19.999999999999996,22.456262511967967,-2.4562625119679717,-9500.0,-4.0,9.70941820858745,51.743223002158665,1.0
16:08:51.247,19.999999999999996,21.846984071720776,-1.8469840717207786,-9500.0,-2.0,8.304288023556957,44.25503339603038,1.0
16:08:51.267,19.999999999999996,21.759944294542606,-1.7599442945426083,-9500.0,1.0,7.427773460730123,39.58393081144136,1.0
16:08:51.287,19.999999999999996,20.71546696840456,-0.7154669684045633,-6096.569764455182,-13.0,4.9764406454425085,26.520340615918265,1.0
16:08:51.308,19.999999999999996,18.5394725389503,1.4605274610496972,9500.0,-18.0,2.2192677679894075,11.826874129184809,1.0
16:08:51.327,19.999999999999996,17.146836104099574,2.853163895900424,9500.0,-7.0,1.1129556358306787,5.931139273140252,1.0
16:08:51.347,19.999999999999996,17.494995212812253,2.505004787187742,9500.0,7.0,1.8194009595309972,9.695912520905802,1.0
16:08:51.368,19.999999999999996,17.669074767168595,2.3309252328314014,9500.0,-1.0,1.4810728443872776,7.89290159546248,1.0
16:08:51.387,19.999999999999996,17.756114544346765,2.243885455653231,9500.0,1.0,1.4233441030608045,7.585254826941609,1.0
16:08:51.407,19.999999999999996,19.496910087910173,0.5030899120898227,4798.109187571764,22.0,3.8925428106935076,20.744055552270382,1.0
16:08:51.427,19.999999999999996,22.021063626077115,-2.0210636260771193,-9500.0,15.0,5.225437673410287,27.847290230017325,1.0
16:08:51.447,19.999999999999996,23.2396205065715,-3.239620506571505,-9500.0,6.0,5.318385152601052,28.342623940022996,1.0
16:08:51.467,19.999999999999996,22.71738184350248,-2.717381843502483,-9500.0,-9.0,3.600178934288926,19.185996260808608,1.0
16:08:51.487,19.999999999999996,22.282182957611628,-2.2821829576116306,-9500.0,-1.0,3.0481574621742547,16.244175286576947,1.0
16:08:51.507,19.999999999999996,22.19514318043346,-2.1951431804334605,-9500.0,-1.0,2.562378566713344,13.655372829253087,1.0
16:08:51.527,19.999999999999996,20.280268082513707,-0.2802680825137111,-3372.890558333091,-22.0,-0.385106861292257,-2.0523032148190494,1.0
16:08:51.547,19.999999999999996,18.017233875881278,1.9827661241187198,9500.0,-20.0,-2.738894037937186,-14.596055287733279,1.0
16:08:51.567,19.999999999999996,17.146836104099574,2.853163895900424,9500.0,4.0,-1.9302267533847237,-10.286522961466781,1.0
16:08:51.587,19.999999999999996,17.756114544346765,2.243885455653231,9500.0,8.0,-0.738599542978557,-3.9361288226137625,1.0
16:08:51.607,19.999999999999996,18.017233875881278,1.9827661241187198,9500.0,2.0,-0.40996759782113024,-2.18479051803086,1.0
16:08:51.627,19.999999999999996,18.104273653059447,1.8957263469405494,9500.0,0.0,-0.36077148608259463,-1.9226156558671568,1.0
16:08:51.647,19.999999999999996,20.019148750979195,-0.019148750979199866,0.0,24.0,2.5625210922473167,13.656132373267921,1.0
16:08:51.667,19.999999999999996,22.543302289146137,-2.543302289146142,-9500.0,13.0,3.815018561177639,20.330914986625906,1.0
16:08:51.687,19.999999999999996,23.152580729393332,-3.152580729393335,-9500.0,0.0,3.3572163338363223,17.8912051882308,1.0
16:08:51.708,19.999999999999996,22.456262511967967,-2.4562625119679717,-9500.0,-7.0,2.114350373775964,11.267750605100723,1.0
16:08:51.727,19.999999999999996,22.282182957611628,-2.2821829576116306,-9500.0,1.0,1.9806283289228483,10.555121955423264,1.0
16:08:51.747,19.999999999999996,22.021063626077115,-2.0210636260771193,-9500.0,-4.0,1.2629529294521065,6.730501629033968,1.0
16:08:51.767,19.999999999999996,19.758029419444686,0.2419705805553114,3122.0849241491824,-21.0,-1.4086014220821463,-7.50668844807725,1.0
16:08:51.787,19.999999999999996,17.669074767168595,2.3309252328314014,9500.0,-9.0,-2.3195692514322888,-12.361398640719612,1.0
16:08:51.807,19.999999999999996,17.407955435634083,2.5920445643659127,9500.0,1.0,-1.921220941260414,-10.238529380898632,1.0
16:08:51.827,19.999999999999996,17.930194098703105,2.06980590129689,9500.0,5.0,-1.0906744283091645,-5.8123987405176685,1.0
16:08:51.847,19.999999999999996,18.104273653059447,1.8957263469405494,9500.0,3.0,-0.5997934969120647,-3.1964066228516708,1.0
16:08:51.867,19.999999999999996,18.45243276177213,1.5475672382278676,9500.0,15.0,1.2721817227173828,6.779683515909916,1.0
16:08:51.887,19.999999999999996,21.06362607711724,-1.063626077117245,-8302.543845566168,22.0,3.7595199159912966,20.035152798562493,1.0
16:08:51.907,19.999999999999996,23.152580729393332,-3.152580729393335,-9500.0,4.0,3.788377526072341,20.188940154473496,1.0
16:08:51.928,19.999999999999996,23.065540952215162,-3.0655409522151644,-9500.0,-5.0,2.73377222294366,14.568760221263547,1.0
16:08:51.947,19.999999999999996,22.369222734789798,-2.369222734789801,-9500.0,-4.0,1.9257195561904208,10.262503302973418,1.0
16:08:51.967,19.999999999999996,22.282182957611628,-2.2821829576116306,-9500.0,1.0,1.8146332094475701,9.670504329551234,1.0
16:08:51.987,19.999999999999996,21.15066585429541,-1.1506658542954153,-8873.764470237043,-18.0,-0.5631227756861383,-3.00098180281818,1.0
16:08:52.007,19.999999999999996,18.71355209330664,1.2864479066933565,9500.0,-20.0,-2.8955480426038016,-15.430892445172514,1.0
16:08:52.027,19.999999999999996,17.0597963269214,2.9402036730785945,9500.0,4.0,-2.0680822774913454,-11.021179660013308,1.0
16:08:52.048,19.999999999999996,17.494995212812253,2.505004787187742,9500.0,9.0,-0.7399124041923839,-3.943125294400079,1.0
16:08:52.067,19.999999999999996,17.930194098703105,2.06980590129689,9500.0,1.0,-0.5311229156892978,-2.830448836137444,1.0
16:08:52.087,19.999999999999996,18.017233875881278,1.9827661241187198,9500.0,0.0,-0.4673881658065821,-2.4907949758009504,1.0
16:08:52.107,19.999999999999996,19.322830533553834,0.6771694664461635,5891.119281237794,24.0,2.4686984140902077,13.156134571726183,1.0
16:08:52.127,19.999999999999996,22.021063626077115,-2.0210636260771193,-9500.0,21.0,4.692454604399383,25.006928304746182,1.0
16:08:52.147,19.999999999999996,23.32666028374967,-3.3266602837496757,-9500.0,2.0,4.369360051871457,23.28509975404589,1.0
16:08:52.167,19.999999999999996,22.97850117503699,-2.9785011750369943,-9500.0,-7.0,3.0050368456468823,16.014377823018005,1.0
16:08:52.187,19.999999999999996,22.456262511967967,-2.4562625119679717,-9500.0,-3.0,2.2844324241692564,12.174148215451968,1.0
16:08:52.207,19.999999999999996,22.369222734789798,-2.369222734789801,-9500.0,-1.0,1.8903005332689458,10.073749006663107,1.0
16:08:52.227,19.999999999999996,20.71546696840456,-0.7154669684045633,-6126.972190101678,-24.0,-1.2165355307233277,-6.483135024567485,1.0
16:08:52.248,19.999999999999996,18.278353207415787,1.7216467925842085,9500.0,-20.0,-3.4705512670365284,-18.495187280311903,1.0
16:08:52.267,19.999999999999996,17.0597963269214,2.9402036730785945,9500.0,-5.0,-3.654085114992145,-19.473271921347603,1.0
16:08:52.287,19.999999999999996,17.582034989990426,2.417965010009572,9500.0,9.0,-2.1355949011930875,-11.380966484374259,1.0
16:08:52.307,19.999999999999996,18.017233875881278,1.9827661241187198,9500.0,1.0,-1.759323513049917,-9.375749083314721,1.0
16:08:52.327,19.999999999999996,18.104273653059447,1.8957263469405494,9500.0,0.0,-1.548204691483927,-8.250659193316954,1.0
16:08:52.347,19.999999999999996,19.583949865088343,0.4160501349116522,4235.271867668401,22.0,1.277579871494144,6.8084512144428455,1.0
16:08:52.367,19.999999999999996,22.19514318043346,-2.1951431804334605,-9500.0,23.0,3.8842702869148464,20.699969796206094,1.0
16:08:52.388,19.999999999999996,23.32666028374967,-3.3266602837496757,-9500.0,0.0,3.418157852485065,18.215973420661367,1.0
16:08:52.407,19.999999999999996,22.97850117503699,-2.9785011750369943,-9500.0,-7.0,2.1679789101868576,11.553546649639623,1.0
16:08:52.427,19.999999999999996,22.456262511967967,-2.4562625119679717,-9500.0,-1.0,1.7878214409644348,9.527619628748242,1.0
16:08:52.447,19.999999999999996,22.369222734789798,-2.369222734789801,-9500.0,-1.0,1.4532828680487029,7.744803850363829,1.0
16:08:52.467,19.999999999999996,20.54138741404822,-0.5413874140482223,-5031.80564722483,-29.0,-2.2011110761171415,-11.730113876783978,1.0
16:08:52.487,19.999999999999996,18.191313430237617,1.8086865697623788,9500.0,-18.0,-4.096977746983084,-21.833525824393163,1.0
16:08:52.507,19.999999999999996,17.146836104099574,2.853163895900424,9500.0,0.0,-3.605340417345114,-19.213502725465982,1.0
16:08:52.527,19.999999999999996,17.756114544346765,2.243885455653231,9500.0,9.0,-2.0926995672637,-11.152369591998433,1.0
16:08:52.547,19.999999999999996,18.017233875881278,1.9827661241187198,9500.0,2.0,-1.601575619192056,-8.535082395089368,1.0
16:08:52.567,19.999999999999996,18.104273653059447,1.8957263469405494,9500.0,1.0,-1.2893865448890094,-6.871371084744019,1.0
16:08:52.587,19.999999999999996,19.758029419444686,0.2419705805553114,3136.3899820169627,22.0,1.5053398404976714,8.02222474998703,1.0
16:08:52.607,19.999999999999996,22.369222734789798,-2.369222734789801,-9500.0,20.0,3.724699059637951,19.849586238681102,1.0
16:08:52.627,19.999999999999996,23.32666028374967,-3.3266602837496757,-9500.0,-4.0,2.7977351724813966,14.909630198300865,1.0
16:08:52.647,19.999999999999996,22.89146139785882,-2.8914613978588237,-9500.0,-15.0,0.6620069517836291,3.5279532304853753,1.0
16:08:52.667,19.999999999999996,22.456262511967967,-2.4562625119679717,-9500.0,-2.0,0.34256611756959365,1.8255959969578788,1.0
16:08:52.687,19.999999999999996,22.369222734789798,-2.369222734789801,-9500.0,-1.0,0.18145818346124243,0.9670230543883076,1.0
16:08:52.707,19.999999999999996,20.454347636870047,-0.454347636870052,-4483.176317961323,-22.0,-2.480316798554106,-13.218051016700054,1.0
16:08:52.727,19.999999999999996,18.104273653059447,1.8957263469405494,9500.0,-20.0,-4.582678782727614,-24.421913353388565,1.0
16:08:52.747,19.999999999999996,17.146836104099574,2.853163895900424,9500.0,4.0,-3.5527573288003,-18.933278059243435,1.0
16:08:52.767,19.999999999999996,17.756114544346765,2.243885455653231,9500.0,8.0,-2.166426449344264,-11.545273308657215,1.0
16:08:52.787,19.999999999999996,18.017233875881278,1.9827661241187198,9500.0,-2.0,-2.1464552754229524,-11.438843357487603,1.0
16:08:52.807,19.999999999999996,18.104273653059447,1.8957263469405494,9500.0,-1.0,-2.008880642372198,-10.705683577523715,1.0
16:08:52.827,19.999999999999996,19.932108973801025,0.06789102619897056,0.0,24.0,1.1121850347124655,5.927032602210149,1.0
16:08:52.847,19.999999999999996,22.456262511967967,-2.4562625119679717,-9500.0,11.0,2.2987228305469696,12.250304342225814,1.0
16:08:52.867,19.999999999999996,23.065540952215162,-3.0655409522151644,-9500.0,0.0,2.0228760908813332,10.780267821158716,1.0
16:08:52.887,19.999999999999996,22.63034206632431,-2.6303420663243124,-9500.0,-9.0,0.7001309599755732,3.731122876208038,1.0
16:08:52.907,19.999999999999996,22.456262511967967,-2.4562625119679717,-9500.0,1.0,0.7361152447785044,3.9228895539977,1.0
16:08:52.927,19.999999999999996,22.19514318043346,-2.1951431804334605,-9500.0,-2.0,0.40778141540508395,2.173139961648724,1.0
16:08:52.947,19.999999999999996,19.845069196622855,0.15493080337714096,0.0,-19.0,-1.9211523544435258,-10.23816386950701,1.0
16:08:52.967,19.999999999999996,17.669074767168595,2.3309252328314014,9500.0,-15.0,-3.4906140719103025,-18.602105549185556,1.0
16:08:52.987,19.999999999999996,17.233875881277744,2.7661241187222534,9500.0,0.0,-3.071740383281066,-16.36985288328329,1.0
16:08:53.007,19.999999999999996,17.930194098703105,2.06980590129689,9500.0,5.0,-2.103131537287338,-11.207963422616164,1.0
16:08:53.027,19.999999999999996,18.104273653059447,1.8957263469405494,9500.0,2.0,-1.6107557528128575,-8.584004966032973,1.0
16:08:53.047,19.999999999999996,18.191313430237617,1.8086865697623788,9500.0,1.0,-1.2974650624753146,-6.9144229471743905,1.0
16:08:53.067,19.999999999999996,20.54138741404822,-0.5413874140482223,-5011.877613533072,25.0,1.8582307450217233,9.902843379852182,1.0
16:08:53.087,19.999999999999996,22.80442162068065,-2.804421620680653,-9500.0,7.0,2.4752430556191163,13.1910121348123,1.0
16:08:53.107,19.999999999999996,22.97850117503699,-2.9785011750369943,-9500.0,-4.0,1.6982138889448222,9.05008498689632,1.0
16:08:53.127,19.999999999999996,22.543302289146137,-2.543302289146142,-9500.0,-5.0,0.8944282222714436,4.766567673795633,1.0
16:08:53.147,19.999999999999996,22.369222734789798,-2.369222734789801,-9500.0,-3.0,0.42709683559887035,2.2760752841362795,1.0
16:08:53.167,19.999999999999996,21.759944294542606,-1.7599442945426083,-9500.0,-16.0,-1.544154784672994,-8.229076516914086,1.0
16:08:53.187,19.999999999999996,19.235790756375664,0.7642092436243338,6411.136205237759,-19.0,-3.6388562105122344,-19.392114370642286,1.0
16:08:53.207,19.999999999999996,17.320915658455913,2.6790843415440833,9500.0,-4.0,-3.682193465250766,-19.623066337903712,1.0
16:08:53.227,19.999999999999996,17.407955435634083,2.5920445643659127,9500.0,5.0,-2.640330249420674,-14.070791262682137,1.0
16:08:53.247,19.999999999999996,17.930194098703105,2.06980590129689,9500.0,5.0,-1.7234906194901929,-9.18478919648715,1.0
16:08:53.267,19.999999999999996,18.104273653059447,1.8957263469405494,9500.0,2.0,-1.2766717451513698,-6.803611647039442,1.0
16:08:53.287,19.999999999999996,18.71355209330664,1.2864479066933565,9500.0,22.0,1.5165288642667942,8.081853055167057,1.0
16:08:53.307,19.999999999999996,21.411785185829924,-1.4117851858299266,-9500.0,25.0,4.334545400554779,23.099566261912656,1.0
16:08:53.327,19.999999999999996,23.32666028374967,-3.3266602837496757,-9500.0,4.0,4.294399952488206,22.885624002221643,1.0
16:08:53.347,19.999999999999996,23.152580729393332,-3.152580729393335,-9500.0,-9.0,2.699071958189621,14.383836315543412,1.0
16:08:53.367,19.999999999999996,22.543302289146137,-2.543302289146142,-9500.0,-5.0,1.7751833232068663,9.460268843005073,1.0
16:08:53.387,19.999999999999996,22.543302289146137,-2.543302289146142,-9500.0,0.0,1.5621613244220425,8.325036581844465,1.0
16:08:53.407,19.999999999999996,21.15066585429541,-1.1506658542954153,-8878.38977678393,-24.0,-1.5052980345086024,-8.02200195840789,1.0
16:08:53.428,19.999999999999996,18.62651231612847,1.3734876838715269,9500.0,-19.0,-3.60466227036757,-19.209888759156833,1.0
16:08:53.447,19.999999999999996,16.97275654974323,3.0272434502567647,9500.0,-9.0,-4.252102797923461,-22.660214914469645,1.0
16:08:53.467,19.999999999999996,17.494995212812253,2.505004787187742,9500.0,9.0,-2.6618504621726458,-14.185476318321653,1.0
16:08:53.487,19.999999999999996,18.017233875881278,1.9827661241187198,9500.0,1.0,-2.222428406711928,-11.843717737188427,1.0
16:08:53.507,19.999999999999996,18.104273653059447,1.8957263469405494,9500.0,0.0,-1.9557369979064967,-10.422471608725816,1.0
16:08:53.527,19.999999999999996,19.322830533553834,0.6771694664461635,5887.635006643836,29.0,1.758951441842283,9.37376624942543,1.0
16:08:53.547,19.999999999999996,21.934023848898946,-1.934023848898949,-9500.0,21.0,4.067877268821209,21.67844418112152,1.0
16:08:53.567,19.999999999999996,23.41370006092784,-3.4137000609278463,-9500.0,7.0,4.419731996562664,23.55354083992932,1.0
16:08:53.587,19.999999999999996,23.152580729393332,-3.152580729393335,-9500.0,-5.0,3.2893641569751444,17.529608824464674,1.0
16:08:53.607,19.999999999999996,22.63034206632431,-2.6303420663243124,-9500.0,-1.0,2.7746404581381268,14.786554342594284,1.0
16:08:53.627,19.999999999999996,22.543302289146137,-2.543302289146142,-9500.0,-1.0,2.3216836031615515,12.372666398548343,1.0
16:08:53.647,19.999999999999996,20.80250674558273,-0.8025067455827336,-6673.930379133582,-22.0,-0.5969184292178342,-3.1810848738392226,1.0
16:08:53.667,19.999999999999996,18.45243276177213,1.5475672382278676,9500.0,-20.0,-2.925288217711694,-15.589383147671033,1.0
16:08:53.687,19.999999999999996,17.146836104099574,2.853163895900424,9500.0,-2.0,-2.8142536315862907,-14.99766001581976,1.0
16:08:53.707,19.999999999999996,17.756114544346765,2.243885455653231,9500.0,13.0,-0.9165431957959358,-4.8844223157712525,1.0
16:08:53.727,19.999999999999996,18.017233875881278,1.9827661241187198,9500.0,-2.0,-1.0465580123004234,-5.577294483747953,1.0
16:08:53.747,19.999999999999996,18.191313430237617,1.8086865697623788,9500.0,0.0,-0.9209710508243726,-4.908019145698199,1.0
16:08:53.767,19.999999999999996,19.670989642266516,0.3290103577334818,3687.981565356717,22.0,1.8295454752745517,9.749974456347351,1.0
16:08:53.787,19.999999999999996,22.19514318043346,-2.1951431804334605,-9500.0,15.0,3.4100000182416053,18.172498865605053,1.0
16:08:53.807,19.999999999999996,23.32666028374967,-3.3266602837496757,-9500.0,-4.0,2.5208000160526125,13.433793309993943,1.0
16:08:53.827,19.999999999999996,22.89146139785882,-2.8914613978588237,-9500.0,-15.0,0.41830401412629925,2.229216768775285,1.0
16:08:53.847,19.999999999999996,22.543302289146137,-2.543302289146142,-9500.0,-2.0,0.12810753243114337,0.6827079106529992,1.0
16:08:53.867,19.999999999999996,22.543302289146137,-2.543302289146142,-9500.0,0.0,0.11273462853940616,0.6007829613746393,1.0
16:08:53.887,19.999999999999996,20.54138741404822,-0.5413874140482223,-5032.884107594341,-21.0,-2.4207935268853227,-12.90084087561746,1.0
16:08:53.907,19.999999999999996,18.191313430237617,1.8086865697623788,9500.0,-20.0,-4.530298303659084,-24.14276842923588,1.0
16:08:53.927,19.999999999999996,17.146836104099574,2.853163895900424,9500.0,4.0,-3.506662507219994,-18.68763052598907,1.0
16:08:53.947,19.999999999999996,17.843154321524935,2.1568456784750607,9500.0,11.0,-1.765863006353595,-9.4105992105895,1.0
16:08:53.967,19.999999999999996,18.104273653059447,1.8957263469405494,9500.0,2.0,-1.3139594455911636,-7.002324459449509,1.0
16:08:53.987,19.999999999999996,18.191313430237617,1.8086865697623788,9500.0,0.0,-1.156284312120224,-6.162045524315569,1.0
16:08:54.008,19.999999999999996,19.932108973801025,0.06789102619897056,0.0,29.0,2.462469805334203,13.122941203706448,1.0
16:08:54.028,19.999999999999996,22.456262511967967,-2.4562625119679717,-9500.0,21.0,4.686973428694099,24.97771814088882,1.0
16:08:54.047,19.999999999999996,23.065540952215162,-3.0655409522151644,-9500.0,0.0,4.124536617250807,21.980391963982157,1.0
16:08:54.068,19.999999999999996,22.63034206632431,-2.6303420663243124,-9500.0,-6.0,2.9095922231807103,15.505736390696546,1.0
16:08:54.087,19.999999999999996,22.456262511967967,-2.4562625119679717,-9500.0,-2.0,2.320441156399025,12.36604517794371,1.0
16:08:54.107,19.999999999999996,22.369222734789798,-2.369222734789801,-9500.0,-1.0,1.9219882176311418,10.242618333655837,1.0
16:08:54.128,19.999999999999996,19.932108973801025,0.06789102619897056,0.0,-23.0,-1.068650368484595,-5.695028593879256,1.0
16:08:54.147,19.999999999999996,17.756114544346765,2.243885455653231,9500.0,-15.0,-2.740412324266443,-14.60414650663313,1.0
16:08:54.167,19.999999999999996,17.320915658455913,2.6790843415440833,9500.0,0.0,-2.41156284535447,-12.851648925837154,1.0
16:08:54.187,19.999999999999996,17.930194098703105,2.06980590129689,9500.0,4.0,-1.6421753039119338,-8.751445362998194,1.0
16:08:54.207,19.999999999999996,18.104273653059447,1.8957263469405494,9500.0,-1.0,-1.5651142674425018,-8.340773342373037,1.0
16:08:54.227,19.999999999999996,18.278353207415787,1.7216467925842085,9500.0,1.0,-1.2573005553494014,-6.700379118353646,1.0
16:08:54.247,19.999999999999996,20.54138741404822,-0.5413874140482223,-5011.704099765543,25.0,1.8935755112925268,10.091201949214437,1.0
16:08:54.267,19.999999999999996,22.89146139785882,-2.8914613978588237,-9500.0,4.0,2.1463464499374236,11.438263407047208,1.0
16:08:54.287,19.999999999999996,23.065540952215162,-3.0655409522151644,-9500.0,-1.0,1.7687848759449327,9.426170375266917,1.0
16:08:54.308,19.999999999999996,22.543302289146137,-2.543302289146142,-9500.0,-3.0,1.196530690831541,6.37652566143101,1.0
16:08:54.327,19.999999999999996,22.456262511967967,-2.4562625119679717,-9500.0,1.0,1.1729470079317559,6.2508440049939145,1.0
16:08:54.347,19.999999999999996,21.846984071720776,-1.8469840717207786,-9500.0,-16.0,-0.8878066330200547,-4.7312800425593675,1.0
16:08:54.367,19.999999999999996,19.322830533553834,0.6771694664461635,5863.9716798583395,-19.0,-3.061269837057648,-16.314053473210134,1.0
16:08:54.387,19.999999999999996,17.320915658455913,2.6790843415440833,9500.0,-9.0,-3.77391745661073,-20.11187986283655,1.0
16:08:54.408,19.999999999999996,17.407955435634083,2.5920445643659127,9500.0,5.0,-2.7210473618174422,-14.500947164623032,1.0
16:08:54.427,19.999999999999996,18.017233875881278,1.9827661241187198,9500.0,5.0,-1.7945216783993492,-9.56332639019514,1.0
16:08:54.447,19.999999999999996,18.104273653059447,1.8957263469405494,9500.0,2.0,-1.3391790769914274,-7.136724377502472,1.0
16:08:54.467,19.999999999999996,18.62651231612847,1.3734876838715269,9500.0,29.0,2.301522412247544,12.265223812901974,1.0
16:08:54.488,19.999999999999996,21.32474540865175,-1.324745408651756,-9500.0,22.0,4.665339722777839,24.862428259915504,1.0
16:08:54.507,19.999999999999996,23.32666028374967,-3.3266602837496757,-9500.0,9.0,5.185498956044499,27.63444967513728,1.0
16:08:54.527,19.999999999999996,23.152580729393332,-3.152580729393335,-9500.0,-9.0,3.4832390813191587,18.562802907709173,1.0
16:08:54.547,19.999999999999996,22.543302289146137,-2.543302289146142,-9500.0,2.0,3.3052503915608593,17.61426940465332,1.0
16:08:54.568,19.999999999999996,22.456262511967967,-2.4562625119679717,-9500.0,-1.0,2.7886203445735562,14.861055653160298,1.0
16:08:54.588,19.999999999999996,21.23770563147358,-1.2377056314735857,-9419.556770717412,-18.0,0.2939859032247294,1.566703361957797,1.0
16:08:54.607,19.999999999999996,18.71355209330664,1.2864479066933565,9500.0,-23.0,-2.501292405162238,-13.329833768973531,1.0
16:08:54.627,19.999999999999996,16.97275654974323,3.0272434502567647,9500.0,-5.0,-2.8011373165427695,-14.927760831369836,1.0
16:08:54.648,19.999999999999996,17.494995212812253,2.505004787187742,9500.0,9.0,-1.3850008385576373,-7.380916725193825,1.0
16:08:54.667,19.999999999999996,17.930194098703105,2.06980590129689,9500.0,1.0,-1.0988007379307208,-5.85570529523594,1.0
16:08:54.687,19.999999999999996,18.104273653059447,1.8957263469405494,9500.0,0.0,-0.9669446493790342,-5.153020659807627,1.0
16:08:54.707,19.999999999999996,19.235790756375664,0.7642092436243338,6438.961158712196,24.0,2.0290887085464497,10.813375969800306,1.0
16:08:54.727,19.999999999999996,21.846984071720776,-1.8469840717207786,-9500.0,22.0,4.425598063520876,23.584802157986037,1.0
16:08:54.747,19.999999999999996,23.32666028374967,-3.3266602837496757,-9500.0,0.0,3.8945262958983706,20.75462589902771,1.0
16:08:54.767,19.999999999999996,22.97850117503699,-2.9785011750369943,-9500.0,-7.0,2.5871831403905663,13.787560830602008,1.0
16:08:54.787,19.999999999999996,22.456262511967967,-2.4562625119679717,-9500.0,-3.0,1.9167211635436985,10.21454926212589,1.0
16:08:54.807,19.999999999999996,22.369222734789798,-2.369222734789801,-9500.0,0.0,1.6867146239184547,8.988803350670784,1.0
16:08:54.827,19.999999999999996,20.80250674558273,-0.8025067455827336,-6680.797204041529,-29.0,-1.9956911309517598,-10.635394316513858,1.0
16:08:54.848,19.999999999999996,18.365392984593957,1.6346070154060381,9500.0,-20.0,-4.156208195237548,-22.14917545722471,1.0
16:08:54.867,19.999999999999996,17.0597963269214,2.9402036730785945,9500.0,0.0,-3.6574632118090427,-19.491274402357746,1.0
16:08:54.887,19.999999999999996,17.669074767168595,2.3309252328314014,9500.0,13.0,-1.6585676263919575,-8.838802975924681,1.0
16:08:54.907,19.999999999999996,18.017233875881278,1.9827661241187198,9500.0,2.0,-1.2195395112249225,-6.499143772944467,1.0
16:08:54.927,19.999999999999996,18.104273653059447,1.8957263469405494,9500.0,1.0,-0.9531947698779318,-5.079745097256505,1.0
16:08:54.948,19.999999999999996,19.496910087910173,0.5030899120898227,4784.307747868301,16.0,1.08118860250742,5.7618470813682885,1.0
16:08:54.967,19.999999999999996,22.108103403255285,-2.10810340325529,-9500.0,23.0,3.711445970206529,19.778958159100487,1.0
16:08:54.987,19.999999999999996,23.32666028374967,-3.3266602837496757,-9500.0,5.0,3.866072453781746,20.602990294681558,1.0
16:08:55.007,19.999999999999996,22.89146139785882,-2.8914613978588237,-9500.0,-6.0,2.6821437593279365,14.293622921712016,1.0
16:08:55.027,19.999999999999996,22.369222734789798,-2.369222734789801,-9500.0,-1.0,2.240286508208584,11.938886748171948,1.0
16:08:55.047,19.999999999999996,22.282182957611628,-2.2821829576116306,-9500.0,-1.0,1.851452127223554,9.866718915456689,1.0
16:08:55.067,19.999999999999996,20.62842719122639,-0.6284271912263928,-5575.961815365196,-22.0,-1.010722128043272,-5.38631865895988,1.0
16:08:55.088,19.999999999999996,18.278353207415787,1.7216467925842085,9500.0,-20.0,-3.2894354726780795,-17.52998887857721,1.0
16:08:55.107,19.999999999999996,17.146836104099574,2.853163895900424,9500.0,0.0,-2.89470321595671,-15.426390213147945,1.0
16:08:55.127,19.999999999999996,17.756114544346765,2.243885455653231,9500.0,5.0,-1.9473388300419048,-10.377716272897063,1.0
16:08:55.147,19.999999999999996,18.017233875881278,1.9827661241187198,9500.0,2.0,-1.4736581704368763,-7.853387474280164,1.0
